ANO,ORGAO_COD,ORGAO_NOME_SIGLA,UO_COD,UO_NOME_SIGLA,FUNCAO_COD,SUBFUNCAO_COD,PROGRAMA_COD,IDENT_PROJATIV,PROJ_ATIV,ACAO_COD,SUBPROJETO_COD,CATEGORIA_COD,GRUPO_COD,FONTE_COD,IPU_COD,IAG_COD,PROGRAMA_DESC,ACAO_DESC,VL_LOA_DESP_ANO0,VL_LOA_DESP_ANO1,VL_LOA_DESP_ANO2,VL_LOA_DESP_ANO3
2024,1010,ASSEMBLEIA LEGISLATIVA DO ESTADO DE MINAS GERAIS - ALMG,2361,INSTITUTO DE PREVIDÊNCIA DO LEGISLATIVO DO ESTADO DE MINAS GERAIS - IPLEMG,1,122,705,2,9,2009,1,3,1,60,1,0,APOIO ÀS POLÍTICAS PÚBLICAS,DIREÇÃO ADMINISTRATIVA,1241000,0,0,0
2024,1010,ASSEMBLEIA LEGISLATIVA DO ESTADO DE MINAS GERAIS - ALMG,2361,INSTITUTO DE PREVIDÊNCIA DO LEGISLATIVO DO ESTADO DE MINAS GERAIS - IPLEMG,1,122,705,2,9,2009,1,3,3,60,1,0,APOIO ÀS POLÍTICAS PÚBLICAS,DIREÇÃO ADMINISTRATIVA,7457551,0,0,0
2024,1010,ASSEMBLEIA LEGISLATIVA DO ESTADO DE MINAS GERAIS - ALMG,2361,INSTITUTO DE PREVIDÊNCIA DO LEGISLATIVO DO ESTADO DE MINAS GERAIS - IPLEMG,1,122,705,2,9,2009,1,4,4,60,1,0,APOIO ÀS POLÍTICAS PÚBLICAS,DIREÇÃO ADMINISTRATIVA,487731,0,0,0
2024,1010,ASSEMBLEIA LEGISLATIVA DO ESTADO DE MINAS GERAIS - ALMG,2361,INSTITUTO DE PREVIDÊNCIA DO LEGISLATIVO DO ESTADO DE MINAS GERAIS - IPLEMG,9,274,705,7,208,7208,1,3,3,60,1,0,APOIO ÀS POLÍTICAS PÚBLICAS,"PROVENTOS DE INATIVOS PARLAMENTARES, OUTROS CIVIS E PENSIONISTAS",64761132,0,0,0
2024,1010,ASSEMBLEIA LEGISLATIVA DO ESTADO DE MINAS GERAIS - ALMG,2361,INSTITUTO DE PREVIDÊNCIA DO LEGISLATIVO DO ESTADO DE MINAS GERAIS - IPLEMG,9,274,766,2,113,2113,1,3,3,60,1,0,BENEFÍCIOS ASSISTENCIAIS,"PECÚLIO, AUXÍLIO FUNERAL, SAÚDE E OUTRAS ASSISTÊNCIAS",4538775,0,0,0
2024,1010,ASSEMBLEIA LEGISLATIVA DO ESTADO DE MINAS GERAIS - ALMG,2361,INSTITUTO DE PREVIDÊNCIA DO LEGISLATIVO DO ESTADO DE MINAS GERAIS - IPLEMG,9,274,767,2,114,2114,1,4,4,60,1,0,RESERVA DE BENEFÍCIOS,RESERVA TÉCNICA,25484225,0,0,0
2024,1010,ASSEMBLEIA LEGISLATIVA DO ESTADO DE MINAS GERAIS - ALMG,2361,INSTITUTO DE PREVIDÊNCIA DO LEGISLATIVO DO ESTADO DE MINAS GERAIS - IPLEMG,9,274,767,2,114,2114,1,4,5,60,1,0,RESERVA DE BENEFÍCIOS,RESERVA TÉCNICA,4854750,0,0,0
2024,1030,TRIBUNAL DE JUSTIÇA DO ESTADO DE MINAS GERAIS - TJMG,1031,TRIBUNAL DE JUSTIÇA DO ESTADO DE MINAS GERAIS - TJMG,2,122,706,2,53,2053,1,3,1,10,1,0,PRESTAÇÃO JURISDICIONAL,REMUNERAÇÃO DE MAGISTRADOS DA ATIVA E ENCARGOS SOCIAIS,1266721624,1328030951,1379558552,1427843101
2024,1030,TRIBUNAL DE JUSTIÇA DO ESTADO DE MINAS GERAIS - TJMG,1031,TRIBUNAL DE JUSTIÇA DO ESTADO DE MINAS GERAIS - TJMG,2,122,706,2,53,2053,1,3,3,10,1,0,PRESTAÇÃO JURISDICIONAL,REMUNERAÇÃO DE MAGISTRADOS DA ATIVA E ENCARGOS SOCIAIS,28701599,30090756,31258278,32352317
2024,1030,TRIBUNAL DE JUSTIÇA DO ESTADO DE MINAS GERAIS - TJMG,1031,TRIBUNAL DE JUSTIÇA DO ESTADO DE MINAS GERAIS - TJMG,2,122,706,2,53,2053,1,3,3,10,7,0,PRESTAÇÃO JURISDICIONAL,REMUNERAÇÃO DE MAGISTRADOS DA ATIVA E ENCARGOS SOCIAIS,28448433,29825337,30982560,32066950
2024,1030,TRIBUNAL DE JUSTIÇA DO ESTADO DE MINAS GERAIS - TJMG,1031,TRIBUNAL DE JUSTIÇA DO ESTADO DE MINAS GERAIS - TJMG,2,122,706,2,53,2053,1,3,3,60,1,0,PRESTAÇÃO JURISDICIONAL,REMUNERAÇÃO DE MAGISTRADOS DA ATIVA E ENCARGOS SOCIAIS,30073192,31528735,32752049,33898371
2024,1030,TRIBUNAL DE JUSTIÇA DO ESTADO DE MINAS GERAIS - TJMG,1031,TRIBUNAL DE JUSTIÇA DO ESTADO DE MINAS GERAIS - TJMG,2,122,706,2,54,2054,1,3,1,10,1,0,PRESTAÇÃO JURISDICIONAL,REMUNERAÇÃO DE SERVIDORES DA ATIVA E ENCARGOS SOCIAIS,4955306145,5195142962,5396714509,5585599517
2024,1030,TRIBUNAL DE JUSTIÇA DO ESTADO DE MINAS GERAIS - TJMG,1031,TRIBUNAL DE JUSTIÇA DO ESTADO DE MINAS GERAIS - TJMG,2,122,706,2,54,2054,1,3,3,10,1,0,PRESTAÇÃO JURISDICIONAL,REMUNERAÇÃO DE SERVIDORES DA ATIVA E ENCARGOS SOCIAIS,56906892,59661186,61976039,64145201
2024,1030,TRIBUNAL DE JUSTIÇA DO ESTADO DE MINAS GERAIS - TJMG,1031,TRIBUNAL DE JUSTIÇA DO ESTADO DE MINAS GERAIS - TJMG,2,122,706,2,54,2054,1,3,3,10,7,0,PRESTAÇÃO JURISDICIONAL,REMUNERAÇÃO DE SERVIDORES DA ATIVA E ENCARGOS SOCIAIS,376345674,394560805,409869764,424215205
2024,1030,TRIBUNAL DE JUSTIÇA DO ESTADO DE MINAS GERAIS - TJMG,1031,TRIBUNAL DE JUSTIÇA DO ESTADO DE MINAS GERAIS - TJMG,2,122,706,2,54,2054,1,3,3,60,1,0,PRESTAÇÃO JURISDICIONAL,REMUNERAÇÃO DE SERVIDORES DA ATIVA E ENCARGOS SOCIAIS,61700000,64686280,67196108,69547972
2024,1030,TRIBUNAL DE JUSTIÇA DO ESTADO DE MINAS GERAIS - TJMG,1031,TRIBUNAL DE JUSTIÇA DO ESTADO DE MINAS GERAIS - TJMG,9,272,705,7,6,7006,1,3,1,10,1,0,APOIO ÀS POLÍTICAS PÚBLICAS,PROVENTOS DE INATIVOS CIVIS E PENSIONISTAS,139935257,146708123,152400399,157734414
2024,1030,TRIBUNAL DE JUSTIÇA DO ESTADO DE MINAS GERAIS - TJMG,1031,TRIBUNAL DE JUSTIÇA DO ESTADO DE MINAS GERAIS - TJMG,9,272,705,7,6,7006,1,3,1,10,5,0,APOIO ÀS POLÍTICAS PÚBLICAS,PROVENTOS DE INATIVOS CIVIS E PENSIONISTAS,599392952,628403571,652785629,675633126
2024,1030,TRIBUNAL DE JUSTIÇA DO ESTADO DE MINAS GERAIS - TJMG,1031,TRIBUNAL DE JUSTIÇA DO ESTADO DE MINAS GERAIS - TJMG,9,272,705,7,6,7006,1,3,1,42,5,0,APOIO ÀS POLÍTICAS PÚBLICAS,PROVENTOS DE INATIVOS CIVIS E PENSIONISTAS,1005834666,1054517063,1095432326,1133772457
2024,1030,TRIBUNAL DE JUSTIÇA DO ESTADO DE MINAS GERAIS - TJMG,1031,TRIBUNAL DE JUSTIÇA DO ESTADO DE MINAS GERAIS - TJMG,9,272,705,7,6,7006,1,3,1,43,5,0,APOIO ÀS POLÍTICAS PÚBLICAS,PROVENTOS DE INATIVOS CIVIS E PENSIONISTAS,777479336,815109336,846735578,876371323
2024,1030,TRIBUNAL DE JUSTIÇA DO ESTADO DE MINAS GERAIS - TJMG,1031,TRIBUNAL DE JUSTIÇA DO ESTADO DE MINAS GERAIS - TJMG,9,272,705,7,6,7006,1,3,3,10,1,0,APOIO ÀS POLÍTICAS PÚBLICAS,PROVENTOS DE INATIVOS CIVIS E PENSIONISTAS,49778854,52188151,54213051,56110507
2024,1030,TRIBUNAL DE JUSTIÇA DO ESTADO DE MINAS GERAIS - TJMG,1031,TRIBUNAL DE JUSTIÇA DO ESTADO DE MINAS GERAIS - TJMG,9,272,705,7,6,7006,1,3,3,10,7,0,APOIO ÀS POLÍTICAS PÚBLICAS,PROVENTOS DE INATIVOS CIVIS E PENSIONISTAS,1326422,1390621,1444577,1495137
2024,1030,TRIBUNAL DE JUSTIÇA DO ESTADO DE MINAS GERAIS - TJMG,1031,TRIBUNAL DE JUSTIÇA DO ESTADO DE MINAS GERAIS - TJMG,28,846,705,7,4,7004,1,3,1,10,9,0,APOIO ÀS POLÍTICAS PÚBLICAS,PRECATÓRIOS E SENTENÇAS JUDICIÁRIAS,1000,1000,1000,1000
2024,1030,TRIBUNAL DE JUSTIÇA DO ESTADO DE MINAS GERAIS - TJMG,4031,FUNDO ESPECIAL DO PODER JUDICIÁRIO DO ESTADO DE MINAS GERAIS - FEPJ,2,61,706,2,25,2025,1,3,3,77,1,0,PRESTAÇÃO JURISDICIONAL,GESTÃO DE SERVIÇOS DE TIC,188111818,0,0,0
2024,1030,TRIBUNAL DE JUSTIÇA DO ESTADO DE MINAS GERAIS - TJMG,4031,FUNDO ESPECIAL DO PODER JUDICIÁRIO DO ESTADO DE MINAS GERAIS - FEPJ,2,61,706,2,25,2025,1,4,4,77,1,0,PRESTAÇÃO JURISDICIONAL,GESTÃO DE SERVIÇOS DE TIC,117852912,0,0,0
2024,1030,TRIBUNAL DE JUSTIÇA DO ESTADO DE MINAS GERAIS - TJMG,4031,FUNDO ESPECIAL DO PODER JUDICIÁRIO DO ESTADO DE MINAS GERAIS - FEPJ,2,61,706,2,55,2055,1,3,3,60,1,0,PRESTAÇÃO JURISDICIONAL,AUXÍLIOS CONCEDIDOS A MAGISTRADOS E SERVIDORES,56790134,59538777,61848881,64013592
2024,1030,TRIBUNAL DE JUSTIÇA DO ESTADO DE MINAS GERAIS - TJMG,4031,FUNDO ESPECIAL DO PODER JUDICIÁRIO DO ESTADO DE MINAS GERAIS - FEPJ,2,61,706,2,55,2055,1,3,3,60,7,0,PRESTAÇÃO JURISDICIONAL,AUXÍLIOS CONCEDIDOS A MAGISTRADOS E SERVIDORES,101530133,106444191,110574226,114444324
2024,1030,TRIBUNAL DE JUSTIÇA DO ESTADO DE MINAS GERAIS - TJMG,4031,FUNDO ESPECIAL DO PODER JUDICIÁRIO DO ESTADO DE MINAS GERAIS - FEPJ,2,61,706,2,91,2091,1,3,3,77,1,0,PRESTAÇÃO JURISDICIONAL,OBRAS E GESTÃO PREDIAL,97934972,0,0,0
2024,1030,TRIBUNAL DE JUSTIÇA DO ESTADO DE MINAS GERAIS - TJMG,4031,FUNDO ESPECIAL DO PODER JUDICIÁRIO DO ESTADO DE MINAS GERAIS - FEPJ,2,61,706,2,91,2091,1,4,4,60,1,0,PRESTAÇÃO JURISDICIONAL,OBRAS E GESTÃO PREDIAL,113000000,0,0,0
2024,1030,TRIBUNAL DE JUSTIÇA DO ESTADO DE MINAS GERAIS - TJMG,4031,FUNDO ESPECIAL DO PODER JUDICIÁRIO DO ESTADO DE MINAS GERAIS - FEPJ,2,61,706,2,91,2091,1,4,4,77,1,0,PRESTAÇÃO JURISDICIONAL,OBRAS E GESTÃO PREDIAL,258266680,0,0,0
2024,1030,TRIBUNAL DE JUSTIÇA DO ESTADO DE MINAS GERAIS - TJMG,4031,FUNDO ESPECIAL DO PODER JUDICIÁRIO DO ESTADO DE MINAS GERAIS - FEPJ,2,61,706,2,91,2091,1,4,5,60,1,0,PRESTAÇÃO JURISDICIONAL,OBRAS E GESTÃO PREDIAL,6270000,0,0,0
2024,1030,TRIBUNAL DE JUSTIÇA DO ESTADO DE MINAS GERAIS - TJMG,4031,FUNDO ESPECIAL DO PODER JUDICIÁRIO DO ESTADO DE MINAS GERAIS - FEPJ,2,128,706,2,109,2109,1,3,3,77,1,0,PRESTAÇÃO JURISDICIONAL,"FORMAÇÃO, APERFEIÇOAMENTO E DESENVOLVIMENTO CONTÍNUO DE PESSOAS",4900000,5102000,5313000,5533000
2024,1050,TRIBUNAL DE JUSTIÇA MILITAR DO ESTADO DE MINAS GERAIS - TJMMG,1051,TRIBUNAL DE JUSTIÇA MILITAR DO ESTADO DE MINAS GERAIS - TJMMG,2,61,734,1,19,1019,1,4,4,60,1,0,PRESTAÇÃO JURISDICIONAL MILITAR,APRIMORAMENTO DE SISTEMA ELETRÕNICO,800000,0,0,0
2024,1050,TRIBUNAL DE JUSTIÇA MILITAR DO ESTADO DE MINAS GERAIS - TJMMG,1051,TRIBUNAL DE JUSTIÇA MILITAR DO ESTADO DE MINAS GERAIS - TJMMG,2,61,734,2,47,2047,1,3,3,10,7,0,PRESTAÇÃO JURISDICIONAL MILITAR,AUXÍLIOS CONCEDIDOS A MAGISTRADOS E SERVIDORES,7760636,0,0,0
2024,1050,TRIBUNAL DE JUSTIÇA MILITAR DO ESTADO DE MINAS GERAIS - TJMMG,1051,TRIBUNAL DE JUSTIÇA MILITAR DO ESTADO DE MINAS GERAIS - TJMMG,2,61,734,4,3,4003,1,3,3,60,1,0,PRESTAÇÃO JURISDICIONAL MILITAR,"FORMAÇÃO, APERFEIÇOAMENTO E DESENVOLVIMENTO CONTÍNUO DE PESSOAS",300000,0,0,0
2024,1050,TRIBUNAL DE JUSTIÇA MILITAR DO ESTADO DE MINAS GERAIS - TJMMG,1051,TRIBUNAL DE JUSTIÇA MILITAR DO ESTADO DE MINAS GERAIS - TJMMG,2,61,734,4,3,4003,1,4,4,60,1,0,PRESTAÇÃO JURISDICIONAL MILITAR,"FORMAÇÃO, APERFEIÇOAMENTO E DESENVOLVIMENTO CONTÍNUO DE PESSOAS",20000,0,0,0
2024,1050,TRIBUNAL DE JUSTIÇA MILITAR DO ESTADO DE MINAS GERAIS - TJMMG,1051,TRIBUNAL DE JUSTIÇA MILITAR DO ESTADO DE MINAS GERAIS - TJMMG,2,61,734,4,355,4355,1,3,3,10,1,0,PRESTAÇÃO JURISDICIONAL MILITAR,PROCESSAMENTO JUDICIÁRIO MILITAR DE 1ª E 2ª INSTÂNCIAS E AÇÕES DE COMUNICAÇÃO INSTITUCIONAL,9780107,0,0,0
2024,1050,TRIBUNAL DE JUSTIÇA MILITAR DO ESTADO DE MINAS GERAIS - TJMMG,1051,TRIBUNAL DE JUSTIÇA MILITAR DO ESTADO DE MINAS GERAIS - TJMMG,2,61,734,4,355,4355,1,4,4,10,1,0,PRESTAÇÃO JURISDICIONAL MILITAR,PROCESSAMENTO JUDICIÁRIO MILITAR DE 1ª E 2ª INSTÂNCIAS E AÇÕES DE COMUNICAÇÃO INSTITUCIONAL,3053992,0,0,0
2024,1050,TRIBUNAL DE JUSTIÇA MILITAR DO ESTADO DE MINAS GERAIS - TJMMG,1051,TRIBUNAL DE JUSTIÇA MILITAR DO ESTADO DE MINAS GERAIS - TJMMG,2,61,734,4,355,4355,1,4,4,60,1,0,PRESTAÇÃO JURISDICIONAL MILITAR,PROCESSAMENTO JUDICIÁRIO MILITAR DE 1ª E 2ª INSTÂNCIAS E AÇÕES DE COMUNICAÇÃO INSTITUCIONAL,880000,0,0,0
2024,1050,TRIBUNAL DE JUSTIÇA MILITAR DO ESTADO DE MINAS GERAIS - TJMMG,1051,TRIBUNAL DE JUSTIÇA MILITAR DO ESTADO DE MINAS GERAIS - TJMMG,2,122,734,2,77,2077,1,3,1,10,1,0,PRESTAÇÃO JURISDICIONAL MILITAR,REMUNERAÇÃO DE MAGISTRADOS DA ATIVA E ENCARGOS SOCIAIS,18852458,0,0,0
2024,1050,TRIBUNAL DE JUSTIÇA MILITAR DO ESTADO DE MINAS GERAIS - TJMMG,1051,TRIBUNAL DE JUSTIÇA MILITAR DO ESTADO DE MINAS GERAIS - TJMMG,2,122,734,2,78,2078,1,3,1,10,1,0,PRESTAÇÃO JURISDICIONAL MILITAR,REMUNERAÇÃO DE SERVIDORES DA ATIVA E ENCARGOS SOCIAIS,49979975,0,0,0
2024,1050,TRIBUNAL DE JUSTIÇA MILITAR DO ESTADO DE MINAS GERAIS - TJMMG,1051,TRIBUNAL DE JUSTIÇA MILITAR DO ESTADO DE MINAS GERAIS - TJMMG,9,272,705,7,6,7006,1,3,1,10,1,0,APOIO ÀS POLÍTICAS PÚBLICAS,PROVENTOS DE INATIVOS CIVIS E PENSIONISTAS,5289981,0,0,0
2024,1050,TRIBUNAL DE JUSTIÇA MILITAR DO ESTADO DE MINAS GERAIS - TJMMG,1051,TRIBUNAL DE JUSTIÇA MILITAR DO ESTADO DE MINAS GERAIS - TJMMG,9,272,705,7,6,7006,1,3,1,10,5,0,APOIO ÀS POLÍTICAS PÚBLICAS,PROVENTOS DE INATIVOS CIVIS E PENSIONISTAS,19334416,0,0,0
2024,1050,TRIBUNAL DE JUSTIÇA MILITAR DO ESTADO DE MINAS GERAIS - TJMMG,1051,TRIBUNAL DE JUSTIÇA MILITAR DO ESTADO DE MINAS GERAIS - TJMMG,9,272,705,7,6,7006,1,3,1,42,5,0,APOIO ÀS POLÍTICAS PÚBLICAS,PROVENTOS DE INATIVOS CIVIS E PENSIONISTAS,9600038,0,0,0
2024,1050,TRIBUNAL DE JUSTIÇA MILITAR DO ESTADO DE MINAS GERAIS - TJMMG,1051,TRIBUNAL DE JUSTIÇA MILITAR DO ESTADO DE MINAS GERAIS - TJMMG,9,272,705,7,6,7006,1,3,1,43,5,0,APOIO ÀS POLÍTICAS PÚBLICAS,PROVENTOS DE INATIVOS CIVIS E PENSIONISTAS,7233018,0,0,0
2024,1050,TRIBUNAL DE JUSTIÇA MILITAR DO ESTADO DE MINAS GERAIS - TJMMG,1051,TRIBUNAL DE JUSTIÇA MILITAR DO ESTADO DE MINAS GERAIS - TJMMG,9,272,705,7,7,7007,1,3,1,10,1,0,APOIO ÀS POLÍTICAS PÚBLICAS,PROVENTOS DE INATIVOS MILITARES,4231572,0,0,0
2024,1050,TRIBUNAL DE JUSTIÇA MILITAR DO ESTADO DE MINAS GERAIS - TJMMG,1051,TRIBUNAL DE JUSTIÇA MILITAR DO ESTADO DE MINAS GERAIS - TJMMG,28,846,705,7,4,7004,1,3,3,10,9,0,APOIO ÀS POLÍTICAS PÚBLICAS,PRECATÓRIOS E SENTENÇAS JUDICIÁRIAS,1000,0,0,0
2024,1070,GABINETE MILITAR DO GOVERNADOR DO ESTADO DE MINAS GERAIS - GMG,1071,GABINETE MILITAR DO GOVERNADOR DO ESTADO DE MINAS GERAIS - GABINETE MILITAR,4,122,49,4,354,4354,1,3,1,10,1,0,ADMINISTRAÇÃO DOS PRÉDIOS GOVERNAMENTAIS,"GESTÃO DE BENS,SERVIÇOS E LOGISTICA DOS PRÉDIOS GOVERNAMENTAIS",1058496,1100084,1127025,1154626
2024,1070,GABINETE MILITAR DO GOVERNADOR DO ESTADO DE MINAS GERAIS - GMG,1071,GABINETE MILITAR DO GOVERNADOR DO ESTADO DE MINAS GERAIS - GABINETE MILITAR,4,122,49,4,354,4354,1,3,3,10,1,0,ADMINISTRAÇÃO DOS PRÉDIOS GOVERNAMENTAIS,"GESTÃO DE BENS,SERVIÇOS E LOGISTICA DOS PRÉDIOS GOVERNAMENTAIS",5720399,5929991,6230764,6985000
2024,1070,GABINETE MILITAR DO GOVERNADOR DO ESTADO DE MINAS GERAIS - GMG,1071,GABINETE MILITAR DO GOVERNADOR DO ESTADO DE MINAS GERAIS - GABINETE MILITAR,4,122,49,4,354,4354,1,3,3,10,7,0,ADMINISTRAÇÃO DOS PRÉDIOS GOVERNAMENTAIS,"GESTÃO DE BENS,SERVIÇOS E LOGISTICA DOS PRÉDIOS GOVERNAMENTAIS",376373,385590,395033,404707
2024,1070,GABINETE MILITAR DO GOVERNADOR DO ESTADO DE MINAS GERAIS - GMG,1071,GABINETE MILITAR DO GOVERNADOR DO ESTADO DE MINAS GERAIS - GABINETE MILITAR,4,122,705,2,500,2500,1,3,1,10,1,0,APOIO ÀS POLÍTICAS PÚBLICAS,ASSESSORAMENTO E GERENCIAMENTO DE POLÍTICAS PÚBLICAS,1618084,1657709,1698305,1739894
2024,1070,GABINETE MILITAR DO GOVERNADOR DO ESTADO DE MINAS GERAIS - GMG,1071,GABINETE MILITAR DO GOVERNADOR DO ESTADO DE MINAS GERAIS - GABINETE MILITAR,4,122,705,2,500,2500,1,3,3,10,1,0,APOIO ÀS POLÍTICAS PÚBLICAS,ASSESSORAMENTO E GERENCIAMENTO DE POLÍTICAS PÚBLICAS,944359,921000,1002520,1003000
2024,1070,GABINETE MILITAR DO GOVERNADOR DO ESTADO DE MINAS GERAIS - GMG,1071,GABINETE MILITAR DO GOVERNADOR DO ESTADO DE MINAS GERAIS - GABINETE MILITAR,4,122,705,2,500,2500,1,3,3,10,7,0,APOIO ÀS POLÍTICAS PÚBLICAS,ASSESSORAMENTO E GERENCIAMENTO DE POLÍTICAS PÚBLICAS,402800,412664,422770,433123
2024,1070,GABINETE MILITAR DO GOVERNADOR DO ESTADO DE MINAS GERAIS - GMG,1071,GABINETE MILITAR DO GOVERNADOR DO ESTADO DE MINAS GERAIS - GABINETE MILITAR,6,182,47,4,381,4381,1,3,3,10,1,0,SUPORTE ÀS AÇÕES DE COMBATE E RESPOSTA AOS DANOS CAUSADOS PELAS CHUVAS,GESTÃO DE DESASTRE CAUSADOS PELA CHUVA,273748,275980,280000,291000
2024,1070,GABINETE MILITAR DO GOVERNADOR DO ESTADO DE MINAS GERAIS - GMG,1071,GABINETE MILITAR DO GOVERNADOR DO ESTADO DE MINAS GERAIS - GABINETE MILITAR,6,182,47,4,381,4381,1,3,3,57,1,0,SUPORTE ÀS AÇÕES DE COMBATE E RESPOSTA AOS DANOS CAUSADOS PELAS CHUVAS,GESTÃO DE DESASTRE CAUSADOS PELA CHUVA,6000000,7000000,8000000,9000000
2024,1070,GABINETE MILITAR DO GOVERNADOR DO ESTADO DE MINAS GERAIS - GMG,1071,GABINETE MILITAR DO GOVERNADOR DO ESTADO DE MINAS GERAIS - GABINETE MILITAR,6,182,48,1,89,1089,1,4,4,95,1,0,PROTEÇÃO E DEFESA CIVIL,PROJETO CONVIVÊNCIA COM A SECA E ESTIAGEM,10000000,0,0,0
2024,1070,GABINETE MILITAR DO GOVERNADOR DO ESTADO DE MINAS GERAIS - GMG,1071,GABINETE MILITAR DO GOVERNADOR DO ESTADO DE MINAS GERAIS - GABINETE MILITAR,6,182,48,4,356,4356,1,3,1,10,1,0,PROTEÇÃO E DEFESA CIVIL,GESTÃO DE DESASTRE,845039,865734,886936,908657
2024,1070,GABINETE MILITAR DO GOVERNADOR DO ESTADO DE MINAS GERAIS - GMG,1071,GABINETE MILITAR DO GOVERNADOR DO ESTADO DE MINAS GERAIS - GABINETE MILITAR,6,182,48,4,356,4356,1,3,3,10,1,0,PROTEÇÃO E DEFESA CIVIL,GESTÃO DE DESASTRE,1391685,1601500,1675300,1679100
2024,1070,GABINETE MILITAR DO GOVERNADOR DO ESTADO DE MINAS GERAIS - GMG,1071,GABINETE MILITAR DO GOVERNADOR DO ESTADO DE MINAS GERAIS - GABINETE MILITAR,6,182,48,4,356,4356,1,3,3,10,7,0,PROTEÇÃO E DEFESA CIVIL,GESTÃO DE DESASTRE,180365,184782,189308,193944
2024,1070,GABINETE MILITAR DO GOVERNADOR DO ESTADO DE MINAS GERAIS - GMG,1071,GABINETE MILITAR DO GOVERNADOR DO ESTADO DE MINAS GERAIS - GABINETE MILITAR,6,182,48,4,356,4356,1,3,3,57,1,0,PROTEÇÃO E DEFESA CIVIL,GESTÃO DE DESASTRE,6501000,7000000,8000000,9000000
2024,1070,GABINETE MILITAR DO GOVERNADOR DO ESTADO DE MINAS GERAIS - GMG,1071,GABINETE MILITAR DO GOVERNADOR DO ESTADO DE MINAS GERAIS - GABINETE MILITAR,6,182,48,4,390,4390,1,3,1,10,1,0,PROTEÇÃO E DEFESA CIVIL,GESTÃO DO RISCO DE DESASTRES,246703,252746,258936,265278
2024,1070,GABINETE MILITAR DO GOVERNADOR DO ESTADO DE MINAS GERAIS - GMG,1071,GABINETE MILITAR DO GOVERNADOR DO ESTADO DE MINAS GERAIS - GABINETE MILITAR,6,182,48,4,390,4390,1,3,3,10,1,0,PROTEÇÃO E DEFESA CIVIL,GESTÃO DO RISCO DE DESASTRES,454404,501000,513300,514200
2024,1070,GABINETE MILITAR DO GOVERNADOR DO ESTADO DE MINAS GERAIS - GMG,1071,GABINETE MILITAR DO GOVERNADOR DO ESTADO DE MINAS GERAIS - GABINETE MILITAR,6,182,48,4,390,4390,1,3,3,10,7,0,PROTEÇÃO E DEFESA CIVIL,GESTÃO DO RISCO DE DESASTRES,23564,24142,24734,25340
2024,1070,GABINETE MILITAR DO GOVERNADOR DO ESTADO DE MINAS GERAIS - GMG,1071,GABINETE MILITAR DO GOVERNADOR DO ESTADO DE MINAS GERAIS - GABINETE MILITAR,6,183,50,4,335,4335,1,3,3,10,1,0,SEGURANÇA E INTELIGÊNCIA GOVERNAMENTAL,SERVIÇO ESPECIAL DE SEGURANÇA GOVERNAMENTAL,3561352,4176129,4566313,4886765
2024,1070,GABINETE MILITAR DO GOVERNADOR DO ESTADO DE MINAS GERAIS - GMG,1071,GABINETE MILITAR DO GOVERNADOR DO ESTADO DE MINAS GERAIS - GABINETE MILITAR,6,183,50,4,335,4335,1,4,4,10,1,0,SEGURANÇA E INTELIGÊNCIA GOVERNAMENTAL,SERVIÇO ESPECIAL DE SEGURANÇA GOVERNAMENTAL,2000,2000,2000,2000
2024,1070,GABINETE MILITAR DO GOVERNADOR DO ESTADO DE MINAS GERAIS - GMG,1071,GABINETE MILITAR DO GOVERNADOR DO ESTADO DE MINAS GERAIS - GABINETE MILITAR,6,781,46,4,426,4426,1,3,1,10,1,0,SUPORTE AÉREO AOS SERVIÇOS PÚBLICOS ESTADUAIS,GESTÃO DA AVIAÇÃO DO GABINETE MILITAR DO GOVERNADOR,4111346,4244110,4348043,4454520
2024,1070,GABINETE MILITAR DO GOVERNADOR DO ESTADO DE MINAS GERAIS - GMG,1071,GABINETE MILITAR DO GOVERNADOR DO ESTADO DE MINAS GERAIS - GABINETE MILITAR,6,781,46,4,426,4426,1,3,3,10,1,0,SUPORTE AÉREO AOS SERVIÇOS PÚBLICOS ESTADUAIS,GESTÃO DA AVIAÇÃO DO GABINETE MILITAR DO GOVERNADOR,8092871,8201000,8273000,8276000
2024,1070,GABINETE MILITAR DO GOVERNADOR DO ESTADO DE MINAS GERAIS - GMG,1071,GABINETE MILITAR DO GOVERNADOR DO ESTADO DE MINAS GERAIS - GABINETE MILITAR,6,781,46,4,426,4426,1,3,3,10,7,0,SUPORTE AÉREO AOS SERVIÇOS PÚBLICOS ESTADUAIS,GESTÃO DA AVIAÇÃO DO GABINETE MILITAR DO GOVERNADOR,486689,498608,510819,523329
2024,1070,GABINETE MILITAR DO GOVERNADOR DO ESTADO DE MINAS GERAIS - GMG,1071,GABINETE MILITAR DO GOVERNADOR DO ESTADO DE MINAS GERAIS - GABINETE MILITAR,6,782,34,4,341,4341,1,3,1,10,1,0,SUPORTE ÀS AÇÕES DE TRANSPORTE RODOVIÁRIO,GESTÃO DO TRANSPORTE RODOVIÁRIO,575566,541913,555184,568780
2024,1070,GABINETE MILITAR DO GOVERNADOR DO ESTADO DE MINAS GERAIS - GMG,1071,GABINETE MILITAR DO GOVERNADOR DO ESTADO DE MINAS GERAIS - GABINETE MILITAR,6,782,34,4,341,4341,1,3,3,10,1,0,SUPORTE ÀS AÇÕES DE TRANSPORTE RODOVIÁRIO,GESTÃO DO TRANSPORTE RODOVIÁRIO,3694719,3695000,3985000,4175000
2024,1070,GABINETE MILITAR DO GOVERNADOR DO ESTADO DE MINAS GERAIS - GMG,1071,GABINETE MILITAR DO GOVERNADOR DO ESTADO DE MINAS GERAIS - GABINETE MILITAR,6,782,34,4,341,4341,1,3,3,10,7,0,SUPORTE ÀS AÇÕES DE TRANSPORTE RODOVIÁRIO,GESTÃO DO TRANSPORTE RODOVIÁRIO,209987,215130,220399,225797
2024,1080,ADVOCACIA GERAL DO ESTADO - AGE,1081,ADVOCACIA GERAL DO ESTADO - AGE,3,92,43,1,8,1008,1,3,3,10,1,0,DESJUDICIALIZA MINAS,CUMPRIMENTO ADMINISTRATIVO DE DETERMINAÇÕES JUDICIAIS DECORRENTES DO ACESSO GRATUITO À JUSTIÇA,216000,216000,216000,216000
2024,1080,ADVOCACIA GERAL DO ESTADO - AGE,1081,ADVOCACIA GERAL DO ESTADO - AGE,3,92,43,1,10,1010,1,3,3,10,1,0,DESJUDICIALIZA MINAS,FOMENTO À UTILIZAÇÃO DE MÉTODOS ALTERNATIVOS DE SOLUÇÃO DE CONFLITOS,25000,25000,25000,25000
2024,1080,ADVOCACIA GERAL DO ESTADO - AGE,1081,ADVOCACIA GERAL DO ESTADO - AGE,3,92,44,1,12,1012,1,3,3,10,1,0,REPRESENTAÇÃO JURÍDICA DO ESTADO E ENTIDADES,APERFEIÇOAMENTO DA GESTÃO DA AGE,2963600,2963600,2963600,2963600
2024,1080,ADVOCACIA GERAL DO ESTADO - AGE,1081,ADVOCACIA GERAL DO ESTADO - AGE,3,92,44,1,12,1012,1,4,4,10,1,0,REPRESENTAÇÃO JURÍDICA DO ESTADO E ENTIDADES,APERFEIÇOAMENTO DA GESTÃO DA AGE,4080000,4080000,4080000,4080000
2024,1080,ADVOCACIA GERAL DO ESTADO - AGE,1081,ADVOCACIA GERAL DO ESTADO - AGE,3,92,44,1,13,1013,1,3,1,10,1,0,REPRESENTAÇÃO JURÍDICA DO ESTADO E ENTIDADES,"REPRESENTAÇÃO JUDICIAL, COBRANÇA DA DÍVIDA ATIVA E ASSESSORAMENTO JURÍDICO AO ESTADO E ENTIDADES",295116182,302343107,309747007,317332217
2024,1080,ADVOCACIA GERAL DO ESTADO - AGE,1081,ADVOCACIA GERAL DO ESTADO - AGE,3,92,44,1,13,1013,1,3,3,10,1,0,REPRESENTAÇÃO JURÍDICA DO ESTADO E ENTIDADES,"REPRESENTAÇÃO JUDICIAL, COBRANÇA DA DÍVIDA ATIVA E ASSESSORAMENTO JURÍDICO AO ESTADO E ENTIDADES",13303763,14539566,15835182,17193505
2024,1080,ADVOCACIA GERAL DO ESTADO - AGE,1081,ADVOCACIA GERAL DO ESTADO - AGE,3,92,44,1,13,1013,1,3,3,10,7,0,REPRESENTAÇÃO JURÍDICA DO ESTADO E ENTIDADES,"REPRESENTAÇÃO JUDICIAL, COBRANÇA DA DÍVIDA ATIVA E ASSESSORAMENTO JURÍDICO AO ESTADO E ENTIDADES",13452726,13782162,14119666,14465435
2024,1080,ADVOCACIA GERAL DO ESTADO - AGE,1081,ADVOCACIA GERAL DO ESTADO - AGE,3,92,44,1,14,1014,1,3,3,10,1,0,REPRESENTAÇÃO JURÍDICA DO ESTADO E ENTIDADES,"REESTRUTURAÇÃO LOGÍSTICA, TECNOLÓGICA E DE COBRANÇA DA DÍVIDA ATIVA DA AGE",1000,1000,1000,1000
2024,1080,ADVOCACIA GERAL DO ESTADO - AGE,1081,ADVOCACIA GERAL DO ESTADO - AGE,3,92,44,1,14,1014,1,3,3,95,1,0,REPRESENTAÇÃO JURÍDICA DO ESTADO E ENTIDADES,"REESTRUTURAÇÃO LOGÍSTICA, TECNOLÓGICA E DE COBRANÇA DA DÍVIDA ATIVA DA AGE",436099,0,0,0
2024,1080,ADVOCACIA GERAL DO ESTADO - AGE,1081,ADVOCACIA GERAL DO ESTADO - AGE,3,92,44,1,14,1014,1,4,4,95,1,0,REPRESENTAÇÃO JURÍDICA DO ESTADO E ENTIDADES,"REESTRUTURAÇÃO LOGÍSTICA, TECNOLÓGICA E DE COBRANÇA DA DÍVIDA ATIVA DA AGE",17000000,0,0,0
2024,1080,ADVOCACIA GERAL DO ESTADO - AGE,1081,ADVOCACIA GERAL DO ESTADO - AGE,4,122,705,2,500,2500,1,3,1,10,1,0,APOIO ÀS POLÍTICAS PÚBLICAS,ASSESSORAMENTO E GERENCIAMENTO DE POLÍTICAS PÚBLICAS,32695882,33496553,34316831,35157196
2024,1080,ADVOCACIA GERAL DO ESTADO - AGE,1081,ADVOCACIA GERAL DO ESTADO - AGE,4,122,705,2,500,2500,1,3,3,10,1,0,APOIO ÀS POLÍTICAS PÚBLICAS,ASSESSORAMENTO E GERENCIAMENTO DE POLÍTICAS PÚBLICAS,9023753,9023753,9023753,9023753
2024,1080,ADVOCACIA GERAL DO ESTADO - AGE,1081,ADVOCACIA GERAL DO ESTADO - AGE,4,122,705,2,500,2500,1,3,3,10,7,0,APOIO ÀS POLÍTICAS PÚBLICAS,ASSESSORAMENTO E GERENCIAMENTO DE POLÍTICAS PÚBLICAS,8968485,9188109,9413112,9643625
2024,1080,ADVOCACIA GERAL DO ESTADO - AGE,1081,ADVOCACIA GERAL DO ESTADO - AGE,28,846,705,7,803,7803,1,3,1,10,9,0,APOIO ÀS POLÍTICAS PÚBLICAS,PRECATÓRIOS E SENTENÇAS JUDICIÁRIAS DA ADMINISTRAÇÃO DIRETA DO PODER EXECUTIVO,1546186695,0,0,0
2024,1080,ADVOCACIA GERAL DO ESTADO - AGE,1081,ADVOCACIA GERAL DO ESTADO - AGE,28,846,705,7,803,7803,1,3,3,10,9,0,APOIO ÀS POLÍTICAS PÚBLICAS,PRECATÓRIOS E SENTENÇAS JUDICIÁRIAS DA ADMINISTRAÇÃO DIRETA DO PODER EXECUTIVO,286661111,0,0,0
2024,1100,OUVIDORIA-GERAL DO ESTADO DE MINAS GERAIS - OGE,1101,OUVIDORIA-GERAL DO ESTADO DE MINAS GERAIS - OGE,14,122,54,4,104,4104,1,3,1,10,1,0,GOVERNANÇA PARA INTEGRIDADE E MELHORES RESULTADOS EM SERVIÇOS PÚBLICOS,APRESENTAÇÃO DE RELATÓRIOS DE GESTÃO,422749,433103,443709,454575
2024,1100,OUVIDORIA-GERAL DO ESTADO DE MINAS GERAIS - OGE,1101,OUVIDORIA-GERAL DO ESTADO DE MINAS GERAIS - OGE,14,122,54,4,104,4104,1,3,3,10,1,0,GOVERNANÇA PARA INTEGRIDADE E MELHORES RESULTADOS EM SERVIÇOS PÚBLICOS,APRESENTAÇÃO DE RELATÓRIOS DE GESTÃO,15900,16670,17477,18323
2024,1100,OUVIDORIA-GERAL DO ESTADO DE MINAS GERAIS - OGE,1101,OUVIDORIA-GERAL DO ESTADO DE MINAS GERAIS - OGE,14,122,54,4,104,4104,1,3,3,10,7,0,GOVERNANÇA PARA INTEGRIDADE E MELHORES RESULTADOS EM SERVIÇOS PÚBLICOS,APRESENTAÇÃO DE RELATÓRIOS DE GESTÃO,149927,153599,157361,161215
2024,1100,OUVIDORIA-GERAL DO ESTADO DE MINAS GERAIS - OGE,1101,OUVIDORIA-GERAL DO ESTADO DE MINAS GERAIS - OGE,14,122,54,4,108,4108,1,3,1,10,1,0,GOVERNANÇA PARA INTEGRIDADE E MELHORES RESULTADOS EM SERVIÇOS PÚBLICOS,QUALIDADE TOTAL E SEGURANÇA DE DADOS,131270,134485,137778,141152
2024,1100,OUVIDORIA-GERAL DO ESTADO DE MINAS GERAIS - OGE,1101,OUVIDORIA-GERAL DO ESTADO DE MINAS GERAIS - OGE,14,122,54,4,108,4108,1,3,3,10,7,0,GOVERNANÇA PARA INTEGRIDADE E MELHORES RESULTADOS EM SERVIÇOS PÚBLICOS,QUALIDADE TOTAL E SEGURANÇA DE DADOS,17171,17591,18022,18463
2024,1100,OUVIDORIA-GERAL DO ESTADO DE MINAS GERAIS - OGE,1101,OUVIDORIA-GERAL DO ESTADO DE MINAS GERAIS - OGE,14,126,54,1,16,1016,1,3,3,95,1,0,GOVERNANÇA PARA INTEGRIDADE E MELHORES RESULTADOS EM SERVIÇOS PÚBLICOS,OUVIDORIA 4.0 ¿ APRIMORAMENTO DE SISTEMA ELETRÔNICO,228190,0,0,0
2024,1100,OUVIDORIA-GERAL DO ESTADO DE MINAS GERAIS - OGE,1101,OUVIDORIA-GERAL DO ESTADO DE MINAS GERAIS - OGE,14,126,55,1,17,1017,1,3,1,10,1,0,CONTROLE SOCIAL ATRAVÉS DA DEFESA DOS USUÁRIOS DE SERVIÇOS PÚBLICOS,"MANUTENÇÃO, DIVERSIFICAÇÃO E EVOLUÇÃO DOS CANAIS DE ATENDIMENTO",455399,466551,477977,489682
2024,1100,OUVIDORIA-GERAL DO ESTADO DE MINAS GERAIS - OGE,1101,OUVIDORIA-GERAL DO ESTADO DE MINAS GERAIS - OGE,14,126,55,1,17,1017,1,3,3,10,7,0,CONTROLE SOCIAL ATRAVÉS DA DEFESA DOS USUÁRIOS DE SERVIÇOS PÚBLICOS,"MANUTENÇÃO, DIVERSIFICAÇÃO E EVOLUÇÃO DOS CANAIS DE ATENDIMENTO",16019,16411,16813,17225
2024,1100,OUVIDORIA-GERAL DO ESTADO DE MINAS GERAIS - OGE,1101,OUVIDORIA-GERAL DO ESTADO DE MINAS GERAIS - OGE,14,126,55,1,17,1017,1,4,4,10,1,0,CONTROLE SOCIAL ATRAVÉS DA DEFESA DOS USUÁRIOS DE SERVIÇOS PÚBLICOS,"MANUTENÇÃO, DIVERSIFICAÇÃO E EVOLUÇÃO DOS CANAIS DE ATENDIMENTO",32490,32490,32490,32490
2024,1100,OUVIDORIA-GERAL DO ESTADO DE MINAS GERAIS - OGE,1101,OUVIDORIA-GERAL DO ESTADO DE MINAS GERAIS - OGE,14,128,54,2,20,2020,1,3,3,10,1,0,GOVERNANÇA PARA INTEGRIDADE E MELHORES RESULTADOS EM SERVIÇOS PÚBLICOS,FORMAÇÃO EM OUVIDORIA ¿ CAPACITAR PARA MELHOR ATENDER O CIDADÃO,10178,10670,11186,11727
2024,1100,OUVIDORIA-GERAL DO ESTADO DE MINAS GERAIS - OGE,1101,OUVIDORIA-GERAL DO ESTADO DE MINAS GERAIS - OGE,14,131,55,4,102,4102,1,3,1,10,1,0,CONTROLE SOCIAL ATRAVÉS DA DEFESA DOS USUÁRIOS DE SERVIÇOS PÚBLICOS,DIVULGAÇÃO DOS CANAIS E AÇÕES DA OUVIDORIA,284045,291001,298127,305428
2024,1100,OUVIDORIA-GERAL DO ESTADO DE MINAS GERAIS - OGE,1101,OUVIDORIA-GERAL DO ESTADO DE MINAS GERAIS - OGE,14,131,55,4,102,4102,1,3,3,10,1,0,CONTROLE SOCIAL ATRAVÉS DA DEFESA DOS USUÁRIOS DE SERVIÇOS PÚBLICOS,DIVULGAÇÃO DOS CANAIS E AÇÕES DA OUVIDORIA,47025,49301,51687,54189
2024,1100,OUVIDORIA-GERAL DO ESTADO DE MINAS GERAIS - OGE,1101,OUVIDORIA-GERAL DO ESTADO DE MINAS GERAIS - OGE,14,131,55,4,102,4102,1,3,3,10,7,0,CONTROLE SOCIAL ATRAVÉS DA DEFESA DOS USUÁRIOS DE SERVIÇOS PÚBLICOS,DIVULGAÇÃO DOS CANAIS E AÇÕES DA OUVIDORIA,68250,69922,71634,73389
2024,1100,OUVIDORIA-GERAL DO ESTADO DE MINAS GERAIS - OGE,1101,OUVIDORIA-GERAL DO ESTADO DE MINAS GERAIS - OGE,14,422,55,4,101,4101,1,3,1,10,1,0,CONTROLE SOCIAL ATRAVÉS DA DEFESA DOS USUÁRIOS DE SERVIÇOS PÚBLICOS,OUVIDORIA MÓVEL,109813,112502,115257,118080
2024,1100,OUVIDORIA-GERAL DO ESTADO DE MINAS GERAIS - OGE,1101,OUVIDORIA-GERAL DO ESTADO DE MINAS GERAIS - OGE,14,422,55,4,101,4101,1,3,3,10,1,0,CONTROLE SOCIAL ATRAVÉS DA DEFESA DOS USUÁRIOS DE SERVIÇOS PÚBLICOS,OUVIDORIA MÓVEL,89857,94206,98766,103546
2024,1100,OUVIDORIA-GERAL DO ESTADO DE MINAS GERAIS - OGE,1101,OUVIDORIA-GERAL DO ESTADO DE MINAS GERAIS - OGE,14,422,55,4,101,4101,1,3,3,10,7,0,CONTROLE SOCIAL ATRAVÉS DA DEFESA DOS USUÁRIOS DE SERVIÇOS PÚBLICOS,OUVIDORIA MÓVEL,16019,16411,16813,17225
2024,1100,OUVIDORIA-GERAL DO ESTADO DE MINAS GERAIS - OGE,1101,OUVIDORIA-GERAL DO ESTADO DE MINAS GERAIS - OGE,14,422,55,4,109,4109,1,3,3,10,1,0,CONTROLE SOCIAL ATRAVÉS DA DEFESA DOS USUÁRIOS DE SERVIÇOS PÚBLICOS,FOMENTO À PARTICIPAÇÃO SOCIAL NO ESTADO DE MINAS GERAIS,10178,10670,11186,11727
2024,1100,OUVIDORIA-GERAL DO ESTADO DE MINAS GERAIS - OGE,1101,OUVIDORIA-GERAL DO ESTADO DE MINAS GERAIS - OGE,14,422,55,4,110,4110,1,3,1,10,1,0,CONTROLE SOCIAL ATRAVÉS DA DEFESA DOS USUÁRIOS DE SERVIÇOS PÚBLICOS,"RECEBIMENTO, ANÁLISE E TRATAMENTO DE MANIFESTAÇÕES",7694867,7883306,8076360,8274142
2024,1100,OUVIDORIA-GERAL DO ESTADO DE MINAS GERAIS - OGE,1101,OUVIDORIA-GERAL DO ESTADO DE MINAS GERAIS - OGE,14,422,55,4,110,4110,1,3,3,10,1,0,CONTROLE SOCIAL ATRAVÉS DA DEFESA DOS USUÁRIOS DE SERVIÇOS PÚBLICOS,"RECEBIMENTO, ANÁLISE E TRATAMENTO DE MANIFESTAÇÕES",1293158,1355745,1421364,1490158
2024,1100,OUVIDORIA-GERAL DO ESTADO DE MINAS GERAIS - OGE,1101,OUVIDORIA-GERAL DO ESTADO DE MINAS GERAIS - OGE,14,422,55,4,110,4110,1,3,3,10,7,0,CONTROLE SOCIAL ATRAVÉS DA DEFESA DOS USUÁRIOS DE SERVIÇOS PÚBLICOS,"RECEBIMENTO, ANÁLISE E TRATAMENTO DE MANIFESTAÇÕES",822999,843156,863805,884960
2024,1100,OUVIDORIA-GERAL DO ESTADO DE MINAS GERAIS - OGE,1101,OUVIDORIA-GERAL DO ESTADO DE MINAS GERAIS - OGE,14,422,705,2,500,2500,1,3,1,10,1,0,APOIO ÀS POLÍTICAS PÚBLICAS,ASSESSORAMENTO E GERENCIAMENTO DE POLÍTICAS PÚBLICAS,3793094,3885984,3981147,4078642
2024,1100,OUVIDORIA-GERAL DO ESTADO DE MINAS GERAIS - OGE,1101,OUVIDORIA-GERAL DO ESTADO DE MINAS GERAIS - OGE,14,422,705,2,500,2500,1,3,3,10,1,0,APOIO ÀS POLÍTICAS PÚBLICAS,ASSESSORAMENTO E GERENCIAMENTO DE POLÍTICAS PÚBLICAS,602461,631623,662193,694244
2024,1100,OUVIDORIA-GERAL DO ESTADO DE MINAS GERAIS - OGE,1101,OUVIDORIA-GERAL DO ESTADO DE MINAS GERAIS - OGE,14,422,705,2,500,2500,1,3,3,10,7,0,APOIO ÀS POLÍTICAS PÚBLICAS,ASSESSORAMENTO E GERENCIAMENTO DE POLÍTICAS PÚBLICAS,421199,431516,442085,452911
2024,1190,SECRETARIA DE ESTADO DE FAZENDA - SEF,1191,SECRETARIA DE ESTADO DE FAZENDA - SEF,4,122,38,2,16,2016,1,3,3,10,1,0,TESOURO RESPONSÁVEL E TRANSPARENTE,MODERNIZAÇÃO DA GESTÃO E INOVAÇÃO DO TESOURO ESTADUAL,42800,44872,47043,49320
2024,1190,SECRETARIA DE ESTADO DE FAZENDA - SEF,1191,SECRETARIA DE ESTADO DE FAZENDA - SEF,4,122,38,2,19,2019,1,3,3,10,1,0,TESOURO RESPONSÁVEL E TRANSPARENTE,GERENCIAMENTO E SUPORTE ÀS ATIVIDADES LIGADAS A CONTADORIA GERAL DO ESTADO DE MINAS GERAIS,73631,77195,80931,84848
2024,1190,SECRETARIA DE ESTADO DE FAZENDA - SEF,1191,SECRETARIA DE ESTADO DE FAZENDA - SEF,4,122,38,2,32,2032,1,3,3,10,1,0,TESOURO RESPONSÁVEL E TRANSPARENTE,"GERENCIAMENTO E SUPORTE ÀS ATIVIDADES LIGADAS À GOVERNANÇA DE ATIVOS, RISCOS FISCAIS E DA DÍVIDA PÚBLICA DO ESTADO DE MINAS GERAIS",46442,48690,51046,53517
2024,1190,SECRETARIA DE ESTADO DE FAZENDA - SEF,1191,SECRETARIA DE ESTADO DE FAZENDA - SEF,4,122,705,2,500,2500,1,3,1,10,1,0,APOIO ÀS POLÍTICAS PÚBLICAS,ASSESSORAMENTO E GERENCIAMENTO DE POLÍTICAS PÚBLICAS,88109622,90770533,93493649,96298458
2024,1190,SECRETARIA DE ESTADO DE FAZENDA - SEF,1191,SECRETARIA DE ESTADO DE FAZENDA - SEF,4,122,705,2,500,2500,1,3,3,10,1,0,APOIO ÀS POLÍTICAS PÚBLICAS,ASSESSORAMENTO E GERENCIAMENTO DE POLÍTICAS PÚBLICAS,11541196,11966126,12545267,13152479
2024,1190,SECRETARIA DE ESTADO DE FAZENDA - SEF,1191,SECRETARIA DE ESTADO DE FAZENDA - SEF,4,122,705,2,500,2500,1,3,3,10,7,0,APOIO ÀS POLÍTICAS PÚBLICAS,ASSESSORAMENTO E GERENCIAMENTO DE POLÍTICAS PÚBLICAS,4653531,4767489,4884237,5003845
2024,1190,SECRETARIA DE ESTADO DE FAZENDA - SEF,1191,SECRETARIA DE ESTADO DE FAZENDA - SEF,4,122,705,2,500,2500,1,3,3,29,1,0,APOIO ÀS POLÍTICAS PÚBLICAS,ASSESSORAMENTO E GERENCIAMENTO DE POLÍTICAS PÚBLICAS,940987,1120194,1174412,1231253
2024,1190,SECRETARIA DE ESTADO DE FAZENDA - SEF,1191,SECRETARIA DE ESTADO DE FAZENDA - SEF,4,122,705,2,500,2500,1,4,4,10,1,0,APOIO ÀS POLÍTICAS PÚBLICAS,ASSESSORAMENTO E GERENCIAMENTO DE POLÍTICAS PÚBLICAS,15000,15000,15000,15000
2024,1190,SECRETARIA DE ESTADO DE FAZENDA - SEF,1191,SECRETARIA DE ESTADO DE FAZENDA - SEF,4,123,38,4,95,4095,1,3,1,10,1,0,TESOURO RESPONSÁVEL E TRANSPARENTE,CONTROLE E OPERAÇÕES FINANCEIRAS DOS RECURSOS ESTADUAIS.,13168822,13566520,13973516,14392722
2024,1190,SECRETARIA DE ESTADO DE FAZENDA - SEF,1191,SECRETARIA DE ESTADO DE FAZENDA - SEF,4,123,38,4,95,4095,1,3,3,10,1,0,TESOURO RESPONSÁVEL E TRANSPARENTE,CONTROLE E OPERAÇÕES FINANCEIRAS DOS RECURSOS ESTADUAIS.,27200121,28516607,29896811,31343816
2024,1190,SECRETARIA DE ESTADO DE FAZENDA - SEF,1191,SECRETARIA DE ESTADO DE FAZENDA - SEF,4,123,38,4,95,4095,1,3,3,10,7,0,TESOURO RESPONSÁVEL E TRANSPARENTE,CONTROLE E OPERAÇÕES FINANCEIRAS DOS RECURSOS ESTADUAIS.,622707,637956,653579,669584
2024,1190,SECRETARIA DE ESTADO DE FAZENDA - SEF,1191,SECRETARIA DE ESTADO DE FAZENDA - SEF,4,123,38,4,95,4095,1,3,3,27,1,0,TESOURO RESPONSÁVEL E TRANSPARENTE,CONTROLE E OPERAÇÕES FINANCEIRAS DOS RECURSOS ESTADUAIS.,21000000,22016400,23081994,24199163
2024,1190,SECRETARIA DE ESTADO DE FAZENDA - SEF,1191,SECRETARIA DE ESTADO DE FAZENDA - SEF,4,123,38,4,95,4095,1,3,3,83,2,0,TESOURO RESPONSÁVEL E TRANSPARENTE,CONTROLE E OPERAÇÕES FINANCEIRAS DOS RECURSOS ESTADUAIS.,1300000,1300000,1300000,1300000
2024,1190,SECRETARIA DE ESTADO DE FAZENDA - SEF,1191,SECRETARIA DE ESTADO DE FAZENDA - SEF,4,123,38,4,96,4096,1,3,1,10,1,0,TESOURO RESPONSÁVEL E TRANSPARENTE,GESTÃO ESTRATÉGICA E PLANEJAMENTO FINANCEIRO,1887952,1944968,2003317,2063417
2024,1190,SECRETARIA DE ESTADO DE FAZENDA - SEF,1191,SECRETARIA DE ESTADO DE FAZENDA - SEF,4,123,38,4,96,4096,1,3,3,10,1,0,TESOURO RESPONSÁVEL E TRANSPARENTE,GESTÃO ESTRATÉGICA E PLANEJAMENTO FINANCEIRO,65600,68775,72104,75594
2024,1190,SECRETARIA DE ESTADO DE FAZENDA - SEF,1191,SECRETARIA DE ESTADO DE FAZENDA - SEF,4,123,38,4,96,4096,1,3,3,10,7,0,TESOURO RESPONSÁVEL E TRANSPARENTE,GESTÃO ESTRATÉGICA E PLANEJAMENTO FINANCEIRO,152930,156675,160512,164442
2024,1190,SECRETARIA DE ESTADO DE FAZENDA - SEF,1191,SECRETARIA DE ESTADO DE FAZENDA - SEF,4,123,38,4,97,4097,1,3,1,10,1,0,TESOURO RESPONSÁVEL E TRANSPARENTE,CONTADORIA TRANSPARENTE,5212585,5370005,5531105,5697038
2024,1190,SECRETARIA DE ESTADO DE FAZENDA - SEF,1191,SECRETARIA DE ESTADO DE FAZENDA - SEF,4,123,38,4,97,4097,1,3,3,10,1,0,TESOURO RESPONSÁVEL E TRANSPARENTE,CONTADORIA TRANSPARENTE,7960,8345,8749,9173
2024,1190,SECRETARIA DE ESTADO DE FAZENDA - SEF,1191,SECRETARIA DE ESTADO DE FAZENDA - SEF,4,123,38,4,97,4097,1,3,3,10,7,0,TESOURO RESPONSÁVEL E TRANSPARENTE,CONTADORIA TRANSPARENTE,140682,144127,147657,151272
2024,1190,SECRETARIA DE ESTADO DE FAZENDA - SEF,1191,SECRETARIA DE ESTADO DE FAZENDA - SEF,4,123,38,4,98,4098,1,3,1,10,1,0,TESOURO RESPONSÁVEL E TRANSPARENTE,CONTADORIA LEGAL,4202997,4329928,4459825,4593620
2024,1190,SECRETARIA DE ESTADO DE FAZENDA - SEF,1191,SECRETARIA DE ESTADO DE FAZENDA - SEF,4,123,38,4,98,4098,1,3,3,10,1,0,TESOURO RESPONSÁVEL E TRANSPARENTE,CONTADORIA LEGAL,1224942,1284229,1346386,1411551
2024,1190,SECRETARIA DE ESTADO DE FAZENDA - SEF,1191,SECRETARIA DE ESTADO DE FAZENDA - SEF,4,123,38,4,98,4098,1,3,3,10,7,0,TESOURO RESPONSÁVEL E TRANSPARENTE,CONTADORIA LEGAL,134558,137853,141229,144687
2024,1190,SECRETARIA DE ESTADO DE FAZENDA - SEF,1191,SECRETARIA DE ESTADO DE FAZENDA - SEF,4,123,38,4,103,4103,1,3,1,10,1,0,TESOURO RESPONSÁVEL E TRANSPARENTE,"GOVERNANÇA DO SISTEMA INTEGRADO UTILIZADO PARA A EXECUÇÃO ORÇAMENTÁRIA, FINANCEIRA, PATRIMONIAL E CONTÁBIL",798507,822622,847301,872720
2024,1190,SECRETARIA DE ESTADO DE FAZENDA - SEF,1191,SECRETARIA DE ESTADO DE FAZENDA - SEF,4,123,38,4,103,4103,1,3,3,10,1,0,TESOURO RESPONSÁVEL E TRANSPARENTE,"GOVERNANÇA DO SISTEMA INTEGRADO UTILIZADO PARA A EXECUÇÃO ORÇAMENTÁRIA, FINANCEIRA, PATRIMONIAL E CONTÁBIL",23268899,24395114,25575837,26813708
2024,1190,SECRETARIA DE ESTADO DE FAZENDA - SEF,1191,SECRETARIA DE ESTADO DE FAZENDA - SEF,4,123,38,4,103,4103,1,3,3,10,7,0,TESOURO RESPONSÁVEL E TRANSPARENTE,"GOVERNANÇA DO SISTEMA INTEGRADO UTILIZADO PARA A EXECUÇÃO ORÇAMENTÁRIA, FINANCEIRA, PATRIMONIAL E CONTÁBIL",41069,42075,43105,44161
2024,1190,SECRETARIA DE ESTADO DE FAZENDA - SEF,1191,SECRETARIA DE ESTADO DE FAZENDA - SEF,4,123,38,4,103,4103,1,4,4,48,1,0,TESOURO RESPONSÁVEL E TRANSPARENTE,"GOVERNANÇA DO SISTEMA INTEGRADO UTILIZADO PARA A EXECUÇÃO ORÇAMENTÁRIA, FINANCEIRA, PATRIMONIAL E CONTÁBIL",22844654,22844654,22844654,22844654
2024,1190,SECRETARIA DE ESTADO DE FAZENDA - SEF,1191,SECRETARIA DE ESTADO DE FAZENDA - SEF,4,123,38,4,105,4105,1,3,1,10,1,0,TESOURO RESPONSÁVEL E TRANSPARENTE,GESTÃO DE ATIVOS E HAVERES,7473465,7699164,7930139,8168043
2024,1190,SECRETARIA DE ESTADO DE FAZENDA - SEF,1191,SECRETARIA DE ESTADO DE FAZENDA - SEF,4,123,38,4,105,4105,1,3,3,10,1,0,TESOURO RESPONSÁVEL E TRANSPARENTE,GESTÃO DE ATIVOS E HAVERES,3168469,3321823,3482599,3651157
2024,1190,SECRETARIA DE ESTADO DE FAZENDA - SEF,1191,SECRETARIA DE ESTADO DE FAZENDA - SEF,4,123,38,4,105,4105,1,3,3,10,7,0,TESOURO RESPONSÁVEL E TRANSPARENTE,GESTÃO DE ATIVOS E HAVERES,292713,299881,307225,314748
2024,1190,SECRETARIA DE ESTADO DE FAZENDA - SEF,1191,SECRETARIA DE ESTADO DE FAZENDA - SEF,4,123,38,4,106,4106,1,3,1,10,1,0,TESOURO RESPONSÁVEL E TRANSPARENTE,ENDIVIDAMENTO SUSTENTÁVEL,2720821,2802990,2887079,2973692
2024,1190,SECRETARIA DE ESTADO DE FAZENDA - SEF,1191,SECRETARIA DE ESTADO DE FAZENDA - SEF,4,123,38,4,106,4106,1,3,3,10,1,0,TESOURO RESPONSÁVEL E TRANSPARENTE,ENDIVIDAMENTO SUSTENTÁVEL,1126441,1180961,1238119,1298044
2024,1190,SECRETARIA DE ESTADO DE FAZENDA - SEF,1191,SECRETARIA DE ESTADO DE FAZENDA - SEF,4,123,38,4,106,4106,1,3,3,10,7,0,TESOURO RESPONSÁVEL E TRANSPARENTE,ENDIVIDAMENTO SUSTENTÁVEL,187875,192476,197189,202018
2024,1190,SECRETARIA DE ESTADO DE FAZENDA - SEF,1191,SECRETARIA DE ESTADO DE FAZENDA - SEF,4,123,38,4,107,4107,1,3,3,10,1,0,TESOURO RESPONSÁVEL E TRANSPARENTE,GERENCIAMENTO DE RISCOS FISCAIS,57192,59960,62862,65905
2024,1190,SECRETARIA DE ESTADO DE FAZENDA - SEF,1191,SECRETARIA DE ESTADO DE FAZENDA - SEF,4,126,33,1,2,1002,1,3,3,10,1,1,GESTÃO DA INFORMAÇÃO COM USO DE TECNOLOGIA E COMUNICAÇÃO,DIVISA TRIBUTÁRIA SEGURA,5136846,5385469,5646126,5919398
2024,1190,SECRETARIA DE ESTADO DE FAZENDA - SEF,1191,SECRETARIA DE ESTADO DE FAZENDA - SEF,4,126,33,2,4,2004,1,3,3,10,1,0,GESTÃO DA INFORMAÇÃO COM USO DE TECNOLOGIA E COMUNICAÇÃO,MODERNIZAÇÃO DE SISTEMAS FAZENDÁRIOS LEGADOS,6509400,6824455,7154759,7501049
2024,1190,SECRETARIA DE ESTADO DE FAZENDA - SEF,1191,SECRETARIA DE ESTADO DE FAZENDA - SEF,4,126,33,2,4,2004,1,4,4,10,1,0,GESTÃO DA INFORMAÇÃO COM USO DE TECNOLOGIA E COMUNICAÇÃO,MODERNIZAÇÃO DE SISTEMAS FAZENDÁRIOS LEGADOS,606948,606948,606948,606948
2024,1190,SECRETARIA DE ESTADO DE FAZENDA - SEF,1191,SECRETARIA DE ESTADO DE FAZENDA - SEF,4,126,33,2,5,2005,1,4,4,74,1,0,GESTÃO DA INFORMAÇÃO COM USO DE TECNOLOGIA E COMUNICAÇÃO,TRANSFORMAÇÃO DIGITAL,20000000,20000000,20000000,20000000
2024,1190,SECRETARIA DE ESTADO DE FAZENDA - SEF,1191,SECRETARIA DE ESTADO DE FAZENDA - SEF,4,126,33,2,6,2006,1,3,1,10,1,0,GESTÃO DA INFORMAÇÃO COM USO DE TECNOLOGIA E COMUNICAÇÃO,"PROPOSIÇÃO, AMPLIAÇÃO E SUSTENTAÇÃO DE SOLUÇÕES E ATENDIMENTO AOS USUÁRIOS DE TIC",21301746,21945059,22603411,23281513
2024,1190,SECRETARIA DE ESTADO DE FAZENDA - SEF,1191,SECRETARIA DE ESTADO DE FAZENDA - SEF,4,126,33,2,6,2006,1,3,3,10,1,0,GESTÃO DA INFORMAÇÃO COM USO DE TECNOLOGIA E COMUNICAÇÃO,"PROPOSIÇÃO, AMPLIAÇÃO E SUSTENTAÇÃO DE SOLUÇÕES E ATENDIMENTO AOS USUÁRIOS DE TIC",57685838,60477833,63404960,66473760
2024,1190,SECRETARIA DE ESTADO DE FAZENDA - SEF,1191,SECRETARIA DE ESTADO DE FAZENDA - SEF,4,126,33,2,6,2006,1,3,3,10,7,0,GESTÃO DA INFORMAÇÃO COM USO DE TECNOLOGIA E COMUNICAÇÃO,"PROPOSIÇÃO, AMPLIAÇÃO E SUSTENTAÇÃO DE SOLUÇÕES E ATENDIMENTO AOS USUÁRIOS DE TIC",1104961,1132020,1159741,1188142
2024,1190,SECRETARIA DE ESTADO DE FAZENDA - SEF,1191,SECRETARIA DE ESTADO DE FAZENDA - SEF,4,126,33,2,6,2006,1,3,3,29,1,0,GESTÃO DA INFORMAÇÃO COM USO DE TECNOLOGIA E COMUNICAÇÃO,"PROPOSIÇÃO, AMPLIAÇÃO E SUSTENTAÇÃO DE SOLUÇÕES E ATENDIMENTO AOS USUÁRIOS DE TIC",9822696,10298114,10796543,11319096
2024,1190,SECRETARIA DE ESTADO DE FAZENDA - SEF,1191,SECRETARIA DE ESTADO DE FAZENDA - SEF,4,126,33,2,6,2006,1,4,4,10,1,0,GESTÃO DA INFORMAÇÃO COM USO DE TECNOLOGIA E COMUNICAÇÃO,"PROPOSIÇÃO, AMPLIAÇÃO E SUSTENTAÇÃO DE SOLUÇÕES E ATENDIMENTO AOS USUÁRIOS DE TIC",6604678,6604678,6604678,6604678
2024,1190,SECRETARIA DE ESTADO DE FAZENDA - SEF,1191,SECRETARIA DE ESTADO DE FAZENDA - SEF,4,126,33,2,7,2007,1,3,3,10,1,0,GESTÃO DA INFORMAÇÃO COM USO DE TECNOLOGIA E COMUNICAÇÃO,SUSTENTAÇÃO DO DATA CENTER,56934228,59689845,62578833,65607649
2024,1190,SECRETARIA DE ESTADO DE FAZENDA - SEF,1191,SECRETARIA DE ESTADO DE FAZENDA - SEF,4,126,33,2,7,2007,1,3,3,29,1,0,GESTÃO DA INFORMAÇÃO COM USO DE TECNOLOGIA E COMUNICAÇÃO,SUSTENTAÇÃO DO DATA CENTER,12750324,13367440,14014424,14692722
2024,1190,SECRETARIA DE ESTADO DE FAZENDA - SEF,1191,SECRETARIA DE ESTADO DE FAZENDA - SEF,4,126,33,2,7,2007,1,4,4,10,1,0,GESTÃO DA INFORMAÇÃO COM USO DE TECNOLOGIA E COMUNICAÇÃO,SUSTENTAÇÃO DO DATA CENTER,7944436,7944436,7944436,7944436
2024,1190,SECRETARIA DE ESTADO DE FAZENDA - SEF,1191,SECRETARIA DE ESTADO DE FAZENDA - SEF,4,126,33,2,7,2007,1,4,4,48,1,0,GESTÃO DA INFORMAÇÃO COM USO DE TECNOLOGIA E COMUNICAÇÃO,SUSTENTAÇÃO DO DATA CENTER,2994734,2994734,2994734,2994734
2024,1190,SECRETARIA DE ESTADO DE FAZENDA - SEF,1191,SECRETARIA DE ESTADO DE FAZENDA - SEF,4,129,45,1,15,1015,1,3,3,10,1,0,"RECEITA ESTADUAL DIGITAL, EFICIENTE, MODERNIZADA E MAIS JUSTA",REVITALIZAÇÃO DAS UNIDADES FAZENDÁRIAS,1000,1048,1099,1152
2024,1190,SECRETARIA DE ESTADO DE FAZENDA - SEF,1191,SECRETARIA DE ESTADO DE FAZENDA - SEF,4,129,45,4,79,4079,1,3,1,10,1,0,"RECEITA ESTADUAL DIGITAL, EFICIENTE, MODERNIZADA E MAIS JUSTA",GESTÃO EFICENTE E TRANSPARÊNCIA DO CONTENCIOSO ADMINISTRATIVO TRIBUTÁRIO,17320685,17843770,18379083,18930455
2024,1190,SECRETARIA DE ESTADO DE FAZENDA - SEF,1191,SECRETARIA DE ESTADO DE FAZENDA - SEF,4,129,45,4,79,4079,1,3,3,10,1,0,"RECEITA ESTADUAL DIGITAL, EFICIENTE, MODERNIZADA E MAIS JUSTA",GESTÃO EFICENTE E TRANSPARÊNCIA DO CONTENCIOSO ADMINISTRATIVO TRIBUTÁRIO,1320268,1384169,1451163,1521399
2024,1190,SECRETARIA DE ESTADO DE FAZENDA - SEF,1191,SECRETARIA DE ESTADO DE FAZENDA - SEF,4,129,45,4,79,4079,1,3,3,10,7,0,"RECEITA ESTADUAL DIGITAL, EFICIENTE, MODERNIZADA E MAIS JUSTA",GESTÃO EFICENTE E TRANSPARÊNCIA DO CONTENCIOSO ADMINISTRATIVO TRIBUTÁRIO,848704,869487,890780,912594
2024,1190,SECRETARIA DE ESTADO DE FAZENDA - SEF,1191,SECRETARIA DE ESTADO DE FAZENDA - SEF,4,129,45,4,81,4081,1,3,3,10,1,0,"RECEITA ESTADUAL DIGITAL, EFICIENTE, MODERNIZADA E MAIS JUSTA",RECEITA ESTADUAL MAIS JUSTA,1000,1048,1099,1152
2024,1190,SECRETARIA DE ESTADO DE FAZENDA - SEF,1191,SECRETARIA DE ESTADO DE FAZENDA - SEF,4,129,45,4,82,4082,1,3,1,10,1,0,"RECEITA ESTADUAL DIGITAL, EFICIENTE, MODERNIZADA E MAIS JUSTA",RECEITA ESTADUAL EFICIENTE,171781880,176969691,182278784,187747147
2024,1190,SECRETARIA DE ESTADO DE FAZENDA - SEF,1191,SECRETARIA DE ESTADO DE FAZENDA - SEF,4,129,45,4,82,4082,1,3,1,15,1,0,"RECEITA ESTADUAL DIGITAL, EFICIENTE, MODERNIZADA E MAIS JUSTA",RECEITA ESTADUAL EFICIENTE,872744450,899101333,926074373,953856604
2024,1190,SECRETARIA DE ESTADO DE FAZENDA - SEF,1191,SECRETARIA DE ESTADO DE FAZENDA - SEF,4,129,45,4,82,4082,1,3,3,10,1,0,"RECEITA ESTADUAL DIGITAL, EFICIENTE, MODERNIZADA E MAIS JUSTA",RECEITA ESTADUAL EFICIENTE,21459360,22497992,23586916,24728500
2024,1190,SECRETARIA DE ESTADO DE FAZENDA - SEF,1191,SECRETARIA DE ESTADO DE FAZENDA - SEF,4,129,45,4,82,4082,1,3,3,10,7,0,"RECEITA ESTADUAL DIGITAL, EFICIENTE, MODERNIZADA E MAIS JUSTA",RECEITA ESTADUAL EFICIENTE,51523411,52785140,54077769,55402053
2024,1190,SECRETARIA DE ESTADO DE FAZENDA - SEF,1191,SECRETARIA DE ESTADO DE FAZENDA - SEF,4,129,45,4,82,4082,1,3,3,29,1,0,"RECEITA ESTADUAL DIGITAL, EFICIENTE, MODERNIZADA E MAIS JUSTA",RECEITA ESTADUAL EFICIENTE,11815000,12386847,12986369,13614910
2024,1190,SECRETARIA DE ESTADO DE FAZENDA - SEF,1191,SECRETARIA DE ESTADO DE FAZENDA - SEF,4,129,45,4,82,4082,1,4,4,10,1,0,"RECEITA ESTADUAL DIGITAL, EFICIENTE, MODERNIZADA E MAIS JUSTA",RECEITA ESTADUAL EFICIENTE,900000,900000,900000,900000
2024,1190,SECRETARIA DE ESTADO DE FAZENDA - SEF,1191,SECRETARIA DE ESTADO DE FAZENDA - SEF,4,129,45,4,83,4083,1,3,1,10,1,0,"RECEITA ESTADUAL DIGITAL, EFICIENTE, MODERNIZADA E MAIS JUSTA",RECEITA ESTADUAL DIGITAL,26705254,27511753,28337105,29187219
2024,1190,SECRETARIA DE ESTADO DE FAZENDA - SEF,1191,SECRETARIA DE ESTADO DE FAZENDA - SEF,4,129,45,4,83,4083,1,3,1,15,1,0,"RECEITA ESTADUAL DIGITAL, EFICIENTE, MODERNIZADA E MAIS JUSTA",RECEITA ESTADUAL DIGITAL,161751594,166636492,171635587,176784655
2024,1190,SECRETARIA DE ESTADO DE FAZENDA - SEF,1191,SECRETARIA DE ESTADO DE FAZENDA - SEF,4,129,45,4,83,4083,1,3,3,10,1,0,"RECEITA ESTADUAL DIGITAL, EFICIENTE, MODERNIZADA E MAIS JUSTA",RECEITA ESTADUAL DIGITAL,5377700,5637981,5910859,6196945
2024,1190,SECRETARIA DE ESTADO DE FAZENDA - SEF,1191,SECRETARIA DE ESTADO DE FAZENDA - SEF,4,129,45,4,83,4083,1,3,3,10,7,0,"RECEITA ESTADUAL DIGITAL, EFICIENTE, MODERNIZADA E MAIS JUSTA",RECEITA ESTADUAL DIGITAL,9779610,10019098,10264450,10515811
2024,1190,SECRETARIA DE ESTADO DE FAZENDA - SEF,1191,SECRETARIA DE ESTADO DE FAZENDA - SEF,4,129,45,4,83,4083,1,3,3,29,1,0,"RECEITA ESTADUAL DIGITAL, EFICIENTE, MODERNIZADA E MAIS JUSTA",RECEITA ESTADUAL DIGITAL,525000,550410,577050,604979
2024,1190,SECRETARIA DE ESTADO DE FAZENDA - SEF,1191,SECRETARIA DE ESTADO DE FAZENDA - SEF,4,129,45,4,83,4083,1,4,4,10,1,0,"RECEITA ESTADUAL DIGITAL, EFICIENTE, MODERNIZADA E MAIS JUSTA",RECEITA ESTADUAL DIGITAL,105520,105520,105520,105520
2024,1190,SECRETARIA DE ESTADO DE FAZENDA - SEF,1191,SECRETARIA DE ESTADO DE FAZENDA - SEF,4,129,45,4,85,4085,1,4,4,74,1,0,"RECEITA ESTADUAL DIGITAL, EFICIENTE, MODERNIZADA E MAIS JUSTA",RECEITA ESTADUAL MODERNIZADA,10501000,10501000,10501000,10501000
2024,1190,SECRETARIA DE ESTADO DE FAZENDA - SEF,4621,FUNDO DE INVESTIMENTO DO ESTADO DE MINAS GERAIS - MG INVESTE,22,661,20,4,444,4444,1,4,5,60,1,0,FOMENTO E INCENTIVO DE INVESTIMENTOS,MG INVESTE,2000,2000,2000,2000
2024,1190,SECRETARIA DE ESTADO DE FAZENDA - SEF,4651,FUNDO ESPECIAL DE CRÉDITOS INADIMPLIDOS E DÍVIDA ATIVA - FECIDAT,4,129,20,4,502,4502,1,3,3,10,1,0,FOMENTO E INCENTIVO DE INVESTIMENTOS,GESTÃO DO FUNDO ESPECIAL DE CRÉDITOS INADIMPLIDOS E DA DÍVIDA ATIVA - FECIDAT,1000,1000,1000,1000
2024,1190,SECRETARIA DE ESTADO DE FAZENDA - SEF,4651,FUNDO ESPECIAL DE CRÉDITOS INADIMPLIDOS E DÍVIDA ATIVA - FECIDAT,28,846,705,7,38,7038,1,3,3,10,1,0,APOIO ÀS POLÍTICAS PÚBLICAS,APORTE FINANCEIRO PARA COBERTURA DA NECESSIDADE DE FINANCIAMENTO DA PREVIDÊNCIA DOS SERVIDORES DO ESTADO,1000,1000,1000,1000
2024,1190,SECRETARIA DE ESTADO DE FAZENDA - SEF,4721,FUNDO ESTADUAL DE PREVIDÊNCIA DO ESTADO DE MINAS GERAIS - FEPREMG,28,846,705,7,1,7001,1,3,3,10,1,0,APOIO ÀS POLÍTICAS PÚBLICAS,COBERTURA DO DÉFICIT DO REGIME PRÓPRIO DE PREVIDÊNCIA SOCIAL - RPPS,1000,0,0,0
2024,1220,SECRETARIA DE ESTADO DE DESENVOLVIMENTO ECONÔMICO - SEDE,1221,SECRETARIA DE ESTADO DE DESENVOLVIMENTO ECONÔMICO - SEDE,4,122,133,1,90,1090,1,3,1,10,1,0,MINAS GERAÇÃO DE VALOR,IMPLEMENTAÇÃO DA POLÍTICA DE DESESTATIZAÇÃO,436943,436943,436943,436943
2024,1220,SECRETARIA DE ESTADO DE DESENVOLVIMENTO ECONÔMICO - SEDE,1221,SECRETARIA DE ESTADO DE DESENVOLVIMENTO ECONÔMICO - SEDE,4,122,133,1,90,1090,1,3,3,10,1,0,MINAS GERAÇÃO DE VALOR,IMPLEMENTAÇÃO DA POLÍTICA DE DESESTATIZAÇÃO,15000000,15000000,15000000,15000000
2024,1220,SECRETARIA DE ESTADO DE DESENVOLVIMENTO ECONÔMICO - SEDE,1221,SECRETARIA DE ESTADO DE DESENVOLVIMENTO ECONÔMICO - SEDE,4,122,133,1,90,1090,1,3,3,10,7,0,MINAS GERAÇÃO DE VALOR,IMPLEMENTAÇÃO DA POLÍTICA DE DESESTATIZAÇÃO,47870,47870,47870,47870
2024,1220,SECRETARIA DE ESTADO DE DESENVOLVIMENTO ECONÔMICO - SEDE,1221,SECRETARIA DE ESTADO DE DESENVOLVIMENTO ECONÔMICO - SEDE,4,122,705,2,500,2500,1,3,1,10,1,0,APOIO ÀS POLÍTICAS PÚBLICAS,ASSESSORAMENTO E GERENCIAMENTO DE POLÍTICAS PÚBLICAS,11131276,11615153,12110880,12618747
2024,1220,SECRETARIA DE ESTADO DE DESENVOLVIMENTO ECONÔMICO - SEDE,1221,SECRETARIA DE ESTADO DE DESENVOLVIMENTO ECONÔMICO - SEDE,4,122,705,2,500,2500,1,3,3,10,1,0,APOIO ÀS POLÍTICAS PÚBLICAS,ASSESSORAMENTO E GERENCIAMENTO DE POLÍTICAS PÚBLICAS,4625542,5758149,7155254,8619979
2024,1220,SECRETARIA DE ESTADO DE DESENVOLVIMENTO ECONÔMICO - SEDE,1221,SECRETARIA DE ESTADO DE DESENVOLVIMENTO ECONÔMICO - SEDE,4,122,705,2,500,2500,1,3,3,10,7,0,APOIO ÀS POLÍTICAS PÚBLICAS,ASSESSORAMENTO E GERENCIAMENTO DE POLÍTICAS PÚBLICAS,1695206,1772626,1851943,1933203
2024,1220,SECRETARIA DE ESTADO DE DESENVOLVIMENTO ECONÔMICO - SEDE,1221,SECRETARIA DE ESTADO DE DESENVOLVIMENTO ECONÔMICO - SEDE,4,123,125,4,482,4482,1,3,1,10,1,0,GESTAO DE IMOVEIS E REGULARIZAÇÃO FUNDIARIA,GESTÃO DE ATIVOS IMOBILIÁRIOS ALIENÁVEIS - SEDE,718662,718662,718662,718662
2024,1220,SECRETARIA DE ESTADO DE DESENVOLVIMENTO ECONÔMICO - SEDE,1221,SECRETARIA DE ESTADO DE DESENVOLVIMENTO ECONÔMICO - SEDE,4,123,125,4,482,4482,1,3,3,10,1,0,GESTAO DE IMOVEIS E REGULARIZAÇÃO FUNDIARIA,GESTÃO DE ATIVOS IMOBILIÁRIOS ALIENÁVEIS - SEDE,4656217,4656217,4656217,4656217
2024,1220,SECRETARIA DE ESTADO DE DESENVOLVIMENTO ECONÔMICO - SEDE,1221,SECRETARIA DE ESTADO DE DESENVOLVIMENTO ECONÔMICO - SEDE,4,123,125,4,482,4482,1,3,3,10,7,0,GESTAO DE IMOVEIS E REGULARIZAÇÃO FUNDIARIA,GESTÃO DE ATIVOS IMOBILIÁRIOS ALIENÁVEIS - SEDE,170204,170204,170204,170204
2024,1220,SECRETARIA DE ESTADO DE DESENVOLVIMENTO ECONÔMICO - SEDE,1221,SECRETARIA DE ESTADO DE DESENVOLVIMENTO ECONÔMICO - SEDE,4,123,133,4,499,4499,1,3,1,10,1,0,MINAS GERAÇÃO DE VALOR,GOVERNANÇA DAS EMPRESAS ESTATAIS,359331,359331,359331,359331
2024,1220,SECRETARIA DE ESTADO DE DESENVOLVIMENTO ECONÔMICO - SEDE,1221,SECRETARIA DE ESTADO DE DESENVOLVIMENTO ECONÔMICO - SEDE,4,123,133,4,499,4499,1,3,3,10,1,0,MINAS GERAÇÃO DE VALOR,GOVERNANÇA DAS EMPRESAS ESTATAIS,118723,118723,118723,118723
2024,1220,SECRETARIA DE ESTADO DE DESENVOLVIMENTO ECONÔMICO - SEDE,1221,SECRETARIA DE ESTADO DE DESENVOLVIMENTO ECONÔMICO - SEDE,4,123,133,4,499,4499,1,3,3,10,7,0,MINAS GERAÇÃO DE VALOR,GOVERNANÇA DAS EMPRESAS ESTATAIS,67018,67018,67018,67018
2024,1220,SECRETARIA DE ESTADO DE DESENVOLVIMENTO ECONÔMICO - SEDE,1221,SECRETARIA DE ESTADO DE DESENVOLVIMENTO ECONÔMICO - SEDE,4,125,132,1,71,1071,1,3,1,10,1,1,MINAS EMPREENDEDORA: ESTADO MAIS SIMPLES E LIVRE PARA SE EMPREENDER,MINAS LIVRE PARA CRESCER,425744,425744,425744,425744
2024,1220,SECRETARIA DE ESTADO DE DESENVOLVIMENTO ECONÔMICO - SEDE,1221,SECRETARIA DE ESTADO DE DESENVOLVIMENTO ECONÔMICO - SEDE,4,125,132,1,71,1071,1,3,3,10,1,1,MINAS EMPREENDEDORA: ESTADO MAIS SIMPLES E LIVRE PARA SE EMPREENDER,MINAS LIVRE PARA CRESCER,725900,813836,906028,1002682
2024,1220,SECRETARIA DE ESTADO DE DESENVOLVIMENTO ECONÔMICO - SEDE,1221,SECRETARIA DE ESTADO DE DESENVOLVIMENTO ECONÔMICO - SEDE,4,125,132,1,71,1071,1,3,3,10,7,1,MINAS EMPREENDEDORA: ESTADO MAIS SIMPLES E LIVRE PARA SE EMPREENDER,MINAS LIVRE PARA CRESCER,170204,170204,170204,170204
2024,1220,SECRETARIA DE ESTADO DE DESENVOLVIMENTO ECONÔMICO - SEDE,1221,SECRETARIA DE ESTADO DE DESENVOLVIMENTO ECONÔMICO - SEDE,4,125,132,1,71,1071,1,3,3,32,1,1,MINAS EMPREENDEDORA: ESTADO MAIS SIMPLES E LIVRE PARA SE EMPREENDER,MINAS LIVRE PARA CRESCER,171976,171976,171976,171976
2024,1220,SECRETARIA DE ESTADO DE DESENVOLVIMENTO ECONÔMICO - SEDE,1221,SECRETARIA DE ESTADO DE DESENVOLVIMENTO ECONÔMICO - SEDE,4,127,125,1,82,1082,1,3,1,10,1,1,GESTAO DE IMOVEIS E REGULARIZAÇÃO FUNDIARIA,MINAS REURB SEDE,841480,872513,904306,936878
2024,1220,SECRETARIA DE ESTADO DE DESENVOLVIMENTO ECONÔMICO - SEDE,1221,SECRETARIA DE ESTADO DE DESENVOLVIMENTO ECONÔMICO - SEDE,4,127,125,1,82,1082,1,3,3,10,1,1,GESTAO DE IMOVEIS E REGULARIZAÇÃO FUNDIARIA,MINAS REURB SEDE,1089960,1089960,1089960,1089960
2024,1220,SECRETARIA DE ESTADO DE DESENVOLVIMENTO ECONÔMICO - SEDE,1221,SECRETARIA DE ESTADO DE DESENVOLVIMENTO ECONÔMICO - SEDE,4,127,125,1,82,1082,1,3,3,10,7,1,GESTAO DE IMOVEIS E REGULARIZAÇÃO FUNDIARIA,MINAS REURB SEDE,170204,178544,187088,195842
2024,1220,SECRETARIA DE ESTADO DE DESENVOLVIMENTO ECONÔMICO - SEDE,1221,SECRETARIA DE ESTADO DE DESENVOLVIMENTO ECONÔMICO - SEDE,4,127,125,1,82,1082,1,3,3,32,1,1,GESTAO DE IMOVEIS E REGULARIZAÇÃO FUNDIARIA,MINAS REURB SEDE,7862436,8251302,8658989,9086408
2024,1220,SECRETARIA DE ESTADO DE DESENVOLVIMENTO ECONÔMICO - SEDE,1221,SECRETARIA DE ESTADO DE DESENVOLVIMENTO ECONÔMICO - SEDE,4,127,125,4,544,4544,1,3,1,10,1,0,GESTAO DE IMOVEIS E REGULARIZAÇÃO FUNDIARIA,REGULARIZAÇÃO FUNDIÁRIA DE TERRITÓRIOS COLETIVOS,359331,359331,359331,359331
2024,1220,SECRETARIA DE ESTADO DE DESENVOLVIMENTO ECONÔMICO - SEDE,1221,SECRETARIA DE ESTADO DE DESENVOLVIMENTO ECONÔMICO - SEDE,4,127,125,4,544,4544,1,3,3,10,1,0,GESTAO DE IMOVEIS E REGULARIZAÇÃO FUNDIARIA,REGULARIZAÇÃO FUNDIÁRIA DE TERRITÓRIOS COLETIVOS,200000,200000,200000,200000
2024,1220,SECRETARIA DE ESTADO DE DESENVOLVIMENTO ECONÔMICO - SEDE,1221,SECRETARIA DE ESTADO DE DESENVOLVIMENTO ECONÔMICO - SEDE,4,127,125,4,544,4544,1,3,3,10,7,0,GESTAO DE IMOVEIS E REGULARIZAÇÃO FUNDIARIA,REGULARIZAÇÃO FUNDIÁRIA DE TERRITÓRIOS COLETIVOS,85102,85102,85102,85102
2024,1220,SECRETARIA DE ESTADO DE DESENVOLVIMENTO ECONÔMICO - SEDE,1221,SECRETARIA DE ESTADO DE DESENVOLVIMENTO ECONÔMICO - SEDE,4,129,125,1,83,1083,1,3,1,10,1,0,GESTAO DE IMOVEIS E REGULARIZAÇÃO FUNDIARIA,DISCRIMINAÇÃO E ARRECADAÇÃO DE TERRAS E GESTÃO DOS ARRENDAMENTOS,359331,359331,359331,359331
2024,1220,SECRETARIA DE ESTADO DE DESENVOLVIMENTO ECONÔMICO - SEDE,1221,SECRETARIA DE ESTADO DE DESENVOLVIMENTO ECONÔMICO - SEDE,4,129,125,1,83,1083,1,3,3,10,1,0,GESTAO DE IMOVEIS E REGULARIZAÇÃO FUNDIARIA,DISCRIMINAÇÃO E ARRECADAÇÃO DE TERRAS E GESTÃO DOS ARRENDAMENTOS,1256892,1456892,1456892,1456892
2024,1220,SECRETARIA DE ESTADO DE DESENVOLVIMENTO ECONÔMICO - SEDE,1221,SECRETARIA DE ESTADO DE DESENVOLVIMENTO ECONÔMICO - SEDE,4,129,125,1,83,1083,1,3,3,10,7,0,GESTAO DE IMOVEIS E REGULARIZAÇÃO FUNDIARIA,DISCRIMINAÇÃO E ARRECADAÇÃO DE TERRAS E GESTÃO DOS ARRENDAMENTOS,85102,85102,85102,85102
2024,1220,SECRETARIA DE ESTADO DE DESENVOLVIMENTO ECONÔMICO - SEDE,1221,SECRETARIA DE ESTADO DE DESENVOLVIMENTO ECONÔMICO - SEDE,4,129,125,4,481,4481,1,3,3,10,1,0,GESTAO DE IMOVEIS E REGULARIZAÇÃO FUNDIARIA,GESTÃO DE ATIVOS IMOBILIÁRIOS ALIENÁVEIS DE MINAS GERAIS,1000,1000,1000,1000
2024,1220,SECRETARIA DE ESTADO DE DESENVOLVIMENTO ECONÔMICO - SEDE,1221,SECRETARIA DE ESTADO DE DESENVOLVIMENTO ECONÔMICO - SEDE,17,511,56,1,100,1100,1,3,3,1,1,0,DESENVOLVIMENTO DA INFRAESTRUTURA DO NORTE E NORDESTE DE MINAS GERAIS,PROMOÇÃO DO DESENVOLVIMENTO SOCIOECONÔMICO E ACESSO À INFRAESTRUTURA DO NORTE E NORDESTE DE MINAS GERAIS,100000,0,0,0
2024,1220,SECRETARIA DE ESTADO DE DESENVOLVIMENTO ECONÔMICO - SEDE,1221,SECRETARIA DE ESTADO DE DESENVOLVIMENTO ECONÔMICO - SEDE,17,511,56,1,100,1100,1,3,3,24,1,0,DESENVOLVIMENTO DA INFRAESTRUTURA DO NORTE E NORDESTE DE MINAS GERAIS,PROMOÇÃO DO DESENVOLVIMENTO SOCIOECONÔMICO E ACESSO À INFRAESTRUTURA DO NORTE E NORDESTE DE MINAS GERAIS,1073519,0,0,0
2024,1220,SECRETARIA DE ESTADO DE DESENVOLVIMENTO ECONÔMICO - SEDE,1221,SECRETARIA DE ESTADO DE DESENVOLVIMENTO ECONÔMICO - SEDE,17,511,56,1,100,1100,1,4,4,24,1,0,DESENVOLVIMENTO DA INFRAESTRUTURA DO NORTE E NORDESTE DE MINAS GERAIS,PROMOÇÃO DO DESENVOLVIMENTO SOCIOECONÔMICO E ACESSO À INFRAESTRUTURA DO NORTE E NORDESTE DE MINAS GERAIS,17382813,0,0,0
2024,1220,SECRETARIA DE ESTADO DE DESENVOLVIMENTO ECONÔMICO - SEDE,1221,SECRETARIA DE ESTADO DE DESENVOLVIMENTO ECONÔMICO - SEDE,17,512,125,1,97,1097,1,3,3,10,1,0,GESTAO DE IMOVEIS E REGULARIZAÇÃO FUNDIARIA,SEGURANÇA HÍDRICA NA RMBH,1000,1000,1000,1000
2024,1220,SECRETARIA DE ESTADO DE DESENVOLVIMENTO ECONÔMICO - SEDE,1221,SECRETARIA DE ESTADO DE DESENVOLVIMENTO ECONÔMICO - SEDE,19,571,143,4,472,4472,1,3,1,10,1,0,"MG TECH - POLÍTICAS DE CIÊNCIA, TECNOLOGIA E INOVAÇÃO",APOIO À GESTÃO DE PROJETOS DE PESQUISA E TECNOLOGIA,1288119,1288119,1288119,1288119
2024,1220,SECRETARIA DE ESTADO DE DESENVOLVIMENTO ECONÔMICO - SEDE,1221,SECRETARIA DE ESTADO DE DESENVOLVIMENTO ECONÔMICO - SEDE,19,571,143,4,472,4472,1,3,3,10,1,0,"MG TECH - POLÍTICAS DE CIÊNCIA, TECNOLOGIA E INOVAÇÃO",APOIO À GESTÃO DE PROJETOS DE PESQUISA E TECNOLOGIA,501831,501831,501831,501831
2024,1220,SECRETARIA DE ESTADO DE DESENVOLVIMENTO ECONÔMICO - SEDE,1221,SECRETARIA DE ESTADO DE DESENVOLVIMENTO ECONÔMICO - SEDE,19,571,143,4,472,4472,1,3,3,10,7,0,"MG TECH - POLÍTICAS DE CIÊNCIA, TECNOLOGIA E INOVAÇÃO",APOIO À GESTÃO DE PROJETOS DE PESQUISA E TECNOLOGIA,208499,208499,208499,208499
2024,1220,SECRETARIA DE ESTADO DE DESENVOLVIMENTO ECONÔMICO - SEDE,1221,SECRETARIA DE ESTADO DE DESENVOLVIMENTO ECONÔMICO - SEDE,19,573,143,4,449,4449,1,3,1,10,1,0,"MG TECH - POLÍTICAS DE CIÊNCIA, TECNOLOGIA E INOVAÇÃO",APOIO À GESTÃO DE PROJETOS DE INOVAÇÃO TECNOLÓGICA,838474,838474,838474,838474
2024,1220,SECRETARIA DE ESTADO DE DESENVOLVIMENTO ECONÔMICO - SEDE,1221,SECRETARIA DE ESTADO DE DESENVOLVIMENTO ECONÔMICO - SEDE,19,573,143,4,449,4449,1,3,3,10,1,0,"MG TECH - POLÍTICAS DE CIÊNCIA, TECNOLOGIA E INOVAÇÃO",APOIO À GESTÃO DE PROJETOS DE INOVAÇÃO TECNOLÓGICA,481405,481405,481405,481405
2024,1220,SECRETARIA DE ESTADO DE DESENVOLVIMENTO ECONÔMICO - SEDE,1221,SECRETARIA DE ESTADO DE DESENVOLVIMENTO ECONÔMICO - SEDE,19,573,143,4,449,4449,1,3,3,10,7,0,"MG TECH - POLÍTICAS DE CIÊNCIA, TECNOLOGIA E INOVAÇÃO",APOIO À GESTÃO DE PROJETOS DE INOVAÇÃO TECNOLÓGICA,130844,130844,130844,130844
2024,1220,SECRETARIA DE ESTADO DE DESENVOLVIMENTO ECONÔMICO - SEDE,1221,SECRETARIA DE ESTADO DE DESENVOLVIMENTO ECONÔMICO - SEDE,22,661,132,1,72,1072,1,3,1,10,1,0,MINAS EMPREENDEDORA: ESTADO MAIS SIMPLES E LIVRE PARA SE EMPREENDER,DESENVOLVIMENTO DOS ARRANJOS PRODUTIVOS LOCAIS,439084,439084,439084,439084
2024,1220,SECRETARIA DE ESTADO DE DESENVOLVIMENTO ECONÔMICO - SEDE,1221,SECRETARIA DE ESTADO DE DESENVOLVIMENTO ECONÔMICO - SEDE,22,661,132,1,72,1072,1,3,3,10,7,0,MINAS EMPREENDEDORA: ESTADO MAIS SIMPLES E LIVRE PARA SE EMPREENDER,DESENVOLVIMENTO DOS ARRANJOS PRODUTIVOS LOCAIS,76592,76592,76592,76592
2024,1220,SECRETARIA DE ESTADO DE DESENVOLVIMENTO ECONÔMICO - SEDE,1221,SECRETARIA DE ESTADO DE DESENVOLVIMENTO ECONÔMICO - SEDE,22,661,132,1,72,1072,1,3,3,32,1,0,MINAS EMPREENDEDORA: ESTADO MAIS SIMPLES E LIVRE PARA SE EMPREENDER,DESENVOLVIMENTO DOS ARRANJOS PRODUTIVOS LOCAIS,336954,336954,336954,336954
2024,1220,SECRETARIA DE ESTADO DE DESENVOLVIMENTO ECONÔMICO - SEDE,1221,SECRETARIA DE ESTADO DE DESENVOLVIMENTO ECONÔMICO - SEDE,22,661,133,1,81,1081,1,3,3,10,1,1,MINAS GERAÇÃO DE VALOR,INVISTA EM MINAS - PROMOÇÃO DE INVESTIMENTOS,1000,1000,1000,1000
2024,1220,SECRETARIA DE ESTADO DE DESENVOLVIMENTO ECONÔMICO - SEDE,1221,SECRETARIA DE ESTADO DE DESENVOLVIMENTO ECONÔMICO - SEDE,22,663,133,1,77,1077,1,3,1,10,1,0,MINAS GERAÇÃO DE VALOR,GESTÃO DA POLÍTICA MINERÁRIA,1192562,1192562,1192562,1192562
2024,1220,SECRETARIA DE ESTADO DE DESENVOLVIMENTO ECONÔMICO - SEDE,1221,SECRETARIA DE ESTADO DE DESENVOLVIMENTO ECONÔMICO - SEDE,22,663,133,1,77,1077,1,3,3,10,1,0,MINAS GERAÇÃO DE VALOR,GESTÃO DA POLÍTICA MINERÁRIA,617791,617791,617791,617791
2024,1220,SECRETARIA DE ESTADO DE DESENVOLVIMENTO ECONÔMICO - SEDE,1221,SECRETARIA DE ESTADO DE DESENVOLVIMENTO ECONÔMICO - SEDE,22,663,133,1,77,1077,1,3,3,10,7,0,MINAS GERAÇÃO DE VALOR,GESTÃO DA POLÍTICA MINERÁRIA,85102,85102,85102,85102
2024,1220,SECRETARIA DE ESTADO DE DESENVOLVIMENTO ECONÔMICO - SEDE,1221,SECRETARIA DE ESTADO DE DESENVOLVIMENTO ECONÔMICO - SEDE,22,663,133,1,77,1077,1,3,3,32,1,0,MINAS GERAÇÃO DE VALOR,GESTÃO DA POLÍTICA MINERÁRIA,44016,44016,44016,44016
2024,1220,SECRETARIA DE ESTADO DE DESENVOLVIMENTO ECONÔMICO - SEDE,1221,SECRETARIA DE ESTADO DE DESENVOLVIMENTO ECONÔMICO - SEDE,22,663,133,1,77,1077,1,3,3,95,1,0,MINAS GERAÇÃO DE VALOR,GESTÃO DA POLÍTICA MINERÁRIA,1100000,0,0,0
2024,1220,SECRETARIA DE ESTADO DE DESENVOLVIMENTO ECONÔMICO - SEDE,1221,SECRETARIA DE ESTADO DE DESENVOLVIMENTO ECONÔMICO - SEDE,23,691,132,1,73,1073,1,3,1,10,1,0,MINAS EMPREENDEDORA: ESTADO MAIS SIMPLES E LIVRE PARA SE EMPREENDER,FOMENTO AOS PEQUENOS NEGÓCIOS,579948,579948,579948,579948
2024,1220,SECRETARIA DE ESTADO DE DESENVOLVIMENTO ECONÔMICO - SEDE,1221,SECRETARIA DE ESTADO DE DESENVOLVIMENTO ECONÔMICO - SEDE,23,691,132,1,73,1073,1,3,3,10,7,0,MINAS EMPREENDEDORA: ESTADO MAIS SIMPLES E LIVRE PARA SE EMPREENDER,FOMENTO AOS PEQUENOS NEGÓCIOS,79783,79783,79783,79783
2024,1220,SECRETARIA DE ESTADO DE DESENVOLVIMENTO ECONÔMICO - SEDE,1221,SECRETARIA DE ESTADO DE DESENVOLVIMENTO ECONÔMICO - SEDE,23,691,132,1,73,1073,1,3,3,32,1,0,MINAS EMPREENDEDORA: ESTADO MAIS SIMPLES E LIVRE PARA SE EMPREENDER,FOMENTO AOS PEQUENOS NEGÓCIOS,361600,558310,764541,980753
2024,1220,SECRETARIA DE ESTADO DE DESENVOLVIMENTO ECONÔMICO - SEDE,1221,SECRETARIA DE ESTADO DE DESENVOLVIMENTO ECONÔMICO - SEDE,23,691,132,4,474,4474,1,3,1,10,1,0,MINAS EMPREENDEDORA: ESTADO MAIS SIMPLES E LIVRE PARA SE EMPREENDER,ARTESANATO EMPREENDEDOR,462580,462580,462580,462580
2024,1220,SECRETARIA DE ESTADO DE DESENVOLVIMENTO ECONÔMICO - SEDE,1221,SECRETARIA DE ESTADO DE DESENVOLVIMENTO ECONÔMICO - SEDE,23,691,132,4,474,4474,1,3,3,10,7,0,MINAS EMPREENDEDORA: ESTADO MAIS SIMPLES E LIVRE PARA SE EMPREENDER,ARTESANATO EMPREENDEDOR,95740,95740,95740,95740
2024,1220,SECRETARIA DE ESTADO DE DESENVOLVIMENTO ECONÔMICO - SEDE,1221,SECRETARIA DE ESTADO DE DESENVOLVIMENTO ECONÔMICO - SEDE,23,691,132,4,474,4474,1,3,3,32,1,0,MINAS EMPREENDEDORA: ESTADO MAIS SIMPLES E LIVRE PARA SE EMPREENDER,ARTESANATO EMPREENDEDOR,654026,654026,654026,654026
2024,1220,SECRETARIA DE ESTADO DE DESENVOLVIMENTO ECONÔMICO - SEDE,1221,SECRETARIA DE ESTADO DE DESENVOLVIMENTO ECONÔMICO - SEDE,23,691,133,1,78,1078,1,3,1,10,1,0,MINAS GERAÇÃO DE VALOR,LOGÍSTICA E MOBILIDADE DO FUTURO,215833,215833,215833,215833
2024,1220,SECRETARIA DE ESTADO DE DESENVOLVIMENTO ECONÔMICO - SEDE,1221,SECRETARIA DE ESTADO DE DESENVOLVIMENTO ECONÔMICO - SEDE,23,691,133,1,78,1078,1,3,3,10,7,0,MINAS GERAÇÃO DE VALOR,LOGÍSTICA E MOBILIDADE DO FUTURO,55307,55307,55307,55307
2024,1220,SECRETARIA DE ESTADO DE DESENVOLVIMENTO ECONÔMICO - SEDE,1221,SECRETARIA DE ESTADO DE DESENVOLVIMENTO ECONÔMICO - SEDE,23,691,133,1,78,1078,1,3,3,32,1,0,MINAS GERAÇÃO DE VALOR,LOGÍSTICA E MOBILIDADE DO FUTURO,43016,43016,43016,43016
2024,1220,SECRETARIA DE ESTADO DE DESENVOLVIMENTO ECONÔMICO - SEDE,1221,SECRETARIA DE ESTADO DE DESENVOLVIMENTO ECONÔMICO - SEDE,23,691,133,1,91,1091,1,3,1,10,1,0,MINAS GERAÇÃO DE VALOR,INTEGRAÇÃO DAS CADEIAS PRODUTIVAS,263328,263328,263328,263328
2024,1220,SECRETARIA DE ESTADO DE DESENVOLVIMENTO ECONÔMICO - SEDE,1221,SECRETARIA DE ESTADO DE DESENVOLVIMENTO ECONÔMICO - SEDE,23,691,133,1,91,1091,1,3,3,10,1,0,MINAS GERAÇÃO DE VALOR,INTEGRAÇÃO DAS CADEIAS PRODUTIVAS,72806,72806,72806,72806
2024,1220,SECRETARIA DE ESTADO DE DESENVOLVIMENTO ECONÔMICO - SEDE,1221,SECRETARIA DE ESTADO DE DESENVOLVIMENTO ECONÔMICO - SEDE,23,691,133,1,91,1091,1,3,3,10,7,0,MINAS GERAÇÃO DE VALOR,INTEGRAÇÃO DAS CADEIAS PRODUTIVAS,90421,90421,90421,90421
2024,1220,SECRETARIA DE ESTADO DE DESENVOLVIMENTO ECONÔMICO - SEDE,1221,SECRETARIA DE ESTADO DE DESENVOLVIMENTO ECONÔMICO - SEDE,23,691,133,1,91,1091,1,3,3,32,1,0,MINAS GERAÇÃO DE VALOR,INTEGRAÇÃO DAS CADEIAS PRODUTIVAS,223001,223001,223001,223001
2024,1220,SECRETARIA DE ESTADO DE DESENVOLVIMENTO ECONÔMICO - SEDE,1221,SECRETARIA DE ESTADO DE DESENVOLVIMENTO ECONÔMICO - SEDE,23,693,133,1,79,1079,1,3,1,10,1,0,MINAS GERAÇÃO DE VALOR,PROMOÇÃO DO COMÉRCIO EXTERIOR MINEIRO,353131,353131,353131,353131
2024,1220,SECRETARIA DE ESTADO DE DESENVOLVIMENTO ECONÔMICO - SEDE,1221,SECRETARIA DE ESTADO DE DESENVOLVIMENTO ECONÔMICO - SEDE,23,693,133,1,79,1079,1,3,3,10,7,0,MINAS GERAÇÃO DE VALOR,PROMOÇÃO DO COMÉRCIO EXTERIOR MINEIRO,104250,104250,104250,104250
2024,1220,SECRETARIA DE ESTADO DE DESENVOLVIMENTO ECONÔMICO - SEDE,1221,SECRETARIA DE ESTADO DE DESENVOLVIMENTO ECONÔMICO - SEDE,23,693,133,1,79,1079,1,3,3,32,1,0,MINAS GERAÇÃO DE VALOR,PROMOÇÃO DO COMÉRCIO EXTERIOR MINEIRO,312169,312169,312169,312169
2024,1220,SECRETARIA DE ESTADO DE DESENVOLVIMENTO ECONÔMICO - SEDE,1221,SECRETARIA DE ESTADO DE DESENVOLVIMENTO ECONÔMICO - SEDE,25,753,133,1,76,1076,1,3,1,10,1,0,MINAS GERAÇÃO DE VALOR,REGULAÇÃO DO GÁS NATURAL E DERIVADOS,53132,53132,53132,53132
2024,1220,SECRETARIA DE ESTADO DE DESENVOLVIMENTO ECONÔMICO - SEDE,1221,SECRETARIA DE ESTADO DE DESENVOLVIMENTO ECONÔMICO - SEDE,25,753,133,1,76,1076,1,3,3,10,7,0,MINAS GERAÇÃO DE VALOR,REGULAÇÃO DO GÁS NATURAL E DERIVADOS,31914,31914,31914,31914
2024,1220,SECRETARIA DE ESTADO DE DESENVOLVIMENTO ECONÔMICO - SEDE,1221,SECRETARIA DE ESTADO DE DESENVOLVIMENTO ECONÔMICO - SEDE,25,753,133,1,76,1076,1,3,3,32,1,0,MINAS GERAÇÃO DE VALOR,REGULAÇÃO DO GÁS NATURAL E DERIVADOS,2049313,2049313,2049313,2049313
2024,1220,SECRETARIA DE ESTADO DE DESENVOLVIMENTO ECONÔMICO - SEDE,1221,SECRETARIA DE ESTADO DE DESENVOLVIMENTO ECONÔMICO - SEDE,25,754,133,1,75,1075,1,3,1,10,1,0,MINAS GERAÇÃO DE VALOR,FONTES RENOVÁVEIS DE ENERGIA,707771,707771,707771,707771
2024,1220,SECRETARIA DE ESTADO DE DESENVOLVIMENTO ECONÔMICO - SEDE,1221,SECRETARIA DE ESTADO DE DESENVOLVIMENTO ECONÔMICO - SEDE,25,754,133,1,75,1075,1,3,3,10,7,0,MINAS GERAÇÃO DE VALOR,FONTES RENOVÁVEIS DE ENERGIA,51061,51061,51061,51061
2024,1220,SECRETARIA DE ESTADO DE DESENVOLVIMENTO ECONÔMICO - SEDE,1221,SECRETARIA DE ESTADO DE DESENVOLVIMENTO ECONÔMICO - SEDE,25,754,133,1,75,1075,1,3,3,32,1,0,MINAS GERAÇÃO DE VALOR,FONTES RENOVÁVEIS DE ENERGIA,40158,40158,40158,40158
2024,1220,SECRETARIA DE ESTADO DE DESENVOLVIMENTO ECONÔMICO - SEDE,2041,LOTERIA DO ESTADO DE MINAS GERAIS - LEMG,4,122,705,2,500,2500,1,3,1,60,1,0,APOIO ÀS POLÍTICAS PÚBLICAS,ASSESSORAMENTO E GERENCIAMENTO DE POLÍTICAS PÚBLICAS,751504,769908,788763,808080
2024,1220,SECRETARIA DE ESTADO DE DESENVOLVIMENTO ECONÔMICO - SEDE,2041,LOTERIA DO ESTADO DE MINAS GERAIS - LEMG,4,122,705,2,500,2500,1,3,3,60,1,0,APOIO ÀS POLÍTICAS PÚBLICAS,ASSESSORAMENTO E GERENCIAMENTO DE POLÍTICAS PÚBLICAS,258640,271160,284285,298044
2024,1220,SECRETARIA DE ESTADO DE DESENVOLVIMENTO ECONÔMICO - SEDE,2041,LOTERIA DO ESTADO DE MINAS GERAIS - LEMG,4,122,705,2,500,2500,1,3,3,60,7,0,APOIO ÀS POLÍTICAS PÚBLICAS,ASSESSORAMENTO E GERENCIAMENTO DE POLÍTICAS PÚBLICAS,117751,120635,123590,126617
2024,1220,SECRETARIA DE ESTADO DE DESENVOLVIMENTO ECONÔMICO - SEDE,2041,LOTERIA DO ESTADO DE MINAS GERAIS - LEMG,4,122,705,2,500,2500,1,4,4,60,1,0,APOIO ÀS POLÍTICAS PÚBLICAS,ASSESSORAMENTO E GERENCIAMENTO DE POLÍTICAS PÚBLICAS,12040,12040,12040,12040
2024,1220,SECRETARIA DE ESTADO DE DESENVOLVIMENTO ECONÔMICO - SEDE,2041,LOTERIA DO ESTADO DE MINAS GERAIS - LEMG,23,692,126,4,340,4340,1,3,1,60,1,0,EXPLORAÇÃO DE JOGOS LOTÉRICOS E SIMILARES,OPERACIONALIZAÇÃO DE JOGOS,1212599,1242294,1272717,1303885
2024,1220,SECRETARIA DE ESTADO DE DESENVOLVIMENTO ECONÔMICO - SEDE,2041,LOTERIA DO ESTADO DE MINAS GERAIS - LEMG,23,692,126,4,340,4340,1,3,3,60,1,0,EXPLORAÇÃO DE JOGOS LOTÉRICOS E SIMILARES,OPERACIONALIZAÇÃO DE JOGOS,3273620,3432061,3598172,3772324
2024,1220,SECRETARIA DE ESTADO DE DESENVOLVIMENTO ECONÔMICO - SEDE,2041,LOTERIA DO ESTADO DE MINAS GERAIS - LEMG,23,692,126,4,340,4340,1,3,3,60,7,0,EXPLORAÇÃO DE JOGOS LOTÉRICOS E SIMILARES,OPERACIONALIZAÇÃO DE JOGOS,286662,293682,300874,308242
2024,1220,SECRETARIA DE ESTADO DE DESENVOLVIMENTO ECONÔMICO - SEDE,2041,LOTERIA DO ESTADO DE MINAS GERAIS - LEMG,28,846,705,7,4,7004,1,3,3,60,9,0,APOIO ÀS POLÍTICAS PÚBLICAS,PRECATÓRIOS E SENTENÇAS JUDICIÁRIAS,245710,1000,1000,1000
2024,1220,SECRETARIA DE ESTADO DE DESENVOLVIMENTO ECONÔMICO - SEDE,2071,FUNDAÇÃO DE AMPARO À PESQUISA DO ESTADO DE MINAS GERAIS - FAPEMIG,19,122,705,2,500,2500,1,3,1,10,1,0,APOIO ÀS POLÍTICAS PÚBLICAS,ASSESSORAMENTO E GERENCIAMENTO DE POLÍTICAS PÚBLICAS,3445921,3530308,3616762,3705333
2024,1220,SECRETARIA DE ESTADO DE DESENVOLVIMENTO ECONÔMICO - SEDE,2071,FUNDAÇÃO DE AMPARO À PESQUISA DO ESTADO DE MINAS GERAIS - FAPEMIG,19,122,705,2,500,2500,1,3,3,10,1,0,APOIO ÀS POLÍTICAS PÚBLICAS,ASSESSORAMENTO E GERENCIAMENTO DE POLÍTICAS PÚBLICAS,21997316,23061987,24178186,25348411
2024,1220,SECRETARIA DE ESTADO DE DESENVOLVIMENTO ECONÔMICO - SEDE,2071,FUNDAÇÃO DE AMPARO À PESQUISA DO ESTADO DE MINAS GERAIS - FAPEMIG,19,122,705,2,500,2500,1,3,3,10,7,0,APOIO ÀS POLÍTICAS PÚBLICAS,ASSESSORAMENTO E GERENCIAMENTO DE POLÍTICAS PÚBLICAS,561870,575630,589728,604170
2024,1220,SECRETARIA DE ESTADO DE DESENVOLVIMENTO ECONÔMICO - SEDE,2071,FUNDAÇÃO DE AMPARO À PESQUISA DO ESTADO DE MINAS GERAIS - FAPEMIG,19,122,705,2,500,2500,1,3,3,47,1,0,APOIO ÀS POLÍTICAS PÚBLICAS,ASSESSORAMENTO E GERENCIAMENTO DE POLÍTICAS PÚBLICAS,1000,0,0,0
2024,1220,SECRETARIA DE ESTADO DE DESENVOLVIMENTO ECONÔMICO - SEDE,2071,FUNDAÇÃO DE AMPARO À PESQUISA DO ESTADO DE MINAS GERAIS - FAPEMIG,19,122,705,2,500,2500,1,4,4,10,1,0,APOIO ÀS POLÍTICAS PÚBLICAS,ASSESSORAMENTO E GERENCIAMENTO DE POLÍTICAS PÚBLICAS,7377024,7377024,7377024,7377024
2024,1220,SECRETARIA DE ESTADO DE DESENVOLVIMENTO ECONÔMICO - SEDE,2071,FUNDAÇÃO DE AMPARO À PESQUISA DO ESTADO DE MINAS GERAIS - FAPEMIG,19,571,22,4,48,4048,1,3,1,10,1,0,"CONSTRUINDO O FUTURO POR MEIO DA CIÊNCIA, DA TECNOLOGIA E DA INOVAÇÃO","FORMAÇÃO, CAPACITAÇÃO, ATRAÇÃO E FIXAÇÃO DE PESSOAS PARA ATUAÇÃO EM CIÊNCIA, TECNOLOGIA E INOVAÇÃO",2270022,2325613,2382565,2440912
2024,1220,SECRETARIA DE ESTADO DE DESENVOLVIMENTO ECONÔMICO - SEDE,2071,FUNDAÇÃO DE AMPARO À PESQUISA DO ESTADO DE MINAS GERAIS - FAPEMIG,19,571,22,4,48,4048,1,3,3,10,1,0,"CONSTRUINDO O FUTURO POR MEIO DA CIÊNCIA, DA TECNOLOGIA E DA INOVAÇÃO","FORMAÇÃO, CAPACITAÇÃO, ATRAÇÃO E FIXAÇÃO DE PESSOAS PARA ATUAÇÃO EM CIÊNCIA, TECNOLOGIA E INOVAÇÃO",138730765,145445334,152484888,159865157
2024,1220,SECRETARIA DE ESTADO DE DESENVOLVIMENTO ECONÔMICO - SEDE,2071,FUNDAÇÃO DE AMPARO À PESQUISA DO ESTADO DE MINAS GERAIS - FAPEMIG,19,571,22,4,48,4048,1,3,3,10,7,0,"CONSTRUINDO O FUTURO POR MEIO DA CIÊNCIA, DA TECNOLOGIA E DA INOVAÇÃO","FORMAÇÃO, CAPACITAÇÃO, ATRAÇÃO E FIXAÇÃO DE PESSOAS PARA ATUAÇÃO EM CIÊNCIA, TECNOLOGIA E INOVAÇÃO",355851,364566,373494,382641
2024,1220,SECRETARIA DE ESTADO DE DESENVOLVIMENTO ECONÔMICO - SEDE,2071,FUNDAÇÃO DE AMPARO À PESQUISA DO ESTADO DE MINAS GERAIS - FAPEMIG,19,571,22,4,48,4048,1,4,4,10,1,0,"CONSTRUINDO O FUTURO POR MEIO DA CIÊNCIA, DA TECNOLOGIA E DA INOVAÇÃO","FORMAÇÃO, CAPACITAÇÃO, ATRAÇÃO E FIXAÇÃO DE PESSOAS PARA ATUAÇÃO EM CIÊNCIA, TECNOLOGIA E INOVAÇÃO",7000000,7000000,7000000,7000000
2024,1220,SECRETARIA DE ESTADO DE DESENVOLVIMENTO ECONÔMICO - SEDE,2071,FUNDAÇÃO DE AMPARO À PESQUISA DO ESTADO DE MINAS GERAIS - FAPEMIG,19,571,22,4,387,4387,1,3,1,10,1,0,"CONSTRUINDO O FUTURO POR MEIO DA CIÊNCIA, DA TECNOLOGIA E DA INOVAÇÃO",FOMENTO À INOVAÇÃO DE BASE CIENTÍFICA OU TECNOLÓGICA,1210628,1240275,1270648,1301765
2024,1220,SECRETARIA DE ESTADO DE DESENVOLVIMENTO ECONÔMICO - SEDE,2071,FUNDAÇÃO DE AMPARO À PESQUISA DO ESTADO DE MINAS GERAIS - FAPEMIG,19,571,22,4,387,4387,1,3,3,10,1,0,"CONSTRUINDO O FUTURO POR MEIO DA CIÊNCIA, DA TECNOLOGIA E DA INOVAÇÃO",FOMENTO À INOVAÇÃO DE BASE CIENTÍFICA OU TECNOLÓGICA,38047066,39888544,41819150,43843196
2024,1220,SECRETARIA DE ESTADO DE DESENVOLVIMENTO ECONÔMICO - SEDE,2071,FUNDAÇÃO DE AMPARO À PESQUISA DO ESTADO DE MINAS GERAIS - FAPEMIG,19,571,22,4,387,4387,1,3,3,10,3,0,"CONSTRUINDO O FUTURO POR MEIO DA CIÊNCIA, DA TECNOLOGIA E DA INOVAÇÃO",FOMENTO À INOVAÇÃO DE BASE CIENTÍFICA OU TECNOLÓGICA,350013,0,0,0
2024,1220,SECRETARIA DE ESTADO DE DESENVOLVIMENTO ECONÔMICO - SEDE,2071,FUNDAÇÃO DE AMPARO À PESQUISA DO ESTADO DE MINAS GERAIS - FAPEMIG,19,571,22,4,387,4387,1,3,3,10,7,0,"CONSTRUINDO O FUTURO POR MEIO DA CIÊNCIA, DA TECNOLOGIA E DA INOVAÇÃO",FOMENTO À INOVAÇÃO DE BASE CIENTÍFICA OU TECNOLÓGICA,224748,230252,235891,241668
2024,1220,SECRETARIA DE ESTADO DE DESENVOLVIMENTO ECONÔMICO - SEDE,2071,FUNDAÇÃO DE AMPARO À PESQUISA DO ESTADO DE MINAS GERAIS - FAPEMIG,19,571,22,4,387,4387,1,3,3,24,1,0,"CONSTRUINDO O FUTURO POR MEIO DA CIÊNCIA, DA TECNOLOGIA E DA INOVAÇÃO",FOMENTO À INOVAÇÃO DE BASE CIENTÍFICA OU TECNOLÓGICA,1025015,0,0,0
2024,1220,SECRETARIA DE ESTADO DE DESENVOLVIMENTO ECONÔMICO - SEDE,2071,FUNDAÇÃO DE AMPARO À PESQUISA DO ESTADO DE MINAS GERAIS - FAPEMIG,19,571,22,4,387,4387,1,4,4,10,1,0,"CONSTRUINDO O FUTURO POR MEIO DA CIÊNCIA, DA TECNOLOGIA E DA INOVAÇÃO",FOMENTO À INOVAÇÃO DE BASE CIENTÍFICA OU TECNOLÓGICA,25000000,25000000,25000000,25000000
2024,1220,SECRETARIA DE ESTADO DE DESENVOLVIMENTO ECONÔMICO - SEDE,2071,FUNDAÇÃO DE AMPARO À PESQUISA DO ESTADO DE MINAS GERAIS - FAPEMIG,19,571,22,4,387,4387,1,4,5,10,1,0,"CONSTRUINDO O FUTURO POR MEIO DA CIÊNCIA, DA TECNOLOGIA E DA INOVAÇÃO",FOMENTO À INOVAÇÃO DE BASE CIENTÍFICA OU TECNOLÓGICA,1200000,1200000,1200000,1200000
2024,1220,SECRETARIA DE ESTADO DE DESENVOLVIMENTO ECONÔMICO - SEDE,2071,FUNDAÇÃO DE AMPARO À PESQUISA DO ESTADO DE MINAS GERAIS - FAPEMIG,19,571,22,4,513,4513,1,3,1,10,1,0,"CONSTRUINDO O FUTURO POR MEIO DA CIÊNCIA, DA TECNOLOGIA E DA INOVAÇÃO",FOMENTO À PESQUISA CIENTÍFICA BÁSICA E APLICADA E AO DESENVOLVIMENTO TECNOLÓGICO,2475009,2535619,2597714,2661330
2024,1220,SECRETARIA DE ESTADO DE DESENVOLVIMENTO ECONÔMICO - SEDE,2071,FUNDAÇÃO DE AMPARO À PESQUISA DO ESTADO DE MINAS GERAIS - FAPEMIG,19,571,22,4,513,4513,1,3,3,10,1,0,"CONSTRUINDO O FUTURO POR MEIO DA CIÊNCIA, DA TECNOLOGIA E DA INOVAÇÃO",FOMENTO À PESQUISA CIENTÍFICA BÁSICA E APLICADA E AO DESENVOLVIMENTO TECNOLÓGICO,118237252,123959935,129959596,136249640
2024,1220,SECRETARIA DE ESTADO DE DESENVOLVIMENTO ECONÔMICO - SEDE,2071,FUNDAÇÃO DE AMPARO À PESQUISA DO ESTADO DE MINAS GERAIS - FAPEMIG,19,571,22,4,513,4513,1,3,3,10,3,0,"CONSTRUINDO O FUTURO POR MEIO DA CIÊNCIA, DA TECNOLOGIA E DA INOVAÇÃO",FOMENTO À PESQUISA CIENTÍFICA BÁSICA E APLICADA E AO DESENVOLVIMENTO TECNOLÓGICO,6000000,0,0,0
2024,1220,SECRETARIA DE ESTADO DE DESENVOLVIMENTO ECONÔMICO - SEDE,2071,FUNDAÇÃO DE AMPARO À PESQUISA DO ESTADO DE MINAS GERAIS - FAPEMIG,19,571,22,4,513,4513,1,3,3,10,7,0,"CONSTRUINDO O FUTURO POR MEIO DA CIÊNCIA, DA TECNOLOGIA E DA INOVAÇÃO",FOMENTO À PESQUISA CIENTÍFICA BÁSICA E APLICADA E AO DESENVOLVIMENTO TECNOLÓGICO,282496,289414,296502,303764
2024,1220,SECRETARIA DE ESTADO DE DESENVOLVIMENTO ECONÔMICO - SEDE,2071,FUNDAÇÃO DE AMPARO À PESQUISA DO ESTADO DE MINAS GERAIS - FAPEMIG,19,571,22,4,513,4513,1,3,3,24,1,0,"CONSTRUINDO O FUTURO POR MEIO DA CIÊNCIA, DA TECNOLOGIA E DA INOVAÇÃO",FOMENTO À PESQUISA CIENTÍFICA BÁSICA E APLICADA E AO DESENVOLVIMENTO TECNOLÓGICO,8000000,0,0,0
2024,1220,SECRETARIA DE ESTADO DE DESENVOLVIMENTO ECONÔMICO - SEDE,2071,FUNDAÇÃO DE AMPARO À PESQUISA DO ESTADO DE MINAS GERAIS - FAPEMIG,19,571,22,4,513,4513,1,3,3,68,1,0,"CONSTRUINDO O FUTURO POR MEIO DA CIÊNCIA, DA TECNOLOGIA E DA INOVAÇÃO",FOMENTO À PESQUISA CIENTÍFICA BÁSICA E APLICADA E AO DESENVOLVIMENTO TECNOLÓGICO,4495357,0,0,0
2024,1220,SECRETARIA DE ESTADO DE DESENVOLVIMENTO ECONÔMICO - SEDE,2071,FUNDAÇÃO DE AMPARO À PESQUISA DO ESTADO DE MINAS GERAIS - FAPEMIG,19,571,22,4,513,4513,1,3,3,69,1,0,"CONSTRUINDO O FUTURO POR MEIO DA CIÊNCIA, DA TECNOLOGIA E DA INOVAÇÃO",FOMENTO À PESQUISA CIENTÍFICA BÁSICA E APLICADA E AO DESENVOLVIMENTO TECNOLÓGICO,1800000,0,0,0
2024,1220,SECRETARIA DE ESTADO DE DESENVOLVIMENTO ECONÔMICO - SEDE,2071,FUNDAÇÃO DE AMPARO À PESQUISA DO ESTADO DE MINAS GERAIS - FAPEMIG,19,571,22,4,513,4513,1,4,4,10,1,0,"CONSTRUINDO O FUTURO POR MEIO DA CIÊNCIA, DA TECNOLOGIA E DA INOVAÇÃO",FOMENTO À PESQUISA CIENTÍFICA BÁSICA E APLICADA E AO DESENVOLVIMENTO TECNOLÓGICO,55800000,55800000,55800000,55800000
2024,1220,SECRETARIA DE ESTADO DE DESENVOLVIMENTO ECONÔMICO - SEDE,2071,FUNDAÇÃO DE AMPARO À PESQUISA DO ESTADO DE MINAS GERAIS - FAPEMIG,19,571,22,4,513,4513,1,4,4,24,1,0,"CONSTRUINDO O FUTURO POR MEIO DA CIÊNCIA, DA TECNOLOGIA E DA INOVAÇÃO",FOMENTO À PESQUISA CIENTÍFICA BÁSICA E APLICADA E AO DESENVOLVIMENTO TECNOLÓGICO,2500000,0,0,0
2024,1220,SECRETARIA DE ESTADO DE DESENVOLVIMENTO ECONÔMICO - SEDE,2071,FUNDAÇÃO DE AMPARO À PESQUISA DO ESTADO DE MINAS GERAIS - FAPEMIG,19,571,22,4,513,4513,1,4,4,68,1,0,"CONSTRUINDO O FUTURO POR MEIO DA CIÊNCIA, DA TECNOLOGIA E DA INOVAÇÃO",FOMENTO À PESQUISA CIENTÍFICA BÁSICA E APLICADA E AO DESENVOLVIMENTO TECNOLÓGICO,2603713,0,0,0
2024,1220,SECRETARIA DE ESTADO DE DESENVOLVIMENTO ECONÔMICO - SEDE,2071,FUNDAÇÃO DE AMPARO À PESQUISA DO ESTADO DE MINAS GERAIS - FAPEMIG,19,572,22,4,389,4389,1,3,1,10,1,0,"CONSTRUINDO O FUTURO POR MEIO DA CIÊNCIA, DA TECNOLOGIA E DA INOVAÇÃO","FOMENTO A ESTRUTURAS PARA PESQUISA, DESENVOLVIMENTO E INOVAÇÃO",430052,440584,451373,462427
2024,1220,SECRETARIA DE ESTADO DE DESENVOLVIMENTO ECONÔMICO - SEDE,2071,FUNDAÇÃO DE AMPARO À PESQUISA DO ESTADO DE MINAS GERAIS - FAPEMIG,19,572,22,4,389,4389,1,3,3,10,1,0,"CONSTRUINDO O FUTURO POR MEIO DA CIÊNCIA, DA TECNOLOGIA E DA INOVAÇÃO","FOMENTO A ESTRUTURAS PARA PESQUISA, DESENVOLVIMENTO E INOVAÇÃO",39349572,41254091,43250789,45344128
2024,1220,SECRETARIA DE ESTADO DE DESENVOLVIMENTO ECONÔMICO - SEDE,2071,FUNDAÇÃO DE AMPARO À PESQUISA DO ESTADO DE MINAS GERAIS - FAPEMIG,19,572,22,4,389,4389,1,3,3,10,7,0,"CONSTRUINDO O FUTURO POR MEIO DA CIÊNCIA, DA TECNOLOGIA E DA INOVAÇÃO","FOMENTO A ESTRUTURAS PARA PESQUISA, DESENVOLVIMENTO E INOVAÇÃO",74916,76751,78630,80556
2024,1220,SECRETARIA DE ESTADO DE DESENVOLVIMENTO ECONÔMICO - SEDE,2071,FUNDAÇÃO DE AMPARO À PESQUISA DO ESTADO DE MINAS GERAIS - FAPEMIG,19,572,22,4,389,4389,1,4,4,10,1,0,"CONSTRUINDO O FUTURO POR MEIO DA CIÊNCIA, DA TECNOLOGIA E DA INOVAÇÃO","FOMENTO A ESTRUTURAS PARA PESQUISA, DESENVOLVIMENTO E INOVAÇÃO",17000000,17000000,17000000,17000000
2024,1220,SECRETARIA DE ESTADO DE DESENVOLVIMENTO ECONÔMICO - SEDE,2071,FUNDAÇÃO DE AMPARO À PESQUISA DO ESTADO DE MINAS GERAIS - FAPEMIG,19,573,22,4,362,4362,1,3,1,10,1,0,"CONSTRUINDO O FUTURO POR MEIO DA CIÊNCIA, DA TECNOLOGIA E DA INOVAÇÃO",COMUNICAÇÃO CIENTÍFICA,505254,517627,530303,543290
2024,1220,SECRETARIA DE ESTADO DE DESENVOLVIMENTO ECONÔMICO - SEDE,2071,FUNDAÇÃO DE AMPARO À PESQUISA DO ESTADO DE MINAS GERAIS - FAPEMIG,19,573,22,4,362,4362,1,3,3,10,1,0,"CONSTRUINDO O FUTURO POR MEIO DA CIÊNCIA, DA TECNOLOGIA E DA INOVAÇÃO",COMUNICAÇÃO CIENTÍFICA,26590857,27877854,29227143,30641736
2024,1220,SECRETARIA DE ESTADO DE DESENVOLVIMENTO ECONÔMICO - SEDE,2071,FUNDAÇÃO DE AMPARO À PESQUISA DO ESTADO DE MINAS GERAIS - FAPEMIG,19,573,22,4,362,4362,1,3,3,10,7,0,"CONSTRUINDO O FUTURO POR MEIO DA CIÊNCIA, DA TECNOLOGIA E DA INOVAÇÃO",COMUNICAÇÃO CIENTÍFICA,112374,115126,117946,120834
2024,1220,SECRETARIA DE ESTADO DE DESENVOLVIMENTO ECONÔMICO - SEDE,2071,FUNDAÇÃO DE AMPARO À PESQUISA DO ESTADO DE MINAS GERAIS - FAPEMIG,19,573,22,4,362,4362,1,4,4,10,1,0,"CONSTRUINDO O FUTURO POR MEIO DA CIÊNCIA, DA TECNOLOGIA E DA INOVAÇÃO",COMUNICAÇÃO CIENTÍFICA,10000000,10000000,10000000,10000000
2024,1220,SECRETARIA DE ESTADO DE DESENVOLVIMENTO ECONÔMICO - SEDE,2071,FUNDAÇÃO DE AMPARO À PESQUISA DO ESTADO DE MINAS GERAIS - FAPEMIG,28,846,705,7,4,7004,1,3,1,60,9,0,APOIO ÀS POLÍTICAS PÚBLICAS,PRECATÓRIOS E SENTENÇAS JUDICIÁRIAS,37346,1000,1000,1000
2024,1220,SECRETARIA DE ESTADO DE DESENVOLVIMENTO ECONÔMICO - SEDE,2251,JUNTA COMERCIAL DO ESTADO DE MINAS GERAIS - JUCEMG,4,122,705,2,500,2500,1,3,1,60,1,0,APOIO ÀS POLÍTICAS PÚBLICAS,ASSESSORAMENTO E GERENCIAMENTO DE POLÍTICAS PÚBLICAS,2407724,2466686,2527092,2588977
2024,1220,SECRETARIA DE ESTADO DE DESENVOLVIMENTO ECONÔMICO - SEDE,2251,JUNTA COMERCIAL DO ESTADO DE MINAS GERAIS - JUCEMG,4,122,705,2,500,2500,1,3,3,60,1,0,APOIO ÀS POLÍTICAS PÚBLICAS,ASSESSORAMENTO E GERENCIAMENTO DE POLÍTICAS PÚBLICAS,1308119,1371432,1437809,1507399
2024,1220,SECRETARIA DE ESTADO DE DESENVOLVIMENTO ECONÔMICO - SEDE,2251,JUNTA COMERCIAL DO ESTADO DE MINAS GERAIS - JUCEMG,4,122,705,2,500,2500,1,3,3,60,7,0,APOIO ÀS POLÍTICAS PÚBLICAS,ASSESSORAMENTO E GERENCIAMENTO DE POLÍTICAS PÚBLICAS,360662,369495,378543,387813
2024,1220,SECRETARIA DE ESTADO DE DESENVOLVIMENTO ECONÔMICO - SEDE,2251,JUNTA COMERCIAL DO ESTADO DE MINAS GERAIS - JUCEMG,23,122,29,4,52,4052,1,3,1,60,1,0,REGISTRO PÚBLICO DE EMPRESAS MERCANTIS E ATIVIDADES AFINS,REDESIM MG,363568,372472,381594,390939
2024,1220,SECRETARIA DE ESTADO DE DESENVOLVIMENTO ECONÔMICO - SEDE,2251,JUNTA COMERCIAL DO ESTADO DE MINAS GERAIS - JUCEMG,23,122,29,4,52,4052,1,3,3,60,1,0,REGISTRO PÚBLICO DE EMPRESAS MERCANTIS E ATIVIDADES AFINS,REDESIM MG,165490,173500,181898,190701
2024,1220,SECRETARIA DE ESTADO DE DESENVOLVIMENTO ECONÔMICO - SEDE,2251,JUNTA COMERCIAL DO ESTADO DE MINAS GERAIS - JUCEMG,23,122,29,4,52,4052,1,3,3,60,7,0,REGISTRO PÚBLICO DE EMPRESAS MERCANTIS E ATIVIDADES AFINS,REDESIM MG,190229,194888,199660,204550
2024,1220,SECRETARIA DE ESTADO DE DESENVOLVIMENTO ECONÔMICO - SEDE,2251,JUNTA COMERCIAL DO ESTADO DE MINAS GERAIS - JUCEMG,23,125,29,4,51,4051,1,3,1,60,1,0,REGISTRO PÚBLICO DE EMPRESAS MERCANTIS E ATIVIDADES AFINS,REGISTRO EMPRESARIAL,13682066,14017119,14360377,14712041
2024,1220,SECRETARIA DE ESTADO DE DESENVOLVIMENTO ECONÔMICO - SEDE,2251,JUNTA COMERCIAL DO ESTADO DE MINAS GERAIS - JUCEMG,23,125,29,4,51,4051,1,3,3,60,1,0,REGISTRO PÚBLICO DE EMPRESAS MERCANTIS E ATIVIDADES AFINS,REGISTRO EMPRESARIAL,6476218,6789667,7118287,7462813
2024,1220,SECRETARIA DE ESTADO DE DESENVOLVIMENTO ECONÔMICO - SEDE,2251,JUNTA COMERCIAL DO ESTADO DE MINAS GERAIS - JUCEMG,23,125,29,4,51,4051,1,3,3,60,7,0,REGISTRO PÚBLICO DE EMPRESAS MERCANTIS E ATIVIDADES AFINS,REGISTRO EMPRESARIAL,4479405,4589098,4701480,4816613
2024,1220,SECRETARIA DE ESTADO DE DESENVOLVIMENTO ECONÔMICO - SEDE,2251,JUNTA COMERCIAL DO ESTADO DE MINAS GERAIS - JUCEMG,23,125,29,4,51,4051,1,4,4,60,1,0,REGISTRO PÚBLICO DE EMPRESAS MERCANTIS E ATIVIDADES AFINS,REGISTRO EMPRESARIAL,3978576,3978576,3978576,3978576
2024,1220,SECRETARIA DE ESTADO DE DESENVOLVIMENTO ECONÔMICO - SEDE,2251,JUNTA COMERCIAL DO ESTADO DE MINAS GERAIS - JUCEMG,28,846,705,7,4,7004,1,3,1,60,9,0,APOIO ÀS POLÍTICAS PÚBLICAS,PRECATÓRIOS E SENTENÇAS JUDICIÁRIAS,870632,1000,1000,1000
2024,1220,SECRETARIA DE ESTADO DE DESENVOLVIMENTO ECONÔMICO - SEDE,2251,JUNTA COMERCIAL DO ESTADO DE MINAS GERAIS - JUCEMG,28,846,705,7,4,7004,1,3,3,60,9,0,APOIO ÀS POLÍTICAS PÚBLICAS,PRECATÓRIOS E SENTENÇAS JUDICIÁRIAS,34364,1000,1000,1000
2024,1220,SECRETARIA DE ESTADO DE DESENVOLVIMENTO ECONÔMICO - SEDE,4111,FUNDO DE FOMENTO E DESENVOLVIMENTO SOCIOECONÔMICO DO ESTADO DE MINAS GERAIS - FUNDESE,23,691,24,4,41,4041,1,4,5,60,1,0,DESENVOLVIMENTO SOCIOECONÔMICO,FUNDESE GERAMINAS,1000,1000,1000,1000
2024,1220,SECRETARIA DE ESTADO DE DESENVOLVIMENTO ECONÔMICO - SEDE,4111,FUNDO DE FOMENTO E DESENVOLVIMENTO SOCIOECONÔMICO DO ESTADO DE MINAS GERAIS - FUNDESE,23,691,24,4,42,4042,1,4,5,60,1,0,DESENVOLVIMENTO SOCIOECONÔMICO,FUNDESE EMPRESA MINEIRA COMPETITIVA,1000,1000,1000,1000
2024,1220,SECRETARIA DE ESTADO DE DESENVOLVIMENTO ECONÔMICO - SEDE,4111,FUNDO DE FOMENTO E DESENVOLVIMENTO SOCIOECONÔMICO DO ESTADO DE MINAS GERAIS - FUNDESE,23,691,24,4,43,4043,1,4,5,60,1,0,DESENVOLVIMENTO SOCIOECONÔMICO,FUNDESE BASE TECNOLOGICA,1000,1000,1000,1000
2024,1220,SECRETARIA DE ESTADO DE DESENVOLVIMENTO ECONÔMICO - SEDE,4661,FUNDO DE ATIVOS IMOBILIÁRIOS DE MINAS GERAIS - FAIMG,4,129,125,4,541,4541,1,3,3,10,1,0,GESTAO DE IMOVEIS E REGULARIZAÇÃO FUNDIARIA,ATIVOS IMOBILIÁRIOS DE MINAS GERAIS - FAIMG,1000,1000,1000,1000
2024,1220,SECRETARIA DE ESTADO DE DESENVOLVIMENTO ECONÔMICO - SEDE,4671,FUNDO DE INVESTIMENTOS IMOBILIÁRIOS DE MINAS GERAIS - FIIMG,4,129,125,4,549,4549,1,3,3,10,1,0,GESTAO DE IMOVEIS E REGULARIZAÇÃO FUNDIARIA,FUNDO DE INVESTIMENTOS IMOBILIÁRIOS DE MINAS GERAIS - FIIMG,1000,1000,1000,1000
2024,1230,"SECRETARIA DE ESTADO DE AGRICULTURA, PECUÁRIA E ABASTECIMENTO - SEAPA",1231,"SECRETARIA DE ESTADO DE AGRICULTURA, PECUÁRIA E ABASTECIMENTO - SEAPA - SEAPA",4,122,705,2,500,2500,1,3,1,10,1,0,APOIO ÀS POLÍTICAS PÚBLICAS,ASSESSORAMENTO E GERENCIAMENTO DE POLÍTICAS PÚBLICAS,16302428,16604515,16909302,17216624
2024,1230,"SECRETARIA DE ESTADO DE AGRICULTURA, PECUÁRIA E ABASTECIMENTO - SEAPA",1231,"SECRETARIA DE ESTADO DE AGRICULTURA, PECUÁRIA E ABASTECIMENTO - SEAPA - SEAPA",4,122,705,2,500,2500,1,3,3,10,1,0,APOIO ÀS POLÍTICAS PÚBLICAS,ASSESSORAMENTO E GERENCIAMENTO DE POLÍTICAS PÚBLICAS,6687020,7005947,7340307,7690850
2024,1230,"SECRETARIA DE ESTADO DE AGRICULTURA, PECUÁRIA E ABASTECIMENTO - SEAPA",1231,"SECRETARIA DE ESTADO DE AGRICULTURA, PECUÁRIA E ABASTECIMENTO - SEAPA - SEAPA",4,122,705,2,500,2500,1,3,3,10,7,0,APOIO ÀS POLÍTICAS PÚBLICAS,ASSESSORAMENTO E GERENCIAMENTO DE POLÍTICAS PÚBLICAS,2699078,2739112,2778864,2818269
2024,1230,"SECRETARIA DE ESTADO DE AGRICULTURA, PECUÁRIA E ABASTECIMENTO - SEAPA",1231,"SECRETARIA DE ESTADO DE AGRICULTURA, PECUÁRIA E ABASTECIMENTO - SEAPA - SEAPA",20,127,114,4,419,4419,1,3,3,10,1,0,INFRAESTRUTURA RURAL E AGRICULTURA SUSTENTÁVEL,ESTRADAS E INFRAESTRUTURA RURAL,473153,496054,520063,545234
2024,1230,"SECRETARIA DE ESTADO DE AGRICULTURA, PECUÁRIA E ABASTECIMENTO - SEAPA",1231,"SECRETARIA DE ESTADO DE AGRICULTURA, PECUÁRIA E ABASTECIMENTO - SEAPA - SEAPA",20,127,114,4,419,4419,1,4,4,15,1,0,INFRAESTRUTURA RURAL E AGRICULTURA SUSTENTÁVEL,ESTRADAS E INFRAESTRUTURA RURAL,20000000,0,0,0
2024,1230,"SECRETARIA DE ESTADO DE AGRICULTURA, PECUÁRIA E ABASTECIMENTO - SEAPA",1231,"SECRETARIA DE ESTADO DE AGRICULTURA, PECUÁRIA E ABASTECIMENTO - SEAPA - SEAPA",20,331,113,4,400,4400,1,3,3,10,1,0,GARANTIA DE CONTINUIDADE DA PRODUÇÃO AGROPECUÁRIA,MINAS + SEGURO,100000,104840,109914,115234
2024,1230,"SECRETARIA DE ESTADO DE AGRICULTURA, PECUÁRIA E ABASTECIMENTO - SEAPA",1231,"SECRETARIA DE ESTADO DE AGRICULTURA, PECUÁRIA E ABASTECIMENTO - SEAPA - SEAPA",20,544,114,4,393,4393,1,3,1,10,1,0,INFRAESTRUTURA RURAL E AGRICULTURA SUSTENTÁVEL,GESTÃO DE BARRAGENS,362825,380386,398796,418098
2024,1230,"SECRETARIA DE ESTADO DE AGRICULTURA, PECUÁRIA E ABASTECIMENTO - SEAPA",1231,"SECRETARIA DE ESTADO DE AGRICULTURA, PECUÁRIA E ABASTECIMENTO - SEAPA - SEAPA",20,544,114,4,393,4393,1,3,3,10,1,0,INFRAESTRUTURA RURAL E AGRICULTURA SUSTENTÁVEL,GESTÃO DE BARRAGENS,6524252,6844752,7180764,7533039
2024,1230,"SECRETARIA DE ESTADO DE AGRICULTURA, PECUÁRIA E ABASTECIMENTO - SEAPA",1231,"SECRETARIA DE ESTADO DE AGRICULTURA, PECUÁRIA E ABASTECIMENTO - SEAPA - SEAPA",20,544,114,4,393,4393,1,3,3,10,7,0,INFRAESTRUTURA RURAL E AGRICULTURA SUSTENTÁVEL,GESTÃO DE BARRAGENS,76898,80620,84522,88613
2024,1230,"SECRETARIA DE ESTADO DE AGRICULTURA, PECUÁRIA E ABASTECIMENTO - SEAPA",1231,"SECRETARIA DE ESTADO DE AGRICULTURA, PECUÁRIA E ABASTECIMENTO - SEAPA - SEAPA",20,544,114,4,393,4393,1,4,4,10,1,0,INFRAESTRUTURA RURAL E AGRICULTURA SUSTENTÁVEL,GESTÃO DE BARRAGENS,97650,97650,97650,97650
2024,1230,"SECRETARIA DE ESTADO DE AGRICULTURA, PECUÁRIA E ABASTECIMENTO - SEAPA",1231,"SECRETARIA DE ESTADO DE AGRICULTURA, PECUÁRIA E ABASTECIMENTO - SEAPA - SEAPA",20,544,114,4,394,4394,1,3,1,10,1,0,INFRAESTRUTURA RURAL E AGRICULTURA SUSTENTÁVEL,PROJETO JAÍBA,939903,985395,1033087,1083089
2024,1230,"SECRETARIA DE ESTADO DE AGRICULTURA, PECUÁRIA E ABASTECIMENTO - SEAPA",1231,"SECRETARIA DE ESTADO DE AGRICULTURA, PECUÁRIA E ABASTECIMENTO - SEAPA - SEAPA",20,544,114,4,394,4394,1,3,3,10,1,0,INFRAESTRUTURA RURAL E AGRICULTURA SUSTENTÁVEL,PROJETO JAÍBA,29097,30505,31982,33530
2024,1230,"SECRETARIA DE ESTADO DE AGRICULTURA, PECUÁRIA E ABASTECIMENTO - SEAPA",1231,"SECRETARIA DE ESTADO DE AGRICULTURA, PECUÁRIA E ABASTECIMENTO - SEAPA - SEAPA",20,544,114,4,394,4394,1,3,3,10,7,0,INFRAESTRUTURA RURAL E AGRICULTURA SUSTENTÁVEL,PROJETO JAÍBA,239510,251102,263256,275997
2024,1230,"SECRETARIA DE ESTADO DE AGRICULTURA, PECUÁRIA E ABASTECIMENTO - SEAPA",1231,"SECRETARIA DE ESTADO DE AGRICULTURA, PECUÁRIA E ABASTECIMENTO - SEAPA - SEAPA",20,607,114,4,398,4398,1,3,1,10,1,0,INFRAESTRUTURA RURAL E AGRICULTURA SUSTENTÁVEL,IRRIGA MINAS ¿ AGRICULTURA IRRIGADA SUSTENTÁVEL,261158,273799,287050,300943
2024,1230,"SECRETARIA DE ESTADO DE AGRICULTURA, PECUÁRIA E ABASTECIMENTO - SEAPA",1231,"SECRETARIA DE ESTADO DE AGRICULTURA, PECUÁRIA E ABASTECIMENTO - SEAPA - SEAPA",20,607,114,4,398,4398,1,3,3,10,1,0,INFRAESTRUTURA RURAL E AGRICULTURA SUSTENTÁVEL,IRRIGA MINAS ¿ AGRICULTURA IRRIGADA SUSTENTÁVEL,9780,10253,10750,11270
2024,1230,"SECRETARIA DE ESTADO DE AGRICULTURA, PECUÁRIA E ABASTECIMENTO - SEAPA",1231,"SECRETARIA DE ESTADO DE AGRICULTURA, PECUÁRIA E ABASTECIMENTO - SEAPA - SEAPA",20,607,114,4,398,4398,1,3,3,10,7,0,INFRAESTRUTURA RURAL E AGRICULTURA SUSTENTÁVEL,IRRIGA MINAS ¿ AGRICULTURA IRRIGADA SUSTENTÁVEL,52873,55432,58115,60928
2024,1230,"SECRETARIA DE ESTADO DE AGRICULTURA, PECUÁRIA E ABASTECIMENTO - SEAPA",1231,"SECRETARIA DE ESTADO DE AGRICULTURA, PECUÁRIA E ABASTECIMENTO - SEAPA - SEAPA",20,607,114,4,398,4398,1,3,3,24,1,0,INFRAESTRUTURA RURAL E AGRICULTURA SUSTENTÁVEL,IRRIGA MINAS ¿ AGRICULTURA IRRIGADA SUSTENTÁVEL,1586778,0,0,0
2024,1230,"SECRETARIA DE ESTADO DE AGRICULTURA, PECUÁRIA E ABASTECIMENTO - SEAPA",1231,"SECRETARIA DE ESTADO DE AGRICULTURA, PECUÁRIA E ABASTECIMENTO - SEAPA - SEAPA",20,608,108,4,357,4357,1,3,3,10,1,0,ACESSO A MERCADOS,AGROEXPORTA ¿ PROMOÇÃO DO AGRONEGÓCIO MINEIRO PARA A EXPORTAÇÃO.,98124,102873,107852,113073
2024,1230,"SECRETARIA DE ESTADO DE AGRICULTURA, PECUÁRIA E ABASTECIMENTO - SEAPA",1231,"SECRETARIA DE ESTADO DE AGRICULTURA, PECUÁRIA E ABASTECIMENTO - SEAPA - SEAPA",20,608,108,4,358,4358,1,3,1,10,1,0,ACESSO A MERCADOS,CIRCUITOS DE COMERCIALIZAÇÃO,147168,154290,161758,169587
2024,1230,"SECRETARIA DE ESTADO DE AGRICULTURA, PECUÁRIA E ABASTECIMENTO - SEAPA",1231,"SECRETARIA DE ESTADO DE AGRICULTURA, PECUÁRIA E ABASTECIMENTO - SEAPA - SEAPA",20,608,108,4,358,4358,1,3,3,10,1,0,ACESSO A MERCADOS,CIRCUITOS DE COMERCIALIZAÇÃO,92064,96520,101191,106089
2024,1230,"SECRETARIA DE ESTADO DE AGRICULTURA, PECUÁRIA E ABASTECIMENTO - SEAPA",1231,"SECRETARIA DE ESTADO DE AGRICULTURA, PECUÁRIA E ABASTECIMENTO - SEAPA - SEAPA",20,608,108,4,358,4358,1,3,3,10,7,0,ACESSO A MERCADOS,CIRCUITOS DE COMERCIALIZAÇÃO,39081,40973,42956,45035
2024,1230,"SECRETARIA DE ESTADO DE AGRICULTURA, PECUÁRIA E ABASTECIMENTO - SEAPA",1231,"SECRETARIA DE ESTADO DE AGRICULTURA, PECUÁRIA E ABASTECIMENTO - SEAPA - SEAPA",20,608,108,4,359,4359,1,3,1,10,1,0,ACESSO A MERCADOS,COOPERAF,217603,228135,239177,250753
2024,1230,"SECRETARIA DE ESTADO DE AGRICULTURA, PECUÁRIA E ABASTECIMENTO - SEAPA",1231,"SECRETARIA DE ESTADO DE AGRICULTURA, PECUÁRIA E ABASTECIMENTO - SEAPA - SEAPA",20,608,108,4,359,4359,1,3,3,10,1,0,ACESSO A MERCADOS,COOPERAF,3000,3145,3297,3457
2024,1230,"SECRETARIA DE ESTADO DE AGRICULTURA, PECUÁRIA E ABASTECIMENTO - SEAPA",1231,"SECRETARIA DE ESTADO DE AGRICULTURA, PECUÁRIA E ABASTECIMENTO - SEAPA - SEAPA",20,608,108,4,359,4359,1,3,3,10,7,0,ACESSO A MERCADOS,COOPERAF,82243,86224,90397,94772
2024,1230,"SECRETARIA DE ESTADO DE AGRICULTURA, PECUÁRIA E ABASTECIMENTO - SEAPA",1231,"SECRETARIA DE ESTADO DE AGRICULTURA, PECUÁRIA E ABASTECIMENTO - SEAPA - SEAPA",20,608,108,4,361,4361,1,3,1,10,1,0,ACESSO A MERCADOS,MERCADOS INSTITUCIONAIS,170484,178736,187387,196456
2024,1230,"SECRETARIA DE ESTADO DE AGRICULTURA, PECUÁRIA E ABASTECIMENTO - SEAPA",1231,"SECRETARIA DE ESTADO DE AGRICULTURA, PECUÁRIA E ABASTECIMENTO - SEAPA - SEAPA",20,608,108,4,361,4361,1,3,3,10,1,0,ACESSO A MERCADOS,MERCADOS INSTITUCIONAIS,116907,122565,128497,134717
2024,1230,"SECRETARIA DE ESTADO DE AGRICULTURA, PECUÁRIA E ABASTECIMENTO - SEAPA",1231,"SECRETARIA DE ESTADO DE AGRICULTURA, PECUÁRIA E ABASTECIMENTO - SEAPA - SEAPA",20,608,108,4,361,4361,1,3,3,10,7,0,ACESSO A MERCADOS,MERCADOS INSTITUCIONAIS,42595,44657,46818,49084
2024,1230,"SECRETARIA DE ESTADO DE AGRICULTURA, PECUÁRIA E ABASTECIMENTO - SEAPA",1231,"SECRETARIA DE ESTADO DE AGRICULTURA, PECUÁRIA E ABASTECIMENTO - SEAPA - SEAPA",20,608,111,1,53,1053,1,3,3,10,1,0,DESENVOLVIMENTO DAS CADEIAS PRODUTIVAS DA AGROPECUÁRIA,AGROEXTRATIVISMO,5000,5242,5496,5762
2024,1230,"SECRETARIA DE ESTADO DE AGRICULTURA, PECUÁRIA E ABASTECIMENTO - SEAPA",1231,"SECRETARIA DE ESTADO DE AGRICULTURA, PECUÁRIA E ABASTECIMENTO - SEAPA - SEAPA",20,608,111,1,53,1053,1,3,3,59,1,0,DESENVOLVIMENTO DAS CADEIAS PRODUTIVAS DA AGROPECUÁRIA,AGROEXTRATIVISMO,3500000,3669400,3846999,4033194
2024,1230,"SECRETARIA DE ESTADO DE AGRICULTURA, PECUÁRIA E ABASTECIMENTO - SEAPA",1231,"SECRETARIA DE ESTADO DE AGRICULTURA, PECUÁRIA E ABASTECIMENTO - SEAPA - SEAPA",20,608,111,4,383,4383,1,3,1,10,1,0,DESENVOLVIMENTO DAS CADEIAS PRODUTIVAS DA AGROPECUÁRIA,APOIO ÀS CADEIAS PRODUTIVAS DA AGROPECUÁRIA,215372,225797,236725,248182
2024,1230,"SECRETARIA DE ESTADO DE AGRICULTURA, PECUÁRIA E ABASTECIMENTO - SEAPA",1231,"SECRETARIA DE ESTADO DE AGRICULTURA, PECUÁRIA E ABASTECIMENTO - SEAPA - SEAPA",20,608,111,4,383,4383,1,3,3,1,1,0,DESENVOLVIMENTO DAS CADEIAS PRODUTIVAS DA AGROPECUÁRIA,APOIO ÀS CADEIAS PRODUTIVAS DA AGROPECUÁRIA,1500,0,0,0
2024,1230,"SECRETARIA DE ESTADO DE AGRICULTURA, PECUÁRIA E ABASTECIMENTO - SEAPA",1231,"SECRETARIA DE ESTADO DE AGRICULTURA, PECUÁRIA E ABASTECIMENTO - SEAPA - SEAPA",20,608,111,4,383,4383,1,3,3,10,1,0,DESENVOLVIMENTO DAS CADEIAS PRODUTIVAS DA AGROPECUÁRIA,APOIO ÀS CADEIAS PRODUTIVAS DA AGROPECUÁRIA,113764,119270,125043,131095
2024,1230,"SECRETARIA DE ESTADO DE AGRICULTURA, PECUÁRIA E ABASTECIMENTO - SEAPA",1231,"SECRETARIA DE ESTADO DE AGRICULTURA, PECUÁRIA E ABASTECIMENTO - SEAPA - SEAPA",20,608,111,4,383,4383,1,3,3,10,7,0,DESENVOLVIMENTO DAS CADEIAS PRODUTIVAS DA AGROPECUÁRIA,APOIO ÀS CADEIAS PRODUTIVAS DA AGROPECUÁRIA,60359,63280,66343,69554
2024,1230,"SECRETARIA DE ESTADO DE AGRICULTURA, PECUÁRIA E ABASTECIMENTO - SEAPA",1231,"SECRETARIA DE ESTADO DE AGRICULTURA, PECUÁRIA E ABASTECIMENTO - SEAPA - SEAPA",20,608,111,4,383,4383,1,3,3,24,1,0,DESENVOLVIMENTO DAS CADEIAS PRODUTIVAS DA AGROPECUÁRIA,APOIO ÀS CADEIAS PRODUTIVAS DA AGROPECUÁRIA,1577925,0,0,0
2024,1230,"SECRETARIA DE ESTADO DE AGRICULTURA, PECUÁRIA E ABASTECIMENTO - SEAPA",1231,"SECRETARIA DE ESTADO DE AGRICULTURA, PECUÁRIA E ABASTECIMENTO - SEAPA - SEAPA",20,608,111,4,384,4384,1,3,1,10,1,0,DESENVOLVIMENTO DAS CADEIAS PRODUTIVAS DA AGROPECUÁRIA,FORTALECIMENTO E DESENVOLVIMENTO FLORESTAL,303871,318578,333998,350164
2024,1230,"SECRETARIA DE ESTADO DE AGRICULTURA, PECUÁRIA E ABASTECIMENTO - SEAPA",1231,"SECRETARIA DE ESTADO DE AGRICULTURA, PECUÁRIA E ABASTECIMENTO - SEAPA - SEAPA",20,608,111,4,384,4384,1,3,3,10,1,0,DESENVOLVIMENTO DAS CADEIAS PRODUTIVAS DA AGROPECUÁRIA,FORTALECIMENTO E DESENVOLVIMENTO FLORESTAL,98111,102860,107838,113057
2024,1230,"SECRETARIA DE ESTADO DE AGRICULTURA, PECUÁRIA E ABASTECIMENTO - SEAPA",1231,"SECRETARIA DE ESTADO DE AGRICULTURA, PECUÁRIA E ABASTECIMENTO - SEAPA - SEAPA",20,608,111,4,384,4384,1,3,3,10,7,0,DESENVOLVIMENTO DAS CADEIAS PRODUTIVAS DA AGROPECUÁRIA,FORTALECIMENTO E DESENVOLVIMENTO FLORESTAL,76219,79908,83776,87830
2024,1230,"SECRETARIA DE ESTADO DE AGRICULTURA, PECUÁRIA E ABASTECIMENTO - SEAPA",1231,"SECRETARIA DE ESTADO DE AGRICULTURA, PECUÁRIA E ABASTECIMENTO - SEAPA - SEAPA",20,608,111,4,420,4420,1,3,3,10,1,0,DESENVOLVIMENTO DAS CADEIAS PRODUTIVAS DA AGROPECUÁRIA,MECANIZAÇÃO NO CAMPO,5000,5242,5496,5762
2024,1230,"SECRETARIA DE ESTADO DE AGRICULTURA, PECUÁRIA E ABASTECIMENTO - SEAPA",1231,"SECRETARIA DE ESTADO DE AGRICULTURA, PECUÁRIA E ABASTECIMENTO - SEAPA - SEAPA",20,608,111,4,420,4420,1,4,4,15,1,0,DESENVOLVIMENTO DAS CADEIAS PRODUTIVAS DA AGROPECUÁRIA,MECANIZAÇÃO NO CAMPO,30000000,0,0,0
2024,1230,"SECRETARIA DE ESTADO DE AGRICULTURA, PECUÁRIA E ABASTECIMENTO - SEAPA",1231,"SECRETARIA DE ESTADO DE AGRICULTURA, PECUÁRIA E ABASTECIMENTO - SEAPA - SEAPA",20,608,111,4,420,4420,1,4,4,24,1,0,DESENVOLVIMENTO DAS CADEIAS PRODUTIVAS DA AGROPECUÁRIA,MECANIZAÇÃO NO CAMPO,11703111,0,0,0
2024,1230,"SECRETARIA DE ESTADO DE AGRICULTURA, PECUÁRIA E ABASTECIMENTO - SEAPA",1231,"SECRETARIA DE ESTADO DE AGRICULTURA, PECUÁRIA E ABASTECIMENTO - SEAPA - SEAPA",20,608,112,4,397,4397,1,3,3,10,1,0,CERTIFICAÇÕES E HABILITAÇÕES DE PRODUTOS AGROPECUÁRIOS E AGROINDUSTRIAIS,CERTIFICA MINAS,5000,5242,5496,5762
2024,1230,"SECRETARIA DE ESTADO DE AGRICULTURA, PECUÁRIA E ABASTECIMENTO - SEAPA",1231,"SECRETARIA DE ESTADO DE AGRICULTURA, PECUÁRIA E ABASTECIMENTO - SEAPA - SEAPA",20,608,112,4,403,4403,1,3,1,10,1,0,CERTIFICAÇÕES E HABILITAÇÕES DE PRODUTOS AGROPECUÁRIOS E AGROINDUSTRIAIS,PLANO QUEIJO MINAS LEGAL,400290,419664,439976,461270
2024,1230,"SECRETARIA DE ESTADO DE AGRICULTURA, PECUÁRIA E ABASTECIMENTO - SEAPA",1231,"SECRETARIA DE ESTADO DE AGRICULTURA, PECUÁRIA E ABASTECIMENTO - SEAPA - SEAPA",20,608,112,4,403,4403,1,3,3,10,1,0,CERTIFICAÇÕES E HABILITAÇÕES DE PRODUTOS AGROPECUÁRIOS E AGROINDUSTRIAIS,PLANO QUEIJO MINAS LEGAL,40000,41936,43966,46094
2024,1230,"SECRETARIA DE ESTADO DE AGRICULTURA, PECUÁRIA E ABASTECIMENTO - SEAPA",1231,"SECRETARIA DE ESTADO DE AGRICULTURA, PECUÁRIA E ABASTECIMENTO - SEAPA - SEAPA",20,608,112,4,403,4403,1,3,3,10,7,0,CERTIFICAÇÕES E HABILITAÇÕES DE PRODUTOS AGROPECUÁRIOS E AGROINDUSTRIAIS,PLANO QUEIJO MINAS LEGAL,83649,87698,91942,96392
2024,1230,"SECRETARIA DE ESTADO DE AGRICULTURA, PECUÁRIA E ABASTECIMENTO - SEAPA",1231,"SECRETARIA DE ESTADO DE AGRICULTURA, PECUÁRIA E ABASTECIMENTO - SEAPA - SEAPA",20,608,112,4,406,4406,1,3,3,10,1,0,CERTIFICAÇÕES E HABILITAÇÕES DE PRODUTOS AGROPECUÁRIOS E AGROINDUSTRIAIS,PROMOÇÃO DA CACHAÇA DE ALAMBIQUE,7500,7863,8244,8643
2024,1230,"SECRETARIA DE ESTADO DE AGRICULTURA, PECUÁRIA E ABASTECIMENTO - SEAPA",1231,"SECRETARIA DE ESTADO DE AGRICULTURA, PECUÁRIA E ABASTECIMENTO - SEAPA - SEAPA",20,608,112,4,407,4407,1,3,3,10,1,0,CERTIFICAÇÕES E HABILITAÇÕES DE PRODUTOS AGROPECUÁRIOS E AGROINDUSTRIAIS,DIGA SIM AO SERVIÇO DE INSPEÇÃO MUNICIPAL - SIM,7500,7863,8244,8643
2024,1230,"SECRETARIA DE ESTADO DE AGRICULTURA, PECUÁRIA E ABASTECIMENTO - SEAPA",1231,"SECRETARIA DE ESTADO DE AGRICULTURA, PECUÁRIA E ABASTECIMENTO - SEAPA - SEAPA",20,608,112,4,408,4408,1,3,3,10,1,0,CERTIFICAÇÕES E HABILITAÇÕES DE PRODUTOS AGROPECUÁRIOS E AGROINDUSTRIAIS,MINAS + VERDE,76291,79983,83855,87913
2024,1230,"SECRETARIA DE ESTADO DE AGRICULTURA, PECUÁRIA E ABASTECIMENTO - SEAPA",1231,"SECRETARIA DE ESTADO DE AGRICULTURA, PECUÁRIA E ABASTECIMENTO - SEAPA - SEAPA",20,608,113,4,399,4399,1,3,3,10,1,0,GARANTIA DE CONTINUIDADE DA PRODUÇÃO AGROPECUÁRIA,GARANTIA SAFRA,5779493,6059220,6352487,6659947
2024,1230,"SECRETARIA DE ESTADO DE AGRICULTURA, PECUÁRIA E ABASTECIMENTO - SEAPA",1231,"SECRETARIA DE ESTADO DE AGRICULTURA, PECUÁRIA E ABASTECIMENTO - SEAPA - SEAPA",20,608,114,4,396,4396,1,3,3,10,1,0,INFRAESTRUTURA RURAL E AGRICULTURA SUSTENTÁVEL,RECUPERAÇÃO INTEGRADA DA CAPACIDADE PRODUTIVA DAS BACIAS,74608,78219,82005,85974
2024,1230,"SECRETARIA DE ESTADO DE AGRICULTURA, PECUÁRIA E ABASTECIMENTO - SEAPA",1231,"SECRETARIA DE ESTADO DE AGRICULTURA, PECUÁRIA E ABASTECIMENTO - SEAPA - SEAPA",20,608,114,4,396,4396,1,3,3,24,1,0,INFRAESTRUTURA RURAL E AGRICULTURA SUSTENTÁVEL,RECUPERAÇÃO INTEGRADA DA CAPACIDADE PRODUTIVA DAS BACIAS,2672728,0,0,0
2024,1230,"SECRETARIA DE ESTADO DE AGRICULTURA, PECUÁRIA E ABASTECIMENTO - SEAPA",1231,"SECRETARIA DE ESTADO DE AGRICULTURA, PECUÁRIA E ABASTECIMENTO - SEAPA - SEAPA",20,608,116,4,386,4386,1,3,1,10,1,0,INOVA AGRO GERAIS,AGRODADOS,463094,485508,509006,533642
2024,1230,"SECRETARIA DE ESTADO DE AGRICULTURA, PECUÁRIA E ABASTECIMENTO - SEAPA",1231,"SECRETARIA DE ESTADO DE AGRICULTURA, PECUÁRIA E ABASTECIMENTO - SEAPA - SEAPA",20,608,116,4,386,4386,1,3,3,10,1,0,INOVA AGRO GERAIS,AGRODADOS,48035,50360,52797,55353
2024,1230,"SECRETARIA DE ESTADO DE AGRICULTURA, PECUÁRIA E ABASTECIMENTO - SEAPA",1231,"SECRETARIA DE ESTADO DE AGRICULTURA, PECUÁRIA E ABASTECIMENTO - SEAPA - SEAPA",20,608,116,4,386,4386,1,3,3,10,7,0,INOVA AGRO GERAIS,AGRODADOS,159655,167382,175484,183977
2024,1230,"SECRETARIA DE ESTADO DE AGRICULTURA, PECUÁRIA E ABASTECIMENTO - SEAPA",1231,"SECRETARIA DE ESTADO DE AGRICULTURA, PECUÁRIA E ABASTECIMENTO - SEAPA - SEAPA",20,608,116,4,391,4391,1,3,3,10,1,0,INOVA AGRO GERAIS,AGRITECH,92676,97162,101864,106794
2024,1230,"SECRETARIA DE ESTADO DE AGRICULTURA, PECUÁRIA E ABASTECIMENTO - SEAPA",1231,"SECRETARIA DE ESTADO DE AGRICULTURA, PECUÁRIA E ABASTECIMENTO - SEAPA - SEAPA",20,608,118,4,405,4405,1,3,1,10,1,0,EDUCAÇÃO E SUCESSÃO RURAL,APOIO AO JOVEM RURAL,581673,609826,639342,670285
2024,1230,"SECRETARIA DE ESTADO DE AGRICULTURA, PECUÁRIA E ABASTECIMENTO - SEAPA",1231,"SECRETARIA DE ESTADO DE AGRICULTURA, PECUÁRIA E ABASTECIMENTO - SEAPA - SEAPA",20,608,118,4,405,4405,1,3,3,10,1,0,EDUCAÇÃO E SUCESSÃO RURAL,APOIO AO JOVEM RURAL,10000,10484,10991,11523
2024,1230,"SECRETARIA DE ESTADO DE AGRICULTURA, PECUÁRIA E ABASTECIMENTO - SEAPA",1231,"SECRETARIA DE ESTADO DE AGRICULTURA, PECUÁRIA E ABASTECIMENTO - SEAPA - SEAPA",20,608,118,4,405,4405,1,3,3,10,7,0,EDUCAÇÃO E SUCESSÃO RURAL,APOIO AO JOVEM RURAL,177093,185664,194650,204072
2024,1230,"SECRETARIA DE ESTADO DE AGRICULTURA, PECUÁRIA E ABASTECIMENTO - SEAPA",1231,"SECRETARIA DE ESTADO DE AGRICULTURA, PECUÁRIA E ABASTECIMENTO - SEAPA - SEAPA",21,605,110,4,363,4363,1,3,1,10,1,1,REGULARIZAÇÃO FUNDIÁRIA - AMPLIAÇÃO DA SEGURANÇA JURÍDICA NO CAMPO,REGULARIZAÇÃO FUNDIÁRIA DE IMÓVEIS RURAIS,1624367,1664148,1704903,1746656
2024,1230,"SECRETARIA DE ESTADO DE AGRICULTURA, PECUÁRIA E ABASTECIMENTO - SEAPA",1231,"SECRETARIA DE ESTADO DE AGRICULTURA, PECUÁRIA E ABASTECIMENTO - SEAPA - SEAPA",21,605,110,4,363,4363,1,3,3,10,1,1,REGULARIZAÇÃO FUNDIÁRIA - AMPLIAÇÃO DA SEGURANÇA JURÍDICA NO CAMPO,REGULARIZAÇÃO FUNDIÁRIA DE IMÓVEIS RURAIS,7020865,7360675,7716932,8090432
2024,1230,"SECRETARIA DE ESTADO DE AGRICULTURA, PECUÁRIA E ABASTECIMENTO - SEAPA",1231,"SECRETARIA DE ESTADO DE AGRICULTURA, PECUÁRIA E ABASTECIMENTO - SEAPA - SEAPA",21,605,110,4,363,4363,1,3,3,10,7,1,REGULARIZAÇÃO FUNDIÁRIA - AMPLIAÇÃO DA SEGURANÇA JURÍDICA NO CAMPO,REGULARIZAÇÃO FUNDIÁRIA DE IMÓVEIS RURAIS,277840,284644,291615,298757
2024,1230,"SECRETARIA DE ESTADO DE AGRICULTURA, PECUÁRIA E ABASTECIMENTO - SEAPA",1231,"SECRETARIA DE ESTADO DE AGRICULTURA, PECUÁRIA E ABASTECIMENTO - SEAPA - SEAPA",21,605,110,4,363,4363,1,3,3,24,1,1,REGULARIZAÇÃO FUNDIÁRIA - AMPLIAÇÃO DA SEGURANÇA JURÍDICA NO CAMPO,REGULARIZAÇÃO FUNDIÁRIA DE IMÓVEIS RURAIS,3040500,0,0,0
2024,1230,"SECRETARIA DE ESTADO DE AGRICULTURA, PECUÁRIA E ABASTECIMENTO - SEAPA",2371,INSTITUTO MINEIRO DE AGROPECUÁRIA - IMA,4,122,705,2,500,2500,1,3,1,10,1,0,APOIO ÀS POLÍTICAS PÚBLICAS,ASSESSORAMENTO E GERENCIAMENTO DE POLÍTICAS PÚBLICAS,57333134,60633766,62011975,63416223
2024,1230,"SECRETARIA DE ESTADO DE AGRICULTURA, PECUÁRIA E ABASTECIMENTO - SEAPA",2371,INSTITUTO MINEIRO DE AGROPECUÁRIA - IMA,4,122,705,2,500,2500,1,3,1,60,1,0,APOIO ÀS POLÍTICAS PÚBLICAS,ASSESSORAMENTO E GERENCIAMENTO DE POLÍTICAS PÚBLICAS,1475019,1511142,1548147,1586058
2024,1230,"SECRETARIA DE ESTADO DE AGRICULTURA, PECUÁRIA E ABASTECIMENTO - SEAPA",2371,INSTITUTO MINEIRO DE AGROPECUÁRIA - IMA,4,122,705,2,500,2500,1,3,1,91,1,0,APOIO ÀS POLÍTICAS PÚBLICAS,ASSESSORAMENTO E GERENCIAMENTO DE POLÍTICAS PÚBLICAS,5118856,5244207,5372628,5504195
2024,1230,"SECRETARIA DE ESTADO DE AGRICULTURA, PECUÁRIA E ABASTECIMENTO - SEAPA",2371,INSTITUTO MINEIRO DE AGROPECUÁRIA - IMA,4,122,705,2,500,2500,1,3,3,10,7,0,APOIO ÀS POLÍTICAS PÚBLICAS,ASSESSORAMENTO E GERENCIAMENTO DE POLÍTICAS PÚBLICAS,8853095,9069896,9292005,9519552
2024,1230,"SECRETARIA DE ESTADO DE AGRICULTURA, PECUÁRIA E ABASTECIMENTO - SEAPA",2371,INSTITUTO MINEIRO DE AGROPECUÁRIA - IMA,4,122,705,2,500,2500,1,3,3,60,1,0,APOIO ÀS POLÍTICAS PÚBLICAS,ASSESSORAMENTO E GERENCIAMENTO DE POLÍTICAS PÚBLICAS,7413872,7772703,8148902,8543309
2024,1230,"SECRETARIA DE ESTADO DE AGRICULTURA, PECUÁRIA E ABASTECIMENTO - SEAPA",2371,INSTITUTO MINEIRO DE AGROPECUÁRIA - IMA,4,122,705,2,500,2500,1,3,3,91,1,0,APOIO ÀS POLÍTICAS PÚBLICAS,ASSESSORAMENTO E GERENCIAMENTO DE POLÍTICAS PÚBLICAS,4601900,4824633,5058144,5302958
2024,1230,"SECRETARIA DE ESTADO DE AGRICULTURA, PECUÁRIA E ABASTECIMENTO - SEAPA",2371,INSTITUTO MINEIRO DE AGROPECUÁRIA - IMA,4,122,705,2,500,2500,1,4,4,47,1,0,APOIO ÀS POLÍTICAS PÚBLICAS,ASSESSORAMENTO E GERENCIAMENTO DE POLÍTICAS PÚBLICAS,450000,0,0,0
2024,1230,"SECRETARIA DE ESTADO DE AGRICULTURA, PECUÁRIA E ABASTECIMENTO - SEAPA",2371,INSTITUTO MINEIRO DE AGROPECUÁRIA - IMA,4,122,705,2,500,2500,1,4,4,91,1,0,APOIO ÀS POLÍTICAS PÚBLICAS,ASSESSORAMENTO E GERENCIAMENTO DE POLÍTICAS PÚBLICAS,3057450,3057450,3057450,3057450
2024,1230,"SECRETARIA DE ESTADO DE AGRICULTURA, PECUÁRIA E ABASTECIMENTO - SEAPA",2371,INSTITUTO MINEIRO DE AGROPECUÁRIA - IMA,20,304,80,4,317,4317,1,3,1,10,1,0,SEGURANÇA DE ALIMENTOS,ANÁLISE LABORATORIAL,11025602,11047151,11291179,11540089
2024,1230,"SECRETARIA DE ESTADO DE AGRICULTURA, PECUÁRIA E ABASTECIMENTO - SEAPA",2371,INSTITUTO MINEIRO DE AGROPECUÁRIA - IMA,20,304,80,4,317,4317,1,3,1,60,1,0,SEGURANÇA DE ALIMENTOS,ANÁLISE LABORATORIAL,283658,290604,297720,305011
2024,1230,"SECRETARIA DE ESTADO DE AGRICULTURA, PECUÁRIA E ABASTECIMENTO - SEAPA",2371,INSTITUTO MINEIRO DE AGROPECUÁRIA - IMA,20,304,80,4,317,4317,1,3,1,91,1,0,SEGURANÇA DE ALIMENTOS,ANÁLISE LABORATORIAL,984395,1008501,1033198,1058499
2024,1230,"SECRETARIA DE ESTADO DE AGRICULTURA, PECUÁRIA E ABASTECIMENTO - SEAPA",2371,INSTITUTO MINEIRO DE AGROPECUÁRIA - IMA,20,304,80,4,317,4317,1,3,3,10,7,0,SEGURANÇA DE ALIMENTOS,ANÁLISE LABORATORIAL,1702519,1744211,1786924,1830683
2024,1230,"SECRETARIA DE ESTADO DE AGRICULTURA, PECUÁRIA E ABASTECIMENTO - SEAPA",2371,INSTITUTO MINEIRO DE AGROPECUÁRIA - IMA,20,304,80,4,317,4317,1,3,3,60,1,0,SEGURANÇA DE ALIMENTOS,ANÁLISE LABORATORIAL,907546,951472,997523,1045803
2024,1230,"SECRETARIA DE ESTADO DE AGRICULTURA, PECUÁRIA E ABASTECIMENTO - SEAPA",2371,INSTITUTO MINEIRO DE AGROPECUÁRIA - IMA,20,304,80,4,317,4317,1,3,3,91,1,0,SEGURANÇA DE ALIMENTOS,ANÁLISE LABORATORIAL,938845,984285,1031925,1081870
2024,1230,"SECRETARIA DE ESTADO DE AGRICULTURA, PECUÁRIA E ABASTECIMENTO - SEAPA",2371,INSTITUTO MINEIRO DE AGROPECUÁRIA - IMA,20,304,80,4,318,4318,1,3,1,10,1,0,SEGURANÇA DE ALIMENTOS,INSPEÇÃO DE PRODUTOS DE ORIGEM VEGETAL,3307681,3326593,3408160,3491781
2024,1230,"SECRETARIA DE ESTADO DE AGRICULTURA, PECUÁRIA E ABASTECIMENTO - SEAPA",2371,INSTITUTO MINEIRO DE AGROPECUÁRIA - IMA,20,304,80,4,318,4318,1,3,1,60,1,0,SEGURANÇA DE ALIMENTOS,INSPEÇÃO DE PRODUTOS DE ORIGEM VEGETAL,85097,87181,89316,91503
2024,1230,"SECRETARIA DE ESTADO DE AGRICULTURA, PECUÁRIA E ABASTECIMENTO - SEAPA",2371,INSTITUTO MINEIRO DE AGROPECUÁRIA - IMA,20,304,80,4,318,4318,1,3,1,91,1,0,SEGURANÇA DE ALIMENTOS,INSPEÇÃO DE PRODUTOS DE ORIGEM VEGETAL,295318,302550,309959,317550
2024,1230,"SECRETARIA DE ESTADO DE AGRICULTURA, PECUÁRIA E ABASTECIMENTO - SEAPA",2371,INSTITUTO MINEIRO DE AGROPECUÁRIA - IMA,20,304,80,4,318,4318,1,3,3,10,7,0,SEGURANÇA DE ALIMENTOS,INSPEÇÃO DE PRODUTOS DE ORIGEM VEGETAL,510756,523263,536077,549205
2024,1230,"SECRETARIA DE ESTADO DE AGRICULTURA, PECUÁRIA E ABASTECIMENTO - SEAPA",2371,INSTITUTO MINEIRO DE AGROPECUÁRIA - IMA,20,304,80,4,318,4318,1,3,3,91,1,0,SEGURANÇA DE ALIMENTOS,INSPEÇÃO DE PRODUTOS DE ORIGEM VEGETAL,215791,226235,237185,248665
2024,1230,"SECRETARIA DE ESTADO DE AGRICULTURA, PECUÁRIA E ABASTECIMENTO - SEAPA",2371,INSTITUTO MINEIRO DE AGROPECUÁRIA - IMA,20,304,80,4,319,4319,1,3,1,10,1,0,SEGURANÇA DE ALIMENTOS,INSPEÇÃO E FISCALIZAÇÃO DE PRODUTOS DE ORIGEM ANIMAL,26461446,26654917,27335792,28035110
2024,1230,"SECRETARIA DE ESTADO DE AGRICULTURA, PECUÁRIA E ABASTECIMENTO - SEAPA",2371,INSTITUTO MINEIRO DE AGROPECUÁRIA - IMA,20,304,80,4,319,4319,1,3,1,60,1,0,SEGURANÇA DE ALIMENTOS,INSPEÇÃO E FISCALIZAÇÃO DE PRODUTOS DE ORIGEM ANIMAL,680778,697449,714529,732027
2024,1230,"SECRETARIA DE ESTADO DE AGRICULTURA, PECUÁRIA E ABASTECIMENTO - SEAPA",2371,INSTITUTO MINEIRO DE AGROPECUÁRIA - IMA,20,304,80,4,319,4319,1,3,1,91,1,0,SEGURANÇA DE ALIMENTOS,INSPEÇÃO E FISCALIZAÇÃO DE PRODUTOS DE ORIGEM ANIMAL,2362547,2420403,2479675,2540398
2024,1230,"SECRETARIA DE ESTADO DE AGRICULTURA, PECUÁRIA E ABASTECIMENTO - SEAPA",2371,INSTITUTO MINEIRO DE AGROPECUÁRIA - IMA,20,304,80,4,319,4319,1,3,3,10,7,0,SEGURANÇA DE ALIMENTOS,INSPEÇÃO E FISCALIZAÇÃO DE PRODUTOS DE ORIGEM ANIMAL,4086044,4186106,4288618,4393639
2024,1230,"SECRETARIA DE ESTADO DE AGRICULTURA, PECUÁRIA E ABASTECIMENTO - SEAPA",2371,INSTITUTO MINEIRO DE AGROPECUÁRIA - IMA,20,304,80,4,319,4319,1,3,3,91,1,0,SEGURANÇA DE ALIMENTOS,INSPEÇÃO E FISCALIZAÇÃO DE PRODUTOS DE ORIGEM ANIMAL,580080,608156,637591,668450
2024,1230,"SECRETARIA DE ESTADO DE AGRICULTURA, PECUÁRIA E ABASTECIMENTO - SEAPA",2371,INSTITUTO MINEIRO DE AGROPECUÁRIA - IMA,20,304,112,4,440,4440,1,3,1,10,1,0,CERTIFICAÇÕES E HABILITAÇÕES DE PRODUTOS AGROPECUÁRIOS E AGROINDUSTRIAIS,CERTIFICAÇÃO DE PRODUTOS E DE PROPRIEDADES AGROPECUÁRIAS E AGROINDUSTRIAIS,3307681,3319201,3395805,3474112
2024,1230,"SECRETARIA DE ESTADO DE AGRICULTURA, PECUÁRIA E ABASTECIMENTO - SEAPA",2371,INSTITUTO MINEIRO DE AGROPECUÁRIA - IMA,20,304,112,4,440,4440,1,3,1,60,1,0,CERTIFICAÇÕES E HABILITAÇÕES DE PRODUTOS AGROPECUÁRIOS E AGROINDUSTRIAIS,CERTIFICAÇÃO DE PRODUTOS E DE PROPRIEDADES AGROPECUÁRIAS E AGROINDUSTRIAIS,85097,87181,89316,91503
2024,1230,"SECRETARIA DE ESTADO DE AGRICULTURA, PECUÁRIA E ABASTECIMENTO - SEAPA",2371,INSTITUTO MINEIRO DE AGROPECUÁRIA - IMA,20,304,112,4,440,4440,1,3,1,91,1,0,CERTIFICAÇÕES E HABILITAÇÕES DE PRODUTOS AGROPECUÁRIOS E AGROINDUSTRIAIS,CERTIFICAÇÃO DE PRODUTOS E DE PROPRIEDADES AGROPECUÁRIAS E AGROINDUSTRIAIS,295318,302550,309959,317550
2024,1230,"SECRETARIA DE ESTADO DE AGRICULTURA, PECUÁRIA E ABASTECIMENTO - SEAPA",2371,INSTITUTO MINEIRO DE AGROPECUÁRIA - IMA,20,304,112,4,440,4440,1,3,3,10,7,0,CERTIFICAÇÕES E HABILITAÇÕES DE PRODUTOS AGROPECUÁRIOS E AGROINDUSTRIAIS,CERTIFICAÇÃO DE PRODUTOS E DE PROPRIEDADES AGROPECUÁRIAS E AGROINDUSTRIAIS,510756,523263,536077,549205
2024,1230,"SECRETARIA DE ESTADO DE AGRICULTURA, PECUÁRIA E ABASTECIMENTO - SEAPA",2371,INSTITUTO MINEIRO DE AGROPECUÁRIA - IMA,20,304,112,4,440,4440,1,3,3,91,1,0,CERTIFICAÇÕES E HABILITAÇÕES DE PRODUTOS AGROPECUÁRIOS E AGROINDUSTRIAIS,CERTIFICAÇÃO DE PRODUTOS E DE PROPRIEDADES AGROPECUÁRIAS E AGROINDUSTRIAIS,416580,436742,457880,480042
2024,1230,"SECRETARIA DE ESTADO DE AGRICULTURA, PECUÁRIA E ABASTECIMENTO - SEAPA",2371,INSTITUTO MINEIRO DE AGROPECUÁRIA - IMA,20,304,118,4,439,4439,1,3,1,10,1,0,EDUCAÇÃO E SUCESSÃO RURAL,EDUCAÇÃO SANITÁRIA,1102561,1106543,1132173,1158378
2024,1230,"SECRETARIA DE ESTADO DE AGRICULTURA, PECUÁRIA E ABASTECIMENTO - SEAPA",2371,INSTITUTO MINEIRO DE AGROPECUÁRIA - IMA,20,304,118,4,439,4439,1,3,1,60,1,0,EDUCAÇÃO E SUCESSÃO RURAL,EDUCAÇÃO SANITÁRIA,28366,29060,29772,30501
2024,1230,"SECRETARIA DE ESTADO DE AGRICULTURA, PECUÁRIA E ABASTECIMENTO - SEAPA",2371,INSTITUTO MINEIRO DE AGROPECUÁRIA - IMA,20,304,118,4,439,4439,1,3,1,91,1,0,EDUCAÇÃO E SUCESSÃO RURAL,EDUCAÇÃO SANITÁRIA,98439,100850,103320,105850
2024,1230,"SECRETARIA DE ESTADO DE AGRICULTURA, PECUÁRIA E ABASTECIMENTO - SEAPA",2371,INSTITUTO MINEIRO DE AGROPECUÁRIA - IMA,20,304,118,4,439,4439,1,3,3,10,7,0,EDUCAÇÃO E SUCESSÃO RURAL,EDUCAÇÃO SANITÁRIA,170252,174421,178692,183068
2024,1230,"SECRETARIA DE ESTADO DE AGRICULTURA, PECUÁRIA E ABASTECIMENTO - SEAPA",2371,INSTITUTO MINEIRO DE AGROPECUÁRIA - IMA,20,304,118,4,439,4439,1,3,3,91,1,0,EDUCAÇÃO E SUCESSÃO RURAL,EDUCAÇÃO SANITÁRIA,135000,141534,148384,155566
2024,1230,"SECRETARIA DE ESTADO DE AGRICULTURA, PECUÁRIA E ABASTECIMENTO - SEAPA",2371,INSTITUTO MINEIRO DE AGROPECUÁRIA - IMA,20,609,78,4,202,4202,1,3,1,10,1,0,DEFESA SANITÁRIA,APRIMORAMENTO DA DEFESA SANITÁRIA - VIGILÂNCIA SANITÁRIA ANIMAL,70563856,72065907,73890490,75763754
2024,1230,"SECRETARIA DE ESTADO DE AGRICULTURA, PECUÁRIA E ABASTECIMENTO - SEAPA",2371,INSTITUTO MINEIRO DE AGROPECUÁRIA - IMA,20,609,78,4,202,4202,1,3,1,60,1,0,DEFESA SANITÁRIA,APRIMORAMENTO DA DEFESA SANITÁRIA - VIGILÂNCIA SANITÁRIA ANIMAL,1815408,1859865,1905410,1952071
2024,1230,"SECRETARIA DE ESTADO DE AGRICULTURA, PECUÁRIA E ABASTECIMENTO - SEAPA",2371,INSTITUTO MINEIRO DE AGROPECUÁRIA - IMA,20,609,78,4,202,4202,1,3,1,91,1,0,DEFESA SANITÁRIA,APRIMORAMENTO DA DEFESA SANITÁRIA - VIGILÂNCIA SANITÁRIA ANIMAL,6300127,6454407,6612466,6774395
2024,1230,"SECRETARIA DE ESTADO DE AGRICULTURA, PECUÁRIA E ABASTECIMENTO - SEAPA",2371,INSTITUTO MINEIRO DE AGROPECUÁRIA - IMA,20,609,78,4,202,4202,1,3,3,10,7,0,DEFESA SANITÁRIA,APRIMORAMENTO DA DEFESA SANITÁRIA - VIGILÂNCIA SANITÁRIA ANIMAL,10896119,11162948,11436314,11716372
2024,1230,"SECRETARIA DE ESTADO DE AGRICULTURA, PECUÁRIA E ABASTECIMENTO - SEAPA",2371,INSTITUTO MINEIRO DE AGROPECUÁRIA - IMA,20,609,78,4,202,4202,1,3,3,24,1,0,DEFESA SANITÁRIA,APRIMORAMENTO DA DEFESA SANITÁRIA - VIGILÂNCIA SANITÁRIA ANIMAL,501000,0,0,0
2024,1230,"SECRETARIA DE ESTADO DE AGRICULTURA, PECUÁRIA E ABASTECIMENTO - SEAPA",2371,INSTITUTO MINEIRO DE AGROPECUÁRIA - IMA,20,609,78,4,202,4202,1,3,3,91,1,0,DEFESA SANITÁRIA,APRIMORAMENTO DA DEFESA SANITÁRIA - VIGILÂNCIA SANITÁRIA ANIMAL,2238760,2347116,2460717,2579815
2024,1230,"SECRETARIA DE ESTADO DE AGRICULTURA, PECUÁRIA E ABASTECIMENTO - SEAPA",2371,INSTITUTO MINEIRO DE AGROPECUÁRIA - IMA,20,609,78,4,202,4202,1,4,4,24,1,0,DEFESA SANITÁRIA,APRIMORAMENTO DA DEFESA SANITÁRIA - VIGILÂNCIA SANITÁRIA ANIMAL,501000,0,0,0
2024,1230,"SECRETARIA DE ESTADO DE AGRICULTURA, PECUÁRIA E ABASTECIMENTO - SEAPA",2371,INSTITUTO MINEIRO DE AGROPECUÁRIA - IMA,20,609,78,4,203,4203,1,3,1,10,1,0,DEFESA SANITÁRIA,APRIMORAMENTO DA DEFESA SANITÁRIA - VIGILÂNCIA SANITÁRIA VEGETAL,30871687,31101738,31899004,32717990
2024,1230,"SECRETARIA DE ESTADO DE AGRICULTURA, PECUÁRIA E ABASTECIMENTO - SEAPA",2371,INSTITUTO MINEIRO DE AGROPECUÁRIA - IMA,20,609,78,4,203,4203,1,3,1,60,1,0,DEFESA SANITÁRIA,APRIMORAMENTO DA DEFESA SANITÁRIA - VIGILÂNCIA SANITÁRIA VEGETAL,794241,813691,833617,854031
2024,1230,"SECRETARIA DE ESTADO DE AGRICULTURA, PECUÁRIA E ABASTECIMENTO - SEAPA",2371,INSTITUTO MINEIRO DE AGROPECUÁRIA - IMA,20,609,78,4,203,4203,1,3,1,91,1,0,DEFESA SANITÁRIA,APRIMORAMENTO DA DEFESA SANITÁRIA - VIGILÂNCIA SANITÁRIA VEGETAL,2756305,2823803,2892954,2963798
2024,1230,"SECRETARIA DE ESTADO DE AGRICULTURA, PECUÁRIA E ABASTECIMENTO - SEAPA",2371,INSTITUTO MINEIRO DE AGROPECUÁRIA - IMA,20,609,78,4,203,4203,1,3,3,10,7,0,DEFESA SANITÁRIA,APRIMORAMENTO DA DEFESA SANITÁRIA - VIGILÂNCIA SANITÁRIA VEGETAL,4767052,4883790,5003387,5125913
2024,1230,"SECRETARIA DE ESTADO DE AGRICULTURA, PECUÁRIA E ABASTECIMENTO - SEAPA",2371,INSTITUTO MINEIRO DE AGROPECUÁRIA - IMA,20,609,78,4,203,4203,1,3,3,91,1,0,DEFESA SANITÁRIA,APRIMORAMENTO DA DEFESA SANITÁRIA - VIGILÂNCIA SANITÁRIA VEGETAL,558991,586046,614411,644149
2024,1230,"SECRETARIA DE ESTADO DE AGRICULTURA, PECUÁRIA E ABASTECIMENTO - SEAPA",2371,INSTITUTO MINEIRO DE AGROPECUÁRIA - IMA,20,609,78,4,206,4206,1,3,1,10,1,0,DEFESA SANITÁRIA,"FISCALIZAÇÃO DO TRÂNSITO DE ANIMAIS, VEGETAIS, INSUMOS E PRODUTOS DE ORIGEM ANIMAL.",15435844,15549359,15946978,16355387
2024,1230,"SECRETARIA DE ESTADO DE AGRICULTURA, PECUÁRIA E ABASTECIMENTO - SEAPA",2371,INSTITUTO MINEIRO DE AGROPECUÁRIA - IMA,20,609,78,4,206,4206,1,3,1,60,1,0,DEFESA SANITÁRIA,"FISCALIZAÇÃO DO TRÂNSITO DE ANIMAIS, VEGETAIS, INSUMOS E PRODUTOS DE ORIGEM ANIMAL.",397121,406845,416808,427015
2024,1230,"SECRETARIA DE ESTADO DE AGRICULTURA, PECUÁRIA E ABASTECIMENTO - SEAPA",2371,INSTITUTO MINEIRO DE AGROPECUÁRIA - IMA,20,609,78,4,206,4206,1,3,1,91,1,0,DEFESA SANITÁRIA,"FISCALIZAÇÃO DO TRÂNSITO DE ANIMAIS, VEGETAIS, INSUMOS E PRODUTOS DE ORIGEM ANIMAL.",1378153,1411902,1446477,1481899
2024,1230,"SECRETARIA DE ESTADO DE AGRICULTURA, PECUÁRIA E ABASTECIMENTO - SEAPA",2371,INSTITUTO MINEIRO DE AGROPECUÁRIA - IMA,20,609,78,4,206,4206,1,3,3,10,7,0,DEFESA SANITÁRIA,"FISCALIZAÇÃO DO TRÂNSITO DE ANIMAIS, VEGETAIS, INSUMOS E PRODUTOS DE ORIGEM ANIMAL.",2383526,2441895,2501694,2562956
2024,1230,"SECRETARIA DE ESTADO DE AGRICULTURA, PECUÁRIA E ABASTECIMENTO - SEAPA",2371,INSTITUTO MINEIRO DE AGROPECUÁRIA - IMA,20,609,78,4,206,4206,1,3,3,91,1,0,DEFESA SANITÁRIA,"FISCALIZAÇÃO DO TRÂNSITO DE ANIMAIS, VEGETAIS, INSUMOS E PRODUTOS DE ORIGEM ANIMAL.",320520,336033,352297,369348
2024,1230,"SECRETARIA DE ESTADO DE AGRICULTURA, PECUÁRIA E ABASTECIMENTO - SEAPA",2371,INSTITUTO MINEIRO DE AGROPECUÁRIA - IMA,20,609,78,4,228,4228,1,4,4,95,1,1,DEFESA SANITÁRIA,FORTALECIMENTO DA ESTRUTURA E DOS PROCESSOS DO INSTITUTO MINEIRO DE AGROPECUÁRIA,1200000,0,0,0
2024,1230,"SECRETARIA DE ESTADO DE AGRICULTURA, PECUÁRIA E ABASTECIMENTO - SEAPA",2371,INSTITUTO MINEIRO DE AGROPECUÁRIA - IMA,20,609,78,4,238,4238,1,3,1,95,1,0,DEFESA SANITÁRIA,REESTRUTURAÇÃO DO LABORATÓRIO DE QUÍMICA AGROPECUÁRIA DO INSTITUTO MINEIRO DE AGROPECUÁRIA.,80000,0,0,0
2024,1230,"SECRETARIA DE ESTADO DE AGRICULTURA, PECUÁRIA E ABASTECIMENTO - SEAPA",2371,INSTITUTO MINEIRO DE AGROPECUÁRIA - IMA,20,609,78,4,238,4238,1,3,3,95,1,0,DEFESA SANITÁRIA,REESTRUTURAÇÃO DO LABORATÓRIO DE QUÍMICA AGROPECUÁRIA DO INSTITUTO MINEIRO DE AGROPECUÁRIA.,1299000,0,0,0
2024,1230,"SECRETARIA DE ESTADO DE AGRICULTURA, PECUÁRIA E ABASTECIMENTO - SEAPA",2371,INSTITUTO MINEIRO DE AGROPECUÁRIA - IMA,20,609,78,4,238,4238,1,3,3,95,7,0,DEFESA SANITÁRIA,REESTRUTURAÇÃO DO LABORATÓRIO DE QUÍMICA AGROPECUÁRIA DO INSTITUTO MINEIRO DE AGROPECUÁRIA.,50000,0,0,0
2024,1230,"SECRETARIA DE ESTADO DE AGRICULTURA, PECUÁRIA E ABASTECIMENTO - SEAPA",2371,INSTITUTO MINEIRO DE AGROPECUÁRIA - IMA,20,609,78,4,252,4252,1,3,3,95,1,0,DEFESA SANITÁRIA,REVITALIZAÇÃO DO PARQUE DE EXPOSIÇÕES BOLIVAR DE ANDRADE,1000,0,0,0
2024,1230,"SECRETARIA DE ESTADO DE AGRICULTURA, PECUÁRIA E ABASTECIMENTO - SEAPA",2371,INSTITUTO MINEIRO DE AGROPECUÁRIA - IMA,20,609,108,4,498,4498,1,3,1,10,1,0,ACESSO A MERCADOS,APOIO À AGROINDÚSTRIA FAMILIAR,1102561,1106875,1132727,1159171
2024,1230,"SECRETARIA DE ESTADO DE AGRICULTURA, PECUÁRIA E ABASTECIMENTO - SEAPA",2371,INSTITUTO MINEIRO DE AGROPECUÁRIA - IMA,20,609,108,4,498,4498,1,3,1,60,1,0,ACESSO A MERCADOS,APOIO À AGROINDÚSTRIA FAMILIAR,28366,29060,29772,30501
2024,1230,"SECRETARIA DE ESTADO DE AGRICULTURA, PECUÁRIA E ABASTECIMENTO - SEAPA",2371,INSTITUTO MINEIRO DE AGROPECUÁRIA - IMA,20,609,108,4,498,4498,1,3,1,91,1,0,ACESSO A MERCADOS,APOIO À AGROINDÚSTRIA FAMILIAR,98439,100850,103320,105850
2024,1230,"SECRETARIA DE ESTADO DE AGRICULTURA, PECUÁRIA E ABASTECIMENTO - SEAPA",2371,INSTITUTO MINEIRO DE AGROPECUÁRIA - IMA,20,609,108,4,498,4498,1,3,3,10,7,0,ACESSO A MERCADOS,APOIO À AGROINDÚSTRIA FAMILIAR,170252,174421,178692,183068
2024,1230,"SECRETARIA DE ESTADO DE AGRICULTURA, PECUÁRIA E ABASTECIMENTO - SEAPA",2371,INSTITUTO MINEIRO DE AGROPECUÁRIA - IMA,20,609,108,4,498,4498,1,3,3,91,1,0,ACESSO A MERCADOS,APOIO À AGROINDÚSTRIA FAMILIAR,125990,132088,138481,145183
2024,1230,"SECRETARIA DE ESTADO DE AGRICULTURA, PECUÁRIA E ABASTECIMENTO - SEAPA",2371,INSTITUTO MINEIRO DE AGROPECUÁRIA - IMA,28,846,705,7,4,7004,1,3,1,60,9,0,APOIO ÀS POLÍTICAS PÚBLICAS,PRECATÓRIOS E SENTENÇAS JUDICIÁRIAS,4111179,1000,1000,1000
2024,1230,"SECRETARIA DE ESTADO DE AGRICULTURA, PECUÁRIA E ABASTECIMENTO - SEAPA",2371,INSTITUTO MINEIRO DE AGROPECUÁRIA - IMA,28,846,705,7,4,7004,1,3,1,91,9,0,APOIO ÀS POLÍTICAS PÚBLICAS,PRECATÓRIOS E SENTENÇAS JUDICIÁRIAS,0,0,0,0
2024,1230,"SECRETARIA DE ESTADO DE AGRICULTURA, PECUÁRIA E ABASTECIMENTO - SEAPA",2371,INSTITUTO MINEIRO DE AGROPECUÁRIA - IMA,28,846,705,7,4,7004,1,3,3,60,9,0,APOIO ÀS POLÍTICAS PÚBLICAS,PRECATÓRIOS E SENTENÇAS JUDICIÁRIAS,86562,1000,1000,1000
2024,1230,"SECRETARIA DE ESTADO DE AGRICULTURA, PECUÁRIA E ABASTECIMENTO - SEAPA",3041,EMPRESA DE ASSISTÊNCIA TÉCNICA E EXTENSÃO RURAL DO ESTADO DE MINAS GERAIS - EMATER,4,122,705,2,500,2500,1,3,1,10,1,0,APOIO ÀS POLÍTICAS PÚBLICAS,ASSESSORAMENTO E GERENCIAMENTO DE POLÍTICAS PÚBLICAS,1154667,1182840,1211701,1241266
2024,1230,"SECRETARIA DE ESTADO DE AGRICULTURA, PECUÁRIA E ABASTECIMENTO - SEAPA",3041,EMPRESA DE ASSISTÊNCIA TÉCNICA E EXTENSÃO RURAL DO ESTADO DE MINAS GERAIS - EMATER,4,122,705,2,500,2500,1,3,1,60,1,0,APOIO ÀS POLÍTICAS PÚBLICAS,ASSESSORAMENTO E GERENCIAMENTO DE POLÍTICAS PÚBLICAS,86598,88710,90874,93091
2024,1230,"SECRETARIA DE ESTADO DE AGRICULTURA, PECUÁRIA E ABASTECIMENTO - SEAPA",3041,EMPRESA DE ASSISTÊNCIA TÉCNICA E EXTENSÃO RURAL DO ESTADO DE MINAS GERAIS - EMATER,4,122,705,2,500,2500,1,3,1,67,1,0,APOIO ÀS POLÍTICAS PÚBLICAS,ASSESSORAMENTO E GERENCIAMENTO DE POLÍTICAS PÚBLICAS,234710,240436,246302,252311
2024,1230,"SECRETARIA DE ESTADO DE AGRICULTURA, PECUÁRIA E ABASTECIMENTO - SEAPA",3041,EMPRESA DE ASSISTÊNCIA TÉCNICA E EXTENSÃO RURAL DO ESTADO DE MINAS GERAIS - EMATER,4,122,705,2,500,2500,1,3,3,67,1,0,APOIO ÀS POLÍTICAS PÚBLICAS,ASSESSORAMENTO E GERENCIAMENTO DE POLÍTICAS PÚBLICAS,1396710,1430789,1465700,1501463
2024,1230,"SECRETARIA DE ESTADO DE AGRICULTURA, PECUÁRIA E ABASTECIMENTO - SEAPA",3041,EMPRESA DE ASSISTÊNCIA TÉCNICA E EXTENSÃO RURAL DO ESTADO DE MINAS GERAIS - EMATER,20,605,108,1,44,1044,1,3,3,67,1,0,ACESSO A MERCADOS,APOIO À COMERCIALIZAÇÃO ELETRÔNICA POR MEIO DE PLATAFORMA MARKETPLACE,624500,639737,655346,671336
2024,1230,"SECRETARIA DE ESTADO DE AGRICULTURA, PECUÁRIA E ABASTECIMENTO - SEAPA",3041,EMPRESA DE ASSISTÊNCIA TÉCNICA E EXTENSÃO RURAL DO ESTADO DE MINAS GERAIS - EMATER,20,606,90,4,235,4235,1,3,1,10,1,0,ASSISTÊNCIA TECNICA E EXTENSÃO RURAL PARA O ESTADO DE MINAS GERAIS,ASSISTÊNCIA TÉCNICA E EXTENSÃO RURAL PARA AGRICULTORES FAMILIARES E DEMAIS PÚBLICOS,204080322,210250246,216564378,223068096
2024,1230,"SECRETARIA DE ESTADO DE AGRICULTURA, PECUÁRIA E ABASTECIMENTO - SEAPA",3041,EMPRESA DE ASSISTÊNCIA TÉCNICA E EXTENSÃO RURAL DO ESTADO DE MINAS GERAIS - EMATER,20,606,90,4,235,4235,1,3,1,60,1,0,ASSISTÊNCIA TECNICA E EXTENSÃO RURAL PARA O ESTADO DE MINAS GERAIS,ASSISTÊNCIA TÉCNICA E EXTENSÃO RURAL PARA AGRICULTORES FAMILIARES E DEMAIS PÚBLICOS,15174263,15633030,16102519,16586104
2024,1230,"SECRETARIA DE ESTADO DE AGRICULTURA, PECUÁRIA E ABASTECIMENTO - SEAPA",3041,EMPRESA DE ASSISTÊNCIA TÉCNICA E EXTENSÃO RURAL DO ESTADO DE MINAS GERAIS - EMATER,20,606,90,4,235,4235,1,3,1,67,1,0,ASSISTÊNCIA TECNICA E EXTENSÃO RURAL PARA O ESTADO DE MINAS GERAIS,ASSISTÊNCIA TÉCNICA E EXTENSÃO RURAL PARA AGRICULTORES FAMILIARES E DEMAIS PÚBLICOS,41483576,42737743,44021223,45343240
2024,1230,"SECRETARIA DE ESTADO DE AGRICULTURA, PECUÁRIA E ABASTECIMENTO - SEAPA",3041,EMPRESA DE ASSISTÊNCIA TÉCNICA E EXTENSÃO RURAL DO ESTADO DE MINAS GERAIS - EMATER,20,606,90,4,235,4235,1,3,3,1,1,0,ASSISTÊNCIA TECNICA E EXTENSÃO RURAL PARA O ESTADO DE MINAS GERAIS,ASSISTÊNCIA TÉCNICA E EXTENSÃO RURAL PARA AGRICULTORES FAMILIARES E DEMAIS PÚBLICOS,2067250,2067250,2067250,2067250
2024,1230,"SECRETARIA DE ESTADO DE AGRICULTURA, PECUÁRIA E ABASTECIMENTO - SEAPA",3041,EMPRESA DE ASSISTÊNCIA TÉCNICA E EXTENSÃO RURAL DO ESTADO DE MINAS GERAIS - EMATER,20,606,90,4,235,4235,1,3,3,2,1,0,ASSISTÊNCIA TECNICA E EXTENSÃO RURAL PARA O ESTADO DE MINAS GERAIS,ASSISTÊNCIA TÉCNICA E EXTENSÃO RURAL PARA AGRICULTORES FAMILIARES E DEMAIS PÚBLICOS,615962,615962,615962,615962
2024,1230,"SECRETARIA DE ESTADO DE AGRICULTURA, PECUÁRIA E ABASTECIMENTO - SEAPA",3041,EMPRESA DE ASSISTÊNCIA TÉCNICA E EXTENSÃO RURAL DO ESTADO DE MINAS GERAIS - EMATER,20,606,90,4,235,4235,1,3,3,24,1,0,ASSISTÊNCIA TECNICA E EXTENSÃO RURAL PARA O ESTADO DE MINAS GERAIS,ASSISTÊNCIA TÉCNICA E EXTENSÃO RURAL PARA AGRICULTORES FAMILIARES E DEMAIS PÚBLICOS,763636,763636,763636,763636
2024,1230,"SECRETARIA DE ESTADO DE AGRICULTURA, PECUÁRIA E ABASTECIMENTO - SEAPA",3041,EMPRESA DE ASSISTÊNCIA TÉCNICA E EXTENSÃO RURAL DO ESTADO DE MINAS GERAIS - EMATER,20,606,90,4,235,4235,1,3,3,60,1,0,ASSISTÊNCIA TECNICA E EXTENSÃO RURAL PARA O ESTADO DE MINAS GERAIS,ASSISTÊNCIA TÉCNICA E EXTENSÃO RURAL PARA AGRICULTORES FAMILIARES E DEMAIS PÚBLICOS,14473707,15174234,15908667,16678646
2024,1230,"SECRETARIA DE ESTADO DE AGRICULTURA, PECUÁRIA E ABASTECIMENTO - SEAPA",3041,EMPRESA DE ASSISTÊNCIA TÉCNICA E EXTENSÃO RURAL DO ESTADO DE MINAS GERAIS - EMATER,20,606,90,4,235,4235,1,3,3,60,3,0,ASSISTÊNCIA TECNICA E EXTENSÃO RURAL PARA O ESTADO DE MINAS GERAIS,ASSISTÊNCIA TÉCNICA E EXTENSÃO RURAL PARA AGRICULTORES FAMILIARES E DEMAIS PÚBLICOS,37979,39817,41744,43764
2024,1230,"SECRETARIA DE ESTADO DE AGRICULTURA, PECUÁRIA E ABASTECIMENTO - SEAPA",3041,EMPRESA DE ASSISTÊNCIA TÉCNICA E EXTENSÃO RURAL DO ESTADO DE MINAS GERAIS - EMATER,20,606,90,4,235,4235,1,3,3,67,1,0,ASSISTÊNCIA TECNICA E EXTENSÃO RURAL PARA O ESTADO DE MINAS GERAIS,ASSISTÊNCIA TÉCNICA E EXTENSÃO RURAL PARA AGRICULTORES FAMILIARES E DEMAIS PÚBLICOS,46232504,47381965,48538084,49722413
2024,1230,"SECRETARIA DE ESTADO DE AGRICULTURA, PECUÁRIA E ABASTECIMENTO - SEAPA",3041,EMPRESA DE ASSISTÊNCIA TÉCNICA E EXTENSÃO RURAL DO ESTADO DE MINAS GERAIS - EMATER,20,606,90,4,235,4235,1,4,4,1,1,0,ASSISTÊNCIA TECNICA E EXTENSÃO RURAL PARA O ESTADO DE MINAS GERAIS,ASSISTÊNCIA TÉCNICA E EXTENSÃO RURAL PARA AGRICULTORES FAMILIARES E DEMAIS PÚBLICOS,1810858,1810858,1810858,1810858
2024,1230,"SECRETARIA DE ESTADO DE AGRICULTURA, PECUÁRIA E ABASTECIMENTO - SEAPA",3041,EMPRESA DE ASSISTÊNCIA TÉCNICA E EXTENSÃO RURAL DO ESTADO DE MINAS GERAIS - EMATER,20,606,90,4,235,4235,1,4,4,24,1,0,ASSISTÊNCIA TECNICA E EXTENSÃO RURAL PARA O ESTADO DE MINAS GERAIS,ASSISTÊNCIA TÉCNICA E EXTENSÃO RURAL PARA AGRICULTORES FAMILIARES E DEMAIS PÚBLICOS,1207850,1207850,1207850,1207850
2024,1230,"SECRETARIA DE ESTADO DE AGRICULTURA, PECUÁRIA E ABASTECIMENTO - SEAPA",3041,EMPRESA DE ASSISTÊNCIA TÉCNICA E EXTENSÃO RURAL DO ESTADO DE MINAS GERAIS - EMATER,20,606,90,4,235,4235,1,4,4,60,1,0,ASSISTÊNCIA TECNICA E EXTENSÃO RURAL PARA O ESTADO DE MINAS GERAIS,ASSISTÊNCIA TÉCNICA E EXTENSÃO RURAL PARA AGRICULTORES FAMILIARES E DEMAIS PÚBLICOS,18907280,18906914,18906540,18906156
2024,1230,"SECRETARIA DE ESTADO DE AGRICULTURA, PECUÁRIA E ABASTECIMENTO - SEAPA",3041,EMPRESA DE ASSISTÊNCIA TÉCNICA E EXTENSÃO RURAL DO ESTADO DE MINAS GERAIS - EMATER,20,606,90,4,235,4235,1,4,4,60,3,0,ASSISTÊNCIA TECNICA E EXTENSÃO RURAL PARA O ESTADO DE MINAS GERAIS,ASSISTÊNCIA TÉCNICA E EXTENSÃO RURAL PARA AGRICULTORES FAMILIARES E DEMAIS PÚBLICOS,13500,13500,13500,13500
2024,1230,"SECRETARIA DE ESTADO DE AGRICULTURA, PECUÁRIA E ABASTECIMENTO - SEAPA",3041,EMPRESA DE ASSISTÊNCIA TÉCNICA E EXTENSÃO RURAL DO ESTADO DE MINAS GERAIS - EMATER,20,606,110,1,45,1045,1,3,3,67,1,0,REGULARIZAÇÃO FUNDIÁRIA - AMPLIAÇÃO DA SEGURANÇA JURÍDICA NO CAMPO,CADASTRAMENTO DE AGRICULTORES/POSSEIROS COM FINS DE REGULARIZAÇÃO FUNDIÁRIA DE TERRAS DEVOLUTAS RURAIS.,15000,15366,15740,16124
2024,1230,"SECRETARIA DE ESTADO DE AGRICULTURA, PECUÁRIA E ABASTECIMENTO - SEAPA",3041,EMPRESA DE ASSISTÊNCIA TÉCNICA E EXTENSÃO RURAL DO ESTADO DE MINAS GERAIS - EMATER,20,608,97,4,236,4236,1,3,3,67,1,0,MINAS SEM FOME,FOMENTO PARA O DESENVOLVIMENTO DO SETOR AGROPECUÁRIO,7500,7683,7870,8062
2024,1230,"SECRETARIA DE ESTADO DE AGRICULTURA, PECUÁRIA E ABASTECIMENTO - SEAPA",3041,EMPRESA DE ASSISTÊNCIA TÉCNICA E EXTENSÃO RURAL DO ESTADO DE MINAS GERAIS - EMATER,20,608,97,4,236,4236,1,4,4,60,1,0,MINAS SEM FOME,FOMENTO PARA O DESENVOLVIMENTO DO SETOR AGROPECUÁRIO,7500,7683,7870,8062
2024,1230,"SECRETARIA DE ESTADO DE AGRICULTURA, PECUÁRIA E ABASTECIMENTO - SEAPA",3041,EMPRESA DE ASSISTÊNCIA TÉCNICA E EXTENSÃO RURAL DO ESTADO DE MINAS GERAIS - EMATER,20,609,97,1,34,1034,1,3,3,67,1,0,MINAS SEM FOME,MELHORAMENTO GENÉTICO DE BOVINOS,7500,7683,7870,8062
2024,1230,"SECRETARIA DE ESTADO DE AGRICULTURA, PECUÁRIA E ABASTECIMENTO - SEAPA",3041,EMPRESA DE ASSISTÊNCIA TÉCNICA E EXTENSÃO RURAL DO ESTADO DE MINAS GERAIS - EMATER,20,609,97,1,34,1034,1,4,4,60,1,0,MINAS SEM FOME,MELHORAMENTO GENÉTICO DE BOVINOS,7500,7683,7870,8062
2024,1230,"SECRETARIA DE ESTADO DE AGRICULTURA, PECUÁRIA E ABASTECIMENTO - SEAPA",3041,EMPRESA DE ASSISTÊNCIA TÉCNICA E EXTENSÃO RURAL DO ESTADO DE MINAS GERAIS - EMATER,28,846,705,7,4,7004,1,3,1,60,1,0,APOIO ÀS POLÍTICAS PÚBLICAS,PRECATÓRIOS E SENTENÇAS JUDICIÁRIAS,0,0,0,0
2024,1230,"SECRETARIA DE ESTADO DE AGRICULTURA, PECUÁRIA E ABASTECIMENTO - SEAPA",3041,EMPRESA DE ASSISTÊNCIA TÉCNICA E EXTENSÃO RURAL DO ESTADO DE MINAS GERAIS - EMATER,28,846,705,7,4,7004,1,3,1,60,9,0,APOIO ÀS POLÍTICAS PÚBLICAS,PRECATÓRIOS E SENTENÇAS JUDICIÁRIAS,641673,1000,1000,1000
2024,1230,"SECRETARIA DE ESTADO DE AGRICULTURA, PECUÁRIA E ABASTECIMENTO - SEAPA",3051,EMPRESA DE PESQUISA AGROPECUÁRIA DE MINAS GERAIS - EPAMIG,4,122,705,2,500,2500,1,3,1,10,1,0,APOIO ÀS POLÍTICAS PÚBLICAS,ASSESSORAMENTO E GERENCIAMENTO DE POLÍTICAS PÚBLICAS,21312972,21751262,22196238,22647867
2024,1230,"SECRETARIA DE ESTADO DE AGRICULTURA, PECUÁRIA E ABASTECIMENTO - SEAPA",3051,EMPRESA DE PESQUISA AGROPECUÁRIA DE MINAS GERAIS - EPAMIG,4,122,705,2,500,2500,1,3,3,10,1,0,APOIO ÀS POLÍTICAS PÚBLICAS,ASSESSORAMENTO E GERENCIAMENTO DE POLÍTICAS PÚBLICAS,1000000,1048400,1099143,1152342
2024,1230,"SECRETARIA DE ESTADO DE AGRICULTURA, PECUÁRIA E ABASTECIMENTO - SEAPA",3051,EMPRESA DE PESQUISA AGROPECUÁRIA DE MINAS GERAIS - EPAMIG,4,122,705,2,500,2500,1,3,3,60,1,0,APOIO ÀS POLÍTICAS PÚBLICAS,ASSESSORAMENTO E GERENCIAMENTO DE POLÍTICAS PÚBLICAS,4300000,4508120,4726313,4955067
2024,1230,"SECRETARIA DE ESTADO DE AGRICULTURA, PECUÁRIA E ABASTECIMENTO - SEAPA",3051,EMPRESA DE PESQUISA AGROPECUÁRIA DE MINAS GERAIS - EPAMIG,12,364,15,4,16,4016,1,3,1,10,1,0,ENSINO SUPERIOR PARA O AGRONEGÓCIO E PARA A AGRICULTURA FAMILIAR,FORMAÇÃO SUPERIOR EM LATICÍNIOS E AGROPECUÁRIA DE PRECISÃO,12500000,13105000,13739282,14404263
2024,1230,"SECRETARIA DE ESTADO DE AGRICULTURA, PECUÁRIA E ABASTECIMENTO - SEAPA",3051,EMPRESA DE PESQUISA AGROPECUÁRIA DE MINAS GERAIS - EPAMIG,12,364,15,4,16,4016,1,3,3,10,1,0,ENSINO SUPERIOR PARA O AGRONEGÓCIO E PARA A AGRICULTURA FAMILIAR,FORMAÇÃO SUPERIOR EM LATICÍNIOS E AGROPECUÁRIA DE PRECISÃO,3900000,4088760,4286656,4494130
2024,1230,"SECRETARIA DE ESTADO DE AGRICULTURA, PECUÁRIA E ABASTECIMENTO - SEAPA",3051,EMPRESA DE PESQUISA AGROPECUÁRIA DE MINAS GERAIS - EPAMIG,12,364,15,4,16,4016,1,3,3,60,1,0,ENSINO SUPERIOR PARA O AGRONEGÓCIO E PARA A AGRICULTURA FAMILIAR,FORMAÇÃO SUPERIOR EM LATICÍNIOS E AGROPECUÁRIA DE PRECISÃO,100000,104840,109914,115234
2024,1230,"SECRETARIA DE ESTADO DE AGRICULTURA, PECUÁRIA E ABASTECIMENTO - SEAPA",3051,EMPRESA DE PESQUISA AGROPECUÁRIA DE MINAS GERAIS - EPAMIG,12,364,15,4,16,4016,1,4,4,10,1,0,ENSINO SUPERIOR PARA O AGRONEGÓCIO E PARA A AGRICULTURA FAMILIAR,FORMAÇÃO SUPERIOR EM LATICÍNIOS E AGROPECUÁRIA DE PRECISÃO,13000000,13000000,13000000,13000000
2024,1230,"SECRETARIA DE ESTADO DE AGRICULTURA, PECUÁRIA E ABASTECIMENTO - SEAPA",3051,EMPRESA DE PESQUISA AGROPECUÁRIA DE MINAS GERAIS - EPAMIG,12,364,15,4,370,4370,1,3,3,10,1,0,ENSINO SUPERIOR PARA O AGRONEGÓCIO E PARA A AGRICULTURA FAMILIAR,ASSISTÊNCIA ESTUDANTIL,40000,41935,43964,46092
2024,1230,"SECRETARIA DE ESTADO DE AGRICULTURA, PECUÁRIA E ABASTECIMENTO - SEAPA",3051,EMPRESA DE PESQUISA AGROPECUÁRIA DE MINAS GERAIS - EPAMIG,12,364,15,4,371,4371,1,3,3,10,1,0,ENSINO SUPERIOR PARA O AGRONEGÓCIO E PARA A AGRICULTURA FAMILIAR,"APOIO ÀS ATIVIDADES DE PESQUISA, INOVAÇÃO E TECNOLOGIA",10000,10484,10991,11523
2024,1230,"SECRETARIA DE ESTADO DE AGRICULTURA, PECUÁRIA E ABASTECIMENTO - SEAPA",3051,EMPRESA DE PESQUISA AGROPECUÁRIA DE MINAS GERAIS - EPAMIG,19,571,16,4,18,4018,1,3,1,10,1,0,INOVAÇÕES E SOLUÇÕES TECNOLÓGICAS PARA A AGROPECUÁRIA E A AGROINDÚSTRIA,DESENVOLVIMENTO DE PESQUISA AGROPECUÁRIA E AGROINDUSTRIAL,58505335,59778056,61074202,62393970
2024,1230,"SECRETARIA DE ESTADO DE AGRICULTURA, PECUÁRIA E ABASTECIMENTO - SEAPA",3051,EMPRESA DE PESQUISA AGROPECUÁRIA DE MINAS GERAIS - EPAMIG,19,571,16,4,18,4018,1,3,3,10,1,0,INOVAÇÕES E SOLUÇÕES TECNOLÓGICAS PARA A AGROPECUÁRIA E A AGROINDÚSTRIA,DESENVOLVIMENTO DE PESQUISA AGROPECUÁRIA E AGROINDUSTRIAL,6950000,7286381,7639042,8008771
2024,1230,"SECRETARIA DE ESTADO DE AGRICULTURA, PECUÁRIA E ABASTECIMENTO - SEAPA",3051,EMPRESA DE PESQUISA AGROPECUÁRIA DE MINAS GERAIS - EPAMIG,19,571,16,4,18,4018,1,3,3,24,1,0,INOVAÇÕES E SOLUÇÕES TECNOLÓGICAS PARA A AGROPECUÁRIA E A AGROINDÚSTRIA,DESENVOLVIMENTO DE PESQUISA AGROPECUÁRIA E AGROINDUSTRIAL,1978219,1978219,1978219,1978220
2024,1230,"SECRETARIA DE ESTADO DE AGRICULTURA, PECUÁRIA E ABASTECIMENTO - SEAPA",3051,EMPRESA DE PESQUISA AGROPECUÁRIA DE MINAS GERAIS - EPAMIG,19,571,16,4,18,4018,1,3,3,60,1,0,INOVAÇÕES E SOLUÇÕES TECNOLÓGICAS PARA A AGROPECUÁRIA E A AGROINDÚSTRIA,DESENVOLVIMENTO DE PESQUISA AGROPECUÁRIA E AGROINDUSTRIAL,5800295,6081029,6375350,6683917
2024,1230,"SECRETARIA DE ESTADO DE AGRICULTURA, PECUÁRIA E ABASTECIMENTO - SEAPA",3051,EMPRESA DE PESQUISA AGROPECUÁRIA DE MINAS GERAIS - EPAMIG,19,571,16,4,18,4018,1,3,3,70,1,0,INOVAÇÕES E SOLUÇÕES TECNOLÓGICAS PARA A AGROPECUÁRIA E A AGROINDÚSTRIA,DESENVOLVIMENTO DE PESQUISA AGROPECUÁRIA E AGROINDUSTRIAL,94596,94596,94596,94596
2024,1230,"SECRETARIA DE ESTADO DE AGRICULTURA, PECUÁRIA E ABASTECIMENTO - SEAPA",3051,EMPRESA DE PESQUISA AGROPECUÁRIA DE MINAS GERAIS - EPAMIG,19,571,16,4,18,4018,1,4,4,1,1,0,INOVAÇÕES E SOLUÇÕES TECNOLÓGICAS PARA A AGROPECUÁRIA E A AGROINDÚSTRIA,DESENVOLVIMENTO DE PESQUISA AGROPECUÁRIA E AGROINDUSTRIAL,594100,594100,594100,594100
2024,1230,"SECRETARIA DE ESTADO DE AGRICULTURA, PECUÁRIA E ABASTECIMENTO - SEAPA",3051,EMPRESA DE PESQUISA AGROPECUÁRIA DE MINAS GERAIS - EPAMIG,19,571,16,4,18,4018,1,4,4,24,1,0,INOVAÇÕES E SOLUÇÕES TECNOLÓGICAS PARA A AGROPECUÁRIA E A AGROINDÚSTRIA,DESENVOLVIMENTO DE PESQUISA AGROPECUÁRIA E AGROINDUSTRIAL,2483200,2483200,2483200,2483200
2024,1230,"SECRETARIA DE ESTADO DE AGRICULTURA, PECUÁRIA E ABASTECIMENTO - SEAPA",3051,EMPRESA DE PESQUISA AGROPECUÁRIA DE MINAS GERAIS - EPAMIG,19,571,16,4,18,4018,1,4,4,60,1,0,INOVAÇÕES E SOLUÇÕES TECNOLÓGICAS PARA A AGROPECUÁRIA E A AGROINDÚSTRIA,DESENVOLVIMENTO DE PESQUISA AGROPECUÁRIA E AGROINDUSTRIAL,500000,500000,500000,500000
2024,1230,"SECRETARIA DE ESTADO DE AGRICULTURA, PECUÁRIA E ABASTECIMENTO - SEAPA",3051,EMPRESA DE PESQUISA AGROPECUÁRIA DE MINAS GERAIS - EPAMIG,19,571,16,4,18,4018,1,4,4,70,1,0,INOVAÇÕES E SOLUÇÕES TECNOLÓGICAS PARA A AGROPECUÁRIA E A AGROINDÚSTRIA,DESENVOLVIMENTO DE PESQUISA AGROPECUÁRIA E AGROINDUSTRIAL,15404,15404,15404,15404
2024,1230,"SECRETARIA DE ESTADO DE AGRICULTURA, PECUÁRIA E ABASTECIMENTO - SEAPA",3051,EMPRESA DE PESQUISA AGROPECUÁRIA DE MINAS GERAIS - EPAMIG,20,571,16,4,19,4019,1,3,1,10,1,0,INOVAÇÕES E SOLUÇÕES TECNOLÓGICAS PARA A AGROPECUÁRIA E A AGROINDÚSTRIA,DIVULGAÇÃO DE TECNOLOGIA AGROPECUÁRIA VIA EVENTOS TÉCNICO-CIENTÍFICOS,6095279,6220626,6347884,6477045
2024,1230,"SECRETARIA DE ESTADO DE AGRICULTURA, PECUÁRIA E ABASTECIMENTO - SEAPA",3051,EMPRESA DE PESQUISA AGROPECUÁRIA DE MINAS GERAIS - EPAMIG,20,571,16,4,19,4019,1,3,3,60,1,0,INOVAÇÕES E SOLUÇÕES TECNOLÓGICAS PARA A AGROPECUÁRIA E A AGROINDÚSTRIA,DIVULGAÇÃO DE TECNOLOGIA AGROPECUÁRIA VIA EVENTOS TÉCNICO-CIENTÍFICOS,3800000,3983920,4176742,4378896
2024,1230,"SECRETARIA DE ESTADO DE AGRICULTURA, PECUÁRIA E ABASTECIMENTO - SEAPA",3051,EMPRESA DE PESQUISA AGROPECUÁRIA DE MINAS GERAIS - EPAMIG,20,571,16,4,20,4020,1,3,1,10,1,0,INOVAÇÕES E SOLUÇÕES TECNOLÓGICAS PARA A AGROPECUÁRIA E A AGROINDÚSTRIA,TRANSFERÊNCIA DE TECNOLOGIA VIA SEMENTES DE CULTIVARES MELHORADAS,1540844,1572530,1604700,1637351
2024,1230,"SECRETARIA DE ESTADO DE AGRICULTURA, PECUÁRIA E ABASTECIMENTO - SEAPA",3051,EMPRESA DE PESQUISA AGROPECUÁRIA DE MINAS GERAIS - EPAMIG,20,571,16,4,20,4020,1,3,3,60,1,0,INOVAÇÕES E SOLUÇÕES TECNOLÓGICAS PARA A AGROPECUÁRIA E A AGROINDÚSTRIA,TRANSFERÊNCIA DE TECNOLOGIA VIA SEMENTES DE CULTIVARES MELHORADAS,650000,681460,714443,749022
2024,1230,"SECRETARIA DE ESTADO DE AGRICULTURA, PECUÁRIA E ABASTECIMENTO - SEAPA",3051,EMPRESA DE PESQUISA AGROPECUÁRIA DE MINAS GERAIS - EPAMIG,20,571,16,4,21,4021,1,3,1,10,1,0,INOVAÇÕES E SOLUÇÕES TECNOLÓGICAS PARA A AGROPECUÁRIA E A AGROINDÚSTRIA,TRANSFERÊNCIA DE TECNOLOGIA VIA MUDAS QUALIFICADAS,2027583,2069279,2111611,2154576
2024,1230,"SECRETARIA DE ESTADO DE AGRICULTURA, PECUÁRIA E ABASTECIMENTO - SEAPA",3051,EMPRESA DE PESQUISA AGROPECUÁRIA DE MINAS GERAIS - EPAMIG,20,571,16,4,21,4021,1,3,3,60,1,0,INOVAÇÕES E SOLUÇÕES TECNOLÓGICAS PARA A AGROPECUÁRIA E A AGROINDÚSTRIA,TRANSFERÊNCIA DE TECNOLOGIA VIA MUDAS QUALIFICADAS,650000,681460,714443,749022
2024,1230,"SECRETARIA DE ESTADO DE AGRICULTURA, PECUÁRIA E ABASTECIMENTO - SEAPA",3051,EMPRESA DE PESQUISA AGROPECUÁRIA DE MINAS GERAIS - EPAMIG,20,571,16,4,22,4022,1,3,1,10,1,0,INOVAÇÕES E SOLUÇÕES TECNOLÓGICAS PARA A AGROPECUÁRIA E A AGROINDÚSTRIA,TRANSFERÊNCIA DE TECNOLOGIA VIA MATRIZES E REPRODUTORES,2258365,2304807,2351958,2399813
2024,1230,"SECRETARIA DE ESTADO DE AGRICULTURA, PECUÁRIA E ABASTECIMENTO - SEAPA",3051,EMPRESA DE PESQUISA AGROPECUÁRIA DE MINAS GERAIS - EPAMIG,20,571,16,4,22,4022,1,3,3,60,1,0,INOVAÇÕES E SOLUÇÕES TECNOLÓGICAS PARA A AGROPECUÁRIA E A AGROINDÚSTRIA,TRANSFERÊNCIA DE TECNOLOGIA VIA MATRIZES E REPRODUTORES,1100000,1153240,1209057,1267575
2024,1230,"SECRETARIA DE ESTADO DE AGRICULTURA, PECUÁRIA E ABASTECIMENTO - SEAPA",3051,EMPRESA DE PESQUISA AGROPECUÁRIA DE MINAS GERAIS - EPAMIG,20,573,16,4,23,4023,1,3,1,10,1,0,INOVAÇÕES E SOLUÇÕES TECNOLÓGICAS PARA A AGROPECUÁRIA E A AGROINDÚSTRIA,INFORMAÇÃO CIENTÍFICA E TECNOLÓGICA VIA PUBLICAÇÕES,2165861,2210401,2255620,2301515
2024,1230,"SECRETARIA DE ESTADO DE AGRICULTURA, PECUÁRIA E ABASTECIMENTO - SEAPA",3051,EMPRESA DE PESQUISA AGROPECUÁRIA DE MINAS GERAIS - EPAMIG,20,573,16,4,23,4023,1,3,3,60,1,0,INOVAÇÕES E SOLUÇÕES TECNOLÓGICAS PARA A AGROPECUÁRIA E A AGROINDÚSTRIA,INFORMAÇÃO CIENTÍFICA E TECNOLÓGICA VIA PUBLICAÇÕES,250000,262100,274786,288086
2024,1230,"SECRETARIA DE ESTADO DE AGRICULTURA, PECUÁRIA E ABASTECIMENTO - SEAPA",3051,EMPRESA DE PESQUISA AGROPECUÁRIA DE MINAS GERAIS - EPAMIG,28,846,705,7,4,7004,1,3,1,10,9,0,APOIO ÀS POLÍTICAS PÚBLICAS,PRECATÓRIOS E SENTENÇAS JUDICIÁRIAS,1000,1000,1000,1000
2024,1230,"SECRETARIA DE ESTADO DE AGRICULTURA, PECUÁRIA E ABASTECIMENTO - SEAPA",4171,FUNDO ESTADUAL DE DESENVOLVIMENTO RURAL - FUNDERUR,20,605,113,4,401,4401,1,3,3,60,1,1,GARANTIA DE CONTINUIDADE DA PRODUÇÃO AGROPECUÁRIA,FUNDERUR EMERGENCIAL,1000,1000,1000,1000
2024,1230,"SECRETARIA DE ESTADO DE AGRICULTURA, PECUÁRIA E ABASTECIMENTO - SEAPA",4171,FUNDO ESTADUAL DE DESENVOLVIMENTO RURAL - FUNDERUR,20,608,113,4,402,4402,1,3,3,60,1,1,GARANTIA DE CONTINUIDADE DA PRODUÇÃO AGROPECUÁRIA,FUNDERUR DIVERSIFICA,1000,1000,1000,1000
2024,1250,POLÍCIA MILITAR DO ESTADO DE MINAS GERAIS - PMMG,1251,POLÍCIA MILITAR DO ESTADO DE MINAS GERAIS - PMMG,6,122,705,2,500,2500,1,3,1,10,1,0,APOIO ÀS POLÍTICAS PÚBLICAS,ASSESSORAMENTO E GERENCIAMENTO DE POLÍTICAS PÚBLICAS,255042344,263254707,271757835,280589964
2024,1250,POLÍCIA MILITAR DO ESTADO DE MINAS GERAIS - PMMG,1251,POLÍCIA MILITAR DO ESTADO DE MINAS GERAIS - PMMG,6,122,705,2,500,2500,1,3,3,10,1,0,APOIO ÀS POLÍTICAS PÚBLICAS,ASSESSORAMENTO E GERENCIAMENTO DE POLÍTICAS PÚBLICAS,10355393,10856595,11382054,11932945
2024,1250,POLÍCIA MILITAR DO ESTADO DE MINAS GERAIS - PMMG,1251,POLÍCIA MILITAR DO ESTADO DE MINAS GERAIS - PMMG,6,122,705,2,500,2500,1,3,3,10,7,0,APOIO ÀS POLÍTICAS PÚBLICAS,ASSESSORAMENTO E GERENCIAMENTO DE POLÍTICAS PÚBLICAS,12336237,12638475,12948118,13265347
2024,1250,POLÍCIA MILITAR DO ESTADO DE MINAS GERAIS - PMMG,1251,POLÍCIA MILITAR DO ESTADO DE MINAS GERAIS - PMMG,6,122,705,2,500,2500,1,3,3,60,1,0,APOIO ÀS POLÍTICAS PÚBLICAS,ASSESSORAMENTO E GERENCIAMENTO DE POLÍTICAS PÚBLICAS,3234225,3390759,3554872,3726928
2024,1250,POLÍCIA MILITAR DO ESTADO DE MINAS GERAIS - PMMG,1251,POLÍCIA MILITAR DO ESTADO DE MINAS GERAIS - PMMG,6,122,705,7,10,7010,1,3,3,10,7,0,APOIO ÀS POLÍTICAS PÚBLICAS,BENEFÍCIOS ASSISTENCIAIS,33550964,34631305,35749897,36911768
2024,1250,POLÍCIA MILITAR DO ESTADO DE MINAS GERAIS - PMMG,1251,POLÍCIA MILITAR DO ESTADO DE MINAS GERAIS - PMMG,6,181,46,4,372,4372,1,3,1,10,1,0,SUPORTE AÉREO AOS SERVIÇOS PÚBLICOS ESTADUAIS,SUPORTE AÉREO AOS SERVIÇOS DE SEGURANÇA PÚBLICA,34089818,35187510,36324067,37504599
2024,1250,POLÍCIA MILITAR DO ESTADO DE MINAS GERAIS - PMMG,1251,POLÍCIA MILITAR DO ESTADO DE MINAS GERAIS - PMMG,6,181,46,4,372,4372,1,3,3,10,1,0,SUPORTE AÉREO AOS SERVIÇOS PÚBLICOS ESTADUAIS,SUPORTE AÉREO AOS SERVIÇOS DE SEGURANÇA PÚBLICA,13715645,14379483,15075450,15805101
2024,1250,POLÍCIA MILITAR DO ESTADO DE MINAS GERAIS - PMMG,1251,POLÍCIA MILITAR DO ESTADO DE MINAS GERAIS - PMMG,6,181,46,4,372,4372,1,3,3,10,7,0,SUPORTE AÉREO AOS SERVIÇOS PÚBLICOS ESTADUAIS,SUPORTE AÉREO AOS SERVIÇOS DE SEGURANÇA PÚBLICA,1936779,1984230,2032844,2082649
2024,1250,POLÍCIA MILITAR DO ESTADO DE MINAS GERAIS - PMMG,1251,POLÍCIA MILITAR DO ESTADO DE MINAS GERAIS - PMMG,6,181,46,4,372,4372,1,3,3,60,1,0,SUPORTE AÉREO AOS SERVIÇOS PÚBLICOS ESTADUAIS,SUPORTE AÉREO AOS SERVIÇOS DE SEGURANÇA PÚBLICA,340000,356456,373708,391796
2024,1250,POLÍCIA MILITAR DO ESTADO DE MINAS GERAIS - PMMG,1251,POLÍCIA MILITAR DO ESTADO DE MINAS GERAIS - PMMG,6,181,46,4,372,4372,1,4,4,69,1,0,SUPORTE AÉREO AOS SERVIÇOS PÚBLICOS ESTADUAIS,SUPORTE AÉREO AOS SERVIÇOS DE SEGURANÇA PÚBLICA,80000,0,0,0
2024,1250,POLÍCIA MILITAR DO ESTADO DE MINAS GERAIS - PMMG,1251,POLÍCIA MILITAR DO ESTADO DE MINAS GERAIS - PMMG,6,181,135,2,57,2057,1,3,3,10,1,0,PROTEÇÃO SOCIAL DOS MILITARES,DEMAIS ASSISTÊNCIAS,70392,73798,77370,81115
2024,1250,POLÍCIA MILITAR DO ESTADO DE MINAS GERAIS - PMMG,1251,POLÍCIA MILITAR DO ESTADO DE MINAS GERAIS - PMMG,6,181,137,2,61,2061,1,3,1,10,1,0,POLÍCIA OSTENSIVA,EDUCAÇÃO PROFISSIONAL DE SEGURANÇA PÚBLICA,111107555,114685219,118389552,122237212
2024,1250,POLÍCIA MILITAR DO ESTADO DE MINAS GERAIS - PMMG,1251,POLÍCIA MILITAR DO ESTADO DE MINAS GERAIS - PMMG,6,181,137,2,61,2061,1,3,3,10,1,0,POLÍCIA OSTENSIVA,EDUCAÇÃO PROFISSIONAL DE SEGURANÇA PÚBLICA,21772752,22826553,23931358,25089636
2024,1250,POLÍCIA MILITAR DO ESTADO DE MINAS GERAIS - PMMG,1251,POLÍCIA MILITAR DO ESTADO DE MINAS GERAIS - PMMG,6,181,137,2,61,2061,1,3,3,10,7,0,POLÍCIA OSTENSIVA,EDUCAÇÃO PROFISSIONAL DE SEGURANÇA PÚBLICA,11277677,11553980,11837052,12127060
2024,1250,POLÍCIA MILITAR DO ESTADO DE MINAS GERAIS - PMMG,1251,POLÍCIA MILITAR DO ESTADO DE MINAS GERAIS - PMMG,6,181,137,2,61,2061,1,3,3,60,1,0,POLÍCIA OSTENSIVA,EDUCAÇÃO PROFISSIONAL DE SEGURANÇA PÚBLICA,18055,18929,19845,20806
2024,1250,POLÍCIA MILITAR DO ESTADO DE MINAS GERAIS - PMMG,1251,POLÍCIA MILITAR DO ESTADO DE MINAS GERAIS - PMMG,6,181,137,2,63,2063,1,3,3,10,1,0,POLÍCIA OSTENSIVA,COMUNICAÇÕES OPERACIONAIS,4940900,5180039,5430753,5693602
2024,1250,POLÍCIA MILITAR DO ESTADO DE MINAS GERAIS - PMMG,1251,POLÍCIA MILITAR DO ESTADO DE MINAS GERAIS - PMMG,6,181,137,2,63,2063,1,4,4,68,1,0,POLÍCIA OSTENSIVA,COMUNICAÇÕES OPERACIONAIS,150000,0,0,0
2024,1250,POLÍCIA MILITAR DO ESTADO DE MINAS GERAIS - PMMG,1251,POLÍCIA MILITAR DO ESTADO DE MINAS GERAIS - PMMG,6,181,137,2,63,2063,1,4,4,95,1,0,POLÍCIA OSTENSIVA,COMUNICAÇÕES OPERACIONAIS,1317050,0,0,0
2024,1250,POLÍCIA MILITAR DO ESTADO DE MINAS GERAIS - PMMG,1251,POLÍCIA MILITAR DO ESTADO DE MINAS GERAIS - PMMG,6,181,137,4,365,4365,1,3,1,10,1,0,POLÍCIA OSTENSIVA,POLICIAMENTO OSTENSIVO GERAL,3932574651,4058852447,4190592015,4327077952
2024,1250,POLÍCIA MILITAR DO ESTADO DE MINAS GERAIS - PMMG,1251,POLÍCIA MILITAR DO ESTADO DE MINAS GERAIS - PMMG,6,181,137,4,365,4365,1,3,3,1,1,0,POLÍCIA OSTENSIVA,POLICIAMENTO OSTENSIVO GERAL,1088435,0,0,0
2024,1250,POLÍCIA MILITAR DO ESTADO DE MINAS GERAIS - PMMG,1251,POLÍCIA MILITAR DO ESTADO DE MINAS GERAIS - PMMG,6,181,137,4,365,4365,1,3,3,2,1,0,POLÍCIA OSTENSIVA,POLICIAMENTO OSTENSIVO GERAL,1055000,0,0,0
2024,1250,POLÍCIA MILITAR DO ESTADO DE MINAS GERAIS - PMMG,1251,POLÍCIA MILITAR DO ESTADO DE MINAS GERAIS - PMMG,6,181,137,4,365,4365,1,3,3,9,1,0,POLÍCIA OSTENSIVA,POLICIAMENTO OSTENSIVO GERAL,62438,0,0,0
2024,1250,POLÍCIA MILITAR DO ESTADO DE MINAS GERAIS - PMMG,1251,POLÍCIA MILITAR DO ESTADO DE MINAS GERAIS - PMMG,6,181,137,4,365,4365,1,3,3,10,1,0,POLÍCIA OSTENSIVA,POLICIAMENTO OSTENSIVO GERAL,221341638,232054573,243286015,255061058
2024,1250,POLÍCIA MILITAR DO ESTADO DE MINAS GERAIS - PMMG,1251,POLÍCIA MILITAR DO ESTADO DE MINAS GERAIS - PMMG,6,181,137,4,365,4365,1,3,3,10,7,0,POLÍCIA OSTENSIVA,POLICIAMENTO OSTENSIVO GERAL,261480439,267623998,273906183,280326299
2024,1250,POLÍCIA MILITAR DO ESTADO DE MINAS GERAIS - PMMG,1251,POLÍCIA MILITAR DO ESTADO DE MINAS GERAIS - PMMG,6,181,137,4,365,4365,1,3,3,24,1,0,POLÍCIA OSTENSIVA,POLICIAMENTO OSTENSIVO GERAL,3489773,0,0,0
2024,1250,POLÍCIA MILITAR DO ESTADO DE MINAS GERAIS - PMMG,1251,POLÍCIA MILITAR DO ESTADO DE MINAS GERAIS - PMMG,6,181,137,4,365,4365,1,3,3,45,1,0,POLÍCIA OSTENSIVA,POLICIAMENTO OSTENSIVO GERAL,33027,34626,36302,38059
2024,1250,POLÍCIA MILITAR DO ESTADO DE MINAS GERAIS - PMMG,1251,POLÍCIA MILITAR DO ESTADO DE MINAS GERAIS - PMMG,6,181,137,4,365,4365,1,3,3,60,1,0,POLÍCIA OSTENSIVA,POLICIAMENTO OSTENSIVO GERAL,2610129,2736462,2868906,3007760
2024,1250,POLÍCIA MILITAR DO ESTADO DE MINAS GERAIS - PMMG,1251,POLÍCIA MILITAR DO ESTADO DE MINAS GERAIS - PMMG,6,181,137,4,365,4365,1,3,3,68,1,0,POLÍCIA OSTENSIVA,POLICIAMENTO OSTENSIVO GERAL,102550,0,0,0
2024,1250,POLÍCIA MILITAR DO ESTADO DE MINAS GERAIS - PMMG,1251,POLÍCIA MILITAR DO ESTADO DE MINAS GERAIS - PMMG,6,181,137,4,365,4365,1,3,3,69,1,0,POLÍCIA OSTENSIVA,POLICIAMENTO OSTENSIVO GERAL,2080544,0,0,0
2024,1250,POLÍCIA MILITAR DO ESTADO DE MINAS GERAIS - PMMG,1251,POLÍCIA MILITAR DO ESTADO DE MINAS GERAIS - PMMG,6,181,137,4,365,4365,1,3,3,70,1,0,POLÍCIA OSTENSIVA,POLICIAMENTO OSTENSIVO GERAL,4565000,0,0,0
2024,1250,POLÍCIA MILITAR DO ESTADO DE MINAS GERAIS - PMMG,1251,POLÍCIA MILITAR DO ESTADO DE MINAS GERAIS - PMMG,6,181,137,4,365,4365,1,3,3,82,1,0,POLÍCIA OSTENSIVA,POLICIAMENTO OSTENSIVO GERAL,12000000,12580800,13189711,13828093
2024,1250,POLÍCIA MILITAR DO ESTADO DE MINAS GERAIS - PMMG,1251,POLÍCIA MILITAR DO ESTADO DE MINAS GERAIS - PMMG,6,181,137,4,365,4365,1,4,4,1,1,0,POLÍCIA OSTENSIVA,POLICIAMENTO OSTENSIVO GERAL,11804995,0,0,0
2024,1250,POLÍCIA MILITAR DO ESTADO DE MINAS GERAIS - PMMG,1251,POLÍCIA MILITAR DO ESTADO DE MINAS GERAIS - PMMG,6,181,137,4,365,4365,1,4,4,2,1,0,POLÍCIA OSTENSIVA,POLICIAMENTO OSTENSIVO GERAL,37067667,0,0,0
2024,1250,POLÍCIA MILITAR DO ESTADO DE MINAS GERAIS - PMMG,1251,POLÍCIA MILITAR DO ESTADO DE MINAS GERAIS - PMMG,6,181,137,4,365,4365,1,4,4,9,1,0,POLÍCIA OSTENSIVA,POLICIAMENTO OSTENSIVO GERAL,486034,0,0,0
2024,1250,POLÍCIA MILITAR DO ESTADO DE MINAS GERAIS - PMMG,1251,POLÍCIA MILITAR DO ESTADO DE MINAS GERAIS - PMMG,6,181,137,4,365,4365,1,4,4,10,1,0,POLÍCIA OSTENSIVA,POLICIAMENTO OSTENSIVO GERAL,5801142,5801142,5801142,5801142
2024,1250,POLÍCIA MILITAR DO ESTADO DE MINAS GERAIS - PMMG,1251,POLÍCIA MILITAR DO ESTADO DE MINAS GERAIS - PMMG,6,181,137,4,365,4365,1,4,4,24,1,0,POLÍCIA OSTENSIVA,POLICIAMENTO OSTENSIVO GERAL,29258591,0,0,0
2024,1250,POLÍCIA MILITAR DO ESTADO DE MINAS GERAIS - PMMG,1251,POLÍCIA MILITAR DO ESTADO DE MINAS GERAIS - PMMG,6,181,137,4,365,4365,1,4,4,45,1,0,POLÍCIA OSTENSIVA,POLICIAMENTO OSTENSIVO GERAL,9410,9410,9410,9410
2024,1250,POLÍCIA MILITAR DO ESTADO DE MINAS GERAIS - PMMG,1251,POLÍCIA MILITAR DO ESTADO DE MINAS GERAIS - PMMG,6,181,137,4,365,4365,1,4,4,68,1,0,POLÍCIA OSTENSIVA,POLICIAMENTO OSTENSIVO GERAL,461550,0,0,0
2024,1250,POLÍCIA MILITAR DO ESTADO DE MINAS GERAIS - PMMG,1251,POLÍCIA MILITAR DO ESTADO DE MINAS GERAIS - PMMG,6,181,137,4,365,4365,1,4,4,69,1,0,POLÍCIA OSTENSIVA,POLICIAMENTO OSTENSIVO GERAL,1428950,0,0,0
2024,1250,POLÍCIA MILITAR DO ESTADO DE MINAS GERAIS - PMMG,1251,POLÍCIA MILITAR DO ESTADO DE MINAS GERAIS - PMMG,6,181,137,4,365,4365,1,4,4,70,1,0,POLÍCIA OSTENSIVA,POLICIAMENTO OSTENSIVO GERAL,6180000,0,0,0
2024,1250,POLÍCIA MILITAR DO ESTADO DE MINAS GERAIS - PMMG,1251,POLÍCIA MILITAR DO ESTADO DE MINAS GERAIS - PMMG,6,181,137,4,365,4365,1,4,4,95,1,0,POLÍCIA OSTENSIVA,POLICIAMENTO OSTENSIVO GERAL,1350728,0,0,0
2024,1250,POLÍCIA MILITAR DO ESTADO DE MINAS GERAIS - PMMG,1251,POLÍCIA MILITAR DO ESTADO DE MINAS GERAIS - PMMG,6,181,137,4,366,4366,1,3,3,10,1,0,POLÍCIA OSTENSIVA,ESTRUTURAÇÃO E MODERNIZAÇÃO,1000,1048,1099,1152
2024,1250,POLÍCIA MILITAR DO ESTADO DE MINAS GERAIS - PMMG,1251,POLÍCIA MILITAR DO ESTADO DE MINAS GERAIS - PMMG,6,181,137,4,373,4373,1,3,3,60,1,0,POLÍCIA OSTENSIVA,POLICIAMENTO DE PROXIMIDADE,326261,342052,358608,375964
2024,1250,POLÍCIA MILITAR DO ESTADO DE MINAS GERAIS - PMMG,1251,POLÍCIA MILITAR DO ESTADO DE MINAS GERAIS - PMMG,6,181,137,4,374,4374,1,3,1,10,1,0,POLÍCIA OSTENSIVA,POLICIAMENTO ESPECIALIZADO,270193375,278893602,287901865,297258676
2024,1250,POLÍCIA MILITAR DO ESTADO DE MINAS GERAIS - PMMG,1251,POLÍCIA MILITAR DO ESTADO DE MINAS GERAIS - PMMG,6,181,137,4,374,4374,1,3,1,27,1,0,POLÍCIA OSTENSIVA,POLICIAMENTO ESPECIALIZADO,143928869,146052590,148207647,150394502
2024,1250,POLÍCIA MILITAR DO ESTADO DE MINAS GERAIS - PMMG,1251,POLÍCIA MILITAR DO ESTADO DE MINAS GERAIS - PMMG,6,181,137,4,374,4374,1,3,3,10,1,0,POLÍCIA OSTENSIVA,POLICIAMENTO ESPECIALIZADO,4710693,4938690,5177722,5428324
2024,1250,POLÍCIA MILITAR DO ESTADO DE MINAS GERAIS - PMMG,1251,POLÍCIA MILITAR DO ESTADO DE MINAS GERAIS - PMMG,6,181,137,4,374,4374,1,3,3,10,7,0,POLÍCIA OSTENSIVA,POLICIAMENTO ESPECIALIZADO,33918005,34748996,35600347,36472555
2024,1250,POLÍCIA MILITAR DO ESTADO DE MINAS GERAIS - PMMG,1251,POLÍCIA MILITAR DO ESTADO DE MINAS GERAIS - PMMG,6,181,137,4,374,4374,1,3,3,52,2,0,POLÍCIA OSTENSIVA,POLICIAMENTO ESPECIALIZADO,0,0,0,0
2024,1250,POLÍCIA MILITAR DO ESTADO DE MINAS GERAIS - PMMG,1251,POLÍCIA MILITAR DO ESTADO DE MINAS GERAIS - PMMG,6,181,137,4,374,4374,1,3,3,70,1,0,POLÍCIA OSTENSIVA,POLICIAMENTO ESPECIALIZADO,5499150,0,0,0
2024,1250,POLÍCIA MILITAR DO ESTADO DE MINAS GERAIS - PMMG,1251,POLÍCIA MILITAR DO ESTADO DE MINAS GERAIS - PMMG,6,181,137,4,374,4374,1,3,3,73,1,0,POLÍCIA OSTENSIVA,POLICIAMENTO ESPECIALIZADO,16001000,0,0,0
2024,1250,POLÍCIA MILITAR DO ESTADO DE MINAS GERAIS - PMMG,1251,POLÍCIA MILITAR DO ESTADO DE MINAS GERAIS - PMMG,6,181,137,4,374,4374,1,3,3,83,2,0,POLÍCIA OSTENSIVA,POLICIAMENTO ESPECIALIZADO,15000000,0,0,0
2024,1250,POLÍCIA MILITAR DO ESTADO DE MINAS GERAIS - PMMG,1251,POLÍCIA MILITAR DO ESTADO DE MINAS GERAIS - PMMG,6,181,137,4,374,4374,1,4,4,70,1,0,POLÍCIA OSTENSIVA,POLICIAMENTO ESPECIALIZADO,2575992,0,0,0
2024,1250,POLÍCIA MILITAR DO ESTADO DE MINAS GERAIS - PMMG,1251,POLÍCIA MILITAR DO ESTADO DE MINAS GERAIS - PMMG,6,181,137,4,374,4374,1,4,4,73,1,0,POLÍCIA OSTENSIVA,POLICIAMENTO ESPECIALIZADO,30000000,0,0,0
2024,1250,POLÍCIA MILITAR DO ESTADO DE MINAS GERAIS - PMMG,1251,POLÍCIA MILITAR DO ESTADO DE MINAS GERAIS - PMMG,6,182,48,2,65,2065,1,3,3,10,1,0,PROTEÇÃO E DEFESA CIVIL,CAPACITAÇÃO E TREINAMENTO POLICIAL-MILITAR PARA PROTEÇÃO E DEFESA CIVIL,150000,157260,164871,172851
2024,1250,POLÍCIA MILITAR DO ESTADO DE MINAS GERAIS - PMMG,1251,POLÍCIA MILITAR DO ESTADO DE MINAS GERAIS - PMMG,6,272,705,7,7,7007,1,3,1,10,1,0,APOIO ÀS POLÍTICAS PÚBLICAS,PROVENTOS DE INATIVOS MILITARES,7999744006,8257335763,8524047708,8801079259
2024,1250,POLÍCIA MILITAR DO ESTADO DE MINAS GERAIS - PMMG,1251,POLÍCIA MILITAR DO ESTADO DE MINAS GERAIS - PMMG,10,302,135,2,60,2060,1,3,1,10,1,0,PROTEÇÃO SOCIAL DOS MILITARES,ASSISTÊNCIA À SAÚDE,220952526,228067196,235433767,243085364
2024,1250,POLÍCIA MILITAR DO ESTADO DE MINAS GERAIS - PMMG,1251,POLÍCIA MILITAR DO ESTADO DE MINAS GERAIS - PMMG,10,302,135,2,60,2060,1,3,3,10,1,0,PROTEÇÃO SOCIAL DOS MILITARES,ASSISTÊNCIA À SAÚDE,1000,1049,1099,1152
2024,1250,POLÍCIA MILITAR DO ESTADO DE MINAS GERAIS - PMMG,1251,POLÍCIA MILITAR DO ESTADO DE MINAS GERAIS - PMMG,10,302,135,2,60,2060,1,3,3,10,7,0,PROTEÇÃO SOCIAL DOS MILITARES,ASSISTÊNCIA À SAÚDE,11265085,11541080,11823837,12113521
2024,1250,POLÍCIA MILITAR DO ESTADO DE MINAS GERAIS - PMMG,1251,POLÍCIA MILITAR DO ESTADO DE MINAS GERAIS - PMMG,10,302,135,2,60,2060,1,4,4,95,1,0,PROTEÇÃO SOCIAL DOS MILITARES,ASSISTÊNCIA À SAÚDE,4000000,0,0,0
2024,1250,POLÍCIA MILITAR DO ESTADO DE MINAS GERAIS - PMMG,1251,POLÍCIA MILITAR DO ESTADO DE MINAS GERAIS - PMMG,12,361,136,2,58,2058,1,3,1,10,1,0,EDUCAÇÃO ESCOLAR,ENSINO FUNDAMENTAL,13888445,14335652,14798693,15279651
2024,1250,POLÍCIA MILITAR DO ESTADO DE MINAS GERAIS - PMMG,1251,POLÍCIA MILITAR DO ESTADO DE MINAS GERAIS - PMMG,12,361,136,2,58,2058,1,3,3,10,1,0,EDUCAÇÃO ESCOLAR,ENSINO FUNDAMENTAL,4748274,4978091,5219031,5471632
2024,1250,POLÍCIA MILITAR DO ESTADO DE MINAS GERAIS - PMMG,1251,POLÍCIA MILITAR DO ESTADO DE MINAS GERAIS - PMMG,12,361,136,2,58,2058,1,3,3,10,7,0,EDUCAÇÃO ESCOLAR,ENSINO FUNDAMENTAL,760812,779452,798549,818113
2024,1250,POLÍCIA MILITAR DO ESTADO DE MINAS GERAIS - PMMG,1251,POLÍCIA MILITAR DO ESTADO DE MINAS GERAIS - PMMG,12,362,136,2,59,2059,1,3,1,10,1,0,EDUCAÇÃO ESCOLAR,ENSINO MÉDIO,147722546,152479212,157404291,162519930
2024,1250,POLÍCIA MILITAR DO ESTADO DE MINAS GERAIS - PMMG,1251,POLÍCIA MILITAR DO ESTADO DE MINAS GERAIS - PMMG,12,362,136,2,59,2059,1,3,3,10,1,0,EDUCAÇÃO ESCOLAR,ENSINO MÉDIO,861184,902865,946564,992378
2024,1250,POLÍCIA MILITAR DO ESTADO DE MINAS GERAIS - PMMG,1251,POLÍCIA MILITAR DO ESTADO DE MINAS GERAIS - PMMG,12,362,136,2,59,2059,1,3,3,10,7,0,EDUCAÇÃO ESCOLAR,ENSINO MÉDIO,10719550,10982179,11251242,11526897
2024,1250,POLÍCIA MILITAR DO ESTADO DE MINAS GERAIS - PMMG,2121,INSTITUTO DE PREVIDÊNCIA DOS SERVIDORES MILITARES DO ESTADO DE MINAS GERAIS - IPSM,9,122,705,2,18,2018,1,3,1,10,1,0,APOIO ÀS POLÍTICAS PÚBLICAS,APOIO AO SISTEMA DE PROTEÇÃO SOCIAL DOS MILITARES DE MINAS GERAIS,2282199,2338087,2395344,2454003
2024,1250,POLÍCIA MILITAR DO ESTADO DE MINAS GERAIS - PMMG,2121,INSTITUTO DE PREVIDÊNCIA DOS SERVIDORES MILITARES DO ESTADO DE MINAS GERAIS - IPSM,9,122,705,2,18,2018,1,3,3,10,7,0,APOIO ÀS POLÍTICAS PÚBLICAS,APOIO AO SISTEMA DE PROTEÇÃO SOCIAL DOS MILITARES DE MINAS GERAIS,700996,718163,735750,753768
2024,1250,POLÍCIA MILITAR DO ESTADO DE MINAS GERAIS - PMMG,2121,INSTITUTO DE PREVIDÊNCIA DOS SERVIDORES MILITARES DO ESTADO DE MINAS GERAIS - IPSM,9,122,705,2,18,2018,1,3,3,60,1,0,APOIO ÀS POLÍTICAS PÚBLICAS,APOIO AO SISTEMA DE PROTEÇÃO SOCIAL DOS MILITARES DE MINAS GERAIS,12811943,13455892,14046606,14663252
2024,1250,POLÍCIA MILITAR DO ESTADO DE MINAS GERAIS - PMMG,2121,INSTITUTO DE PREVIDÊNCIA DOS SERVIDORES MILITARES DO ESTADO DE MINAS GERAIS - IPSM,9,122,705,2,18,2018,1,4,4,60,1,0,APOIO ÀS POLÍTICAS PÚBLICAS,APOIO AO SISTEMA DE PROTEÇÃO SOCIAL DOS MILITARES DE MINAS GERAIS,78077,78077,78077,78077
2024,1250,POLÍCIA MILITAR DO ESTADO DE MINAS GERAIS - PMMG,2121,INSTITUTO DE PREVIDÊNCIA DOS SERVIDORES MILITARES DO ESTADO DE MINAS GERAIS - IPSM,9,272,8,4,10,4010,1,3,1,10,1,0,PRESTAÇÃO DE SERVIÇOS PREVIDENCIÁRIOS,AUXÍLIOS PREVIDENCIÁRIOS E ASSISTENCIAIS CONCEDIDOS AOS SEGURADOS E AOS SEUS DEPENDENTES,382790,392164,401769,411608
2024,1250,POLÍCIA MILITAR DO ESTADO DE MINAS GERAIS - PMMG,2121,INSTITUTO DE PREVIDÊNCIA DOS SERVIDORES MILITARES DO ESTADO DE MINAS GERAIS - IPSM,9,272,8,4,10,4010,1,3,3,10,7,0,PRESTAÇÃO DE SERVIÇOS PREVIDENCIÁRIOS,AUXÍLIOS PREVIDENCIÁRIOS E ASSISTENCIAIS CONCEDIDOS AOS SEGURADOS E AOS SEUS DEPENDENTES,119251,122171,125163,128228
2024,1250,POLÍCIA MILITAR DO ESTADO DE MINAS GERAIS - PMMG,2121,INSTITUTO DE PREVIDÊNCIA DOS SERVIDORES MILITARES DO ESTADO DE MINAS GERAIS - IPSM,9,272,8,4,10,4010,1,3,3,60,1,0,PRESTAÇÃO DE SERVIÇOS PREVIDENCIÁRIOS,AUXÍLIOS PREVIDENCIÁRIOS E ASSISTENCIAIS CONCEDIDOS AOS SEGURADOS E AOS SEUS DEPENDENTES,30494068,31832758,33230216,34689022
2024,1250,POLÍCIA MILITAR DO ESTADO DE MINAS GERAIS - PMMG,2121,INSTITUTO DE PREVIDÊNCIA DOS SERVIDORES MILITARES DO ESTADO DE MINAS GERAIS - IPSM,9,272,8,4,11,4011,1,3,1,10,1,0,PRESTAÇÃO DE SERVIÇOS PREVIDENCIÁRIOS,AUXÍLIO RECLUSÃO CONCEDIDO AOS DEPENDENTES DO SEGURADO,307820,315359,323082,330995
2024,1250,POLÍCIA MILITAR DO ESTADO DE MINAS GERAIS - PMMG,2121,INSTITUTO DE PREVIDÊNCIA DOS SERVIDORES MILITARES DO ESTADO DE MINAS GERAIS - IPSM,9,272,8,4,11,4011,1,3,3,10,7,0,PRESTAÇÃO DE SERVIÇOS PREVIDENCIÁRIOS,AUXÍLIO RECLUSÃO CONCEDIDO AOS DEPENDENTES DO SEGURADO,111383,114111,116905,119768
2024,1250,POLÍCIA MILITAR DO ESTADO DE MINAS GERAIS - PMMG,2121,INSTITUTO DE PREVIDÊNCIA DOS SERVIDORES MILITARES DO ESTADO DE MINAS GERAIS - IPSM,9,272,8,4,11,4011,1,3,3,60,1,0,PRESTAÇÃO DE SERVIÇOS PREVIDENCIÁRIOS,AUXÍLIO RECLUSÃO CONCEDIDO AOS DEPENDENTES DO SEGURADO,726265,758148,791431,826175
2024,1250,POLÍCIA MILITAR DO ESTADO DE MINAS GERAIS - PMMG,2121,INSTITUTO DE PREVIDÊNCIA DOS SERVIDORES MILITARES DO ESTADO DE MINAS GERAIS - IPSM,9,272,705,7,2,7002,1,3,1,10,1,0,APOIO ÀS POLÍTICAS PÚBLICAS,ENCARGOS COM PENSIONISTAS,496319462,511369402,526770878,542635879
2024,1250,POLÍCIA MILITAR DO ESTADO DE MINAS GERAIS - PMMG,2121,INSTITUTO DE PREVIDÊNCIA DOS SERVIDORES MILITARES DO ESTADO DE MINAS GERAIS - IPSM,9,272,705,7,2,7002,1,3,1,78,1,0,APOIO ÀS POLÍTICAS PÚBLICAS,ENCARGOS COM PENSIONISTAS,1561549133,1608707917,1656969155,1706678230
2024,1250,POLÍCIA MILITAR DO ESTADO DE MINAS GERAIS - PMMG,2121,INSTITUTO DE PREVIDÊNCIA DOS SERVIDORES MILITARES DO ESTADO DE MINAS GERAIS - IPSM,10,122,705,2,17,2017,1,3,1,10,1,0,APOIO ÀS POLÍTICAS PÚBLICAS,APOIO A POLÍTICA DE SAÚDE PARA OS MILITARES,2868016,2938250,3010204,3083920
2024,1250,POLÍCIA MILITAR DO ESTADO DE MINAS GERAIS - PMMG,2121,INSTITUTO DE PREVIDÊNCIA DOS SERVIDORES MILITARES DO ESTADO DE MINAS GERAIS - IPSM,10,122,705,2,17,2017,1,3,3,10,7,0,APOIO ÀS POLÍTICAS PÚBLICAS,APOIO A POLÍTICA DE SAÚDE PARA OS MILITARES,1081861,1108354,1135497,1163305
2024,1250,POLÍCIA MILITAR DO ESTADO DE MINAS GERAIS - PMMG,2121,INSTITUTO DE PREVIDÊNCIA DOS SERVIDORES MILITARES DO ESTADO DE MINAS GERAIS - IPSM,10,122,705,2,17,2017,1,3,3,60,1,0,APOIO ÀS POLÍTICAS PÚBLICAS,APOIO A POLÍTICA DE SAÚDE PARA OS MILITARES,58250943,61052672,63732884,66530758
2024,1250,POLÍCIA MILITAR DO ESTADO DE MINAS GERAIS - PMMG,2121,INSTITUTO DE PREVIDÊNCIA DOS SERVIDORES MILITARES DO ESTADO DE MINAS GERAIS - IPSM,10,122,705,2,17,2017,1,4,4,60,1,0,APOIO ÀS POLÍTICAS PÚBLICAS,APOIO A POLÍTICA DE SAÚDE PARA OS MILITARES,234230,234230,234230,234230
2024,1250,POLÍCIA MILITAR DO ESTADO DE MINAS GERAIS - PMMG,2121,INSTITUTO DE PREVIDÊNCIA DOS SERVIDORES MILITARES DO ESTADO DE MINAS GERAIS - IPSM,10,302,6,4,8,4008,1,3,1,10,1,0,ASSISTÊNCIA À SAÚDE DOS SEGURADOS E DOS SEUS DEPENDENTES,ASSISTÊNCIA À SAÚDE DOS SEGURADOS E DE SEUS DEPENDENTES,4568876,4680762,4795388,4912820
2024,1250,POLÍCIA MILITAR DO ESTADO DE MINAS GERAIS - PMMG,2121,INSTITUTO DE PREVIDÊNCIA DOS SERVIDORES MILITARES DO ESTADO DE MINAS GERAIS - IPSM,10,302,6,4,8,4008,1,3,3,10,1,0,ASSISTÊNCIA À SAÚDE DOS SEGURADOS E DOS SEUS DEPENDENTES,ASSISTÊNCIA À SAÚDE DOS SEGURADOS E DE SEUS DEPENDENTES,714075153,747063381,783221249,821129158
2024,1250,POLÍCIA MILITAR DO ESTADO DE MINAS GERAIS - PMMG,2121,INSTITUTO DE PREVIDÊNCIA DOS SERVIDORES MILITARES DO ESTADO DE MINAS GERAIS - IPSM,10,302,6,4,8,4008,1,3,3,10,7,0,ASSISTÊNCIA À SAÚDE DOS SEGURADOS E DOS SEUS DEPENDENTES,ASSISTÊNCIA À SAÚDE DOS SEGURADOS E DE SEUS DEPENDENTES,1571233,1609711,1649131,1689517
2024,1250,POLÍCIA MILITAR DO ESTADO DE MINAS GERAIS - PMMG,2121,INSTITUTO DE PREVIDÊNCIA DOS SERVIDORES MILITARES DO ESTADO DE MINAS GERAIS - IPSM,10,302,6,4,8,4008,1,3,3,50,1,0,ASSISTÊNCIA À SAÚDE DOS SEGURADOS E DOS SEUS DEPENDENTES,ASSISTÊNCIA À SAÚDE DOS SEGURADOS E DE SEUS DEPENDENTES,5392800,5653812,5927457,6214346
2024,1250,POLÍCIA MILITAR DO ESTADO DE MINAS GERAIS - PMMG,2121,INSTITUTO DE PREVIDÊNCIA DOS SERVIDORES MILITARES DO ESTADO DE MINAS GERAIS - IPSM,10,302,6,4,8,4008,1,3,3,60,1,0,ASSISTÊNCIA À SAÚDE DOS SEGURADOS E DOS SEUS DEPENDENTES,ASSISTÊNCIA À SAÚDE DOS SEGURADOS E DE SEUS DEPENDENTES,67765424,72752536,76755706,80973787
2024,1250,POLÍCIA MILITAR DO ESTADO DE MINAS GERAIS - PMMG,2121,INSTITUTO DE PREVIDÊNCIA DOS SERVIDORES MILITARES DO ESTADO DE MINAS GERAIS - IPSM,10,302,6,4,9,4009,1,3,1,10,1,0,ASSISTÊNCIA À SAÚDE DOS SEGURADOS E DOS SEUS DEPENDENTES,ASSITÊNCIA ODONTOLÓGICA AOS SEGURADOS MILITARES E A SEUS DEPENDENTES,287104,294135,301339,308720
2024,1250,POLÍCIA MILITAR DO ESTADO DE MINAS GERAIS - PMMG,2121,INSTITUTO DE PREVIDÊNCIA DOS SERVIDORES MILITARES DO ESTADO DE MINAS GERAIS - IPSM,10,302,6,4,9,4009,1,3,3,10,1,0,ASSISTÊNCIA À SAÚDE DOS SEGURADOS E DOS SEUS DEPENDENTES,ASSITÊNCIA ODONTOLÓGICA AOS SEGURADOS MILITARES E A SEUS DEPENDENTES,42769067,44839090,47009302,49284552
2024,1250,POLÍCIA MILITAR DO ESTADO DE MINAS GERAIS - PMMG,2121,INSTITUTO DE PREVIDÊNCIA DOS SERVIDORES MILITARES DO ESTADO DE MINAS GERAIS - IPSM,10,302,6,4,9,4009,1,3,3,10,7,0,ASSISTÊNCIA À SAÚDE DOS SEGURADOS E DOS SEUS DEPENDENTES,ASSITÊNCIA ODONTOLÓGICA AOS SEGURADOS MILITARES E A SEUS DEPENDENTES,76221,78089,80002,81961
2024,1250,POLÍCIA MILITAR DO ESTADO DE MINAS GERAIS - PMMG,2121,INSTITUTO DE PREVIDÊNCIA DOS SERVIDORES MILITARES DO ESTADO DE MINAS GERAIS - IPSM,10,302,6,4,9,4009,1,3,3,49,1,0,ASSISTÊNCIA À SAÚDE DOS SEGURADOS E DOS SEUS DEPENDENTES,ASSITÊNCIA ODONTOLÓGICA AOS SEGURADOS MILITARES E A SEUS DEPENDENTES,10898800,11426302,11979335,12559135
2024,1250,POLÍCIA MILITAR DO ESTADO DE MINAS GERAIS - PMMG,2121,INSTITUTO DE PREVIDÊNCIA DOS SERVIDORES MILITARES DO ESTADO DE MINAS GERAIS - IPSM,28,846,705,7,4,7004,1,3,1,60,9,0,APOIO ÀS POLÍTICAS PÚBLICAS,PRECATÓRIOS E SENTENÇAS JUDICIÁRIAS,16602878,1000,1000,1000
2024,1250,POLÍCIA MILITAR DO ESTADO DE MINAS GERAIS - PMMG,2121,INSTITUTO DE PREVIDÊNCIA DOS SERVIDORES MILITARES DO ESTADO DE MINAS GERAIS - IPSM,28,846,705,7,4,7004,1,3,3,60,9,0,APOIO ÀS POLÍTICAS PÚBLICAS,PRECATÓRIOS E SENTENÇAS JUDICIÁRIAS,101935,1000,1000,1000
2024,1250,POLÍCIA MILITAR DO ESTADO DE MINAS GERAIS - PMMG,4541,FUNDO DE APOIO HABITACIONAL AOS MILITARES DO ESTADO DE MINAS GERAIS - FAHMEMG,16,482,9,4,349,4349,1,3,3,60,1,0,PROGRAMA DE APOIO HABITACIONAL AOS MILITARES DO ESTADO DE MINAS GERAIS,FINANCIAMENTO HABITACIONAL AOS SERVIDORES MILITARES,437158,0,0,0
2024,1250,POLÍCIA MILITAR DO ESTADO DE MINAS GERAIS - PMMG,4541,FUNDO DE APOIO HABITACIONAL AOS MILITARES DO ESTADO DE MINAS GERAIS - FAHMEMG,16,482,9,4,349,4349,1,4,5,60,1,0,PROGRAMA DE APOIO HABITACIONAL AOS MILITARES DO ESTADO DE MINAS GERAIS,FINANCIAMENTO HABITACIONAL AOS SERVIDORES MILITARES,0,0,0,0
2024,1260,SECRETARIA DE ESTADO DE EDUCAÇÃO - SEE,1261,SECRETARIA DE ESTADO DE EDUCAÇÃO - SEE,12,122,162,2,96,2096,1,3,1,10,1,0,GESTÃO DE PESSOAL DA ÁREA EDUCACIONAL,PROFISSIONAIS DO ÓRGÃO CENTRAL,333377,446775,457865,469230
2024,1260,SECRETARIA DE ESTADO DE EDUCAÇÃO - SEE,1261,SECRETARIA DE ESTADO DE EDUCAÇÃO - SEE,12,122,162,2,96,2096,1,3,1,23,1,0,GESTÃO DE PESSOAL DA ÁREA EDUCACIONAL,PROFISSIONAIS DO ÓRGÃO CENTRAL,67393294,68960946,70672632,72426803
2024,1260,SECRETARIA DE ESTADO DE EDUCAÇÃO - SEE,1261,SECRETARIA DE ESTADO DE EDUCAÇÃO - SEE,12,122,162,2,96,2096,1,3,3,23,7,0,GESTÃO DE PESSOAL DA ÁREA EDUCACIONAL,PROFISSIONAIS DO ÓRGÃO CENTRAL,9956702,10200524,10450319,10706231
2024,1260,SECRETARIA DE ESTADO DE EDUCAÇÃO - SEE,1261,SECRETARIA DE ESTADO DE EDUCAÇÃO - SEE,12,122,162,2,97,2097,1,3,1,10,1,0,GESTÃO DE PESSOAL DA ÁREA EDUCACIONAL,PROFISSIONAIS DAS SUPERINTENDÊNCIAS REGIONAIS DE ENSINO ¿ SRE,2231060,2181315,2235458,2290945
2024,1260,SECRETARIA DE ESTADO DE EDUCAÇÃO - SEE,1261,SECRETARIA DE ESTADO DE EDUCAÇÃO - SEE,12,122,162,2,97,2097,1,3,1,23,1,0,GESTÃO DE PESSOAL DA ÁREA EDUCACIONAL,PROFISSIONAIS DAS SUPERINTENDÊNCIAS REGIONAIS DE ENSINO ¿ SRE,451016654,462316505,473791708,485551737
2024,1260,SECRETARIA DE ESTADO DE EDUCAÇÃO - SEE,1261,SECRETARIA DE ESTADO DE EDUCAÇÃO - SEE,12,122,162,2,97,2097,1,3,3,23,7,0,GESTÃO DE PESSOAL DA ÁREA EDUCACIONAL,PROFISSIONAIS DAS SUPERINTENDÊNCIAS REGIONAIS DE ENSINO ¿ SRE,66633303,68265048,69936750,71649389
2024,1260,SECRETARIA DE ESTADO DE EDUCAÇÃO - SEE,1261,SECRETARIA DE ESTADO DE EDUCAÇÃO - SEE,12,122,162,2,98,2098,1,3,1,10,1,0,GESTÃO DE PESSOAL DA ÁREA EDUCACIONAL,PROFISSIONAIS DO CONSELHO ESTADUAL DE EDUCAÇÃO,10157202,3423883,3508700,3595617
2024,1260,SECRETARIA DE ESTADO DE EDUCAÇÃO - SEE,1261,SECRETARIA DE ESTADO DE EDUCAÇÃO - SEE,12,122,162,2,98,2098,1,3,3,10,7,0,GESTÃO DE PESSOAL DA ÁREA EDUCACIONAL,PROFISSIONAIS DO CONSELHO ESTADUAL DE EDUCAÇÃO,495552,507688,520121,532858
2024,1260,SECRETARIA DE ESTADO DE EDUCAÇÃO - SEE,1261,SECRETARIA DE ESTADO DE EDUCAÇÃO - SEE,12,306,163,2,101,2101,1,3,3,21,1,0,ALIMENTAÇÃO ESCOLAR,PROGRAMA ESTADUAL DE ALIMENTAÇÃO ESCOLAR - PEAE,518131759,537646402,537646402,537646402
2024,1260,SECRETARIA DE ESTADO DE EDUCAÇÃO - SEE,1261,SECRETARIA DE ESTADO DE EDUCAÇÃO - SEE,12,306,163,2,102,2102,1,3,3,36,1,0,ALIMENTAÇÃO ESCOLAR,PROGRAMA NACIONAL DE ALIMENTAÇÃO ESCOLAR - PNAE,252000000,252000000,252000000,252000000
2024,1260,SECRETARIA DE ESTADO DE EDUCAÇÃO - SEE,1261,SECRETARIA DE ESTADO DE EDUCAÇÃO - SEE,12,361,162,2,80,2080,1,3,1,10,1,0,GESTÃO DE PESSOAL DA ÁREA EDUCACIONAL,EDUCAÇÃO INTEGRAL ¿ ENSINO FUNDAMENTAL,479450,491351,503547,516046
2024,1260,SECRETARIA DE ESTADO DE EDUCAÇÃO - SEE,1261,SECRETARIA DE ESTADO DE EDUCAÇÃO - SEE,12,361,162,2,80,2080,1,3,1,23,1,0,GESTÃO DE PESSOAL DA ÁREA EDUCACIONAL,EDUCAÇÃO INTEGRAL ¿ ENSINO FUNDAMENTAL,99080612,101539902,104060235,106643125
2024,1260,SECRETARIA DE ESTADO DE EDUCAÇÃO - SEE,1261,SECRETARIA DE ESTADO DE EDUCAÇÃO - SEE,12,361,162,2,80,2080,1,3,3,23,7,0,GESTÃO DE PESSOAL DA ÁREA EDUCACIONAL,EDUCAÇÃO INTEGRAL ¿ ENSINO FUNDAMENTAL,2095140,2146447,2199011,2252862
2024,1260,SECRETARIA DE ESTADO DE EDUCAÇÃO - SEE,1261,SECRETARIA DE ESTADO DE EDUCAÇÃO - SEE,12,361,162,2,81,2081,1,3,1,10,1,0,GESTÃO DE PESSOAL DA ÁREA EDUCACIONAL,ENSINO FUNDAMENTAL ¿ APOIO ADMINISTRATIVO,8513729,8513729,8941616,9163557
2024,1260,SECRETARIA DE ESTADO DE EDUCAÇÃO - SEE,1261,SECRETARIA DE ESTADO DE EDUCAÇÃO - SEE,12,361,162,2,81,2081,1,3,1,23,1,0,GESTÃO DE PESSOAL DA ÁREA EDUCACIONAL,ENSINO FUNDAMENTAL ¿ APOIO ADMINISTRATIVO,1565133980,1604193639,1643794915,1684595704
2024,1260,SECRETARIA DE ESTADO DE EDUCAÇÃO - SEE,1261,SECRETARIA DE ESTADO DE EDUCAÇÃO - SEE,12,361,162,2,81,2081,1,3,3,23,7,0,GESTÃO DE PESSOAL DA ÁREA EDUCACIONAL,ENSINO FUNDAMENTAL ¿ APOIO ADMINISTRATIVO,43162654,44219639,45302508,46411895
2024,1260,SECRETARIA DE ESTADO DE EDUCAÇÃO - SEE,1261,SECRETARIA DE ESTADO DE EDUCAÇÃO - SEE,12,361,162,2,85,2085,1,3,1,10,1,0,GESTÃO DE PESSOAL DA ÁREA EDUCACIONAL,ENSINO FUNDAMENTAL - PROFISSIONAIS DO MAGISTÉRIO,1780296791,1841424421,1896577187,1953605371
2024,1260,SECRETARIA DE ESTADO DE EDUCAÇÃO - SEE,1261,SECRETARIA DE ESTADO DE EDUCAÇÃO - SEE,12,361,162,2,85,2085,1,3,1,23,1,0,GESTÃO DE PESSOAL DA ÁREA EDUCACIONAL,ENSINO FUNDAMENTAL - PROFISSIONAIS DO MAGISTÉRIO,4010667420,4172927139,4339408488,4511690307
2024,1260,SECRETARIA DE ESTADO DE EDUCAÇÃO - SEE,1261,SECRETARIA DE ESTADO DE EDUCAÇÃO - SEE,12,361,162,2,85,2085,1,3,3,23,7,0,GESTÃO DE PESSOAL DA ÁREA EDUCACIONAL,ENSINO FUNDAMENTAL - PROFISSIONAIS DO MAGISTÉRIO,69323342,71303447,73053577,74842543
2024,1260,SECRETARIA DE ESTADO DE EDUCAÇÃO - SEE,1261,SECRETARIA DE ESTADO DE EDUCAÇÃO - SEE,12,361,167,2,122,2122,1,3,3,10,1,0,APOIO PEDAGÓGICO PARA O DESENVOLVIMENTO DA EDUCAÇÃO BÁSICA,DESENVOLVIMENTO DO ENSINO FUNDAMENTAL,20000000,20000000,20000000,20000000
2024,1260,SECRETARIA DE ESTADO DE EDUCAÇÃO - SEE,1261,SECRETARIA DE ESTADO DE EDUCAÇÃO - SEE,12,361,172,4,543,4543,1,3,3,10,1,1,COOPERAÇÃO ESTADO-MUNICÍPIO NA ÁREA EDUCACIONAL,PROGRAMA MÃOS DADAS,50000000,64016000,80682000,107348666
2024,1260,SECRETARIA DE ESTADO DE EDUCAÇÃO - SEE,1261,SECRETARIA DE ESTADO DE EDUCAÇÃO - SEE,12,361,172,4,543,4543,1,4,4,10,1,1,COOPERAÇÃO ESTADO-MUNICÍPIO NA ÁREA EDUCACIONAL,PROGRAMA MÃOS DADAS,200000000,200000000,200000000,200000000
2024,1260,SECRETARIA DE ESTADO DE EDUCAÇÃO - SEE,1261,SECRETARIA DE ESTADO DE EDUCAÇÃO - SEE,12,361,172,4,543,4543,1,4,4,21,1,1,COOPERAÇÃO ESTADO-MUNICÍPIO NA ÁREA EDUCACIONAL,PROGRAMA MÃOS DADAS,7952000,21968000,38634666,55301332
2024,1260,SECRETARIA DE ESTADO DE EDUCAÇÃO - SEE,1261,SECRETARIA DE ESTADO DE EDUCAÇÃO - SEE,12,361,172,4,545,4545,1,4,4,10,1,0,COOPERAÇÃO ESTADO-MUNICÍPIO NA ÁREA EDUCACIONAL,PROGRAMA DE FORTALECIMENTO DAS ESCOLAS MUNICIPAIS,50000000,50000000,50000000,50000000
2024,1260,SECRETARIA DE ESTADO DE EDUCAÇÃO - SEE,1261,SECRETARIA DE ESTADO DE EDUCAÇÃO - SEE,12,361,172,4,545,4545,1,4,4,21,1,0,COOPERAÇÃO ESTADO-MUNICÍPIO NA ÁREA EDUCACIONAL,PROGRAMA DE FORTALECIMENTO DAS ESCOLAS MUNICIPAIS,40000000,40000000,40000000,40000000
2024,1260,SECRETARIA DE ESTADO DE EDUCAÇÃO - SEE,1261,SECRETARIA DE ESTADO DE EDUCAÇÃO - SEE,12,362,162,2,86,2086,1,3,1,10,1,0,GESTÃO DE PESSOAL DA ÁREA EDUCACIONAL,ENSINO MÉDIO ¿ APOIO ADMINISTRATIVO,53862,55199,56570,57975
2024,1260,SECRETARIA DE ESTADO DE EDUCAÇÃO - SEE,1261,SECRETARIA DE ESTADO DE EDUCAÇÃO - SEE,12,362,162,2,86,2086,1,3,1,23,1,0,GESTÃO DE PESSOAL DA ÁREA EDUCACIONAL,ENSINO MÉDIO ¿ APOIO ADMINISTRATIVO,704675773,722166597,740091563,758461446
2024,1260,SECRETARIA DE ESTADO DE EDUCAÇÃO - SEE,1261,SECRETARIA DE ESTADO DE EDUCAÇÃO - SEE,12,362,162,2,86,2086,1,3,3,23,7,0,GESTÃO DE PESSOAL DA ÁREA EDUCACIONAL,ENSINO MÉDIO ¿ APOIO ADMINISTRATIVO,14381343,14733520,15094321,15463957
2024,1260,SECRETARIA DE ESTADO DE EDUCAÇÃO - SEE,1261,SECRETARIA DE ESTADO DE EDUCAÇÃO - SEE,12,362,162,2,90,2090,1,3,1,10,1,0,GESTÃO DE PESSOAL DA ÁREA EDUCACIONAL,ENSINO MÉDIO - PROFISSIONAIS DO MAGISTÉRIO,390227,399913,409840,420013
2024,1260,SECRETARIA DE ESTADO DE EDUCAÇÃO - SEE,1261,SECRETARIA DE ESTADO DE EDUCAÇÃO - SEE,12,362,162,2,90,2090,1,3,1,23,1,0,GESTÃO DE PESSOAL DA ÁREA EDUCACIONAL,ENSINO MÉDIO - PROFISSIONAIS DO MAGISTÉRIO,3054708072,3130529269,3208232431,3287864271
2024,1260,SECRETARIA DE ESTADO DE EDUCAÇÃO - SEE,1261,SECRETARIA DE ESTADO DE EDUCAÇÃO - SEE,12,362,162,2,90,2090,1,3,3,23,7,0,GESTÃO DE PESSOAL DA ÁREA EDUCACIONAL,ENSINO MÉDIO - PROFISSIONAIS DO MAGISTÉRIO,33938701,34769806,35621263,36493571
2024,1260,SECRETARIA DE ESTADO DE EDUCAÇÃO - SEE,1261,SECRETARIA DE ESTADO DE EDUCAÇÃO - SEE,12,362,162,2,93,2093,1,3,1,10,1,0,GESTÃO DE PESSOAL DA ÁREA EDUCACIONAL,EDUCAÇÃO INTEGRAL ¿ ENSINO MÉDIO,19588,20075,20574,21085
2024,1260,SECRETARIA DE ESTADO DE EDUCAÇÃO - SEE,1261,SECRETARIA DE ESTADO DE EDUCAÇÃO - SEE,12,362,162,2,93,2093,1,3,1,23,1,0,GESTÃO DE PESSOAL DA ÁREA EDUCACIONAL,EDUCAÇÃO INTEGRAL ¿ ENSINO MÉDIO,78545921,80781930,82786932,84841698
2024,1260,SECRETARIA DE ESTADO DE EDUCAÇÃO - SEE,1261,SECRETARIA DE ESTADO DE EDUCAÇÃO - SEE,12,362,162,2,93,2093,1,3,3,23,7,0,GESTÃO DE PESSOAL DA ÁREA EDUCACIONAL,EDUCAÇÃO INTEGRAL ¿ ENSINO MÉDIO,1397835,1145653,1173709,1202451
2024,1260,SECRETARIA DE ESTADO DE EDUCAÇÃO - SEE,1261,SECRETARIA DE ESTADO DE EDUCAÇÃO - SEE,12,362,167,4,511,4511,1,3,3,10,1,0,APOIO PEDAGÓGICO PARA O DESENVOLVIMENTO DA EDUCAÇÃO BÁSICA,DESENVOLVIMENTO DO ENSINO MEDIO,20000000,20000000,20000000,20000000
2024,1260,SECRETARIA DE ESTADO DE EDUCAÇÃO - SEE,1261,SECRETARIA DE ESTADO DE EDUCAÇÃO - SEE,12,363,162,2,94,2094,1,3,1,10,1,0,GESTÃO DE PESSOAL DA ÁREA EDUCACIONAL,EDUCAÇÃO PROFISSIONAL,10049,10299,10555,10817
2024,1260,SECRETARIA DE ESTADO DE EDUCAÇÃO - SEE,1261,SECRETARIA DE ESTADO DE EDUCAÇÃO - SEE,12,363,162,2,94,2094,1,3,1,23,1,0,GESTÃO DE PESSOAL DA ÁREA EDUCACIONAL,EDUCAÇÃO PROFISSIONAL,87694615,89871292,92101996,94388069
2024,1260,SECRETARIA DE ESTADO DE EDUCAÇÃO - SEE,1261,SECRETARIA DE ESTADO DE EDUCAÇÃO - SEE,12,363,162,2,94,2094,1,3,3,23,7,0,GESTÃO DE PESSOAL DA ÁREA EDUCACIONAL,EDUCAÇÃO PROFISSIONAL,1639913,1680072,1721215,1763365
2024,1260,SECRETARIA DE ESTADO DE EDUCAÇÃO - SEE,1261,SECRETARIA DE ESTADO DE EDUCAÇÃO - SEE,12,363,167,2,118,2118,1,3,3,10,1,1,APOIO PEDAGÓGICO PARA O DESENVOLVIMENTO DA EDUCAÇÃO BÁSICA,TRILHAS DE FUTURO - ESTUDANTES,400000000,177674650,100260754,100000000
2024,1260,SECRETARIA DE ESTADO DE EDUCAÇÃO - SEE,1261,SECRETARIA DE ESTADO DE EDUCAÇÃO - SEE,12,363,167,4,512,4512,1,3,3,10,1,0,APOIO PEDAGÓGICO PARA O DESENVOLVIMENTO DA EDUCAÇÃO BÁSICA,DESENVOLVIMENTO DA EDUCAÇÃO PROFISSIONAL,10000000,10000000,10000000,10000000
2024,1260,SECRETARIA DE ESTADO DE EDUCAÇÃO - SEE,1261,SECRETARIA DE ESTADO DE EDUCAÇÃO - SEE,12,363,167,4,512,4512,1,3,3,36,1,0,APOIO PEDAGÓGICO PARA O DESENVOLVIMENTO DA EDUCAÇÃO BÁSICA,DESENVOLVIMENTO DA EDUCAÇÃO PROFISSIONAL,5000000,5000000,5000000,5000000
2024,1260,SECRETARIA DE ESTADO DE EDUCAÇÃO - SEE,1261,SECRETARIA DE ESTADO DE EDUCAÇÃO - SEE,12,363,167,4,512,4512,1,4,4,10,1,0,APOIO PEDAGÓGICO PARA O DESENVOLVIMENTO DA EDUCAÇÃO BÁSICA,DESENVOLVIMENTO DA EDUCAÇÃO PROFISSIONAL,7000000,7000000,7000000,7000000
2024,1260,SECRETARIA DE ESTADO DE EDUCAÇÃO - SEE,1261,SECRETARIA DE ESTADO DE EDUCAÇÃO - SEE,12,364,164,2,104,2104,1,4,4,10,1,0,APOIO AO ENSINO SUPERIOR,ATENDIMENTO AS INSTITUIÇÕES PÚBLICAS DE ENSINO SUPERIOR,80000000,80000000,80000000,80000000
2024,1260,SECRETARIA DE ESTADO DE EDUCAÇÃO - SEE,1261,SECRETARIA DE ESTADO DE EDUCAÇÃO - SEE,12,365,162,2,92,2092,1,3,1,10,1,0,GESTÃO DE PESSOAL DA ÁREA EDUCACIONAL,EDUCAÇÃO INFANTIL,2727657,2795361,2864746,2935853
2024,1260,SECRETARIA DE ESTADO DE EDUCAÇÃO - SEE,1261,SECRETARIA DE ESTADO DE EDUCAÇÃO - SEE,12,365,162,2,92,2092,1,3,3,10,7,0,GESTÃO DE PESSOAL DA ÁREA EDUCACIONAL,EDUCAÇÃO INFANTIL,54286,55616,56978,58374
2024,1260,SECRETARIA DE ESTADO DE EDUCAÇÃO - SEE,1261,SECRETARIA DE ESTADO DE EDUCAÇÃO - SEE,12,366,162,2,82,2082,1,3,1,10,1,0,GESTÃO DE PESSOAL DA ÁREA EDUCACIONAL,ENSINO FUNDAMENTAL ¿ EDUCAÇÃO DE JOVENS E ADULTOS - EJA,19978,20474,20983,21504
2024,1260,SECRETARIA DE ESTADO DE EDUCAÇÃO - SEE,1261,SECRETARIA DE ESTADO DE EDUCAÇÃO - SEE,12,366,162,2,82,2082,1,3,1,23,1,0,GESTÃO DE PESSOAL DA ÁREA EDUCACIONAL,ENSINO FUNDAMENTAL ¿ EDUCAÇÃO DE JOVENS E ADULTOS - EJA,127301966,130461741,133699945,137018525
2024,1260,SECRETARIA DE ESTADO DE EDUCAÇÃO - SEE,1261,SECRETARIA DE ESTADO DE EDUCAÇÃO - SEE,12,366,162,2,82,2082,1,3,3,23,7,0,GESTÃO DE PESSOAL DA ÁREA EDUCACIONAL,ENSINO FUNDAMENTAL ¿ EDUCAÇÃO DE JOVENS E ADULTOS - EJA,1574341,1612895,1652393,1692858
2024,1260,SECRETARIA DE ESTADO DE EDUCAÇÃO - SEE,1261,SECRETARIA DE ESTADO DE EDUCAÇÃO - SEE,12,366,162,2,88,2088,1,3,1,10,1,0,GESTÃO DE PESSOAL DA ÁREA EDUCACIONAL,ENSINO MÉDIO ¿ EDUCAÇÃO DE JOVENS E ADULTOS - EJA,691283,708442,726027,744048
2024,1260,SECRETARIA DE ESTADO DE EDUCAÇÃO - SEE,1261,SECRETARIA DE ESTADO DE EDUCAÇÃO - SEE,12,366,162,2,88,2088,1,3,1,23,1,0,GESTÃO DE PESSOAL DA ÁREA EDUCACIONAL,ENSINO MÉDIO ¿ EDUCAÇÃO DE JOVENS E ADULTOS - EJA,257409668,263798859,270346636,277056936
2024,1260,SECRETARIA DE ESTADO DE EDUCAÇÃO - SEE,1261,SECRETARIA DE ESTADO DE EDUCAÇÃO - SEE,12,366,162,2,88,2088,1,3,3,23,7,0,GESTÃO DE PESSOAL DA ÁREA EDUCACIONAL,ENSINO MÉDIO ¿ EDUCAÇÃO DE JOVENS E ADULTOS - EJA,4095347,4195636,4298381,4403642
2024,1260,SECRETARIA DE ESTADO DE EDUCAÇÃO - SEE,1261,SECRETARIA DE ESTADO DE EDUCAÇÃO - SEE,12,366,167,2,119,2119,1,3,3,10,1,0,APOIO PEDAGÓGICO PARA O DESENVOLVIMENTO DA EDUCAÇÃO BÁSICA,DESENVOLVIMENTO DA EDUCAÇÃO DE JOVENS E ADULTOS - EJA,1000000,1000000,1000000,1000000
2024,1260,SECRETARIA DE ESTADO DE EDUCAÇÃO - SEE,1261,SECRETARIA DE ESTADO DE EDUCAÇÃO - SEE,12,366,167,2,119,2119,1,4,4,10,1,0,APOIO PEDAGÓGICO PARA O DESENVOLVIMENTO DA EDUCAÇÃO BÁSICA,DESENVOLVIMENTO DA EDUCAÇÃO DE JOVENS E ADULTOS - EJA,1500000,1500000,1500000,1500000
2024,1260,SECRETARIA DE ESTADO DE EDUCAÇÃO - SEE,1261,SECRETARIA DE ESTADO DE EDUCAÇÃO - SEE,12,367,162,2,83,2083,1,3,1,10,1,0,GESTÃO DE PESSOAL DA ÁREA EDUCACIONAL,ENSINO FUNDAMENTAL - EDUCAÇÃO ESPECIAL,5031052,5155929,5283905,5415058
2024,1260,SECRETARIA DE ESTADO DE EDUCAÇÃO - SEE,1261,SECRETARIA DE ESTADO DE EDUCAÇÃO - SEE,12,367,162,2,83,2083,1,3,1,23,1,0,GESTÃO DE PESSOAL DA ÁREA EDUCACIONAL,ENSINO FUNDAMENTAL - EDUCAÇÃO ESPECIAL,893248756,915420168,938141899,961427609
2024,1260,SECRETARIA DE ESTADO DE EDUCAÇÃO - SEE,1261,SECRETARIA DE ESTADO DE EDUCAÇÃO - SEE,12,367,162,2,83,2083,1,3,3,23,7,0,GESTÃO DE PESSOAL DA ÁREA EDUCACIONAL,ENSINO FUNDAMENTAL - EDUCAÇÃO ESPECIAL,10676201,10937645,11205491,11479896
2024,1260,SECRETARIA DE ESTADO DE EDUCAÇÃO - SEE,1261,SECRETARIA DE ESTADO DE EDUCAÇÃO - SEE,12,367,162,2,89,2089,1,3,1,10,1,0,GESTÃO DE PESSOAL DA ÁREA EDUCACIONAL,ENSINO MÉDIO - EDUCAÇÃO ESPECIAL,187468,192119,196891,201779
2024,1260,SECRETARIA DE ESTADO DE EDUCAÇÃO - SEE,1261,SECRETARIA DE ESTADO DE EDUCAÇÃO - SEE,12,367,162,2,89,2089,1,3,1,23,1,0,GESTÃO DE PESSOAL DA ÁREA EDUCACIONAL,ENSINO MÉDIO - EDUCAÇÃO ESPECIAL,353539653,362310972,371307948,380524218
2024,1260,SECRETARIA DE ESTADO DE EDUCAÇÃO - SEE,1261,SECRETARIA DE ESTADO DE EDUCAÇÃO - SEE,12,367,162,2,89,2089,1,3,3,23,7,0,GESTÃO DE PESSOAL DA ÁREA EDUCACIONAL,ENSINO MÉDIO - EDUCAÇÃO ESPECIAL,2924995,3000550,3070007,3145187
2024,1260,SECRETARIA DE ESTADO DE EDUCAÇÃO - SEE,1261,SECRETARIA DE ESTADO DE EDUCAÇÃO - SEE,12,367,167,2,120,2120,1,3,3,10,1,0,APOIO PEDAGÓGICO PARA O DESENVOLVIMENTO DA EDUCAÇÃO BÁSICA,DESENVOLVIMENTO DA EDUCAÇÃO ESPECIAL,7000000,7000000,7000000,7000000
2024,1260,SECRETARIA DE ESTADO DE EDUCAÇÃO - SEE,1261,SECRETARIA DE ESTADO DE EDUCAÇÃO - SEE,12,367,167,2,120,2120,1,4,4,10,1,0,APOIO PEDAGÓGICO PARA O DESENVOLVIMENTO DA EDUCAÇÃO BÁSICA,DESENVOLVIMENTO DA EDUCAÇÃO ESPECIAL,500000,500000,500000,500000
2024,1260,SECRETARIA DE ESTADO DE EDUCAÇÃO - SEE,1261,SECRETARIA DE ESTADO DE EDUCAÇÃO - SEE,12,368,43,2,133,2133,1,3,3,10,1,0,DESJUDICIALIZA MINAS,UTILIZAÇÃO DE MÉTODOS ALTERNATIVOS DE SOLUÇÃO DE CONFLITOS DA SEE,1000,0,0,0
2024,1260,SECRETARIA DE ESTADO DE EDUCAÇÃO - SEE,1261,SECRETARIA DE ESTADO DE EDUCAÇÃO - SEE,12,368,162,2,95,2095,1,3,3,10,1,0,GESTÃO DE PESSOAL DA ÁREA EDUCACIONAL,FORMAÇÃO DE GESTORES ESCOLARES,2730000,2800000,2830000,2860000
2024,1260,SECRETARIA DE ESTADO DE EDUCAÇÃO - SEE,1261,SECRETARIA DE ESTADO DE EDUCAÇÃO - SEE,12,368,162,2,99,2099,1,3,3,10,1,1,GESTÃO DE PESSOAL DA ÁREA EDUCACIONAL,TRILHAS DE FUTURO - EDUCADORES,40000000,91000000,91300000,21600000
2024,1260,SECRETARIA DE ESTADO DE EDUCAÇÃO - SEE,1261,SECRETARIA DE ESTADO DE EDUCAÇÃO - SEE,12,368,163,2,100,2100,1,3,3,10,1,0,ALIMENTAÇÃO ESCOLAR,APOIO AOS PROGRAMAS DE ALIMENTAÇÃO ESCOLAR,0,50600000,50800000,60000000
2024,1260,SECRETARIA DE ESTADO DE EDUCAÇÃO - SEE,1261,SECRETARIA DE ESTADO DE EDUCAÇÃO - SEE,12,368,163,2,100,2100,1,3,3,21,1,0,ALIMENTAÇÃO ESCOLAR,APOIO AOS PROGRAMAS DE ALIMENTAÇÃO ESCOLAR,25000000,0,0,0
2024,1260,SECRETARIA DE ESTADO DE EDUCAÇÃO - SEE,1261,SECRETARIA DE ESTADO DE EDUCAÇÃO - SEE,12,368,165,1,94,1094,1,3,3,10,1,0,"ORGANIZAÇÃO, AVALIAÇÃO E GESTÃO ESCOLAR",GESTAO PELA APRENDIZAGEM,9015104,9015104,9015104,9015104
2024,1260,SECRETARIA DE ESTADO DE EDUCAÇÃO - SEE,1261,SECRETARIA DE ESTADO DE EDUCAÇÃO - SEE,12,368,165,2,105,2105,1,3,3,10,1,1,"ORGANIZAÇÃO, AVALIAÇÃO E GESTÃO ESCOLAR",PROJETO SOMAR,35000000,217719350,304807090,376030390
2024,1260,SECRETARIA DE ESTADO DE EDUCAÇÃO - SEE,1261,SECRETARIA DE ESTADO DE EDUCAÇÃO - SEE,12,368,165,2,107,2107,1,3,3,10,1,0,"ORGANIZAÇÃO, AVALIAÇÃO E GESTÃO ESCOLAR",AVALIAÇÕES EDUCACIONAIS,50000000,50000000,50000000,50000000
2024,1260,SECRETARIA DE ESTADO DE EDUCAÇÃO - SEE,1261,SECRETARIA DE ESTADO DE EDUCAÇÃO - SEE,12,368,165,2,107,2107,1,4,4,10,1,0,"ORGANIZAÇÃO, AVALIAÇÃO E GESTÃO ESCOLAR",AVALIAÇÕES EDUCACIONAIS,5057195,5057195,5057195,5057195
2024,1260,SECRETARIA DE ESTADO DE EDUCAÇÃO - SEE,1261,SECRETARIA DE ESTADO DE EDUCAÇÃO - SEE,12,368,165,2,127,2127,1,3,3,10,1,0,"ORGANIZAÇÃO, AVALIAÇÃO E GESTÃO ESCOLAR",ORGANIZAÇÃO E FUNCIONAMENTO ESCOLAR,1000000,731800,731800,731800
2024,1260,SECRETARIA DE ESTADO DE EDUCAÇÃO - SEE,1261,SECRETARIA DE ESTADO DE EDUCAÇÃO - SEE,12,368,165,2,127,2127,1,3,3,10,3,0,"ORGANIZAÇÃO, AVALIAÇÃO E GESTÃO ESCOLAR",ORGANIZAÇÃO E FUNCIONAMENTO ESCOLAR,20250,27618,31677,35933
2024,1260,SECRETARIA DE ESTADO DE EDUCAÇÃO - SEE,1261,SECRETARIA DE ESTADO DE EDUCAÇÃO - SEE,12,368,165,2,127,2127,1,3,3,24,1,0,"ORGANIZAÇÃO, AVALIAÇÃO E GESTÃO ESCOLAR",ORGANIZAÇÃO E FUNCIONAMENTO ESCOLAR,234251,171490,171490,171490
2024,1260,SECRETARIA DE ESTADO DE EDUCAÇÃO - SEE,1261,SECRETARIA DE ESTADO DE EDUCAÇÃO - SEE,12,368,165,2,127,2127,1,4,4,24,1,0,"ORGANIZAÇÃO, AVALIAÇÃO E GESTÃO ESCOLAR",ORGANIZAÇÃO E FUNCIONAMENTO ESCOLAR,111903,81891,81891,81891
2024,1260,SECRETARIA DE ESTADO DE EDUCAÇÃO - SEE,1261,SECRETARIA DE ESTADO DE EDUCAÇÃO - SEE,12,368,167,1,92,1092,1,3,3,10,1,0,APOIO PEDAGÓGICO PARA O DESENVOLVIMENTO DA EDUCAÇÃO BÁSICA,DESENVOLVIMENTO DO ESPORTE ESCOLAR,8000000,8000000,8000000,8000000
2024,1260,SECRETARIA DE ESTADO DE EDUCAÇÃO - SEE,1261,SECRETARIA DE ESTADO DE EDUCAÇÃO - SEE,12,368,167,1,93,1093,1,3,3,10,1,0,APOIO PEDAGÓGICO PARA O DESENVOLVIMENTO DA EDUCAÇÃO BÁSICA,PLANO DE RECOMPOSIÇAO DAS APRENDIZAGENS - PRA,3000000,3000000,3000000,3000000
2024,1260,SECRETARIA DE ESTADO DE EDUCAÇÃO - SEE,1261,SECRETARIA DE ESTADO DE EDUCAÇÃO - SEE,12,368,167,2,116,2116,1,3,3,10,1,0,APOIO PEDAGÓGICO PARA O DESENVOLVIMENTO DA EDUCAÇÃO BÁSICA,PROJETO SAÚDE NA ESCOLA,1000000,1000000,1000000,1000000
2024,1260,SECRETARIA DE ESTADO DE EDUCAÇÃO - SEE,1261,SECRETARIA DE ESTADO DE EDUCAÇÃO - SEE,12,368,167,2,117,2117,1,3,3,10,1,0,APOIO PEDAGÓGICO PARA O DESENVOLVIMENTO DA EDUCAÇÃO BÁSICA,PROJETO SAÚDE EM CICLO,3500000,3500000,3500000,3500000
2024,1260,SECRETARIA DE ESTADO DE EDUCAÇÃO - SEE,1261,SECRETARIA DE ESTADO DE EDUCAÇÃO - SEE,12,368,167,2,123,2123,1,3,3,10,1,0,APOIO PEDAGÓGICO PARA O DESENVOLVIMENTO DA EDUCAÇÃO BÁSICA,ESCOLA DE FORMAÇÃO PROFISSIONAL,10000000,10000000,10000000,10000000
2024,1260,SECRETARIA DE ESTADO DE EDUCAÇÃO - SEE,1261,SECRETARIA DE ESTADO DE EDUCAÇÃO - SEE,12,368,167,2,123,2123,1,4,4,10,1,0,APOIO PEDAGÓGICO PARA O DESENVOLVIMENTO DA EDUCAÇÃO BÁSICA,ESCOLA DE FORMAÇÃO PROFISSIONAL,1000,1000,1000,1000
2024,1260,SECRETARIA DE ESTADO DE EDUCAÇÃO - SEE,1261,SECRETARIA DE ESTADO DE EDUCAÇÃO - SEE,12,368,167,4,508,4508,1,3,3,10,1,0,APOIO PEDAGÓGICO PARA O DESENVOLVIMENTO DA EDUCAÇÃO BÁSICA,EDUCAÇÃO INTEGRAL,30000000,30000000,30000000,30000000
2024,1260,SECRETARIA DE ESTADO DE EDUCAÇÃO - SEE,1261,SECRETARIA DE ESTADO DE EDUCAÇÃO - SEE,12,368,167,4,508,4508,1,3,3,36,1,0,APOIO PEDAGÓGICO PARA O DESENVOLVIMENTO DA EDUCAÇÃO BÁSICA,EDUCAÇÃO INTEGRAL,2000000,2000000,2000000,2000000
2024,1260,SECRETARIA DE ESTADO DE EDUCAÇÃO - SEE,1261,SECRETARIA DE ESTADO DE EDUCAÇÃO - SEE,12,368,167,4,508,4508,1,4,4,10,1,0,APOIO PEDAGÓGICO PARA O DESENVOLVIMENTO DA EDUCAÇÃO BÁSICA,EDUCAÇÃO INTEGRAL,20000000,20000000,20000000,20000000
2024,1260,SECRETARIA DE ESTADO DE EDUCAÇÃO - SEE,1261,SECRETARIA DE ESTADO DE EDUCAÇÃO - SEE,12,368,168,2,124,2124,1,3,3,10,1,0,GESTÃO DE INFRAESTRUTURA EDUCACIONAL,PREVENÇÃO À VIOLÊNCIA E SEGURANÇA NAS ESCOLAS,20000000,20000000,20000000,20000000
2024,1260,SECRETARIA DE ESTADO DE EDUCAÇÃO - SEE,1261,SECRETARIA DE ESTADO DE EDUCAÇÃO - SEE,12,368,168,2,125,2125,1,3,3,10,1,0,GESTÃO DE INFRAESTRUTURA EDUCACIONAL,PREVENÇÃO ÀS CHUVAS,15000000,25000000,25000000,25000000
2024,1260,SECRETARIA DE ESTADO DE EDUCAÇÃO - SEE,1261,SECRETARIA DE ESTADO DE EDUCAÇÃO - SEE,12,368,168,2,126,2126,1,4,4,10,1,0,GESTÃO DE INFRAESTRUTURA EDUCACIONAL,RENOVAÇÃO DE MOBILIÁRIO E/OU EQUIPAMENTO,20000000,20000000,20000000,20000000
2024,1260,SECRETARIA DE ESTADO DE EDUCAÇÃO - SEE,1261,SECRETARIA DE ESTADO DE EDUCAÇÃO - SEE,12,368,168,2,126,2126,1,4,4,10,3,0,GESTÃO DE INFRAESTRUTURA EDUCACIONAL,RENOVAÇÃO DE MOBILIÁRIO E/OU EQUIPAMENTO,110000,110000,110000,110000
2024,1260,SECRETARIA DE ESTADO DE EDUCAÇÃO - SEE,1261,SECRETARIA DE ESTADO DE EDUCAÇÃO - SEE,12,368,168,2,126,2126,1,4,4,21,1,0,GESTÃO DE INFRAESTRUTURA EDUCACIONAL,RENOVAÇÃO DE MOBILIÁRIO E/OU EQUIPAMENTO,17351598,17351598,17351598,17351598
2024,1260,SECRETARIA DE ESTADO DE EDUCAÇÃO - SEE,1261,SECRETARIA DE ESTADO DE EDUCAÇÃO - SEE,12,368,168,2,126,2126,1,4,4,36,1,0,GESTÃO DE INFRAESTRUTURA EDUCACIONAL,RENOVAÇÃO DE MOBILIÁRIO E/OU EQUIPAMENTO,15000000,15000000,15000000,15000000
2024,1260,SECRETARIA DE ESTADO DE EDUCAÇÃO - SEE,1261,SECRETARIA DE ESTADO DE EDUCAÇÃO - SEE,12,368,168,4,517,4517,1,3,3,10,1,0,GESTÃO DE INFRAESTRUTURA EDUCACIONAL,ACESSIBILIDADE E IMPLEMENTAÇÃO DE PROJETOS DE INCÊNDIO NAS UNIDADES ESCOLARES,0,0,0,0
2024,1260,SECRETARIA DE ESTADO DE EDUCAÇÃO - SEE,1261,SECRETARIA DE ESTADO DE EDUCAÇÃO - SEE,12,368,168,4,517,4517,1,4,4,10,1,0,GESTÃO DE INFRAESTRUTURA EDUCACIONAL,ACESSIBILIDADE E IMPLEMENTAÇÃO DE PROJETOS DE INCÊNDIO NAS UNIDADES ESCOLARES,5000000,10500000,11000000,11500000
2024,1260,SECRETARIA DE ESTADO DE EDUCAÇÃO - SEE,1261,SECRETARIA DE ESTADO DE EDUCAÇÃO - SEE,12,368,168,4,519,4519,1,4,4,10,1,1,GESTÃO DE INFRAESTRUTURA EDUCACIONAL,MÃOS À OBRA,100000000,100000000,100000000,100000000
2024,1260,SECRETARIA DE ESTADO DE EDUCAÇÃO - SEE,1261,SECRETARIA DE ESTADO DE EDUCAÇÃO - SEE,12,368,168,4,519,4519,1,4,4,21,1,1,GESTÃO DE INFRAESTRUTURA EDUCACIONAL,MÃOS À OBRA,40000000,40000000,40000000,40000000
2024,1260,SECRETARIA DE ESTADO DE EDUCAÇÃO - SEE,1261,SECRETARIA DE ESTADO DE EDUCAÇÃO - SEE,12,368,168,4,520,4520,1,3,3,10,1,0,GESTÃO DE INFRAESTRUTURA EDUCACIONAL,APOIO A GESTÃO DE INFRAESTRUTURA EDUCACIONAL,50000000,155000000,160000000,165000000
2024,1260,SECRETARIA DE ESTADO DE EDUCAÇÃO - SEE,1261,SECRETARIA DE ESTADO DE EDUCAÇÃO - SEE,12,368,168,4,521,4521,1,3,3,10,1,0,GESTÃO DE INFRAESTRUTURA EDUCACIONAL,CONECTIVIDADE ESCOLAR,17500000,18000000,18500000,19000000
2024,1260,SECRETARIA DE ESTADO DE EDUCAÇÃO - SEE,1261,SECRETARIA DE ESTADO DE EDUCAÇÃO - SEE,12,368,168,4,522,4522,1,3,3,10,1,0,GESTÃO DE INFRAESTRUTURA EDUCACIONAL,RENOVAÇÃO DA REDE LÓGICA E ELÉTRICA E IMPLEMENTAÇÃO DE ENERGIA ALTERNATIVA,10000000,15000000,15000000,15000000
2024,1260,SECRETARIA DE ESTADO DE EDUCAÇÃO - SEE,1261,SECRETARIA DE ESTADO DE EDUCAÇÃO - SEE,12,368,168,4,523,4523,1,3,3,3,1,0,GESTÃO DE INFRAESTRUTURA EDUCACIONAL,REALIZAÇÃO DE OBRAS ESTRUTURAIS,3000000,2824500,2824500,2824500
2024,1260,SECRETARIA DE ESTADO DE EDUCAÇÃO - SEE,1261,SECRETARIA DE ESTADO DE EDUCAÇÃO - SEE,12,368,168,4,523,4523,1,3,3,10,3,0,GESTÃO DE INFRAESTRUTURA EDUCACIONAL,REALIZAÇÃO DE OBRAS ESTRUTURAIS,59750,56254,56254,56254
2024,1260,SECRETARIA DE ESTADO DE EDUCAÇÃO - SEE,1261,SECRETARIA DE ESTADO DE EDUCAÇÃO - SEE,12,368,168,4,523,4523,1,3,3,21,3,0,GESTÃO DE INFRAESTRUTURA EDUCACIONAL,REALIZAÇÃO DE OBRAS ESTRUTURAIS,64643,67772,71052,74491
2024,1260,SECRETARIA DE ESTADO DE EDUCAÇÃO - SEE,1261,SECRETARIA DE ESTADO DE EDUCAÇÃO - SEE,12,368,168,4,523,4523,1,3,3,24,1,0,GESTÃO DE INFRAESTRUTURA EDUCACIONAL,REALIZAÇÃO DE OBRAS ESTRUTURAIS,0,0,0,0
2024,1260,SECRETARIA DE ESTADO DE EDUCAÇÃO - SEE,1261,SECRETARIA DE ESTADO DE EDUCAÇÃO - SEE,12,368,168,4,523,4523,1,3,3,36,1,0,GESTÃO DE INFRAESTRUTURA EDUCACIONAL,REALIZAÇÃO DE OBRAS ESTRUTURAIS,10500000,9885750,9885750,9885750
2024,1260,SECRETARIA DE ESTADO DE EDUCAÇÃO - SEE,1261,SECRETARIA DE ESTADO DE EDUCAÇÃO - SEE,12,368,168,4,523,4523,1,4,4,3,1,0,GESTÃO DE INFRAESTRUTURA EDUCACIONAL,REALIZAÇÃO DE OBRAS ESTRUTURAIS,7105000,6689358,6689358,6689358
2024,1260,SECRETARIA DE ESTADO DE EDUCAÇÃO - SEE,1261,SECRETARIA DE ESTADO DE EDUCAÇÃO - SEE,12,368,168,4,523,4523,1,4,4,10,1,0,GESTÃO DE INFRAESTRUTURA EDUCACIONAL,REALIZAÇÃO DE OBRAS ESTRUTURAIS,50000000,44500000,44000000,43500000
2024,1260,SECRETARIA DE ESTADO DE EDUCAÇÃO - SEE,1261,SECRETARIA DE ESTADO DE EDUCAÇÃO - SEE,12,368,168,4,523,4523,1,4,4,10,3,0,GESTÃO DE INFRAESTRUTURA EDUCACIONAL,REALIZAÇÃO DE OBRAS ESTRUTURAIS,110000,110000,110000,110000
2024,1260,SECRETARIA DE ESTADO DE EDUCAÇÃO - SEE,1261,SECRETARIA DE ESTADO DE EDUCAÇÃO - SEE,12,368,168,4,523,4523,1,4,4,13,1,0,GESTÃO DE INFRAESTRUTURA EDUCACIONAL,REALIZAÇÃO DE OBRAS ESTRUTURAIS,50000,47075,47075,47075
2024,1260,SECRETARIA DE ESTADO DE EDUCAÇÃO - SEE,1261,SECRETARIA DE ESTADO DE EDUCAÇÃO - SEE,12,368,168,4,523,4523,1,4,4,21,1,0,GESTÃO DE INFRAESTRUTURA EDUCACIONAL,REALIZAÇÃO DE OBRAS ESTRUTURAIS,10000000,9415000,9415000,9415000
2024,1260,SECRETARIA DE ESTADO DE EDUCAÇÃO - SEE,1261,SECRETARIA DE ESTADO DE EDUCAÇÃO - SEE,12,368,168,4,523,4523,1,4,4,24,1,0,GESTÃO DE INFRAESTRUTURA EDUCACIONAL,REALIZAÇÃO DE OBRAS ESTRUTURAIS,290202,276280,276280,276280
2024,1260,SECRETARIA DE ESTADO DE EDUCAÇÃO - SEE,1261,SECRETARIA DE ESTADO DE EDUCAÇÃO - SEE,12,368,168,4,523,4523,1,4,4,36,1,0,GESTÃO DE INFRAESTRUTURA EDUCACIONAL,REALIZAÇÃO DE OBRAS ESTRUTURAIS,20500000,19300750,19300750,19300750
2024,1260,SECRETARIA DE ESTADO DE EDUCAÇÃO - SEE,1261,SECRETARIA DE ESTADO DE EDUCAÇÃO - SEE,12,368,168,4,524,4524,1,3,3,10,1,0,GESTÃO DE INFRAESTRUTURA EDUCACIONAL,MANUTENÇÃO PREDIAL,25000000,50500000,60000000,60500000
2024,1260,SECRETARIA DE ESTADO DE EDUCAÇÃO - SEE,1261,SECRETARIA DE ESTADO DE EDUCAÇÃO - SEE,12,368,168,4,527,4527,1,3,3,10,1,0,GESTÃO DE INFRAESTRUTURA EDUCACIONAL,MANUTENÇÃO E CUSTEIO DAS UNIDADES ESTADUAIS DE ENSINO,250000000,250000000,250000000,250000000
2024,1260,SECRETARIA DE ESTADO DE EDUCAÇÃO - SEE,1261,SECRETARIA DE ESTADO DE EDUCAÇÃO - SEE,12,368,169,2,128,2128,1,3,3,10,1,0,SUPORTE AO SISTEMA EDUCACIONAL MINEIRO,APOIO AO SISTEMA ESTADUAL DE EDUCAÇÃO,180432676,180432676,180432676,180432676
2024,1260,SECRETARIA DE ESTADO DE EDUCAÇÃO - SEE,1261,SECRETARIA DE ESTADO DE EDUCAÇÃO - SEE,12,368,169,2,128,2128,1,4,4,10,1,0,SUPORTE AO SISTEMA EDUCACIONAL MINEIRO,APOIO AO SISTEMA ESTADUAL DE EDUCAÇÃO,70000000,70000000,70000000,70000000
2024,1260,SECRETARIA DE ESTADO DE EDUCAÇÃO - SEE,1261,SECRETARIA DE ESTADO DE EDUCAÇÃO - SEE,12,368,169,2,129,2129,1,3,3,10,1,0,SUPORTE AO SISTEMA EDUCACIONAL MINEIRO,OPERACIONALIZAÇÃO DAS AÇÕES DOS CONSELHOS,2000000,2500000,3000000,3500000
2024,1260,SECRETARIA DE ESTADO DE EDUCAÇÃO - SEE,1261,SECRETARIA DE ESTADO DE EDUCAÇÃO - SEE,12,368,170,4,531,4531,1,3,3,10,1,0,MODALIDADES E TEMATICAS ESPECIAIS DE ENSINO,EDUCAÇÃO QUILOMBOLA,300000,300000,300000,300000
2024,1260,SECRETARIA DE ESTADO DE EDUCAÇÃO - SEE,1261,SECRETARIA DE ESTADO DE EDUCAÇÃO - SEE,12,368,170,4,532,4532,1,3,3,10,1,0,MODALIDADES E TEMATICAS ESPECIAIS DE ENSINO,EDUCAÇÃO INDIGENA,500000,500000,500000,500000
2024,1260,SECRETARIA DE ESTADO DE EDUCAÇÃO - SEE,1261,SECRETARIA DE ESTADO DE EDUCAÇÃO - SEE,12,368,170,4,533,4533,1,3,3,10,1,0,MODALIDADES E TEMATICAS ESPECIAIS DE ENSINO,EDUCAÇÃO DO CAMPO,3000000,3000000,3000000,3000000
2024,1260,SECRETARIA DE ESTADO DE EDUCAÇÃO - SEE,1261,SECRETARIA DE ESTADO DE EDUCAÇÃO - SEE,12,368,170,4,534,4534,1,3,3,10,1,0,MODALIDADES E TEMATICAS ESPECIAIS DE ENSINO,EDUCAÇÃO DAS RELAÇÕES ÉTNICO-RACIAIS,10000000,10000000,10000000,10000000
2024,1260,SECRETARIA DE ESTADO DE EDUCAÇÃO - SEE,1261,SECRETARIA DE ESTADO DE EDUCAÇÃO - SEE,12,368,170,4,536,4536,1,3,3,10,1,0,MODALIDADES E TEMATICAS ESPECIAIS DE ENSINO,MOBILIZAÇÃO DAS JUVENTUDES,5000000,5000000,5000000,5000000
2024,1260,SECRETARIA DE ESTADO DE EDUCAÇÃO - SEE,1261,SECRETARIA DE ESTADO DE EDUCAÇÃO - SEE,12,368,170,4,537,4537,1,3,3,10,1,0,MODALIDADES E TEMATICAS ESPECIAIS DE ENSINO,ENSINO DO SISTEMA PRISIONAL E SOCIOEDUCATIVO,1000000,1000000,1000000,1000000
2024,1260,SECRETARIA DE ESTADO DE EDUCAÇÃO - SEE,1261,SECRETARIA DE ESTADO DE EDUCAÇÃO - SEE,12,368,170,4,538,4538,1,3,3,10,1,0,MODALIDADES E TEMATICAS ESPECIAIS DE ENSINO,ATENDIMENTO ÀS ESCOLAS FAMÍLIA AGRÍCOLA,25000000,25000000,25000000,25000000
2024,1260,SECRETARIA DE ESTADO DE EDUCAÇÃO - SEE,1261,SECRETARIA DE ESTADO DE EDUCAÇÃO - SEE,12,368,170,4,540,4540,1,3,3,10,1,0,MODALIDADES E TEMATICAS ESPECIAIS DE ENSINO,PROGRAMA CONVIVÊNCIA DEMOCRÁTICA,200000,200000,200000,200000
2024,1260,SECRETARIA DE ESTADO DE EDUCAÇÃO - SEE,1261,SECRETARIA DE ESTADO DE EDUCAÇÃO - SEE,12,368,172,4,548,4548,1,3,3,10,1,0,COOPERAÇÃO ESTADO-MUNICÍPIO NA ÁREA EDUCACIONAL,REGIME DE COLABORAÇÃO ESTADO-MUNICÍPIO NA ÁREA EDUCACIONAL,5000000,5000000,5000000,5000000
2024,1260,SECRETARIA DE ESTADO DE EDUCAÇÃO - SEE,1261,SECRETARIA DE ESTADO DE EDUCAÇÃO - SEE,12,368,172,4,548,4548,1,4,4,10,1,0,COOPERAÇÃO ESTADO-MUNICÍPIO NA ÁREA EDUCACIONAL,REGIME DE COLABORAÇÃO ESTADO-MUNICÍPIO NA ÁREA EDUCACIONAL,20000000,20000000,20000000,20000000
2024,1260,SECRETARIA DE ESTADO DE EDUCAÇÃO - SEE,1261,SECRETARIA DE ESTADO DE EDUCAÇÃO - SEE,12,368,172,4,548,4548,1,4,4,21,1,0,COOPERAÇÃO ESTADO-MUNICÍPIO NA ÁREA EDUCACIONAL,REGIME DE COLABORAÇÃO ESTADO-MUNICÍPIO NA ÁREA EDUCACIONAL,50000000,50000000,50000000,50000000
2024,1260,SECRETARIA DE ESTADO DE EDUCAÇÃO - SEE,1261,SECRETARIA DE ESTADO DE EDUCAÇÃO - SEE,12,782,172,4,546,4546,1,3,3,10,1,0,COOPERAÇÃO ESTADO-MUNICÍPIO NA ÁREA EDUCACIONAL,APOIO AO TRANSPORTE ESCOLAR,30000000,30000000,30000000,30000000
2024,1260,SECRETARIA DE ESTADO DE EDUCAÇÃO - SEE,1261,SECRETARIA DE ESTADO DE EDUCAÇÃO - SEE,12,782,172,4,547,4547,1,3,3,10,1,0,COOPERAÇÃO ESTADO-MUNICÍPIO NA ÁREA EDUCACIONAL,PROGRAMA ESTADUAL DO TRANSPORTE ESCOLAR ¿ PTE/MG,475000000,341076253,391371395,444862154
2024,1260,SECRETARIA DE ESTADO DE EDUCAÇÃO - SEE,1261,SECRETARIA DE ESTADO DE EDUCAÇÃO - SEE,12,782,172,4,547,4547,1,3,3,21,1,0,COOPERAÇÃO ESTADO-MUNICÍPIO NA ÁREA EDUCACIONAL,PROGRAMA ESTADUAL DO TRANSPORTE ESCOLAR ¿ PTE/MG,125000000,150000000,150000000,150000000
2024,1260,SECRETARIA DE ESTADO DE EDUCAÇÃO - SEE,2151,FUNDAÇÃO HELENA ANTIPOFF - FHA,12,122,705,2,500,2500,1,3,1,10,1,0,APOIO ÀS POLÍTICAS PÚBLICAS,ASSESSORAMENTO E GERENCIAMENTO DE POLÍTICAS PÚBLICAS,9300046,10105443,10575954,10713639
2024,1260,SECRETARIA DE ESTADO DE EDUCAÇÃO - SEE,2151,FUNDAÇÃO HELENA ANTIPOFF - FHA,12,122,705,2,500,2500,1,3,3,10,1,0,APOIO ÀS POLÍTICAS PÚBLICAS,ASSESSORAMENTO E GERENCIAMENTO DE POLÍTICAS PÚBLICAS,4460558,3750411,5524509,6297284
2024,1260,SECRETARIA DE ESTADO DE EDUCAÇÃO - SEE,2151,FUNDAÇÃO HELENA ANTIPOFF - FHA,12,122,705,2,500,2500,1,3,3,10,7,0,APOIO ÀS POLÍTICAS PÚBLICAS,ASSESSORAMENTO E GERENCIAMENTO DE POLÍTICAS PÚBLICAS,3586290,3607926,3626872,3642945
2024,1260,SECRETARIA DE ESTADO DE EDUCAÇÃO - SEE,2151,FUNDAÇÃO HELENA ANTIPOFF - FHA,12,122,705,2,500,2500,1,3,3,60,1,0,APOIO ÀS POLÍTICAS PÚBLICAS,ASSESSORAMENTO E GERENCIAMENTO DE POLÍTICAS PÚBLICAS,242000,0,0,0
2024,1260,SECRETARIA DE ESTADO DE EDUCAÇÃO - SEE,2151,FUNDAÇÃO HELENA ANTIPOFF - FHA,12,122,705,2,500,2500,1,4,4,10,1,0,APOIO ÀS POLÍTICAS PÚBLICAS,ASSESSORAMENTO E GERENCIAMENTO DE POLÍTICAS PÚBLICAS,1227420,1557420,1357420,1557420
2024,1260,SECRETARIA DE ESTADO DE EDUCAÇÃO - SEE,2151,FUNDAÇÃO HELENA ANTIPOFF - FHA,12,122,705,2,500,2500,1,4,4,47,1,0,APOIO ÀS POLÍTICAS PÚBLICAS,ASSESSORAMENTO E GERENCIAMENTO DE POLÍTICAS PÚBLICAS,10000,0,0,0
2024,1260,SECRETARIA DE ESTADO DE EDUCAÇÃO - SEE,2151,FUNDAÇÃO HELENA ANTIPOFF - FHA,12,244,51,4,92,4092,1,3,3,10,1,0,ATENDIMENTO COMUNITÁRIO E PSICOPEDAGOGICO NA FUNDACÃO HELENA ANTIPOFF,OFICINAS PEDAGÓGICAS : UM OLHAR AO CIDADÃO!,10000,30000,40000,50000
2024,1260,SECRETARIA DE ESTADO DE EDUCAÇÃO - SEE,2151,FUNDAÇÃO HELENA ANTIPOFF - FHA,12,244,51,4,93,4093,1,3,1,10,1,0,ATENDIMENTO COMUNITÁRIO E PSICOPEDAGOGICO NA FUNDACÃO HELENA ANTIPOFF,ATENDIMENTO NA CLÍNICA DE PSICOLOGIA ÉDOUARD CLAPARÉDE,939205,910257,933128,956289
2024,1260,SECRETARIA DE ESTADO DE EDUCAÇÃO - SEE,2151,FUNDAÇÃO HELENA ANTIPOFF - FHA,12,244,51,4,93,4093,1,3,3,10,1,0,ATENDIMENTO COMUNITÁRIO E PSICOPEDAGOGICO NA FUNDACÃO HELENA ANTIPOFF,ATENDIMENTO NA CLÍNICA DE PSICOLOGIA ÉDOUARD CLAPARÉDE,20000,30000,35000,40000
2024,1260,SECRETARIA DE ESTADO DE EDUCAÇÃO - SEE,2151,FUNDAÇÃO HELENA ANTIPOFF - FHA,12,244,51,4,93,4093,1,3,3,10,7,0,ATENDIMENTO COMUNITÁRIO E PSICOPEDAGOGICO NA FUNDACÃO HELENA ANTIPOFF,ATENDIMENTO NA CLÍNICA DE PSICOLOGIA ÉDOUARD CLAPARÉDE,254127,266424,279319,292838
2024,1260,SECRETARIA DE ESTADO DE EDUCAÇÃO - SEE,2151,FUNDAÇÃO HELENA ANTIPOFF - FHA,12,306,163,2,130,2130,1,3,3,10,1,0,ALIMENTAÇÃO ESCOLAR,MELHORIA NA ALIMENTAÇÃO,5000000,3411009,3000000,3000000
2024,1260,SECRETARIA DE ESTADO DE EDUCAÇÃO - SEE,2151,FUNDAÇÃO HELENA ANTIPOFF - FHA,12,361,42,4,78,4078,1,3,1,10,1,0,DESENVOLVIMENTO DA EDUCAÇÃO BÁSICA,ATENDIMENTO NO ENSINO FUNDAMENTAL,10172864,9259552,9264602,9519384
2024,1260,SECRETARIA DE ESTADO DE EDUCAÇÃO - SEE,2151,FUNDAÇÃO HELENA ANTIPOFF - FHA,12,361,42,4,78,4078,1,3,3,10,1,0,DESENVOLVIMENTO DA EDUCAÇÃO BÁSICA,ATENDIMENTO NO ENSINO FUNDAMENTAL,995920,0,0,0
2024,1260,SECRETARIA DE ESTADO DE EDUCAÇÃO - SEE,2151,FUNDAÇÃO HELENA ANTIPOFF - FHA,12,361,42,4,78,4078,1,3,3,10,7,0,DESENVOLVIMENTO DA EDUCAÇÃO BÁSICA,ATENDIMENTO NO ENSINO FUNDAMENTAL,1196931,1254862,1315598,1379273
2024,1260,SECRETARIA DE ESTADO DE EDUCAÇÃO - SEE,2151,FUNDAÇÃO HELENA ANTIPOFF - FHA,12,362,42,4,80,4080,1,3,1,10,1,0,DESENVOLVIMENTO DA EDUCAÇÃO BÁSICA,ATENDIMENTO NO ENSINO MÉDIO,6251071,6307373,6463932,6624376
2024,1260,SECRETARIA DE ESTADO DE EDUCAÇÃO - SEE,2151,FUNDAÇÃO HELENA ANTIPOFF - FHA,12,362,42,4,80,4080,1,3,3,10,1,0,DESENVOLVIMENTO DA EDUCAÇÃO BÁSICA,ATENDIMENTO NO ENSINO MÉDIO,650000,849302,870100,891408
2024,1260,SECRETARIA DE ESTADO DE EDUCAÇÃO - SEE,2151,FUNDAÇÃO HELENA ANTIPOFF - FHA,12,362,42,4,80,4080,1,3,3,10,7,0,DESENVOLVIMENTO DA EDUCAÇÃO BÁSICA,ATENDIMENTO NO ENSINO MÉDIO,973586,1020708,1070110,1121903
2024,1260,SECRETARIA DE ESTADO DE EDUCAÇÃO - SEE,2151,FUNDAÇÃO HELENA ANTIPOFF - FHA,12,368,42,4,75,4075,1,3,3,10,1,0,DESENVOLVIMENTO DA EDUCAÇÃO BÁSICA,FORMAÇÃO CONTINUADA DE PROFESSORES PELO NÚCLO DE FORMAÇÃO PRESENCIAL E A DISTÂNCIA,10000,10248,10503,10763
2024,1260,SECRETARIA DE ESTADO DE EDUCAÇÃO - SEE,2151,FUNDAÇÃO HELENA ANTIPOFF - FHA,12,368,42,4,76,4076,1,3,3,10,1,0,DESENVOLVIMENTO DA EDUCAÇÃO BÁSICA,CIDADÃO GLOBAL: DE MINAS PARA O MUNDO,2460000,2240000,2240000,2240000
2024,1260,SECRETARIA DE ESTADO DE EDUCAÇÃO - SEE,2151,FUNDAÇÃO HELENA ANTIPOFF - FHA,12,368,42,4,77,4077,1,3,3,10,1,0,DESENVOLVIMENTO DA EDUCAÇÃO BÁSICA,EDUCAÇÃO BÁSICA: AMPLIAÇÃO DA JORNADA ESCOLAR,3183857,2842507,2987527,3136146
2024,1260,SECRETARIA DE ESTADO DE EDUCAÇÃO - SEE,2151,FUNDAÇÃO HELENA ANTIPOFF - FHA,12,368,42,4,77,4077,1,4,4,10,1,0,DESENVOLVIMENTO DA EDUCAÇÃO BÁSICA,EDUCAÇÃO BÁSICA: AMPLIAÇÃO DA JORNADA ESCOLAR,1000000,0,0,0
2024,1260,SECRETARIA DE ESTADO DE EDUCAÇÃO - SEE,2151,FUNDAÇÃO HELENA ANTIPOFF - FHA,12,368,42,4,232,4232,1,3,3,10,1,0,DESENVOLVIMENTO DA EDUCAÇÃO BÁSICA,ASSISTÊNCIA ESTUDANTIL,100000,200000,300000,400000
2024,1260,SECRETARIA DE ESTADO DE EDUCAÇÃO - SEE,2151,FUNDAÇÃO HELENA ANTIPOFF - FHA,12,368,51,2,15,2015,1,3,1,10,1,0,ATENDIMENTO COMUNITÁRIO E PSICOPEDAGOGICO NA FUNDACÃO HELENA ANTIPOFF,CERTIFICAÇÕES PELO NÚCLEO DE FORMAÇÃO PRESENCIAL E À DISTÂNCIA,655740,820040,840394,961254
2024,1260,SECRETARIA DE ESTADO DE EDUCAÇÃO - SEE,2151,FUNDAÇÃO HELENA ANTIPOFF - FHA,12,368,51,2,15,2015,1,3,3,10,1,0,ATENDIMENTO COMUNITÁRIO E PSICOPEDAGOGICO NA FUNDACÃO HELENA ANTIPOFF,CERTIFICAÇÕES PELO NÚCLEO DE FORMAÇÃO PRESENCIAL E À DISTÂNCIA,10000,10000,10000,10000
2024,1260,SECRETARIA DE ESTADO DE EDUCAÇÃO - SEE,2151,FUNDAÇÃO HELENA ANTIPOFF - FHA,12,368,51,2,15,2015,1,3,3,10,7,0,ATENDIMENTO COMUNITÁRIO E PSICOPEDAGOGICO NA FUNDACÃO HELENA ANTIPOFF,CERTIFICAÇÕES PELO NÚCLEO DE FORMAÇÃO PRESENCIAL E À DISTÂNCIA,273992,287253,301156,315732
2024,1260,SECRETARIA DE ESTADO DE EDUCAÇÃO - SEE,2151,FUNDAÇÃO HELENA ANTIPOFF - FHA,12,368,76,4,198,4198,1,3,1,10,1,0,DESENVOLVIMENTO DA EDUCAÇÃO PROFISSIONAL TÉCNICA,ATENDIMENTO NO ENSINO TECNICO PROFISSIONALIZANTE,3203482,3978335,4077083,4178283
2024,1260,SECRETARIA DE ESTADO DE EDUCAÇÃO - SEE,2151,FUNDAÇÃO HELENA ANTIPOFF - FHA,12,368,76,4,198,4198,1,3,3,10,1,0,DESENVOLVIMENTO DA EDUCAÇÃO PROFISSIONAL TÉCNICA,ATENDIMENTO NO ENSINO TECNICO PROFISSIONALIZANTE,231332,5842507,5987527,6136146
2024,1260,SECRETARIA DE ESTADO DE EDUCAÇÃO - SEE,2151,FUNDAÇÃO HELENA ANTIPOFF - FHA,12,368,76,4,198,4198,1,3,3,10,7,0,DESENVOLVIMENTO DA EDUCAÇÃO PROFISSIONAL TÉCNICA,ATENDIMENTO NO ENSINO TECNICO PROFISSIONALIZANTE,664470,680742,697413,714492
2024,1260,SECRETARIA DE ESTADO DE EDUCAÇÃO - SEE,2151,FUNDAÇÃO HELENA ANTIPOFF - FHA,12,368,76,4,198,4198,1,4,4,10,1,0,DESENVOLVIMENTO DA EDUCAÇÃO PROFISSIONAL TÉCNICA,ATENDIMENTO NO ENSINO TECNICO PROFISSIONALIZANTE,230000,0,0,0
2024,1260,SECRETARIA DE ESTADO DE EDUCAÇÃO - SEE,2151,FUNDAÇÃO HELENA ANTIPOFF - FHA,12,368,76,4,199,4199,1,3,1,10,1,0,DESENVOLVIMENTO DA EDUCAÇÃO PROFISSIONAL TÉCNICA,ENSINO MÉDIO EM TEMPO INTEGRAL - EMTI,3603610,3487914,3574489,3663213
2024,1260,SECRETARIA DE ESTADO DE EDUCAÇÃO - SEE,2151,FUNDAÇÃO HELENA ANTIPOFF - FHA,12,368,76,4,199,4199,1,3,3,10,1,0,DESENVOLVIMENTO DA EDUCAÇÃO PROFISSIONAL TÉCNICA,ENSINO MÉDIO EM TEMPO INTEGRAL - EMTI,10000,10000,10000,10000
2024,1260,SECRETARIA DE ESTADO DE EDUCAÇÃO - SEE,2151,FUNDAÇÃO HELENA ANTIPOFF - FHA,12,368,76,4,199,4199,1,3,3,10,7,0,DESENVOLVIMENTO DA EDUCAÇÃO PROFISSIONAL TÉCNICA,ENSINO MÉDIO EM TEMPO INTEGRAL - EMTI,435347,446008,456931,468121
2024,1260,SECRETARIA DE ESTADO DE EDUCAÇÃO - SEE,2151,FUNDAÇÃO HELENA ANTIPOFF - FHA,12,368,76,4,199,4199,1,4,4,10,1,0,DESENVOLVIMENTO DA EDUCAÇÃO PROFISSIONAL TÉCNICA,ENSINO MÉDIO EM TEMPO INTEGRAL - EMTI,50000,50000,50000,50000
2024,1260,SECRETARIA DE ESTADO DE EDUCAÇÃO - SEE,2151,FUNDAÇÃO HELENA ANTIPOFF - FHA,12,368,89,4,233,4233,1,3,1,10,1,0,"MEMÓRIA VIVA: DIFUSÃO CULTURAL, PATRIMÔNIO MATERIAL E IMATERIAL",MUSEU HELENA ANTIPOFF,206314,207723,212879,218163
2024,1260,SECRETARIA DE ESTADO DE EDUCAÇÃO - SEE,2151,FUNDAÇÃO HELENA ANTIPOFF - FHA,12,368,89,4,233,4233,1,3,3,10,1,0,"MEMÓRIA VIVA: DIFUSÃO CULTURAL, PATRIMÔNIO MATERIAL E IMATERIAL",MUSEU HELENA ANTIPOFF,1850345,0,0,0
2024,1260,SECRETARIA DE ESTADO DE EDUCAÇÃO - SEE,2151,FUNDAÇÃO HELENA ANTIPOFF - FHA,12,368,89,4,233,4233,1,3,3,10,7,0,"MEMÓRIA VIVA: DIFUSÃO CULTURAL, PATRIMÔNIO MATERIAL E IMATERIAL",MUSEU HELENA ANTIPOFF,49871,52285,54815,57468
2024,1260,SECRETARIA DE ESTADO DE EDUCAÇÃO - SEE,2151,FUNDAÇÃO HELENA ANTIPOFF - FHA,12,368,89,4,234,4234,1,3,1,10,1,0,"MEMÓRIA VIVA: DIFUSÃO CULTURAL, PATRIMÔNIO MATERIAL E IMATERIAL",FORMAÇÃO NA PERSPECTIVA ANTIPOFFIANA,79907,189764,199301,204248
2024,1260,SECRETARIA DE ESTADO DE EDUCAÇÃO - SEE,2151,FUNDAÇÃO HELENA ANTIPOFF - FHA,12,368,89,4,234,4234,1,3,3,10,1,0,"MEMÓRIA VIVA: DIFUSÃO CULTURAL, PATRIMÔNIO MATERIAL E IMATERIAL",FORMAÇÃO NA PERSPECTIVA ANTIPOFFIANA,10000,10245,496,10753
2024,1260,SECRETARIA DE ESTADO DE EDUCAÇÃO - SEE,2151,FUNDAÇÃO HELENA ANTIPOFF - FHA,12,368,89,4,234,4234,1,3,3,10,7,0,"MEMÓRIA VIVA: DIFUSÃO CULTURAL, PATRIMÔNIO MATERIAL E IMATERIAL",FORMAÇÃO NA PERSPECTIVA ANTIPOFFIANA,19820,20779,21795,22839
2024,1260,SECRETARIA DE ESTADO DE EDUCAÇÃO - SEE,2151,FUNDAÇÃO HELENA ANTIPOFF - FHA,12,572,75,1,23,1023,1,4,4,10,1,0,AMPLIAÇÃO E MODERNIZAÇÃO DA FUNDAÇÃO HELENA ANTIPOFF,CENTRO DE REFERÊNCIA EM EDUCAÇÃO AMBIENTAL PROFESSORA HELENA ANTPOFF,100000,1000000,1200000,1000000
2024,1260,SECRETARIA DE ESTADO DE EDUCAÇÃO - SEE,2151,FUNDAÇÃO HELENA ANTIPOFF - FHA,12,812,75,1,24,1024,1,3,3,10,1,0,AMPLIAÇÃO E MODERNIZAÇÃO DA FUNDAÇÃO HELENA ANTIPOFF,COMPLEXO ESPORTIVO HELENA ANTIPOFF,300000,1000000,200000,10000
2024,1260,SECRETARIA DE ESTADO DE EDUCAÇÃO - SEE,2151,FUNDAÇÃO HELENA ANTIPOFF - FHA,28,846,705,7,4,7004,1,3,1,60,9,0,APOIO ÀS POLÍTICAS PÚBLICAS,PRECATÓRIOS E SENTENÇAS JUDICIÁRIAS,1000,1000,1000,1000
2024,1260,SECRETARIA DE ESTADO DE EDUCAÇÃO - SEE,2151,FUNDAÇÃO HELENA ANTIPOFF - FHA,28,846,705,7,4,7004,1,3,3,60,9,0,APOIO ÀS POLÍTICAS PÚBLICAS,PRECATÓRIOS E SENTENÇAS JUDICIÁRIAS,0,0,0,0
2024,1260,SECRETARIA DE ESTADO DE EDUCAÇÃO - SEE,2161,FUNDAÇÃO EDUCACIONAL CAIO MARTINS - FUCAM,4,122,104,4,515,4515,1,3,3,10,1,0,ENFRENTAMENTO À VULNERABILIDADE NOS TERRITÓRIOS DE ATUAÇÃO DA FUCAM,MANUTENÇÃO DA OPERAÇÃO DOS CENTROS EDUCACIONAIS,2183836,2289534,2400347,2516524
2024,1260,SECRETARIA DE ESTADO DE EDUCAÇÃO - SEE,2161,FUNDAÇÃO EDUCACIONAL CAIO MARTINS - FUCAM,4,122,104,4,515,4515,1,4,4,10,1,0,ENFRENTAMENTO À VULNERABILIDADE NOS TERRITÓRIOS DE ATUAÇÃO DA FUCAM,MANUTENÇÃO DA OPERAÇÃO DOS CENTROS EDUCACIONAIS,135766,135766,135766,135766
2024,1260,SECRETARIA DE ESTADO DE EDUCAÇÃO - SEE,2161,FUNDAÇÃO EDUCACIONAL CAIO MARTINS - FUCAM,4,122,705,2,500,2500,1,3,1,10,1,0,APOIO ÀS POLÍTICAS PÚBLICAS,ASSESSORAMENTO E GERENCIAMENTO DE POLÍTICAS PÚBLICAS,5513318,5648331,5786651,5928358
2024,1260,SECRETARIA DE ESTADO DE EDUCAÇÃO - SEE,2161,FUNDAÇÃO EDUCACIONAL CAIO MARTINS - FUCAM,4,122,705,2,500,2500,1,3,3,10,1,0,APOIO ÀS POLÍTICAS PÚBLICAS,ASSESSORAMENTO E GERENCIAMENTO DE POLÍTICAS PÚBLICAS,1457707,1528260,1602228,1679776
2024,1260,SECRETARIA DE ESTADO DE EDUCAÇÃO - SEE,2161,FUNDAÇÃO EDUCACIONAL CAIO MARTINS - FUCAM,4,122,705,2,500,2500,1,3,3,10,7,0,APOIO ÀS POLÍTICAS PÚBLICAS,ASSESSORAMENTO E GERENCIAMENTO DE POLÍTICAS PÚBLICAS,829149,849454,870256,891568
2024,1260,SECRETARIA DE ESTADO DE EDUCAÇÃO - SEE,2161,FUNDAÇÃO EDUCACIONAL CAIO MARTINS - FUCAM,4,122,705,2,500,2500,1,3,3,47,1,0,APOIO ÀS POLÍTICAS PÚBLICAS,ASSESSORAMENTO E GERENCIAMENTO DE POLÍTICAS PÚBLICAS,1000,0,0,0
2024,1260,SECRETARIA DE ESTADO DE EDUCAÇÃO - SEE,2161,FUNDAÇÃO EDUCACIONAL CAIO MARTINS - FUCAM,11,334,104,4,285,4285,1,3,1,10,1,0,ENFRENTAMENTO À VULNERABILIDADE NOS TERRITÓRIOS DE ATUAÇÃO DA FUCAM,INCLUSÃO SOCIOPRODUTIVA EM TERRITÓRIOS DE ALTA VULNERABILIDADE SOCIAL,947032,970224,993984,1018326
2024,1260,SECRETARIA DE ESTADO DE EDUCAÇÃO - SEE,2161,FUNDAÇÃO EDUCACIONAL CAIO MARTINS - FUCAM,11,334,104,4,285,4285,1,3,3,1,1,0,ENFRENTAMENTO À VULNERABILIDADE NOS TERRITÓRIOS DE ATUAÇÃO DA FUCAM,INCLUSÃO SOCIOPRODUTIVA EM TERRITÓRIOS DE ALTA VULNERABILIDADE SOCIAL,272000,0,0,0
2024,1260,SECRETARIA DE ESTADO DE EDUCAÇÃO - SEE,2161,FUNDAÇÃO EDUCACIONAL CAIO MARTINS - FUCAM,11,334,104,4,285,4285,1,3,3,10,1,0,ENFRENTAMENTO À VULNERABILIDADE NOS TERRITÓRIOS DE ATUAÇÃO DA FUCAM,INCLUSÃO SOCIOPRODUTIVA EM TERRITÓRIOS DE ALTA VULNERABILIDADE SOCIAL,454444,476439,499499,523674
2024,1260,SECRETARIA DE ESTADO DE EDUCAÇÃO - SEE,2161,FUNDAÇÃO EDUCACIONAL CAIO MARTINS - FUCAM,11,334,104,4,285,4285,1,3,3,10,3,0,ENFRENTAMENTO À VULNERABILIDADE NOS TERRITÓRIOS DE ATUAÇÃO DA FUCAM,INCLUSÃO SOCIOPRODUTIVA EM TERRITÓRIOS DE ALTA VULNERABILIDADE SOCIAL,34079,35728,37457,39270
2024,1260,SECRETARIA DE ESTADO DE EDUCAÇÃO - SEE,2161,FUNDAÇÃO EDUCACIONAL CAIO MARTINS - FUCAM,11,334,104,4,285,4285,1,3,3,10,7,0,ENFRENTAMENTO À VULNERABILIDADE NOS TERRITÓRIOS DE ATUAÇÃO DA FUCAM,INCLUSÃO SOCIOPRODUTIVA EM TERRITÓRIOS DE ALTA VULNERABILIDADE SOCIAL,187773,192372,197083,201910
2024,1260,SECRETARIA DE ESTADO DE EDUCAÇÃO - SEE,2161,FUNDAÇÃO EDUCACIONAL CAIO MARTINS - FUCAM,11,334,104,4,285,4285,1,3,3,24,1,0,ENFRENTAMENTO À VULNERABILIDADE NOS TERRITÓRIOS DE ATUAÇÃO DA FUCAM,INCLUSÃO SOCIOPRODUTIVA EM TERRITÓRIOS DE ALTA VULNERABILIDADE SOCIAL,3088643,0,0,0
2024,1260,SECRETARIA DE ESTADO DE EDUCAÇÃO - SEE,2161,FUNDAÇÃO EDUCACIONAL CAIO MARTINS - FUCAM,11,334,104,4,285,4285,1,4,4,1,1,0,ENFRENTAMENTO À VULNERABILIDADE NOS TERRITÓRIOS DE ATUAÇÃO DA FUCAM,INCLUSÃO SOCIOPRODUTIVA EM TERRITÓRIOS DE ALTA VULNERABILIDADE SOCIAL,30000,0,0,0
2024,1260,SECRETARIA DE ESTADO DE EDUCAÇÃO - SEE,2161,FUNDAÇÃO EDUCACIONAL CAIO MARTINS - FUCAM,11,334,104,4,285,4285,1,4,4,10,1,0,ENFRENTAMENTO À VULNERABILIDADE NOS TERRITÓRIOS DE ATUAÇÃO DA FUCAM,INCLUSÃO SOCIOPRODUTIVA EM TERRITÓRIOS DE ALTA VULNERABILIDADE SOCIAL,292548,292548,292548,292548
2024,1260,SECRETARIA DE ESTADO DE EDUCAÇÃO - SEE,2161,FUNDAÇÃO EDUCACIONAL CAIO MARTINS - FUCAM,11,334,104,4,285,4285,1,4,4,24,1,0,ENFRENTAMENTO À VULNERABILIDADE NOS TERRITÓRIOS DE ATUAÇÃO DA FUCAM,INCLUSÃO SOCIOPRODUTIVA EM TERRITÓRIOS DE ALTA VULNERABILIDADE SOCIAL,342960,0,0,0
2024,1260,SECRETARIA DE ESTADO DE EDUCAÇÃO - SEE,2161,FUNDAÇÃO EDUCACIONAL CAIO MARTINS - FUCAM,12,361,104,4,277,4277,1,3,3,10,1,0,ENFRENTAMENTO À VULNERABILIDADE NOS TERRITÓRIOS DE ATUAÇÃO DA FUCAM,ATENDIMENTO NO ENSINO FUNDAMENTAL EM TERRITÓRIOS DE ALTA VULNERABILIDADE SOCIAL,181534,190320,199532,209189
2024,1260,SECRETARIA DE ESTADO DE EDUCAÇÃO - SEE,2161,FUNDAÇÃO EDUCACIONAL CAIO MARTINS - FUCAM,12,362,104,4,282,4282,1,3,3,10,1,0,ENFRENTAMENTO À VULNERABILIDADE NOS TERRITÓRIOS DE ATUAÇÃO DA FUCAM,ATENDIMENTO NO ENSINO MÉDIO EM TERRITÓRIOS DE ALTA VULNERABILIDADE SOCIAL,181534,190320,199532,209189
2024,1260,SECRETARIA DE ESTADO DE EDUCAÇÃO - SEE,2161,FUNDAÇÃO EDUCACIONAL CAIO MARTINS - FUCAM,12,363,104,4,283,4283,1,3,1,10,1,0,ENFRENTAMENTO À VULNERABILIDADE NOS TERRITÓRIOS DE ATUAÇÃO DA FUCAM,EDUCAÇÃO PARA A CIDADANIA E PARA O MUNDO DO TRABALHO EM TERRITÓRIOS DE ALTA VULNERABILIDADE SOCIAL,3291561,3372167,3454747,3539349
2024,1260,SECRETARIA DE ESTADO DE EDUCAÇÃO - SEE,2161,FUNDAÇÃO EDUCACIONAL CAIO MARTINS - FUCAM,12,363,104,4,283,4283,1,3,3,10,1,0,ENFRENTAMENTO À VULNERABILIDADE NOS TERRITÓRIOS DE ATUAÇÃO DA FUCAM,EDUCAÇÃO PARA A CIDADANIA E PARA O MUNDO DO TRABALHO EM TERRITÓRIOS DE ALTA VULNERABILIDADE SOCIAL,3778233,3961100,4152816,4353813
2024,1260,SECRETARIA DE ESTADO DE EDUCAÇÃO - SEE,2161,FUNDAÇÃO EDUCACIONAL CAIO MARTINS - FUCAM,12,363,104,4,283,4283,1,3,3,10,7,0,ENFRENTAMENTO À VULNERABILIDADE NOS TERRITÓRIOS DE ATUAÇÃO DA FUCAM,EDUCAÇÃO PARA A CIDADANIA E PARA O MUNDO DO TRABALHO EM TERRITÓRIOS DE ALTA VULNERABILIDADE SOCIAL,1042118,1067638,1093783,1120568
2024,1260,SECRETARIA DE ESTADO DE EDUCAÇÃO - SEE,2161,FUNDAÇÃO EDUCACIONAL CAIO MARTINS - FUCAM,12,363,104,4,283,4283,1,4,4,10,1,0,ENFRENTAMENTO À VULNERABILIDADE NOS TERRITÓRIOS DE ATUAÇÃO DA FUCAM,EDUCAÇÃO PARA A CIDADANIA E PARA O MUNDO DO TRABALHO EM TERRITÓRIOS DE ALTA VULNERABILIDADE SOCIAL,0,0,0,0
2024,1260,SECRETARIA DE ESTADO DE EDUCAÇÃO - SEE,2161,FUNDAÇÃO EDUCACIONAL CAIO MARTINS - FUCAM,28,846,705,7,4,7004,1,3,1,10,9,0,APOIO ÀS POLÍTICAS PÚBLICAS,PRECATÓRIOS E SENTENÇAS JUDICIÁRIAS,390920,1000,1000,1000
2024,1260,SECRETARIA DE ESTADO DE EDUCAÇÃO - SEE,2311,UNIVERSIDADE ESTADUAL DE MONTES CLAROS - UNIMONTES,12,122,705,2,500,2500,1,3,1,10,1,0,APOIO ÀS POLÍTICAS PÚBLICAS,ASSESSORAMENTO E GERENCIAMENTO DE POLÍTICAS PÚBLICAS,9801157,9896628,9992221,10088146
2024,1260,SECRETARIA DE ESTADO DE EDUCAÇÃO - SEE,2311,UNIVERSIDADE ESTADUAL DE MONTES CLAROS - UNIMONTES,12,122,705,2,500,2500,1,3,3,10,1,0,APOIO ÀS POLÍTICAS PÚBLICAS,ASSESSORAMENTO E GERENCIAMENTO DE POLÍTICAS PÚBLICAS,10806575,11329613,11877966,12452860
2024,1260,SECRETARIA DE ESTADO DE EDUCAÇÃO - SEE,2311,UNIVERSIDADE ESTADUAL DE MONTES CLAROS - UNIMONTES,12,122,705,2,500,2500,1,3,3,10,7,0,APOIO ÀS POLÍTICAS PÚBLICAS,ASSESSORAMENTO E GERENCIAMENTO DE POLÍTICAS PÚBLICAS,3105409,3135531,3165946,3196339
2024,1260,SECRETARIA DE ESTADO DE EDUCAÇÃO - SEE,2311,UNIVERSIDADE ESTADUAL DE MONTES CLAROS - UNIMONTES,12,122,705,2,500,2500,1,4,4,10,1,0,APOIO ÀS POLÍTICAS PÚBLICAS,ASSESSORAMENTO E GERENCIAMENTO DE POLÍTICAS PÚBLICAS,0,680447,680447,680447
2024,1260,SECRETARIA DE ESTADO DE EDUCAÇÃO - SEE,2311,UNIVERSIDADE ESTADUAL DE MONTES CLAROS - UNIMONTES,12,302,7,4,17,4017,1,3,1,10,1,0,EDUCAÇÃO SUPERIOR,MANUTENÇÃO DO HOSPITAL DE ENSINO,70898857,71586575,72280965,72280966
2024,1260,SECRETARIA DE ESTADO DE EDUCAÇÃO - SEE,2311,UNIVERSIDADE ESTADUAL DE MONTES CLAROS - UNIMONTES,12,302,7,4,17,4017,1,3,1,60,1,0,EDUCAÇÃO SUPERIOR,MANUTENÇÃO DO HOSPITAL DE ENSINO,1278924,1310669,1343202,1376542
2024,1260,SECRETARIA DE ESTADO DE EDUCAÇÃO - SEE,2311,UNIVERSIDADE ESTADUAL DE MONTES CLAROS - UNIMONTES,12,302,7,4,17,4017,1,3,3,1,1,0,EDUCAÇÃO SUPERIOR,MANUTENÇÃO DO HOSPITAL DE ENSINO,0,0,0,0
2024,1260,SECRETARIA DE ESTADO DE EDUCAÇÃO - SEE,2311,UNIVERSIDADE ESTADUAL DE MONTES CLAROS - UNIMONTES,12,302,7,4,17,4017,1,3,3,10,1,0,EDUCAÇÃO SUPERIOR,MANUTENÇÃO DO HOSPITAL DE ENSINO,46073207,48303150,50641023,53092048
2024,1260,SECRETARIA DE ESTADO DE EDUCAÇÃO - SEE,2311,UNIVERSIDADE ESTADUAL DE MONTES CLAROS - UNIMONTES,12,302,7,4,17,4017,1,3,3,10,7,0,EDUCAÇÃO SUPERIOR,MANUTENÇÃO DO HOSPITAL DE ENSINO,17908581,18082294,18257692,18257693
2024,1260,SECRETARIA DE ESTADO DE EDUCAÇÃO - SEE,2311,UNIVERSIDADE ESTADUAL DE MONTES CLAROS - UNIMONTES,12,302,7,4,17,4017,1,3,3,70,1,0,EDUCAÇÃO SUPERIOR,MANUTENÇÃO DO HOSPITAL DE ENSINO,7585028,0,0,0
2024,1260,SECRETARIA DE ESTADO DE EDUCAÇÃO - SEE,2311,UNIVERSIDADE ESTADUAL DE MONTES CLAROS - UNIMONTES,12,302,7,4,17,4017,1,4,4,1,1,0,EDUCAÇÃO SUPERIOR,MANUTENÇÃO DO HOSPITAL DE ENSINO,199299,0,0,0
2024,1260,SECRETARIA DE ESTADO DE EDUCAÇÃO - SEE,2311,UNIVERSIDADE ESTADUAL DE MONTES CLAROS - UNIMONTES,12,302,7,4,17,4017,1,4,4,10,1,0,EDUCAÇÃO SUPERIOR,MANUTENÇÃO DO HOSPITAL DE ENSINO,0,4241944,4241944,4241944
2024,1260,SECRETARIA DE ESTADO DE EDUCAÇÃO - SEE,2311,UNIVERSIDADE ESTADUAL DE MONTES CLAROS - UNIMONTES,12,302,7,4,17,4017,1,4,4,70,1,0,EDUCAÇÃO SUPERIOR,MANUTENÇÃO DO HOSPITAL DE ENSINO,577339,0,0,0
2024,1260,SECRETARIA DE ESTADO DE EDUCAÇÃO - SEE,2311,UNIVERSIDADE ESTADUAL DE MONTES CLAROS - UNIMONTES,12,363,7,4,6,4006,1,3,1,10,1,0,EDUCAÇÃO SUPERIOR,OFERTA DE ENSINO TÉCNICO E PROFISSIONAL,1838624,1856458,1874466,1892460
2024,1260,SECRETARIA DE ESTADO DE EDUCAÇÃO - SEE,2311,UNIVERSIDADE ESTADUAL DE MONTES CLAROS - UNIMONTES,12,363,7,4,6,4006,1,3,3,10,1,0,EDUCAÇÃO SUPERIOR,OFERTA DE ENSINO TÉCNICO E PROFISSIONAL,5499180,5765340,6044383,6336931
2024,1260,SECRETARIA DE ESTADO DE EDUCAÇÃO - SEE,2311,UNIVERSIDADE ESTADUAL DE MONTES CLAROS - UNIMONTES,12,363,7,4,6,4006,1,3,3,10,7,0,EDUCAÇÃO SUPERIOR,OFERTA DE ENSINO TÉCNICO E PROFISSIONAL,269543,272157,274797,277435
2024,1260,SECRETARIA DE ESTADO DE EDUCAÇÃO - SEE,2311,UNIVERSIDADE ESTADUAL DE MONTES CLAROS - UNIMONTES,12,363,7,4,6,4006,1,3,3,36,1,0,EDUCAÇÃO SUPERIOR,OFERTA DE ENSINO TÉCNICO E PROFISSIONAL,868713,0,0,0
2024,1260,SECRETARIA DE ESTADO DE EDUCAÇÃO - SEE,2311,UNIVERSIDADE ESTADUAL DE MONTES CLAROS - UNIMONTES,12,363,7,4,6,4006,1,4,4,10,1,0,EDUCAÇÃO SUPERIOR,OFERTA DE ENSINO TÉCNICO E PROFISSIONAL,0,1949360,1949360,1949360
2024,1260,SECRETARIA DE ESTADO DE EDUCAÇÃO - SEE,2311,UNIVERSIDADE ESTADUAL DE MONTES CLAROS - UNIMONTES,12,363,7,4,6,4006,1,4,4,10,3,0,EDUCAÇÃO SUPERIOR,OFERTA DE ENSINO TÉCNICO E PROFISSIONAL,177822,177822,177822,177822
2024,1260,SECRETARIA DE ESTADO DE EDUCAÇÃO - SEE,2311,UNIVERSIDADE ESTADUAL DE MONTES CLAROS - UNIMONTES,12,363,7,4,6,4006,1,4,4,24,1,0,EDUCAÇÃO SUPERIOR,OFERTA DE ENSINO TÉCNICO E PROFISSIONAL,17547335,0,0,0
2024,1260,SECRETARIA DE ESTADO DE EDUCAÇÃO - SEE,2311,UNIVERSIDADE ESTADUAL DE MONTES CLAROS - UNIMONTES,12,364,7,4,1,4001,1,3,1,10,1,0,EDUCAÇÃO SUPERIOR,OFERTA DE CURSOS DE GRADUAÇÃO,205765496,212120502,218646159,226047915
2024,1260,SECRETARIA DE ESTADO DE EDUCAÇÃO - SEE,2311,UNIVERSIDADE ESTADUAL DE MONTES CLAROS - UNIMONTES,12,364,7,4,1,4001,1,3,3,1,1,0,EDUCAÇÃO SUPERIOR,OFERTA DE CURSOS DE GRADUAÇÃO,102000,0,0,0
2024,1260,SECRETARIA DE ESTADO DE EDUCAÇÃO - SEE,2311,UNIVERSIDADE ESTADUAL DE MONTES CLAROS - UNIMONTES,12,364,7,4,1,4001,1,3,3,10,1,0,EDUCAÇÃO SUPERIOR,OFERTA DE CURSOS DE GRADUAÇÃO,17954111,18823090,19734127,20689259
2024,1260,SECRETARIA DE ESTADO DE EDUCAÇÃO - SEE,2311,UNIVERSIDADE ESTADUAL DE MONTES CLAROS - UNIMONTES,12,364,7,4,1,4001,1,3,3,10,7,0,EDUCAÇÃO SUPERIOR,OFERTA DE CURSOS DE GRADUAÇÃO,21287904,22123963,22983547,24044707
2024,1260,SECRETARIA DE ESTADO DE EDUCAÇÃO - SEE,2311,UNIVERSIDADE ESTADUAL DE MONTES CLAROS - UNIMONTES,12,364,7,4,1,4001,1,4,4,10,1,0,EDUCAÇÃO SUPERIOR,OFERTA DE CURSOS DE GRADUAÇÃO,0,1707435,1707435,1707435
2024,1260,SECRETARIA DE ESTADO DE EDUCAÇÃO - SEE,2311,UNIVERSIDADE ESTADUAL DE MONTES CLAROS - UNIMONTES,12,364,7,4,2,4002,1,3,3,1,1,0,EDUCAÇÃO SUPERIOR,"APOIO ÀS ATIVIDADES DE PESQUISA, INOVAÇÃO E TECNOLOGIA.",199999,0,0,0
2024,1260,SECRETARIA DE ESTADO DE EDUCAÇÃO - SEE,2311,UNIVERSIDADE ESTADUAL DE MONTES CLAROS - UNIMONTES,12,364,7,4,2,4002,1,3,3,10,1,0,EDUCAÇÃO SUPERIOR,"APOIO ÀS ATIVIDADES DE PESQUISA, INOVAÇÃO E TECNOLOGIA.",1602157,1679701,1760999,1846231
2024,1260,SECRETARIA DE ESTADO DE EDUCAÇÃO - SEE,2311,UNIVERSIDADE ESTADUAL DE MONTES CLAROS - UNIMONTES,12,364,7,4,2,4002,1,4,4,24,1,0,EDUCAÇÃO SUPERIOR,"APOIO ÀS ATIVIDADES DE PESQUISA, INOVAÇÃO E TECNOLOGIA.",252000,0,0,0
2024,1260,SECRETARIA DE ESTADO DE EDUCAÇÃO - SEE,2311,UNIVERSIDADE ESTADUAL DE MONTES CLAROS - UNIMONTES,12,364,7,4,4,4004,1,3,3,10,1,0,EDUCAÇÃO SUPERIOR,APOIO AOS PROGRAMAS DE PÓS-GRADUAÇÃO STRICTO SENSU.,387520,406277,425940,446555
2024,1260,SECRETARIA DE ESTADO DE EDUCAÇÃO - SEE,2311,UNIVERSIDADE ESTADUAL DE MONTES CLAROS - UNIMONTES,12,364,7,4,5,4005,1,3,3,10,1,0,EDUCAÇÃO SUPERIOR,ASSISTÊNCIA ESTUDANTIL,2677250,2806829,2942679,3085105
2024,1260,SECRETARIA DE ESTADO DE EDUCAÇÃO - SEE,2311,UNIVERSIDADE ESTADUAL DE MONTES CLAROS - UNIMONTES,12,364,7,4,5,4005,1,3,3,60,1,0,EDUCAÇÃO SUPERIOR,ASSISTÊNCIA ESTUDANTIL,0,0,0,0
2024,1260,SECRETARIA DE ESTADO DE EDUCAÇÃO - SEE,2311,UNIVERSIDADE ESTADUAL DE MONTES CLAROS - UNIMONTES,12,364,7,4,550,4550,1,3,3,10,1,0,EDUCAÇÃO SUPERIOR,FORNECIMENTO DE REFEIÇÕES NA UNIVERSIDADE,8844100,9272154,9720927,10191420
2024,1260,SECRETARIA DE ESTADO DE EDUCAÇÃO - SEE,2311,UNIVERSIDADE ESTADUAL DE MONTES CLAROS - UNIMONTES,28,846,705,7,4,7004,1,3,1,60,9,0,APOIO ÀS POLÍTICAS PÚBLICAS,PRECATÓRIOS E SENTENÇAS JUDICIÁRIAS,1654720,1000,1000,1000
2024,1260,SECRETARIA DE ESTADO DE EDUCAÇÃO - SEE,2311,UNIVERSIDADE ESTADUAL DE MONTES CLAROS - UNIMONTES,28,846,705,7,4,7004,1,3,3,60,9,0,APOIO ÀS POLÍTICAS PÚBLICAS,PRECATÓRIOS E SENTENÇAS JUDICIÁRIAS,382219,1000,1000,1000
2024,1260,SECRETARIA DE ESTADO DE EDUCAÇÃO - SEE,2351,UNIVERSIDADE DO ESTADO DE MINAS GERAIS - UEMG,12,122,705,2,500,2500,1,3,3,10,1,0,APOIO ÀS POLÍTICAS PÚBLICAS,ASSESSORAMENTO E GERENCIAMENTO DE POLÍTICAS PÚBLICAS,1365563,1218591,1279521,1343467
2024,1260,SECRETARIA DE ESTADO DE EDUCAÇÃO - SEE,2351,UNIVERSIDADE DO ESTADO DE MINAS GERAIS - UEMG,12,364,26,1,18,1018,1,3,3,10,1,0,DESENVOLVIMENTO DO ENSINO SUPERIOR NA UEMG,"CONSTRUÇÃO, AMPLIAÇÃO E REFORMA DAS UNIDADES ACADÊMICAS E DOS CAMPI DA UEMG",1000,1000,1000,1000
2024,1260,SECRETARIA DE ESTADO DE EDUCAÇÃO - SEE,2351,UNIVERSIDADE DO ESTADO DE MINAS GERAIS - UEMG,12,364,26,4,86,4086,1,3,1,10,1,0,DESENVOLVIMENTO DO ENSINO SUPERIOR NA UEMG,ATIVIDADE DE ENSINO DE GRADUAÇÃO PRESENCIAL E A DISTÂNCIA,228343854,234011599,239820024,245772621
2024,1260,SECRETARIA DE ESTADO DE EDUCAÇÃO - SEE,2351,UNIVERSIDADE DO ESTADO DE MINAS GERAIS - UEMG,12,364,26,4,86,4086,1,3,3,10,1,0,DESENVOLVIMENTO DO ENSINO SUPERIOR NA UEMG,ATIVIDADE DE ENSINO DE GRADUAÇÃO PRESENCIAL E A DISTÂNCIA,87784000,92216307,96377129,100998194
2024,1260,SECRETARIA DE ESTADO DE EDUCAÇÃO - SEE,2351,UNIVERSIDADE DO ESTADO DE MINAS GERAIS - UEMG,12,364,26,4,86,4086,1,3,3,10,3,0,DESENVOLVIMENTO DO ENSINO SUPERIOR NA UEMG,ATIVIDADE DE ENSINO DE GRADUAÇÃO PRESENCIAL E A DISTÂNCIA,18966,0,0,0
2024,1260,SECRETARIA DE ESTADO DE EDUCAÇÃO - SEE,2351,UNIVERSIDADE DO ESTADO DE MINAS GERAIS - UEMG,12,364,26,4,86,4086,1,3,3,10,7,0,DESENVOLVIMENTO DO ENSINO SUPERIOR NA UEMG,ATIVIDADE DE ENSINO DE GRADUAÇÃO PRESENCIAL E A DISTÂNCIA,40657686,41653328,42673352,43718355
2024,1260,SECRETARIA DE ESTADO DE EDUCAÇÃO - SEE,2351,UNIVERSIDADE DO ESTADO DE MINAS GERAIS - UEMG,12,364,26,4,86,4086,1,3,3,24,1,0,DESENVOLVIMENTO DO ENSINO SUPERIOR NA UEMG,ATIVIDADE DE ENSINO DE GRADUAÇÃO PRESENCIAL E A DISTÂNCIA,9553844,0,0,0
2024,1260,SECRETARIA DE ESTADO DE EDUCAÇÃO - SEE,2351,UNIVERSIDADE DO ESTADO DE MINAS GERAIS - UEMG,12,364,26,4,86,4086,1,4,4,10,1,0,DESENVOLVIMENTO DO ENSINO SUPERIOR NA UEMG,ATIVIDADE DE ENSINO DE GRADUAÇÃO PRESENCIAL E A DISTÂNCIA,4500000,4500000,4500000,4500000
2024,1260,SECRETARIA DE ESTADO DE EDUCAÇÃO - SEE,2351,UNIVERSIDADE DO ESTADO DE MINAS GERAIS - UEMG,12,364,26,4,86,4086,1,4,4,24,1,0,DESENVOLVIMENTO DO ENSINO SUPERIOR NA UEMG,ATIVIDADE DE ENSINO DE GRADUAÇÃO PRESENCIAL E A DISTÂNCIA,0,0,0,0
2024,1260,SECRETARIA DE ESTADO DE EDUCAÇÃO - SEE,2351,UNIVERSIDADE DO ESTADO DE MINAS GERAIS - UEMG,12,364,26,4,86,4086,1,4,4,60,1,0,DESENVOLVIMENTO DO ENSINO SUPERIOR NA UEMG,ATIVIDADE DE ENSINO DE GRADUAÇÃO PRESENCIAL E A DISTÂNCIA,463450,0,0,0
2024,1260,SECRETARIA DE ESTADO DE EDUCAÇÃO - SEE,2351,UNIVERSIDADE DO ESTADO DE MINAS GERAIS - UEMG,12,364,26,4,87,4087,1,3,3,10,1,0,DESENVOLVIMENTO DO ENSINO SUPERIOR NA UEMG,ATIVIDADES DE PESQUISA CIENTÍFICA,4210000,4410000,4630500,4862025
2024,1260,SECRETARIA DE ESTADO DE EDUCAÇÃO - SEE,2351,UNIVERSIDADE DO ESTADO DE MINAS GERAIS - UEMG,12,364,26,4,88,4088,1,3,3,10,1,0,DESENVOLVIMENTO DO ENSINO SUPERIOR NA UEMG,ATIVIDADE DE PÓS-GRADUAÇÃO,900000,945000,992250,1041863
2024,1260,SECRETARIA DE ESTADO DE EDUCAÇÃO - SEE,2351,UNIVERSIDADE DO ESTADO DE MINAS GERAIS - UEMG,12,364,26,4,89,4089,1,3,3,1,1,0,DESENVOLVIMENTO DO ENSINO SUPERIOR NA UEMG,AÇÃO DE EXTENSÃO UNIVERSITÁRIA,377000,0,0,0
2024,1260,SECRETARIA DE ESTADO DE EDUCAÇÃO - SEE,2351,UNIVERSIDADE DO ESTADO DE MINAS GERAIS - UEMG,12,364,26,4,89,4089,1,3,3,10,1,0,DESENVOLVIMENTO DO ENSINO SUPERIOR NA UEMG,AÇÃO DE EXTENSÃO UNIVERSITÁRIA,4400000,4620000,5109508,5362049
2024,1260,SECRETARIA DE ESTADO DE EDUCAÇÃO - SEE,2351,UNIVERSIDADE DO ESTADO DE MINAS GERAIS - UEMG,12,364,26,4,89,4089,1,3,3,10,3,0,DESENVOLVIMENTO DO ENSINO SUPERIOR NA UEMG,AÇÃO DE EXTENSÃO UNIVERSITÁRIA,168817,196872,206401,216391
2024,1260,SECRETARIA DE ESTADO DE EDUCAÇÃO - SEE,2351,UNIVERSIDADE DO ESTADO DE MINAS GERAIS - UEMG,12,364,26,4,89,4089,1,4,4,1,1,0,DESENVOLVIMENTO DO ENSINO SUPERIOR NA UEMG,AÇÃO DE EXTENSÃO UNIVERSITÁRIA,1440000,0,0,0
2024,1260,SECRETARIA DE ESTADO DE EDUCAÇÃO - SEE,2351,UNIVERSIDADE DO ESTADO DE MINAS GERAIS - UEMG,12,364,26,4,89,4089,1,4,4,10,3,0,DESENVOLVIMENTO DO ENSINO SUPERIOR NA UEMG,AÇÃO DE EXTENSÃO UNIVERSITÁRIA,52108,52108,52108,52108
2024,1260,SECRETARIA DE ESTADO DE EDUCAÇÃO - SEE,2351,UNIVERSIDADE DO ESTADO DE MINAS GERAIS - UEMG,12,364,26,4,90,4090,1,3,3,10,1,0,DESENVOLVIMENTO DO ENSINO SUPERIOR NA UEMG,FORTALECIMENTO DAS POLÍTICAS DE ASSISTÊNCIA ESTUDANTIL,15522122,16298229,17113141,17968799
2024,1260,SECRETARIA DE ESTADO DE EDUCAÇÃO - SEE,2351,UNIVERSIDADE DO ESTADO DE MINAS GERAIS - UEMG,28,846,705,7,4,7004,1,3,1,10,9,0,APOIO ÀS POLÍTICAS PÚBLICAS,PRECATÓRIOS E SENTENÇAS JUDICIÁRIAS,4687173,1000,1000,1000
2024,1270,SECRETARIA DE ESTADO DE CULTURA E TURISMO - SECULT,1271,SECRETARIA DE ESTADO DE CULTURA E TURISMO - SECULT,4,122,705,2,500,2500,1,3,1,10,1,0,APOIO ÀS POLÍTICAS PÚBLICAS,ASSESSORAMENTO E GERENCIAMENTO DE POLÍTICAS PÚBLICAS,10349957,10738940,11141517,11558136
2024,1270,SECRETARIA DE ESTADO DE CULTURA E TURISMO - SECULT,1271,SECRETARIA DE ESTADO DE CULTURA E TURISMO - SECULT,4,122,705,2,500,2500,1,3,3,10,1,0,APOIO ÀS POLÍTICAS PÚBLICAS,ASSESSORAMENTO E GERENCIAMENTO DE POLÍTICAS PÚBLICAS,1758677,1938976,2128007,2326188
2024,1270,SECRETARIA DE ESTADO DE CULTURA E TURISMO - SECULT,1271,SECRETARIA DE ESTADO DE CULTURA E TURISMO - SECULT,4,122,705,2,500,2500,1,3,3,10,7,0,APOIO ÀS POLÍTICAS PÚBLICAS,ASSESSORAMENTO E GERENCIAMENTO DE POLÍTICAS PÚBLICAS,2329906,2386962,2445415,2505300
2024,1270,SECRETARIA DE ESTADO DE CULTURA E TURISMO - SECULT,1271,SECRETARIA DE ESTADO DE CULTURA E TURISMO - SECULT,13,391,106,4,338,4338,1,3,1,10,1,0,PROTEÇÃO E SALVAGUARDA DE ACERVOS E BENS CULTURAIS,"CONSERVAÇÃO PREVENTIVA E CURATIVA, RESTAURAÇÃO, AQUISIÇÃO E GESTÃO TÉCNICA DE ACERVOS",1401753,1436081,1471249,1507279
2024,1270,SECRETARIA DE ESTADO DE CULTURA E TURISMO - SECULT,1271,SECRETARIA DE ESTADO DE CULTURA E TURISMO - SECULT,13,391,106,4,338,4338,1,3,3,10,1,0,PROTEÇÃO E SALVAGUARDA DE ACERVOS E BENS CULTURAIS,"CONSERVAÇÃO PREVENTIVA E CURATIVA, RESTAURAÇÃO, AQUISIÇÃO E GESTÃO TÉCNICA DE ACERVOS",1349847,1488239,1633330,1785442
2024,1270,SECRETARIA DE ESTADO DE CULTURA E TURISMO - SECULT,1271,SECRETARIA DE ESTADO DE CULTURA E TURISMO - SECULT,13,391,106,4,338,4338,1,3,3,10,7,0,PROTEÇÃO E SALVAGUARDA DE ACERVOS E BENS CULTURAIS,"CONSERVAÇÃO PREVENTIVA E CURATIVA, RESTAURAÇÃO, AQUISIÇÃO E GESTÃO TÉCNICA DE ACERVOS",514126,526717,539616,552831
2024,1270,SECRETARIA DE ESTADO DE CULTURA E TURISMO - SECULT,1271,SECRETARIA DE ESTADO DE CULTURA E TURISMO - SECULT,13,391,106,4,339,4339,1,3,3,10,1,0,PROTEÇÃO E SALVAGUARDA DE ACERVOS E BENS CULTURAIS,"ORGANIZAÇÃO, DESCRIÇÃO E PRESERVAÇÃO DE ACERVOS ARQUIVÍSTICOS",451200,497457,545954,596799
2024,1270,SECRETARIA DE ESTADO DE CULTURA E TURISMO - SECULT,1271,SECRETARIA DE ESTADO DE CULTURA E TURISMO - SECULT,13,391,106,4,342,4342,1,3,1,10,1,0,PROTEÇÃO E SALVAGUARDA DE ACERVOS E BENS CULTURAIS,"ASSESSORIAS TÉCNICAS EM GESTÃO DE DOCUMENTOS, CRIAÇÃO E MANUTENÇÃO DE ARQUIVOS PÚBLICOS",414728,424885,435290,445951
2024,1270,SECRETARIA DE ESTADO DE CULTURA E TURISMO - SECULT,1271,SECRETARIA DE ESTADO DE CULTURA E TURISMO - SECULT,13,391,106,4,342,4342,1,3,3,10,1,0,PROTEÇÃO E SALVAGUARDA DE ACERVOS E BENS CULTURAIS,"ASSESSORIAS TÉCNICAS EM GESTÃO DE DOCUMENTOS, CRIAÇÃO E MANUTENÇÃO DE ARQUIVOS PÚBLICOS",78159,86171,94572,103379
2024,1270,SECRETARIA DE ESTADO DE CULTURA E TURISMO - SECULT,1271,SECRETARIA DE ESTADO DE CULTURA E TURISMO - SECULT,13,391,106,4,342,4342,1,3,3,10,7,0,PROTEÇÃO E SALVAGUARDA DE ACERVOS E BENS CULTURAIS,"ASSESSORIAS TÉCNICAS EM GESTÃO DE DOCUMENTOS, CRIAÇÃO E MANUTENÇÃO DE ARQUIVOS PÚBLICOS",123712,126742,129846,133026
2024,1270,SECRETARIA DE ESTADO DE CULTURA E TURISMO - SECULT,1271,SECRETARIA DE ESTADO DE CULTURA E TURISMO - SECULT,13,392,102,4,331,4331,1,3,1,10,1,0,FOMENTO À ECONOMIA DA CRIATIVIDADE,PROMOÇÃO DE ATIVIDADES ARTÍSTICO-CULTURAIS,2124864,2176899,2230208,2284823
2024,1270,SECRETARIA DE ESTADO DE CULTURA E TURISMO - SECULT,1271,SECRETARIA DE ESTADO DE CULTURA E TURISMO - SECULT,13,392,102,4,331,4331,1,3,3,10,1,0,FOMENTO À ECONOMIA DA CRIATIVIDADE,PROMOÇÃO DE ATIVIDADES ARTÍSTICO-CULTURAIS,736926,812476,891685,974727
2024,1270,SECRETARIA DE ESTADO DE CULTURA E TURISMO - SECULT,1271,SECRETARIA DE ESTADO DE CULTURA E TURISMO - SECULT,13,392,102,4,331,4331,1,3,3,10,7,0,FOMENTO À ECONOMIA DA CRIATIVIDADE,PROMOÇÃO DE ATIVIDADES ARTÍSTICO-CULTURAIS,731033,748997,767276,786265
2024,1270,SECRETARIA DE ESTADO DE CULTURA E TURISMO - SECULT,1271,SECRETARIA DE ESTADO DE CULTURA E TURISMO - SECULT,13,392,102,4,332,4332,1,3,1,95,1,0,FOMENTO À ECONOMIA DA CRIATIVIDADE,APOIO A PROJETOS CULTURAIS E TURÍSTICOS REALIZADOS POR INTERMÉDIO DE PARCERIAS,91477,0,0,0
2024,1270,SECRETARIA DE ESTADO DE CULTURA E TURISMO - SECULT,1271,SECRETARIA DE ESTADO DE CULTURA E TURISMO - SECULT,13,392,102,4,332,4332,1,3,3,24,1,0,FOMENTO À ECONOMIA DA CRIATIVIDADE,APOIO A PROJETOS CULTURAIS E TURÍSTICOS REALIZADOS POR INTERMÉDIO DE PARCERIAS,562600,0,0,0
2024,1270,SECRETARIA DE ESTADO DE CULTURA E TURISMO - SECULT,1271,SECRETARIA DE ESTADO DE CULTURA E TURISMO - SECULT,13,392,102,4,332,4332,1,3,3,95,7,0,FOMENTO À ECONOMIA DA CRIATIVIDADE,APOIO A PROJETOS CULTURAIS E TURÍSTICOS REALIZADOS POR INTERMÉDIO DE PARCERIAS,80101,0,0,0
2024,1270,SECRETARIA DE ESTADO DE CULTURA E TURISMO - SECULT,1271,SECRETARIA DE ESTADO DE CULTURA E TURISMO - SECULT,13,392,102,4,343,4343,1,3,1,10,1,0,FOMENTO À ECONOMIA DA CRIATIVIDADE,GESTÃO DO FOMENTO E MUNICIPALIZAÇÃO DA CULTURA,3887710,3982915,4080451,4180375
2024,1270,SECRETARIA DE ESTADO DE CULTURA E TURISMO - SECULT,1271,SECRETARIA DE ESTADO DE CULTURA E TURISMO - SECULT,13,392,102,4,343,4343,1,3,3,10,1,0,FOMENTO À ECONOMIA DA CRIATIVIDADE,GESTÃO DO FOMENTO E MUNICIPALIZAÇÃO DA CULTURA,623865,687823,754880,825182
2024,1270,SECRETARIA DE ESTADO DE CULTURA E TURISMO - SECULT,1271,SECRETARIA DE ESTADO DE CULTURA E TURISMO - SECULT,13,392,102,4,343,4343,1,3,3,10,7,0,FOMENTO À ECONOMIA DA CRIATIVIDADE,GESTÃO DO FOMENTO E MUNICIPALIZAÇÃO DA CULTURA,772006,790912,810410,830124
2024,1270,SECRETARIA DE ESTADO DE CULTURA E TURISMO - SECULT,1271,SECRETARIA DE ESTADO DE CULTURA E TURISMO - SECULT,13,392,102,4,343,4343,1,3,3,16,1,0,FOMENTO À ECONOMIA DA CRIATIVIDADE,GESTÃO DO FOMENTO E MUNICIPALIZAÇÃO DA CULTURA,170000000,0,0,0
2024,1270,SECRETARIA DE ESTADO DE CULTURA E TURISMO - SECULT,1271,SECRETARIA DE ESTADO DE CULTURA E TURISMO - SECULT,13,392,103,4,322,4322,1,3,1,10,1,0,"ESPAÇOS CULTURAIS, CORPOS ARTÍSTICOS E ÓRGÃOS COLEGIADOS","GESTÃO, MANUTENÇÃO E MODERNIZAÇÃO DE EQUIPAMENTOS CULTURAIS PARA ATENDIMENTO AO PÚBLICO",4221136,4324505,4430407,4538901
2024,1270,SECRETARIA DE ESTADO DE CULTURA E TURISMO - SECULT,1271,SECRETARIA DE ESTADO DE CULTURA E TURISMO - SECULT,13,392,103,4,322,4322,1,3,3,10,1,0,"ESPAÇOS CULTURAIS, CORPOS ARTÍSTICOS E ÓRGÃOS COLEGIADOS","GESTÃO, MANUTENÇÃO E MODERNIZAÇÃO DE EQUIPAMENTOS CULTURAIS PARA ATENDIMENTO AO PÚBLICO",10109384,11145797,12232402,13371600
2024,1270,SECRETARIA DE ESTADO DE CULTURA E TURISMO - SECULT,1271,SECRETARIA DE ESTADO DE CULTURA E TURISMO - SECULT,13,392,103,4,322,4322,1,3,3,10,7,0,"ESPAÇOS CULTURAIS, CORPOS ARTÍSTICOS E ÓRGÃOS COLEGIADOS","GESTÃO, MANUTENÇÃO E MODERNIZAÇÃO DE EQUIPAMENTOS CULTURAIS PARA ATENDIMENTO AO PÚBLICO",843918,864585,885758,907449
2024,1270,SECRETARIA DE ESTADO DE CULTURA E TURISMO - SECULT,1271,SECRETARIA DE ESTADO DE CULTURA E TURISMO - SECULT,13,392,103,4,326,4326,1,3,3,10,1,0,"ESPAÇOS CULTURAIS, CORPOS ARTÍSTICOS E ÓRGÃOS COLEGIADOS",GESTÃO DE ÓRGÃOS COLEGIADOS,100000,110252,121000,132269
2024,1270,SECRETARIA DE ESTADO DE CULTURA E TURISMO - SECULT,1271,SECRETARIA DE ESTADO DE CULTURA E TURISMO - SECULT,13,392,103,4,329,4329,1,3,3,10,1,0,"ESPAÇOS CULTURAIS, CORPOS ARTÍSTICOS E ÓRGÃOS COLEGIADOS",ORQUESTRA FILARMÔNICA DE MINAS GERAIS,19500000,19500000,19500000,19500000
2024,1270,SECRETARIA DE ESTADO DE CULTURA E TURISMO - SECULT,1271,SECRETARIA DE ESTADO DE CULTURA E TURISMO - SECULT,13,392,105,4,336,4336,1,3,1,10,1,0,FORMAÇÃO E CAPACITAÇÃO TÉCNICO-CULTURAL,ASSESSORIAS TÉCNICAS PARA GESTÃO DE BIBLIOTECAS E MUSEUS,539134,552338,565865,579723
2024,1270,SECRETARIA DE ESTADO DE CULTURA E TURISMO - SECULT,1271,SECRETARIA DE ESTADO DE CULTURA E TURISMO - SECULT,13,392,105,4,336,4336,1,3,3,10,1,0,FORMAÇÃO E CAPACITAÇÃO TÉCNICO-CULTURAL,ASSESSORIAS TÉCNICAS PARA GESTÃO DE BIBLIOTECAS E MUSEUS,58160,64122,70373,76926
2024,1270,SECRETARIA DE ESTADO DE CULTURA E TURISMO - SECULT,1271,SECRETARIA DE ESTADO DE CULTURA E TURISMO - SECULT,13,392,105,4,336,4336,1,3,3,10,7,0,FORMAÇÃO E CAPACITAÇÃO TÉCNICO-CULTURAL,ASSESSORIAS TÉCNICAS PARA GESTÃO DE BIBLIOTECAS E MUSEUS,87006,89137,91320,93557
2024,1270,SECRETARIA DE ESTADO DE CULTURA E TURISMO - SECULT,1271,SECRETARIA DE ESTADO DE CULTURA E TURISMO - SECULT,13,392,105,4,337,4337,1,3,3,10,1,0,FORMAÇÃO E CAPACITAÇÃO TÉCNICO-CULTURAL,CAPACITAÇÕES TÉCNICO-CULTURAIS,166060,183084,200933,219646
2024,1270,SECRETARIA DE ESTADO DE CULTURA E TURISMO - SECULT,1271,SECRETARIA DE ESTADO DE CULTURA E TURISMO - SECULT,23,695,100,4,324,4324,1,3,1,10,1,0,MAIS TURISTAS,DIVULGAÇÃO TURÍSTICA DE MINAS GERAIS,641130,656831,672917,689397
2024,1270,SECRETARIA DE ESTADO DE CULTURA E TURISMO - SECULT,1271,SECRETARIA DE ESTADO DE CULTURA E TURISMO - SECULT,23,695,100,4,324,4324,1,3,3,10,1,0,MAIS TURISTAS,DIVULGAÇÃO TURÍSTICA DE MINAS GERAIS,37277,41099,45105,49305
2024,1270,SECRETARIA DE ESTADO DE CULTURA E TURISMO - SECULT,1271,SECRETARIA DE ESTADO DE CULTURA E TURISMO - SECULT,23,695,100,4,324,4324,1,3,3,10,7,0,MAIS TURISTAS,DIVULGAÇÃO TURÍSTICA DE MINAS GERAIS,180624,185048,189580,194223
2024,1270,SECRETARIA DE ESTADO DE CULTURA E TURISMO - SECULT,1271,SECRETARIA DE ESTADO DE CULTURA E TURISMO - SECULT,23,695,100,4,324,4324,1,3,3,95,1,0,MAIS TURISTAS,DIVULGAÇÃO TURÍSTICA DE MINAS GERAIS,1187500,0,0,0
2024,1270,SECRETARIA DE ESTADO DE CULTURA E TURISMO - SECULT,1271,SECRETARIA DE ESTADO DE CULTURA E TURISMO - SECULT,23,695,100,4,327,4327,1,3,1,10,1,0,MAIS TURISTAS,"MINAS FORMA, MINAS TRANSFORMA",731135,749041,767385,786179
2024,1270,SECRETARIA DE ESTADO DE CULTURA E TURISMO - SECULT,1271,SECRETARIA DE ESTADO DE CULTURA E TURISMO - SECULT,23,695,100,4,327,4327,1,3,3,10,1,0,MAIS TURISTAS,"MINAS FORMA, MINAS TRANSFORMA",40089,44198,48507,53024
2024,1270,SECRETARIA DE ESTADO DE CULTURA E TURISMO - SECULT,1271,SECRETARIA DE ESTADO DE CULTURA E TURISMO - SECULT,23,695,100,4,327,4327,1,3,3,10,7,0,MAIS TURISTAS,"MINAS FORMA, MINAS TRANSFORMA",207900,212992,218208,223552
2024,1270,SECRETARIA DE ESTADO DE CULTURA E TURISMO - SECULT,1271,SECRETARIA DE ESTADO DE CULTURA E TURISMO - SECULT,23,695,100,4,328,4328,1,3,1,10,1,1,MAIS TURISTAS,ESTRUTURAÇÃO DE PRODUTOS TURÍSTICOS,188403,194055,199877,205873
2024,1270,SECRETARIA DE ESTADO DE CULTURA E TURISMO - SECULT,1271,SECRETARIA DE ESTADO DE CULTURA E TURISMO - SECULT,23,695,100,4,328,4328,1,3,3,10,1,1,MAIS TURISTAS,ESTRUTURAÇÃO DE PRODUTOS TURÍSTICOS,58159,60974,63925,67019
2024,1270,SECRETARIA DE ESTADO DE CULTURA E TURISMO - SECULT,1271,SECRETARIA DE ESTADO DE CULTURA E TURISMO - SECULT,23,695,100,4,328,4328,1,3,3,10,7,1,MAIS TURISTAS,ESTRUTURAÇÃO DE PRODUTOS TURÍSTICOS,79942,81901,83908,85964
2024,1270,SECRETARIA DE ESTADO DE CULTURA E TURISMO - SECULT,1271,SECRETARIA DE ESTADO DE CULTURA E TURISMO - SECULT,23,695,100,4,330,4330,1,3,3,95,1,0,MAIS TURISTAS,PLANEJAMENTO E MONITORAMENTO DO SETOR TURÍSTICO DO ESTADO DE MINAS GERAIS,2035000,500000,500000,500000
2024,1270,SECRETARIA DE ESTADO DE CULTURA E TURISMO - SECULT,1271,SECRETARIA DE ESTADO DE CULTURA E TURISMO - SECULT,23,695,100,4,479,4479,1,3,1,10,1,0,MAIS TURISTAS,DESENVOLVIMENTO DA POLÍTICA DE REGIONALIZAÇÃO DO TURISMO,279876,286731,293752,300948
2024,1270,SECRETARIA DE ESTADO DE CULTURA E TURISMO - SECULT,1271,SECRETARIA DE ESTADO DE CULTURA E TURISMO - SECULT,23,695,100,4,479,4479,1,3,3,10,1,0,MAIS TURISTAS,DESENVOLVIMENTO DA POLÍTICA DE REGIONALIZAÇÃO DO TURISMO,139832,154217,169252,185015
2024,1270,SECRETARIA DE ESTADO DE CULTURA E TURISMO - SECULT,1271,SECRETARIA DE ESTADO DE CULTURA E TURISMO - SECULT,23,695,100,4,479,4479,1,3,3,10,7,0,MAIS TURISTAS,DESENVOLVIMENTO DA POLÍTICA DE REGIONALIZAÇÃO DO TURISMO,102713,105229,107806,110446
2024,1270,SECRETARIA DE ESTADO DE CULTURA E TURISMO - SECULT,2171,FUNDAÇÃO DE ARTE DE OURO PRETO - FAOP,4,122,705,2,500,2500,1,3,1,10,1,0,APOIO ÀS POLÍTICAS PÚBLICAS,ASSESSORAMENTO E GERENCIAMENTO DE POLÍTICAS PÚBLICAS,755699,774206,793166,812590
2024,1270,SECRETARIA DE ESTADO DE CULTURA E TURISMO - SECULT,2171,FUNDAÇÃO DE ARTE DE OURO PRETO - FAOP,4,122,705,2,500,2500,1,3,3,10,1,0,APOIO ÀS POLÍTICAS PÚBLICAS,ASSESSORAMENTO E GERENCIAMENTO DE POLÍTICAS PÚBLICAS,1126730,1183282,1240649,1300794
2024,1270,SECRETARIA DE ESTADO DE CULTURA E TURISMO - SECULT,2171,FUNDAÇÃO DE ARTE DE OURO PRETO - FAOP,4,122,705,2,500,2500,1,3,3,10,7,0,APOIO ÀS POLÍTICAS PÚBLICAS,ASSESSORAMENTO E GERENCIAMENTO DE POLÍTICAS PÚBLICAS,247518,253580,259790,266152
2024,1270,SECRETARIA DE ESTADO DE CULTURA E TURISMO - SECULT,2171,FUNDAÇÃO DE ARTE DE OURO PRETO - FAOP,4,122,705,2,500,2500,1,3,3,60,1,0,APOIO ÀS POLÍTICAS PÚBLICAS,ASSESSORAMENTO E GERENCIAMENTO DE POLÍTICAS PÚBLICAS,100000,104840,109914,115234
2024,1270,SECRETARIA DE ESTADO DE CULTURA E TURISMO - SECULT,2171,FUNDAÇÃO DE ARTE DE OURO PRETO - FAOP,4,122,705,2,500,2500,1,3,3,68,1,0,APOIO ÀS POLÍTICAS PÚBLICAS,ASSESSORAMENTO E GERENCIAMENTO DE POLÍTICAS PÚBLICAS,777000,0,0,0
2024,1270,SECRETARIA DE ESTADO DE CULTURA E TURISMO - SECULT,2171,FUNDAÇÃO DE ARTE DE OURO PRETO - FAOP,4,122,705,2,500,2500,1,4,4,68,1,0,APOIO ÀS POLÍTICAS PÚBLICAS,ASSESSORAMENTO E GERENCIAMENTO DE POLÍTICAS PÚBLICAS,775000,0,0,0
2024,1270,SECRETARIA DE ESTADO DE CULTURA E TURISMO - SECULT,2171,FUNDAÇÃO DE ARTE DE OURO PRETO - FAOP,13,391,106,1,66,1066,1,3,1,10,1,0,PROTEÇÃO E SALVAGUARDA DE ACERVOS E BENS CULTURAIS,ACERVO OU BEM CULTURAL RESTAURADO ENTREGUE,40461,41452,42468,43508
2024,1270,SECRETARIA DE ESTADO DE CULTURA E TURISMO - SECULT,2171,FUNDAÇÃO DE ARTE DE OURO PRETO - FAOP,13,391,106,1,66,1066,1,3,3,10,1,0,PROTEÇÃO E SALVAGUARDA DE ACERVOS E BENS CULTURAIS,ACERVO OU BEM CULTURAL RESTAURADO ENTREGUE,151289,150512,157798,165435
2024,1270,SECRETARIA DE ESTADO DE CULTURA E TURISMO - SECULT,2171,FUNDAÇÃO DE ARTE DE OURO PRETO - FAOP,13,391,106,1,66,1066,1,3,3,10,7,0,PROTEÇÃO E SALVAGUARDA DE ACERVOS E BENS CULTURAIS,ACERVO OU BEM CULTURAL RESTAURADO ENTREGUE,19041,19508,19986,20476
2024,1270,SECRETARIA DE ESTADO DE CULTURA E TURISMO - SECULT,2171,FUNDAÇÃO DE ARTE DE OURO PRETO - FAOP,13,391,106,1,67,1067,1,3,3,10,1,0,PROTEÇÃO E SALVAGUARDA DE ACERVOS E BENS CULTURAIS,ASSESSORIA TÉCNICA EM CONSERVAÇÃO E RESTAURAÇÃO DO PATRIMÔNIO,1000,1000,1000,1000
2024,1270,SECRETARIA DE ESTADO DE CULTURA E TURISMO - SECULT,2171,FUNDAÇÃO DE ARTE DE OURO PRETO - FAOP,13,392,102,1,58,1058,1,3,1,10,1,0,FOMENTO À ECONOMIA DA CRIATIVIDADE,"QUALIFICAÇÃO PROFISSIONAL E CURSOS COMPLEMENTARES, LIVRES, DE FORMAÇÃO INICIAL E CONTINUADA",340250,348583,357120,365866
2024,1270,SECRETARIA DE ESTADO DE CULTURA E TURISMO - SECULT,2171,FUNDAÇÃO DE ARTE DE OURO PRETO - FAOP,13,392,102,1,58,1058,1,3,3,10,1,0,FOMENTO À ECONOMIA DA CRIATIVIDADE,"QUALIFICAÇÃO PROFISSIONAL E CURSOS COMPLEMENTARES, LIVRES, DE FORMAÇÃO INICIAL E CONTINUADA",355440,376280,394492,413585
2024,1270,SECRETARIA DE ESTADO DE CULTURA E TURISMO - SECULT,2171,FUNDAÇÃO DE ARTE DE OURO PRETO - FAOP,13,392,102,1,58,1058,1,3,3,10,7,0,FOMENTO À ECONOMIA DA CRIATIVIDADE,"QUALIFICAÇÃO PROFISSIONAL E CURSOS COMPLEMENTARES, LIVRES, DE FORMAÇÃO INICIAL E CONTINUADA",152319,156050,159872,163788
2024,1270,SECRETARIA DE ESTADO DE CULTURA E TURISMO - SECULT,2171,FUNDAÇÃO DE ARTE DE OURO PRETO - FAOP,13,392,103,1,61,1061,1,3,3,10,1,0,"ESPAÇOS CULTURAIS, CORPOS ARTÍSTICOS E ÓRGÃOS COLEGIADOS",PARCERIAS PARA O PATRIMÔNIO CULTURAL,1000,1000,1000,1000
2024,1270,SECRETARIA DE ESTADO DE CULTURA E TURISMO - SECULT,2171,FUNDAÇÃO DE ARTE DE OURO PRETO - FAOP,13,392,105,1,62,1062,1,3,1,10,1,0,FORMAÇÃO E CAPACITAÇÃO TÉCNICO-CULTURAL,FORMAÇÃO CULTURAL,1116190,1143525,1171529,1200219
2024,1270,SECRETARIA DE ESTADO DE CULTURA E TURISMO - SECULT,2171,FUNDAÇÃO DE ARTE DE OURO PRETO - FAOP,13,392,105,1,62,1062,1,3,3,10,1,0,FORMAÇÃO E CAPACITAÇÃO TÉCNICO-CULTURAL,FORMAÇÃO CULTURAL,159085,169326,177521,186113
2024,1270,SECRETARIA DE ESTADO DE CULTURA E TURISMO - SECULT,2171,FUNDAÇÃO DE ARTE DE OURO PRETO - FAOP,13,392,105,1,62,1062,1,3,3,10,7,0,FORMAÇÃO E CAPACITAÇÃO TÉCNICO-CULTURAL,FORMAÇÃO CULTURAL,285598,292592,299758,307099
2024,1270,SECRETARIA DE ESTADO DE CULTURA E TURISMO - SECULT,2171,FUNDAÇÃO DE ARTE DE OURO PRETO - FAOP,13,392,105,1,62,1062,1,3,3,24,1,0,FORMAÇÃO E CAPACITAÇÃO TÉCNICO-CULTURAL,FORMAÇÃO CULTURAL,479175,0,0,0
2024,1270,SECRETARIA DE ESTADO DE CULTURA E TURISMO - SECULT,2171,FUNDAÇÃO DE ARTE DE OURO PRETO - FAOP,13,392,105,1,62,1062,1,3,3,45,1,0,FORMAÇÃO E CAPACITAÇÃO TÉCNICO-CULTURAL,FORMAÇÃO CULTURAL,115000,120566,126401,132519
2024,1270,SECRETARIA DE ESTADO DE CULTURA E TURISMO - SECULT,2171,FUNDAÇÃO DE ARTE DE OURO PRETO - FAOP,13,392,105,1,62,1062,1,4,4,24,1,0,FORMAÇÃO E CAPACITAÇÃO TÉCNICO-CULTURAL,FORMAÇÃO CULTURAL,4650000,0,0,0
2024,1270,SECRETARIA DE ESTADO DE CULTURA E TURISMO - SECULT,2171,FUNDAÇÃO DE ARTE DE OURO PRETO - FAOP,13,392,105,1,62,1062,1,4,4,45,1,0,FORMAÇÃO E CAPACITAÇÃO TÉCNICO-CULTURAL,FORMAÇÃO CULTURAL,100000,100000,100000,100000
2024,1270,SECRETARIA DE ESTADO DE CULTURA E TURISMO - SECULT,2171,FUNDAÇÃO DE ARTE DE OURO PRETO - FAOP,28,846,705,7,4,7004,1,3,1,10,9,0,APOIO ÀS POLÍTICAS PÚBLICAS,PRECATÓRIOS E SENTENÇAS JUDICIÁRIAS,1000,1000,1000,1000
2024,1270,SECRETARIA DE ESTADO DE CULTURA E TURISMO - SECULT,2181,FUNDAÇÃO CLÓVIS SALGADO - FCS,4,122,705,2,500,2500,1,3,1,10,1,0,APOIO ÀS POLÍTICAS PÚBLICAS,ASSESSORAMENTO E GERENCIAMENTO DE POLÍTICAS PÚBLICAS,4250623,4354522,4463951,4572994
2024,1270,SECRETARIA DE ESTADO DE CULTURA E TURISMO - SECULT,2181,FUNDAÇÃO CLÓVIS SALGADO - FCS,4,122,705,2,500,2500,1,3,3,10,1,0,APOIO ÀS POLÍTICAS PÚBLICAS,ASSESSORAMENTO E GERENCIAMENTO DE POLÍTICAS PÚBLICAS,7806191,8184013,8580119,8995396
2024,1270,SECRETARIA DE ESTADO DE CULTURA E TURISMO - SECULT,2181,FUNDAÇÃO CLÓVIS SALGADO - FCS,4,122,705,2,500,2500,1,3,3,10,7,0,APOIO ÀS POLÍTICAS PÚBLICAS,ASSESSORAMENTO E GERENCIAMENTO DE POLÍTICAS PÚBLICAS,916075,938461,961393,984885
2024,1270,SECRETARIA DE ESTADO DE CULTURA E TURISMO - SECULT,2181,FUNDAÇÃO CLÓVIS SALGADO - FCS,4,122,705,2,500,2500,1,3,3,60,1,0,APOIO ÀS POLÍTICAS PÚBLICAS,ASSESSORAMENTO E GERENCIAMENTO DE POLÍTICAS PÚBLICAS,1215416,1274243,1335917,1400574
2024,1270,SECRETARIA DE ESTADO DE CULTURA E TURISMO - SECULT,2181,FUNDAÇÃO CLÓVIS SALGADO - FCS,4,122,705,2,500,2500,1,4,4,47,1,0,APOIO ÀS POLÍTICAS PÚBLICAS,ASSESSORAMENTO E GERENCIAMENTO DE POLÍTICAS PÚBLICAS,10000,10000,10000,10000
2024,1270,SECRETARIA DE ESTADO DE CULTURA E TURISMO - SECULT,2181,FUNDAÇÃO CLÓVIS SALGADO - FCS,12,363,105,4,425,4425,1,3,1,10,1,0,FORMAÇÃO E CAPACITAÇÃO TÉCNICO-CULTURAL,ATIVIDADES DE ENSINO E DE EXTENSÃO DO CENTRO DE FORMAÇÃO ARTÍSTICA E TECNOLÓGICA - CEFART,2731825,2798754,2864324,2934573
2024,1270,SECRETARIA DE ESTADO DE CULTURA E TURISMO - SECULT,2181,FUNDAÇÃO CLÓVIS SALGADO - FCS,12,363,105,4,425,4425,1,3,3,10,1,0,FORMAÇÃO E CAPACITAÇÃO TÉCNICO-CULTURAL,ATIVIDADES DE ENSINO E DE EXTENSÃO DO CENTRO DE FORMAÇÃO ARTÍSTICA E TECNOLÓGICA - CEFART,649426,680858,713811,748360
2024,1270,SECRETARIA DE ESTADO DE CULTURA E TURISMO - SECULT,2181,FUNDAÇÃO CLÓVIS SALGADO - FCS,12,363,105,4,425,4425,1,3,3,10,7,0,FORMAÇÃO E CAPACITAÇÃO TÉCNICO-CULTURAL,ATIVIDADES DE ENSINO E DE EXTENSÃO DO CENTRO DE FORMAÇÃO ARTÍSTICA E TECNOLÓGICA - CEFART,1446083,1481512,1517809,1554995
2024,1270,SECRETARIA DE ESTADO DE CULTURA E TURISMO - SECULT,2181,FUNDAÇÃO CLÓVIS SALGADO - FCS,12,363,105,4,425,4425,1,3,3,60,1,0,FORMAÇÃO E CAPACITAÇÃO TÉCNICO-CULTURAL,ATIVIDADES DE ENSINO E DE EXTENSÃO DO CENTRO DE FORMAÇÃO ARTÍSTICA E TECNOLÓGICA - CEFART,99960,104798,109870,115188
2024,1270,SECRETARIA DE ESTADO DE CULTURA E TURISMO - SECULT,2181,FUNDAÇÃO CLÓVIS SALGADO - FCS,13,392,103,4,417,4417,1,3,1,10,1,0,"ESPAÇOS CULTURAIS, CORPOS ARTÍSTICOS E ÓRGÃOS COLEGIADOS",FOMENTO DOS ESPAÇOS CULTURAIS,1488284,1524746,1562103,1600374
2024,1270,SECRETARIA DE ESTADO DE CULTURA E TURISMO - SECULT,2181,FUNDAÇÃO CLÓVIS SALGADO - FCS,13,392,103,4,417,4417,1,3,3,10,1,0,"ESPAÇOS CULTURAIS, CORPOS ARTÍSTICOS E ÓRGÃOS COLEGIADOS",FOMENTO DOS ESPAÇOS CULTURAIS,2407481,2524003,2646164,2774239
2024,1270,SECRETARIA DE ESTADO DE CULTURA E TURISMO - SECULT,2181,FUNDAÇÃO CLÓVIS SALGADO - FCS,13,392,103,4,417,4417,1,3,3,10,7,0,"ESPAÇOS CULTURAIS, CORPOS ARTÍSTICOS E ÓRGÃOS COLEGIADOS",FOMENTO DOS ESPAÇOS CULTURAIS,514686,527295,540214,553449
2024,1270,SECRETARIA DE ESTADO DE CULTURA E TURISMO - SECULT,2181,FUNDAÇÃO CLÓVIS SALGADO - FCS,13,392,103,4,417,4417,1,3,3,60,1,0,"ESPAÇOS CULTURAIS, CORPOS ARTÍSTICOS E ÓRGÃOS COLEGIADOS",FOMENTO DOS ESPAÇOS CULTURAIS,1497524,1570004,1645992,1725658
2024,1270,SECRETARIA DE ESTADO DE CULTURA E TURISMO - SECULT,2181,FUNDAÇÃO CLÓVIS SALGADO - FCS,13,392,103,4,421,4421,1,3,1,10,1,0,"ESPAÇOS CULTURAIS, CORPOS ARTÍSTICOS E ÓRGÃOS COLEGIADOS",PRODUÇÃO DE ESPETÁCULOS DOS CORPOS ARTÍSTICOS,12685900,12996704,13315128,13641344
2024,1270,SECRETARIA DE ESTADO DE CULTURA E TURISMO - SECULT,2181,FUNDAÇÃO CLÓVIS SALGADO - FCS,13,392,103,4,421,4421,1,3,3,10,1,0,"ESPAÇOS CULTURAIS, CORPOS ARTÍSTICOS E ÓRGÃOS COLEGIADOS",PRODUÇÃO DE ESPETÁCULOS DOS CORPOS ARTÍSTICOS,27534,28866,30263,31728
2024,1270,SECRETARIA DE ESTADO DE CULTURA E TURISMO - SECULT,2181,FUNDAÇÃO CLÓVIS SALGADO - FCS,13,392,103,4,421,4421,1,3,3,10,7,0,"ESPAÇOS CULTURAIS, CORPOS ARTÍSTICOS E ÓRGÃOS COLEGIADOS",PRODUÇÃO DE ESPETÁCULOS DOS CORPOS ARTÍSTICOS,2330162,2387250,2445738,2505659
2024,1270,SECRETARIA DE ESTADO DE CULTURA E TURISMO - SECULT,2181,FUNDAÇÃO CLÓVIS SALGADO - FCS,13,392,103,4,421,4421,1,3,3,60,1,0,"ESPAÇOS CULTURAIS, CORPOS ARTÍSTICOS E ÓRGÃOS COLEGIADOS",PRODUÇÃO DE ESPETÁCULOS DOS CORPOS ARTÍSTICOS,337100,353415,370520,388454
2024,1270,SECRETARIA DE ESTADO DE CULTURA E TURISMO - SECULT,2181,FUNDAÇÃO CLÓVIS SALGADO - FCS,13,392,103,4,422,4422,1,3,3,10,1,0,"ESPAÇOS CULTURAIS, CORPOS ARTÍSTICOS E ÓRGÃOS COLEGIADOS",GERENCIAMENTO DO CONTRATO DE GESTÃO,8456835,8866145,9295267,9745158
2024,1270,SECRETARIA DE ESTADO DE CULTURA E TURISMO - SECULT,2181,FUNDAÇÃO CLÓVIS SALGADO - FCS,13,392,103,4,423,4423,1,3,1,10,1,0,"ESPAÇOS CULTURAIS, CORPOS ARTÍSTICOS E ÓRGÃOS COLEGIADOS",FOMENTO A ATIVIDADES ARTÍSTICAS E CULTURAIS DO PALÁCIO DA LIBERDADE,180064,184475,188995,193625
2024,1270,SECRETARIA DE ESTADO DE CULTURA E TURISMO - SECULT,2181,FUNDAÇÃO CLÓVIS SALGADO - FCS,13,392,103,4,423,4423,1,3,3,10,1,0,"ESPAÇOS CULTURAIS, CORPOS ARTÍSTICOS E ÓRGÃOS COLEGIADOS",FOMENTO A ATIVIDADES ARTÍSTICAS E CULTURAIS DO PALÁCIO DA LIBERDADE,3522766,3693267,3872022,4059427
2024,1270,SECRETARIA DE ESTADO DE CULTURA E TURISMO - SECULT,2181,FUNDAÇÃO CLÓVIS SALGADO - FCS,13,392,103,4,423,4423,1,3,3,10,7,0,"ESPAÇOS CULTURAIS, CORPOS ARTÍSTICOS E ÓRGÃOS COLEGIADOS",FOMENTO A ATIVIDADES ARTÍSTICAS E CULTURAIS DO PALÁCIO DA LIBERDADE,43756,44828,45926,47051
2024,1270,SECRETARIA DE ESTADO DE CULTURA E TURISMO - SECULT,2181,FUNDAÇÃO CLÓVIS SALGADO - FCS,28,846,705,7,4,7004,1,3,1,10,9,0,APOIO ÀS POLÍTICAS PÚBLICAS,PRECATÓRIOS E SENTENÇAS JUDICIÁRIAS,796181,1000,1000,1000
2024,1270,SECRETARIA DE ESTADO DE CULTURA E TURISMO - SECULT,2181,FUNDAÇÃO CLÓVIS SALGADO - FCS,28,846,705,7,4,7004,1,3,3,10,9,0,APOIO ÀS POLÍTICAS PÚBLICAS,PRECATÓRIOS E SENTENÇAS JUDICIÁRIAS,58372,1000,1000,1000
2024,1270,SECRETARIA DE ESTADO DE CULTURA E TURISMO - SECULT,2201,INSTITUTO ESTADUAL DO PATRIMÔNIO HISTÓRICO E ARTÍSTICO DE MINAS GERAIS - IEPHA,4,122,705,2,500,2500,1,3,1,10,1,0,APOIO ÀS POLÍTICAS PÚBLICAS,ASSESSORAMENTO E GERENCIAMENTO DE POLÍTICAS PÚBLICAS,3147188,3174882,3203253,3232319
2024,1270,SECRETARIA DE ESTADO DE CULTURA E TURISMO - SECULT,2201,INSTITUTO ESTADUAL DO PATRIMÔNIO HISTÓRICO E ARTÍSTICO DE MINAS GERAIS - IEPHA,4,122,705,2,500,2500,1,3,1,95,1,0,APOIO ÀS POLÍTICAS PÚBLICAS,ASSESSORAMENTO E GERENCIAMENTO DE POLÍTICAS PÚBLICAS,58879,62089,63610,65169
2024,1270,SECRETARIA DE ESTADO DE CULTURA E TURISMO - SECULT,2201,INSTITUTO ESTADUAL DO PATRIMÔNIO HISTÓRICO E ARTÍSTICO DE MINAS GERAIS - IEPHA,4,122,705,2,500,2500,1,3,3,10,1,0,APOIO ÀS POLÍTICAS PÚBLICAS,ASSESSORAMENTO E GERENCIAMENTO DE POLÍTICAS PÚBLICAS,4458291,4473909,4516496,4561138
2024,1270,SECRETARIA DE ESTADO DE CULTURA E TURISMO - SECULT,2201,INSTITUTO ESTADUAL DO PATRIMÔNIO HISTÓRICO E ARTÍSTICO DE MINAS GERAIS - IEPHA,4,122,705,2,500,2500,1,3,3,10,7,0,APOIO ÀS POLÍTICAS PÚBLICAS,ASSESSORAMENTO E GERENCIAMENTO DE POLÍTICAS PÚBLICAS,581410,586274,591259,596365
2024,1270,SECRETARIA DE ESTADO DE CULTURA E TURISMO - SECULT,2201,INSTITUTO ESTADUAL DO PATRIMÔNIO HISTÓRICO E ARTÍSTICO DE MINAS GERAIS - IEPHA,4,122,705,2,500,2500,1,3,3,60,1,0,APOIO ÀS POLÍTICAS PÚBLICAS,ASSESSORAMENTO E GERENCIAMENTO DE POLÍTICAS PÚBLICAS,20393,21380,22415,23500
2024,1270,SECRETARIA DE ESTADO DE CULTURA E TURISMO - SECULT,2201,INSTITUTO ESTADUAL DO PATRIMÔNIO HISTÓRICO E ARTÍSTICO DE MINAS GERAIS - IEPHA,4,122,705,2,500,2500,1,3,3,95,1,0,APOIO ÀS POLÍTICAS PÚBLICAS,ASSESSORAMENTO E GERENCIAMENTO DE POLÍTICAS PÚBLICAS,150000,0,0,0
2024,1270,SECRETARIA DE ESTADO DE CULTURA E TURISMO - SECULT,2201,INSTITUTO ESTADUAL DO PATRIMÔNIO HISTÓRICO E ARTÍSTICO DE MINAS GERAIS - IEPHA,4,122,705,2,500,2500,1,3,3,95,7,0,APOIO ÀS POLÍTICAS PÚBLICAS,ASSESSORAMENTO E GERENCIAMENTO DE POLÍTICAS PÚBLICAS,13352,13679,14014,14358
2024,1270,SECRETARIA DE ESTADO DE CULTURA E TURISMO - SECULT,2201,INSTITUTO ESTADUAL DO PATRIMÔNIO HISTÓRICO E ARTÍSTICO DE MINAS GERAIS - IEPHA,13,391,102,4,269,4269,1,3,1,10,1,0,FOMENTO À ECONOMIA DA CRIATIVIDADE,INCENTIVO À IMPLANTAÇÃO DE POLÍTICAS MUNICIPAIS DE PROTEÇÃO AO PATRIMÔNIO CULTURAL,1311825,1339518,1367890,1396955
2024,1270,SECRETARIA DE ESTADO DE CULTURA E TURISMO - SECULT,2201,INSTITUTO ESTADUAL DO PATRIMÔNIO HISTÓRICO E ARTÍSTICO DE MINAS GERAIS - IEPHA,13,391,102,4,269,4269,1,3,3,10,1,0,FOMENTO À ECONOMIA DA CRIATIVIDADE,INCENTIVO À IMPLANTAÇÃO DE POLÍTICAS MUNICIPAIS DE PROTEÇÃO AO PATRIMÔNIO CULTURAL,30118,70736,113319,157964
2024,1270,SECRETARIA DE ESTADO DE CULTURA E TURISMO - SECULT,2201,INSTITUTO ESTADUAL DO PATRIMÔNIO HISTÓRICO E ARTÍSTICO DE MINAS GERAIS - IEPHA,13,391,102,4,269,4269,1,3,3,10,7,0,FOMENTO À ECONOMIA DA CRIATIVIDADE,INCENTIVO À IMPLANTAÇÃO DE POLÍTICAS MUNICIPAIS DE PROTEÇÃO AO PATRIMÔNIO CULTURAL,193804,198669,203653,208759
2024,1270,SECRETARIA DE ESTADO DE CULTURA E TURISMO - SECULT,2201,INSTITUTO ESTADUAL DO PATRIMÔNIO HISTÓRICO E ARTÍSTICO DE MINAS GERAIS - IEPHA,13,391,103,4,274,4274,1,3,1,10,1,0,"ESPAÇOS CULTURAIS, CORPOS ARTÍSTICOS E ÓRGÃOS COLEGIADOS",PARCERIAS PARA PROTEÇÃO E SALVAGUARDA DO PATRIMÔNIO CULTURAL,1157703,1185397,1213767,1242834
2024,1270,SECRETARIA DE ESTADO DE CULTURA E TURISMO - SECULT,2201,INSTITUTO ESTADUAL DO PATRIMÔNIO HISTÓRICO E ARTÍSTICO DE MINAS GERAIS - IEPHA,13,391,103,4,274,4274,1,3,3,10,1,0,"ESPAÇOS CULTURAIS, CORPOS ARTÍSTICOS E ÓRGÃOS COLEGIADOS",PARCERIAS PARA PROTEÇÃO E SALVAGUARDA DO PATRIMÔNIO CULTURAL,604618,645236,687819,732464
2024,1270,SECRETARIA DE ESTADO DE CULTURA E TURISMO - SECULT,2201,INSTITUTO ESTADUAL DO PATRIMÔNIO HISTÓRICO E ARTÍSTICO DE MINAS GERAIS - IEPHA,13,391,103,4,274,4274,1,3,3,10,7,0,"ESPAÇOS CULTURAIS, CORPOS ARTÍSTICOS E ÓRGÃOS COLEGIADOS",PARCERIAS PARA PROTEÇÃO E SALVAGUARDA DO PATRIMÔNIO CULTURAL,172783,177648,182632,187738
2024,1270,SECRETARIA DE ESTADO DE CULTURA E TURISMO - SECULT,2201,INSTITUTO ESTADUAL DO PATRIMÔNIO HISTÓRICO E ARTÍSTICO DE MINAS GERAIS - IEPHA,13,391,105,4,271,4271,1,3,1,10,1,0,FORMAÇÃO E CAPACITAÇÃO TÉCNICO-CULTURAL,FORMAÇÃO E CAPACITAÇÃO PARA O PATRIMÔNIO CULTURAL,335090,362783,391155,420221
2024,1270,SECRETARIA DE ESTADO DE CULTURA E TURISMO - SECULT,2201,INSTITUTO ESTADUAL DO PATRIMÔNIO HISTÓRICO E ARTÍSTICO DE MINAS GERAIS - IEPHA,13,391,105,4,271,4271,1,3,3,10,1,0,FORMAÇÃO E CAPACITAÇÃO TÉCNICO-CULTURAL,FORMAÇÃO E CAPACITAÇÃO PARA O PATRIMÔNIO CULTURAL,170076,235694,278277,322922
2024,1270,SECRETARIA DE ESTADO DE CULTURA E TURISMO - SECULT,2201,INSTITUTO ESTADUAL DO PATRIMÔNIO HISTÓRICO E ARTÍSTICO DE MINAS GERAIS - IEPHA,13,391,105,4,271,4271,1,3,3,10,7,0,FORMAÇÃO E CAPACITAÇÃO TÉCNICO-CULTURAL,FORMAÇÃO E CAPACITAÇÃO PARA O PATRIMÔNIO CULTURAL,16151,21016,26000,31106
2024,1270,SECRETARIA DE ESTADO DE CULTURA E TURISMO - SECULT,2201,INSTITUTO ESTADUAL DO PATRIMÔNIO HISTÓRICO E ARTÍSTICO DE MINAS GERAIS - IEPHA,13,391,106,4,276,4276,1,3,1,10,1,0,PROTEÇÃO E SALVAGUARDA DE ACERVOS E BENS CULTURAIS,SALVAGUARDA DO PATRIMÔNIO CULTURAL,231096,258789,287161,316226
2024,1270,SECRETARIA DE ESTADO DE CULTURA E TURISMO - SECULT,2201,INSTITUTO ESTADUAL DO PATRIMÔNIO HISTÓRICO E ARTÍSTICO DE MINAS GERAIS - IEPHA,13,391,106,4,276,4276,1,3,3,10,1,0,PROTEÇÃO E SALVAGUARDA DE ACERVOS E BENS CULTURAIS,SALVAGUARDA DO PATRIMÔNIO CULTURAL,76242,116860,159443,204088
2024,1270,SECRETARIA DE ESTADO DE CULTURA E TURISMO - SECULT,2201,INSTITUTO ESTADUAL DO PATRIMÔNIO HISTÓRICO E ARTÍSTICO DE MINAS GERAIS - IEPHA,13,391,106,4,276,4276,1,3,3,10,7,0,PROTEÇÃO E SALVAGUARDA DE ACERVOS E BENS CULTURAIS,SALVAGUARDA DO PATRIMÔNIO CULTURAL,58141,63006,67990,73097
2024,1270,SECRETARIA DE ESTADO DE CULTURA E TURISMO - SECULT,2201,INSTITUTO ESTADUAL DO PATRIMÔNIO HISTÓRICO E ARTÍSTICO DE MINAS GERAIS - IEPHA,13,391,106,4,278,4278,1,3,1,10,1,0,PROTEÇÃO E SALVAGUARDA DE ACERVOS E BENS CULTURAIS,PROTEÇÃO DO PATRIMÔNIO CULTURAL,1487520,1515213,1543584,1572650
2024,1270,SECRETARIA DE ESTADO DE CULTURA E TURISMO - SECULT,2201,INSTITUTO ESTADUAL DO PATRIMÔNIO HISTÓRICO E ARTÍSTICO DE MINAS GERAIS - IEPHA,13,391,106,4,278,4278,1,3,3,1,1,0,PROTEÇÃO E SALVAGUARDA DE ACERVOS E BENS CULTURAIS,PROTEÇÃO DO PATRIMÔNIO CULTURAL,604097,0,0,0
2024,1270,SECRETARIA DE ESTADO DE CULTURA E TURISMO - SECULT,2201,INSTITUTO ESTADUAL DO PATRIMÔNIO HISTÓRICO E ARTÍSTICO DE MINAS GERAIS - IEPHA,13,391,106,4,278,4278,1,3,3,10,1,0,PROTEÇÃO E SALVAGUARDA DE ACERVOS E BENS CULTURAIS,PROTEÇÃO DO PATRIMÔNIO CULTURAL,141478,182096,224679,269324
2024,1270,SECRETARIA DE ESTADO DE CULTURA E TURISMO - SECULT,2201,INSTITUTO ESTADUAL DO PATRIMÔNIO HISTÓRICO E ARTÍSTICO DE MINAS GERAIS - IEPHA,13,391,106,4,278,4278,1,3,3,10,7,0,PROTEÇÃO E SALVAGUARDA DE ACERVOS E BENS CULTURAIS,PROTEÇÃO DO PATRIMÔNIO CULTURAL,232564,237429,242413,247519
2024,1270,SECRETARIA DE ESTADO DE CULTURA E TURISMO - SECULT,2201,INSTITUTO ESTADUAL DO PATRIMÔNIO HISTÓRICO E ARTÍSTICO DE MINAS GERAIS - IEPHA,13,391,106,4,279,4279,1,3,1,10,1,0,PROTEÇÃO E SALVAGUARDA DE ACERVOS E BENS CULTURAIS,CONSERVAÇÃO E RESTAURAÇÃO DO PATRIMÔNIO CULTURAL PROTEGIDO,1396263,1423956,1452327,1481393
2024,1270,SECRETARIA DE ESTADO DE CULTURA E TURISMO - SECULT,2201,INSTITUTO ESTADUAL DO PATRIMÔNIO HISTÓRICO E ARTÍSTICO DE MINAS GERAIS - IEPHA,13,391,106,4,279,4279,1,3,3,10,1,0,PROTEÇÃO E SALVAGUARDA DE ACERVOS E BENS CULTURAIS,CONSERVAÇÃO E RESTAURAÇÃO DO PATRIMÔNIO CULTURAL PROTEGIDO,459718,500336,542919,587564
2024,1270,SECRETARIA DE ESTADO DE CULTURA E TURISMO - SECULT,2201,INSTITUTO ESTADUAL DO PATRIMÔNIO HISTÓRICO E ARTÍSTICO DE MINAS GERAIS - IEPHA,13,391,106,4,279,4279,1,3,3,10,7,0,PROTEÇÃO E SALVAGUARDA DE ACERVOS E BENS CULTURAIS,CONSERVAÇÃO E RESTAURAÇÃO DO PATRIMÔNIO CULTURAL PROTEGIDO,274556,279420,284405,289511
2024,1270,SECRETARIA DE ESTADO DE CULTURA E TURISMO - SECULT,2201,INSTITUTO ESTADUAL DO PATRIMÔNIO HISTÓRICO E ARTÍSTICO DE MINAS GERAIS - IEPHA,13,391,106,4,279,4279,1,3,3,45,1,0,PROTEÇÃO E SALVAGUARDA DE ACERVOS E BENS CULTURAIS,CONSERVAÇÃO E RESTAURAÇÃO DO PATRIMÔNIO CULTURAL PROTEGIDO,1260860,1321886,1385865,1452941
2024,1270,SECRETARIA DE ESTADO DE CULTURA E TURISMO - SECULT,2201,INSTITUTO ESTADUAL DO PATRIMÔNIO HISTÓRICO E ARTÍSTICO DE MINAS GERAIS - IEPHA,13,391,106,4,279,4279,1,4,4,1,1,0,PROTEÇÃO E SALVAGUARDA DE ACERVOS E BENS CULTURAIS,CONSERVAÇÃO E RESTAURAÇÃO DO PATRIMÔNIO CULTURAL PROTEGIDO,250000,0,0,0
2024,1270,SECRETARIA DE ESTADO DE CULTURA E TURISMO - SECULT,2201,INSTITUTO ESTADUAL DO PATRIMÔNIO HISTÓRICO E ARTÍSTICO DE MINAS GERAIS - IEPHA,13,391,106,4,281,4281,1,3,1,10,1,0,PROTEÇÃO E SALVAGUARDA DE ACERVOS E BENS CULTURAIS,VISTORIAS TÉCNICAS NO PATRIMÔNIO CULTURAL,680510,708203,736574,765640
2024,1270,SECRETARIA DE ESTADO DE CULTURA E TURISMO - SECULT,2201,INSTITUTO ESTADUAL DO PATRIMÔNIO HISTÓRICO E ARTÍSTICO DE MINAS GERAIS - IEPHA,13,391,106,4,281,4281,1,3,3,10,1,0,PROTEÇÃO E SALVAGUARDA DE ACERVOS E BENS CULTURAIS,VISTORIAS TÉCNICAS NO PATRIMÔNIO CULTURAL,81438,122056,164639,209284
2024,1270,SECRETARIA DE ESTADO DE CULTURA E TURISMO - SECULT,2201,INSTITUTO ESTADUAL DO PATRIMÔNIO HISTÓRICO E ARTÍSTICO DE MINAS GERAIS - IEPHA,13,391,106,4,281,4281,1,3,3,10,7,0,PROTEÇÃO E SALVAGUARDA DE ACERVOS E BENS CULTURAIS,VISTORIAS TÉCNICAS NO PATRIMÔNIO CULTURAL,161503,166368,171352,176458
2024,1270,SECRETARIA DE ESTADO DE CULTURA E TURISMO - SECULT,2201,INSTITUTO ESTADUAL DO PATRIMÔNIO HISTÓRICO E ARTÍSTICO DE MINAS GERAIS - IEPHA,13,392,102,4,267,4267,1,3,1,10,1,0,FOMENTO À ECONOMIA DA CRIATIVIDADE,AÇÕES DE DIFUSÃO E EDUCAÇÃO PARA O PATRIMÔNIO CULTURAL,430214,457907,486278,515344
2024,1270,SECRETARIA DE ESTADO DE CULTURA E TURISMO - SECULT,2201,INSTITUTO ESTADUAL DO PATRIMÔNIO HISTÓRICO E ARTÍSTICO DE MINAS GERAIS - IEPHA,13,392,102,4,267,4267,1,3,3,10,1,0,FOMENTO À ECONOMIA DA CRIATIVIDADE,AÇÕES DE DIFUSÃO E EDUCAÇÃO PARA O PATRIMÔNIO CULTURAL,1530906,1571522,1614107,1658752
2024,1270,SECRETARIA DE ESTADO DE CULTURA E TURISMO - SECULT,2201,INSTITUTO ESTADUAL DO PATRIMÔNIO HISTÓRICO E ARTÍSTICO DE MINAS GERAIS - IEPHA,13,392,102,4,267,4267,1,3,3,10,7,0,FOMENTO À ECONOMIA DA CRIATIVIDADE,AÇÕES DE DIFUSÃO E EDUCAÇÃO PARA O PATRIMÔNIO CULTURAL,96902,101767,106751,111857
2024,1270,SECRETARIA DE ESTADO DE CULTURA E TURISMO - SECULT,2201,INSTITUTO ESTADUAL DO PATRIMÔNIO HISTÓRICO E ARTÍSTICO DE MINAS GERAIS - IEPHA,28,846,705,7,4,7004,1,3,1,10,9,0,APOIO ÀS POLÍTICAS PÚBLICAS,PRECATÓRIOS E SENTENÇAS JUDICIÁRIAS,2525130,1000,1000,1000
2024,1270,SECRETARIA DE ESTADO DE CULTURA E TURISMO - SECULT,4151,FUNDO DE ASSISTÊNCIA AO TURISMO - FASTUR,23,695,102,4,497,4497,1,3,3,10,1,0,FOMENTO À ECONOMIA DA CRIATIVIDADE,APOIO FINANCEIRO AO TURISMO MINEIRO POR MEIO DO FUNDO DE ASSISTÊNCIA AO TURISMO - FASTUR,1000,1000,1000,1000
2024,1270,SECRETARIA DE ESTADO DE CULTURA E TURISMO - SECULT,4491,FUNDO ESTADUAL DE CULTURA - FEC,13,392,102,4,360,4360,1,3,3,59,1,1,FOMENTO À ECONOMIA DA CRIATIVIDADE,GESTÃO DO SISTEMA DE FINANCIAMENTO À CULTURA,17962294,19758523,21734376,23907813
2024,1270,SECRETARIA DE ESTADO DE CULTURA E TURISMO - SECULT,4491,FUNDO ESTADUAL DE CULTURA - FEC,13,392,102,4,360,4360,1,4,4,59,1,1,FOMENTO À ECONOMIA DA CRIATIVIDADE,GESTÃO DO SISTEMA DE FINANCIAMENTO À CULTURA,4490573,4939630,5433593,5976953
2024,1300,"SECRETARIA DE ESTADO DE INFRAESTRUTURA, MOBILIDADE E PARCERIA - SEINFRA",1301,"SECRETARIA DE ESTADO DE INFRAESTRUTURA, MOBILIDADE E PARCERIAS - SEINFRA",4,122,705,2,500,2500,1,3,1,10,1,0,APOIO ÀS POLÍTICAS PÚBLICAS,ASSESSORAMENTO E GERENCIAMENTO DE POLÍTICAS PÚBLICAS,12283498,13164475,14445763,15765489
2024,1300,"SECRETARIA DE ESTADO DE INFRAESTRUTURA, MOBILIDADE E PARCERIA - SEINFRA",1301,"SECRETARIA DE ESTADO DE INFRAESTRUTURA, MOBILIDADE E PARCERIAS - SEINFRA",4,122,705,2,500,2500,1,3,3,10,1,0,APOIO ÀS POLÍTICAS PÚBLICAS,ASSESSORAMENTO E GERENCIAMENTO DE POLÍTICAS PÚBLICAS,20271320,21082172,21925459,22802478
2024,1300,"SECRETARIA DE ESTADO DE INFRAESTRUTURA, MOBILIDADE E PARCERIA - SEINFRA",1301,"SECRETARIA DE ESTADO DE INFRAESTRUTURA, MOBILIDADE E PARCERIAS - SEINFRA",4,122,705,2,500,2500,1,3,3,10,7,0,APOIO ÀS POLÍTICAS PÚBLICAS,ASSESSORAMENTO E GERENCIAMENTO DE POLÍTICAS PÚBLICAS,1324010,1433210,1545085,1659700
2024,1300,"SECRETARIA DE ESTADO DE INFRAESTRUTURA, MOBILIDADE E PARCERIA - SEINFRA",1301,"SECRETARIA DE ESTADO DE INFRAESTRUTURA, MOBILIDADE E PARCERIAS - SEINFRA",4,122,705,2,500,2500,1,4,4,10,1,0,APOIO ÀS POLÍTICAS PÚBLICAS,ASSESSORAMENTO E GERENCIAMENTO DE POLÍTICAS PÚBLICAS,50000,50000,50000,50000
2024,1300,"SECRETARIA DE ESTADO DE INFRAESTRUTURA, MOBILIDADE E PARCERIA - SEINFRA",1301,"SECRETARIA DE ESTADO DE INFRAESTRUTURA, MOBILIDADE E PARCERIAS - SEINFRA",4,130,85,4,205,4205,1,3,1,10,1,0,PROMOÇÃO DE CONCESSÕES E PARCERIAS,"ESTRUTURAÇÃO, MODELAGEM E GESTÃO DE CONCESSÕES E PARCERIAS",3976102,3859440,3859440,3859440
2024,1300,"SECRETARIA DE ESTADO DE INFRAESTRUTURA, MOBILIDADE E PARCERIA - SEINFRA",1301,"SECRETARIA DE ESTADO DE INFRAESTRUTURA, MOBILIDADE E PARCERIAS - SEINFRA",4,130,85,4,205,4205,1,3,3,10,7,0,PROMOÇÃO DE CONCESSÕES E PARCERIAS,"ESTRUTURAÇÃO, MODELAGEM E GESTÃO DE CONCESSÕES E PARCERIAS",480629,480629,480629,480629
2024,1300,"SECRETARIA DE ESTADO DE INFRAESTRUTURA, MOBILIDADE E PARCERIA - SEINFRA",1301,"SECRETARIA DE ESTADO DE INFRAESTRUTURA, MOBILIDADE E PARCERIAS - SEINFRA",4,130,85,4,205,4205,1,3,3,74,1,0,PROMOÇÃO DE CONCESSÕES E PARCERIAS,"ESTRUTURAÇÃO, MODELAGEM E GESTÃO DE CONCESSÕES E PARCERIAS",281000,292240,303929,316086
2024,1300,"SECRETARIA DE ESTADO DE INFRAESTRUTURA, MOBILIDADE E PARCERIA - SEINFRA",1301,"SECRETARIA DE ESTADO DE INFRAESTRUTURA, MOBILIDADE E PARCERIAS - SEINFRA",4,130,85,4,205,4205,1,4,4,10,1,0,PROMOÇÃO DE CONCESSÕES E PARCERIAS,"ESTRUTURAÇÃO, MODELAGEM E GESTÃO DE CONCESSÕES E PARCERIAS",41297351,41297351,41297351,41297351
2024,1300,"SECRETARIA DE ESTADO DE INFRAESTRUTURA, MOBILIDADE E PARCERIA - SEINFRA",1301,"SECRETARIA DE ESTADO DE INFRAESTRUTURA, MOBILIDADE E PARCERIAS - SEINFRA",4,130,85,4,208,4208,1,3,1,10,1,0,PROMOÇÃO DE CONCESSÕES E PARCERIAS,"GESTÃO DE CONCESSÕES E PARCERIAS DE MOBILIDADE, TRANSPORTES E LOGÍSTICA",4537159,4399424,4399424,4399424
2024,1300,"SECRETARIA DE ESTADO DE INFRAESTRUTURA, MOBILIDADE E PARCERIA - SEINFRA",1301,"SECRETARIA DE ESTADO DE INFRAESTRUTURA, MOBILIDADE E PARCERIAS - SEINFRA",4,130,85,4,208,4208,1,3,3,10,1,0,PROMOÇÃO DE CONCESSÕES E PARCERIAS,"GESTÃO DE CONCESSÕES E PARCERIAS DE MOBILIDADE, TRANSPORTES E LOGÍSTICA",939000,1294813,1679316,2092181
2024,1300,"SECRETARIA DE ESTADO DE INFRAESTRUTURA, MOBILIDADE E PARCERIA - SEINFRA",1301,"SECRETARIA DE ESTADO DE INFRAESTRUTURA, MOBILIDADE E PARCERIAS - SEINFRA",4,130,85,4,208,4208,1,3,3,10,7,0,PROMOÇÃO DE CONCESSÕES E PARCERIAS,"GESTÃO DE CONCESSÕES E PARCERIAS DE MOBILIDADE, TRANSPORTES E LOGÍSTICA",488074,488074,488074,488074
2024,1300,"SECRETARIA DE ESTADO DE INFRAESTRUTURA, MOBILIDADE E PARCERIA - SEINFRA",1301,"SECRETARIA DE ESTADO DE INFRAESTRUTURA, MOBILIDADE E PARCERIAS - SEINFRA",4,130,85,4,208,4208,1,3,3,60,2,0,PROMOÇÃO DE CONCESSÕES E PARCERIAS,"GESTÃO DE CONCESSÕES E PARCERIAS DE MOBILIDADE, TRANSPORTES E LOGÍSTICA",3448586,0,0,0
2024,1300,"SECRETARIA DE ESTADO DE INFRAESTRUTURA, MOBILIDADE E PARCERIA - SEINFRA",1301,"SECRETARIA DE ESTADO DE INFRAESTRUTURA, MOBILIDADE E PARCERIAS - SEINFRA",4,130,85,4,208,4208,1,4,4,10,1,0,PROMOÇÃO DE CONCESSÕES E PARCERIAS,"GESTÃO DE CONCESSÕES E PARCERIAS DE MOBILIDADE, TRANSPORTES E LOGÍSTICA",5638000,5638000,5638000,5638000
2024,1300,"SECRETARIA DE ESTADO DE INFRAESTRUTURA, MOBILIDADE E PARCERIA - SEINFRA",1301,"SECRETARIA DE ESTADO DE INFRAESTRUTURA, MOBILIDADE E PARCERIAS - SEINFRA",4,130,85,4,208,4208,1,4,4,60,2,0,PROMOÇÃO DE CONCESSÕES E PARCERIAS,"GESTÃO DE CONCESSÕES E PARCERIAS DE MOBILIDADE, TRANSPORTES E LOGÍSTICA",11066345,0,0,0
2024,1300,"SECRETARIA DE ESTADO DE INFRAESTRUTURA, MOBILIDADE E PARCERIA - SEINFRA",1301,"SECRETARIA DE ESTADO DE INFRAESTRUTURA, MOBILIDADE E PARCERIAS - SEINFRA",4,130,85,4,253,4253,1,3,3,10,1,0,PROMOÇÃO DE CONCESSÕES E PARCERIAS,GESTÃO DE CONCESSÕES E PARCERIAS DE EQUIPAMENTOS PÚBLICOS,398001,416000,432640,449945
2024,1300,"SECRETARIA DE ESTADO DE INFRAESTRUTURA, MOBILIDADE E PARCERIA - SEINFRA",1301,"SECRETARIA DE ESTADO DE INFRAESTRUTURA, MOBILIDADE E PARCERIAS - SEINFRA",4,130,85,4,253,4253,1,4,4,10,1,0,PROMOÇÃO DE CONCESSÕES E PARCERIAS,GESTÃO DE CONCESSÕES E PARCERIAS DE EQUIPAMENTOS PÚBLICOS,922720,922720,922720,922720
2024,1300,"SECRETARIA DE ESTADO DE INFRAESTRUTURA, MOBILIDADE E PARCERIA - SEINFRA",1301,"SECRETARIA DE ESTADO DE INFRAESTRUTURA, MOBILIDADE E PARCERIAS - SEINFRA",4,130,85,4,253,4253,1,4,4,60,2,0,PROMOÇÃO DE CONCESSÕES E PARCERIAS,GESTÃO DE CONCESSÕES E PARCERIAS DE EQUIPAMENTOS PÚBLICOS,0,0,0,0
2024,1300,"SECRETARIA DE ESTADO DE INFRAESTRUTURA, MOBILIDADE E PARCERIA - SEINFRA",1301,"SECRETARIA DE ESTADO DE INFRAESTRUTURA, MOBILIDADE E PARCERIAS - SEINFRA",4,130,85,4,345,4345,1,3,3,60,2,0,PROMOÇÃO DE CONCESSÕES E PARCERIAS,GESTÃO DO RODOANEL METROPOLITANO,3535668,0,0,0
2024,1300,"SECRETARIA DE ESTADO DE INFRAESTRUTURA, MOBILIDADE E PARCERIA - SEINFRA",1301,"SECRETARIA DE ESTADO DE INFRAESTRUTURA, MOBILIDADE E PARCERIAS - SEINFRA",4,130,85,4,345,4345,1,4,4,10,1,0,PROMOÇÃO DE CONCESSÕES E PARCERIAS,GESTÃO DO RODOANEL METROPOLITANO,2137405,2137405,2137405,2137405
2024,1300,"SECRETARIA DE ESTADO DE INFRAESTRUTURA, MOBILIDADE E PARCERIA - SEINFRA",1301,"SECRETARIA DE ESTADO DE INFRAESTRUTURA, MOBILIDADE E PARCERIAS - SEINFRA",4,130,85,4,345,4345,1,4,4,60,2,0,PROMOÇÃO DE CONCESSÕES E PARCERIAS,GESTÃO DO RODOANEL METROPOLITANO,0,0,0,0
2024,1300,"SECRETARIA DE ESTADO DE INFRAESTRUTURA, MOBILIDADE E PARCERIA - SEINFRA",1301,"SECRETARIA DE ESTADO DE INFRAESTRUTURA, MOBILIDADE E PARCERIAS - SEINFRA",4,130,85,4,346,4346,1,4,4,10,1,0,PROMOÇÃO DE CONCESSÕES E PARCERIAS,METRÔ DA RMBH,30000000,30000000,30000000,30000000
2024,1300,"SECRETARIA DE ESTADO DE INFRAESTRUTURA, MOBILIDADE E PARCERIA - SEINFRA",1301,"SECRETARIA DE ESTADO DE INFRAESTRUTURA, MOBILIDADE E PARCERIAS - SEINFRA",8,182,47,4,266,4266,1,3,3,10,1,0,SUPORTE ÀS AÇÕES DE COMBATE E RESPOSTA AOS DANOS CAUSADOS PELAS CHUVAS,ASSISTENCIA EMERGENCIAL A MUNICIPIOS ATINGIDOS PELAS CHUVAS,1000,1000,1000,1000
2024,1300,"SECRETARIA DE ESTADO DE INFRAESTRUTURA, MOBILIDADE E PARCERIA - SEINFRA",1301,"SECRETARIA DE ESTADO DE INFRAESTRUTURA, MOBILIDADE E PARCERIAS - SEINFRA",15,451,81,1,37,1037,1,4,4,10,1,0,DESENVOLVIMENTO SUSTENTÁVEL DA INFRAESTRUTURA RODOVIÁRIA,"INTERVENÇÕES NA INFRAESTRUTURA RODOVIARIA ESTADUAL, MUNICIPAL E REGIONAL",23686740,23686740,23686740,23686740
2024,1300,"SECRETARIA DE ESTADO DE INFRAESTRUTURA, MOBILIDADE E PARCERIA - SEINFRA",1301,"SECRETARIA DE ESTADO DE INFRAESTRUTURA, MOBILIDADE E PARCERIAS - SEINFRA",15,451,81,1,37,1037,1,4,4,24,1,0,DESENVOLVIMENTO SUSTENTÁVEL DA INFRAESTRUTURA RODOVIÁRIA,"INTERVENÇÕES NA INFRAESTRUTURA RODOVIARIA ESTADUAL, MUNICIPAL E REGIONAL",171769699,178640486,185786106,193217550
2024,1300,"SECRETARIA DE ESTADO DE INFRAESTRUTURA, MOBILIDADE E PARCERIA - SEINFRA",1301,"SECRETARIA DE ESTADO DE INFRAESTRUTURA, MOBILIDADE E PARCERIAS - SEINFRA",15,451,81,1,37,1037,1,4,4,32,1,0,DESENVOLVIMENTO SUSTENTÁVEL DA INFRAESTRUTURA RODOVIÁRIA,"INTERVENÇÕES NA INFRAESTRUTURA RODOVIARIA ESTADUAL, MUNICIPAL E REGIONAL",11217313,11217313,11217313,11217313
2024,1300,"SECRETARIA DE ESTADO DE INFRAESTRUTURA, MOBILIDADE E PARCERIA - SEINFRA",1301,"SECRETARIA DE ESTADO DE INFRAESTRUTURA, MOBILIDADE E PARCERIAS - SEINFRA",15,451,99,1,35,1035,1,4,4,10,1,0,"DESENVOLVIMENTO DA INFRAESTRUTURA ESTADUAL, MUNICIPAL E REGIONAL",REQUALIFICAÇÃO URBANA E AMBIENTAL DO RIBEIRÃO ARRUDAS - PAC ARRUDAS COMPLEMENTO,0,0,0,0
2024,1300,"SECRETARIA DE ESTADO DE INFRAESTRUTURA, MOBILIDADE E PARCERIA - SEINFRA",1301,"SECRETARIA DE ESTADO DE INFRAESTRUTURA, MOBILIDADE E PARCERIAS - SEINFRA",15,451,99,1,35,1035,1,4,4,24,1,0,"DESENVOLVIMENTO DA INFRAESTRUTURA ESTADUAL, MUNICIPAL E REGIONAL",REQUALIFICAÇÃO URBANA E AMBIENTAL DO RIBEIRÃO ARRUDAS - PAC ARRUDAS COMPLEMENTO,7807384,8119679,8444466,8782245
2024,1300,"SECRETARIA DE ESTADO DE INFRAESTRUTURA, MOBILIDADE E PARCERIA - SEINFRA",1301,"SECRETARIA DE ESTADO DE INFRAESTRUTURA, MOBILIDADE E PARCERIAS - SEINFRA",15,451,99,1,35,1035,1,4,4,32,1,0,"DESENVOLVIMENTO DA INFRAESTRUTURA ESTADUAL, MUNICIPAL E REGIONAL",REQUALIFICAÇÃO URBANA E AMBIENTAL DO RIBEIRÃO ARRUDAS - PAC ARRUDAS COMPLEMENTO,1828788,1828788,1828788,1828788
2024,1300,"SECRETARIA DE ESTADO DE INFRAESTRUTURA, MOBILIDADE E PARCERIA - SEINFRA",1301,"SECRETARIA DE ESTADO DE INFRAESTRUTURA, MOBILIDADE E PARCERIAS - SEINFRA",15,451,99,1,36,1036,1,3,3,24,1,0,"DESENVOLVIMENTO DA INFRAESTRUTURA ESTADUAL, MUNICIPAL E REGIONAL",CONTENÇÃO DE ENCOSTAS EM ÁREAS DE RISCO - PAC ENCOSTAS,3001000,3121040,3245881,3375716
2024,1300,"SECRETARIA DE ESTADO DE INFRAESTRUTURA, MOBILIDADE E PARCERIA - SEINFRA",1301,"SECRETARIA DE ESTADO DE INFRAESTRUTURA, MOBILIDADE E PARCERIAS - SEINFRA",15,451,99,1,36,1036,1,4,4,10,1,0,"DESENVOLVIMENTO DA INFRAESTRUTURA ESTADUAL, MUNICIPAL E REGIONAL",CONTENÇÃO DE ENCOSTAS EM ÁREAS DE RISCO - PAC ENCOSTAS,7100000,7100000,7100000,7100000
2024,1300,"SECRETARIA DE ESTADO DE INFRAESTRUTURA, MOBILIDADE E PARCERIA - SEINFRA",1301,"SECRETARIA DE ESTADO DE INFRAESTRUTURA, MOBILIDADE E PARCERIAS - SEINFRA",15,451,99,1,36,1036,1,4,4,24,1,0,"DESENVOLVIMENTO DA INFRAESTRUTURA ESTADUAL, MUNICIPAL E REGIONAL",CONTENÇÃO DE ENCOSTAS EM ÁREAS DE RISCO - PAC ENCOSTAS,212166884,220653559,229479701,238658889
2024,1300,"SECRETARIA DE ESTADO DE INFRAESTRUTURA, MOBILIDADE E PARCERIA - SEINFRA",1301,"SECRETARIA DE ESTADO DE INFRAESTRUTURA, MOBILIDADE E PARCERIAS - SEINFRA",15,451,99,1,38,1038,1,3,3,10,1,0,"DESENVOLVIMENTO DA INFRAESTRUTURA ESTADUAL, MUNICIPAL E REGIONAL",REQUALIFICAÇÃO URBANA E AMBIENTAL DO RIBEIRÃO ARRUDAS - PAC FNHIS,161000,161000,161000,161000
2024,1300,"SECRETARIA DE ESTADO DE INFRAESTRUTURA, MOBILIDADE E PARCERIA - SEINFRA",1301,"SECRETARIA DE ESTADO DE INFRAESTRUTURA, MOBILIDADE E PARCERIAS - SEINFRA",15,451,99,1,38,1038,1,4,4,10,1,0,"DESENVOLVIMENTO DA INFRAESTRUTURA ESTADUAL, MUNICIPAL E REGIONAL",REQUALIFICAÇÃO URBANA E AMBIENTAL DO RIBEIRÃO ARRUDAS - PAC FNHIS,0,0,0,0
2024,1300,"SECRETARIA DE ESTADO DE INFRAESTRUTURA, MOBILIDADE E PARCERIA - SEINFRA",1301,"SECRETARIA DE ESTADO DE INFRAESTRUTURA, MOBILIDADE E PARCERIAS - SEINFRA",15,451,99,1,38,1038,1,4,4,24,1,0,"DESENVOLVIMENTO DA INFRAESTRUTURA ESTADUAL, MUNICIPAL E REGIONAL",REQUALIFICAÇÃO URBANA E AMBIENTAL DO RIBEIRÃO ARRUDAS - PAC FNHIS,1667622,1734326,1803699,1875847
2024,1300,"SECRETARIA DE ESTADO DE INFRAESTRUTURA, MOBILIDADE E PARCERIA - SEINFRA",1301,"SECRETARIA DE ESTADO DE INFRAESTRUTURA, MOBILIDADE E PARCERIAS - SEINFRA",15,451,99,1,38,1038,1,4,4,32,1,0,"DESENVOLVIMENTO DA INFRAESTRUTURA ESTADUAL, MUNICIPAL E REGIONAL",REQUALIFICAÇÃO URBANA E AMBIENTAL DO RIBEIRÃO ARRUDAS - PAC FNHIS,3474183,3474183,3474183,3474183
2024,1300,"SECRETARIA DE ESTADO DE INFRAESTRUTURA, MOBILIDADE E PARCERIA - SEINFRA",1301,"SECRETARIA DE ESTADO DE INFRAESTRUTURA, MOBILIDADE E PARCERIAS - SEINFRA",15,451,99,1,39,1039,1,3,3,10,1,0,"DESENVOLVIMENTO DA INFRAESTRUTURA ESTADUAL, MUNICIPAL E REGIONAL",REQUALIFICAÇÃO URBANA E AMBIENTAL E CONTROLE DE CHEIAS DO CÓRREGO FERRUGEM - PAC FERRUGEM,1450000,1450000,1450000,1450000
2024,1300,"SECRETARIA DE ESTADO DE INFRAESTRUTURA, MOBILIDADE E PARCERIA - SEINFRA",1301,"SECRETARIA DE ESTADO DE INFRAESTRUTURA, MOBILIDADE E PARCERIAS - SEINFRA",15,451,99,1,39,1039,1,4,4,10,1,0,"DESENVOLVIMENTO DA INFRAESTRUTURA ESTADUAL, MUNICIPAL E REGIONAL",REQUALIFICAÇÃO URBANA E AMBIENTAL E CONTROLE DE CHEIAS DO CÓRREGO FERRUGEM - PAC FERRUGEM,0,0,0,0
2024,1300,"SECRETARIA DE ESTADO DE INFRAESTRUTURA, MOBILIDADE E PARCERIA - SEINFRA",1301,"SECRETARIA DE ESTADO DE INFRAESTRUTURA, MOBILIDADE E PARCERIAS - SEINFRA",15,451,99,1,39,1039,1,4,4,32,1,0,"DESENVOLVIMENTO DA INFRAESTRUTURA ESTADUAL, MUNICIPAL E REGIONAL",REQUALIFICAÇÃO URBANA E AMBIENTAL E CONTROLE DE CHEIAS DO CÓRREGO FERRUGEM - PAC FERRUGEM,6043846,6043846,6043846,6043846
2024,1300,"SECRETARIA DE ESTADO DE INFRAESTRUTURA, MOBILIDADE E PARCERIA - SEINFRA",1301,"SECRETARIA DE ESTADO DE INFRAESTRUTURA, MOBILIDADE E PARCERIAS - SEINFRA",15,451,99,1,40,1040,1,4,4,95,1,0,"DESENVOLVIMENTO DA INFRAESTRUTURA ESTADUAL, MUNICIPAL E REGIONAL",REQUALIFICAÇÃO URBANA E AMBIENTAL E CONTROLE DE CHEIAS DO CÓRREGO FERRUGEM - PAC FERRUGEM (VALE),30000000,0,0,0
2024,1300,"SECRETARIA DE ESTADO DE INFRAESTRUTURA, MOBILIDADE E PARCERIA - SEINFRA",1301,"SECRETARIA DE ESTADO DE INFRAESTRUTURA, MOBILIDADE E PARCERIAS - SEINFRA",15,451,99,1,41,1041,1,4,4,10,1,0,"DESENVOLVIMENTO DA INFRAESTRUTURA ESTADUAL, MUNICIPAL E REGIONAL",REQUALIFICAÇÃO URBANA E AMBIENTAL E DE CONTROLE DE CHEIAS DO CÓRREGO RIACHO DAS PEDRAS - PAC RIACHO,9336583,9336583,9336583,9336583
2024,1300,"SECRETARIA DE ESTADO DE INFRAESTRUTURA, MOBILIDADE E PARCERIA - SEINFRA",1301,"SECRETARIA DE ESTADO DE INFRAESTRUTURA, MOBILIDADE E PARCERIAS - SEINFRA",15,451,99,1,41,1041,1,4,4,32,1,0,"DESENVOLVIMENTO DA INFRAESTRUTURA ESTADUAL, MUNICIPAL E REGIONAL",REQUALIFICAÇÃO URBANA E AMBIENTAL E DE CONTROLE DE CHEIAS DO CÓRREGO RIACHO DAS PEDRAS - PAC RIACHO,0,0,0,0
2024,1300,"SECRETARIA DE ESTADO DE INFRAESTRUTURA, MOBILIDADE E PARCERIA - SEINFRA",1301,"SECRETARIA DE ESTADO DE INFRAESTRUTURA, MOBILIDADE E PARCERIAS - SEINFRA",15,451,99,1,42,1042,1,4,4,95,1,0,"DESENVOLVIMENTO DA INFRAESTRUTURA ESTADUAL, MUNICIPAL E REGIONAL",REQUALIFICAÇÃO URBANA E AMBIENTAL E DE CONTROLE DE CHEIAS DO CÓRREGO RIACHO DAS PEDRAS (VALE),45000000,0,0,0
2024,1300,"SECRETARIA DE ESTADO DE INFRAESTRUTURA, MOBILIDADE E PARCERIA - SEINFRA",1301,"SECRETARIA DE ESTADO DE INFRAESTRUTURA, MOBILIDADE E PARCERIAS - SEINFRA",15,451,99,4,261,4261,1,3,1,10,1,0,"DESENVOLVIMENTO DA INFRAESTRUTURA ESTADUAL, MUNICIPAL E REGIONAL",DESENVOLVIMENTO DA INFRAESTRUTURA PÚBLICA NO ESTADO DE MINAS GERAIS,6735472,7135117,7135117,7135117
2024,1300,"SECRETARIA DE ESTADO DE INFRAESTRUTURA, MOBILIDADE E PARCERIA - SEINFRA",1301,"SECRETARIA DE ESTADO DE INFRAESTRUTURA, MOBILIDADE E PARCERIAS - SEINFRA",15,451,99,4,261,4261,1,3,3,10,1,0,"DESENVOLVIMENTO DA INFRAESTRUTURA ESTADUAL, MUNICIPAL E REGIONAL",DESENVOLVIMENTO DA INFRAESTRUTURA PÚBLICA NO ESTADO DE MINAS GERAIS,400000,416000,432640,449945
2024,1300,"SECRETARIA DE ESTADO DE INFRAESTRUTURA, MOBILIDADE E PARCERIA - SEINFRA",1301,"SECRETARIA DE ESTADO DE INFRAESTRUTURA, MOBILIDADE E PARCERIAS - SEINFRA",15,451,99,4,261,4261,1,3,3,10,7,0,"DESENVOLVIMENTO DA INFRAESTRUTURA ESTADUAL, MUNICIPAL E REGIONAL",DESENVOLVIMENTO DA INFRAESTRUTURA PÚBLICA NO ESTADO DE MINAS GERAIS,700675,700675,700675,700675
2024,1300,"SECRETARIA DE ESTADO DE INFRAESTRUTURA, MOBILIDADE E PARCERIA - SEINFRA",1301,"SECRETARIA DE ESTADO DE INFRAESTRUTURA, MOBILIDADE E PARCERIAS - SEINFRA",15,451,99,4,261,4261,1,3,3,70,1,0,"DESENVOLVIMENTO DA INFRAESTRUTURA ESTADUAL, MUNICIPAL E REGIONAL",DESENVOLVIMENTO DA INFRAESTRUTURA PÚBLICA NO ESTADO DE MINAS GERAIS,2000,2080,2163,2249
2024,1300,"SECRETARIA DE ESTADO DE INFRAESTRUTURA, MOBILIDADE E PARCERIA - SEINFRA",1301,"SECRETARIA DE ESTADO DE INFRAESTRUTURA, MOBILIDADE E PARCERIAS - SEINFRA",15,451,99,4,261,4261,1,4,4,10,1,0,"DESENVOLVIMENTO DA INFRAESTRUTURA ESTADUAL, MUNICIPAL E REGIONAL",DESENVOLVIMENTO DA INFRAESTRUTURA PÚBLICA NO ESTADO DE MINAS GERAIS,412009,412009,412009,412009
2024,1300,"SECRETARIA DE ESTADO DE INFRAESTRUTURA, MOBILIDADE E PARCERIA - SEINFRA",1301,"SECRETARIA DE ESTADO DE INFRAESTRUTURA, MOBILIDADE E PARCERIAS - SEINFRA",15,451,99,4,261,4261,1,4,4,70,1,0,"DESENVOLVIMENTO DA INFRAESTRUTURA ESTADUAL, MUNICIPAL E REGIONAL",DESENVOLVIMENTO DA INFRAESTRUTURA PÚBLICA NO ESTADO DE MINAS GERAIS,8418331,8755064,9105266,9469477
2024,1300,"SECRETARIA DE ESTADO DE INFRAESTRUTURA, MOBILIDADE E PARCERIA - SEINFRA",1301,"SECRETARIA DE ESTADO DE INFRAESTRUTURA, MOBILIDADE E PARCERIAS - SEINFRA",15,451,99,4,262,4262,1,4,4,10,1,0,"DESENVOLVIMENTO DA INFRAESTRUTURA ESTADUAL, MUNICIPAL E REGIONAL",FOMENTO À INFRAESTRUTURA PÚBLICA MUNICIPAL,8021776,8021776,8021776,8021776
2024,1300,"SECRETARIA DE ESTADO DE INFRAESTRUTURA, MOBILIDADE E PARCERIA - SEINFRA",1301,"SECRETARIA DE ESTADO DE INFRAESTRUTURA, MOBILIDADE E PARCERIAS - SEINFRA",15,451,99,4,262,4262,1,4,4,15,1,0,"DESENVOLVIMENTO DA INFRAESTRUTURA ESTADUAL, MUNICIPAL E REGIONAL",FOMENTO À INFRAESTRUTURA PÚBLICA MUNICIPAL,160000000,0,0,0
2024,1300,"SECRETARIA DE ESTADO DE INFRAESTRUTURA, MOBILIDADE E PARCERIA - SEINFRA",1301,"SECRETARIA DE ESTADO DE INFRAESTRUTURA, MOBILIDADE E PARCERIAS - SEINFRA",15,451,99,4,265,4265,1,3,1,10,1,0,"DESENVOLVIMENTO DA INFRAESTRUTURA ESTADUAL, MUNICIPAL E REGIONAL",DESENVOLVIMENTO DA INFRAESTRUTURA GOVERNAMENTAL,7931145,7692228,7692228,7692228
2024,1300,"SECRETARIA DE ESTADO DE INFRAESTRUTURA, MOBILIDADE E PARCERIA - SEINFRA",1301,"SECRETARIA DE ESTADO DE INFRAESTRUTURA, MOBILIDADE E PARCERIAS - SEINFRA",15,451,99,4,265,4265,1,3,3,10,1,0,"DESENVOLVIMENTO DA INFRAESTRUTURA ESTADUAL, MUNICIPAL E REGIONAL",DESENVOLVIMENTO DA INFRAESTRUTURA GOVERNAMENTAL,50000,52000,54080,56243
2024,1300,"SECRETARIA DE ESTADO DE INFRAESTRUTURA, MOBILIDADE E PARCERIA - SEINFRA",1301,"SECRETARIA DE ESTADO DE INFRAESTRUTURA, MOBILIDADE E PARCERIAS - SEINFRA",15,451,99,4,265,4265,1,3,3,10,7,0,"DESENVOLVIMENTO DA INFRAESTRUTURA ESTADUAL, MUNICIPAL E REGIONAL",DESENVOLVIMENTO DA INFRAESTRUTURA GOVERNAMENTAL,702353,702353,702353,702353
2024,1300,"SECRETARIA DE ESTADO DE INFRAESTRUTURA, MOBILIDADE E PARCERIA - SEINFRA",1301,"SECRETARIA DE ESTADO DE INFRAESTRUTURA, MOBILIDADE E PARCERIAS - SEINFRA",15,451,128,1,55,1055,1,4,4,10,1,0,PROGRAMA DE APOIO A AMPLIAÇÃO E A MELHORIA DOS SISTEMAS PRISIONAL E SOCIOEDUCATIVO,"PROJETOS, CONSTRUÇÕES, REFORMAS E AMPLIAÇÕES DE UNIDADES DE SEGURANÇA PÚBLICA",1881091,1881091,1881091,1881091
2024,1300,"SECRETARIA DE ESTADO DE INFRAESTRUTURA, MOBILIDADE E PARCERIA - SEINFRA",1301,"SECRETARIA DE ESTADO DE INFRAESTRUTURA, MOBILIDADE E PARCERIAS - SEINFRA",15,451,128,1,55,1055,1,4,4,32,1,0,PROGRAMA DE APOIO A AMPLIAÇÃO E A MELHORIA DOS SISTEMAS PRISIONAL E SOCIOEDUCATIVO,"PROJETOS, CONSTRUÇÕES, REFORMAS E AMPLIAÇÕES DE UNIDADES DE SEGURANÇA PÚBLICA",1415849,1415849,1415849,1415849
2024,1300,"SECRETARIA DE ESTADO DE INFRAESTRUTURA, MOBILIDADE E PARCERIA - SEINFRA",1301,"SECRETARIA DE ESTADO DE INFRAESTRUTURA, MOBILIDADE E PARCERIAS - SEINFRA",26,453,117,4,290,4290,1,3,1,10,1,0,"MOBILIDADE, TRANSPORTES E LOGÍSTICA",MELHORIA DA MOBILIDADE E INFRAESTRUTURA DE TRANSPORTES EM MINAS GERAIS,5994179,6458890,6458890,6458890
2024,1300,"SECRETARIA DE ESTADO DE INFRAESTRUTURA, MOBILIDADE E PARCERIA - SEINFRA",1301,"SECRETARIA DE ESTADO DE INFRAESTRUTURA, MOBILIDADE E PARCERIAS - SEINFRA",26,453,117,4,290,4290,1,3,3,10,7,0,"MOBILIDADE, TRANSPORTES E LOGÍSTICA",MELHORIA DA MOBILIDADE E INFRAESTRUTURA DE TRANSPORTES EM MINAS GERAIS,761385,761385,761385,761385
2024,1300,"SECRETARIA DE ESTADO DE INFRAESTRUTURA, MOBILIDADE E PARCERIA - SEINFRA",1301,"SECRETARIA DE ESTADO DE INFRAESTRUTURA, MOBILIDADE E PARCERIAS - SEINFRA",26,453,117,4,290,4290,1,4,4,60,2,0,"MOBILIDADE, TRANSPORTES E LOGÍSTICA",MELHORIA DA MOBILIDADE E INFRAESTRUTURA DE TRANSPORTES EM MINAS GERAIS,0,0,0,0
2024,1300,"SECRETARIA DE ESTADO DE INFRAESTRUTURA, MOBILIDADE E PARCERIA - SEINFRA",1301,"SECRETARIA DE ESTADO DE INFRAESTRUTURA, MOBILIDADE E PARCERIAS - SEINFRA",26,572,117,4,291,4291,1,3,3,10,1,0,"MOBILIDADE, TRANSPORTES E LOGÍSTICA","PESQUISA E DESENVOLVIMENTO TECNOLÓGICO EM TRANSPORTES, LOGÍSTICA E MOBILIDADE",1000,1000,1000,1000
2024,1300,"SECRETARIA DE ESTADO DE INFRAESTRUTURA, MOBILIDADE E PARCERIA - SEINFRA",1301,"SECRETARIA DE ESTADO DE INFRAESTRUTURA, MOBILIDADE E PARCERIAS - SEINFRA",26,572,117,4,291,4291,1,4,4,10,1,0,"MOBILIDADE, TRANSPORTES E LOGÍSTICA","PESQUISA E DESENVOLVIMENTO TECNOLÓGICO EM TRANSPORTES, LOGÍSTICA E MOBILIDADE",0,0,0,0
2024,1300,"SECRETARIA DE ESTADO DE INFRAESTRUTURA, MOBILIDADE E PARCERIA - SEINFRA",1301,"SECRETARIA DE ESTADO DE INFRAESTRUTURA, MOBILIDADE E PARCERIAS - SEINFRA",26,572,117,4,291,4291,1,4,4,60,2,0,"MOBILIDADE, TRANSPORTES E LOGÍSTICA","PESQUISA E DESENVOLVIMENTO TECNOLÓGICO EM TRANSPORTES, LOGÍSTICA E MOBILIDADE",0,0,0,0
2024,1300,"SECRETARIA DE ESTADO DE INFRAESTRUTURA, MOBILIDADE E PARCERIA - SEINFRA",1301,"SECRETARIA DE ESTADO DE INFRAESTRUTURA, MOBILIDADE E PARCERIAS - SEINFRA",26,781,117,4,292,4292,1,3,3,10,1,0,"MOBILIDADE, TRANSPORTES E LOGÍSTICA",GESTÃO DE AEROPORTOS REGIONAIS EM MINAS GERAIS,6782244,7053533,7335675,7629102
2024,1300,"SECRETARIA DE ESTADO DE INFRAESTRUTURA, MOBILIDADE E PARCERIA - SEINFRA",1301,"SECRETARIA DE ESTADO DE INFRAESTRUTURA, MOBILIDADE E PARCERIAS - SEINFRA",26,781,117,4,292,4292,1,3,3,59,1,0,"MOBILIDADE, TRANSPORTES E LOGÍSTICA",GESTÃO DE AEROPORTOS REGIONAIS EM MINAS GERAIS,2340000,0,0,0
2024,1300,"SECRETARIA DE ESTADO DE INFRAESTRUTURA, MOBILIDADE E PARCERIA - SEINFRA",1301,"SECRETARIA DE ESTADO DE INFRAESTRUTURA, MOBILIDADE E PARCERIAS - SEINFRA",26,781,117,4,292,4292,1,3,3,73,1,0,"MOBILIDADE, TRANSPORTES E LOGÍSTICA",GESTÃO DE AEROPORTOS REGIONAIS EM MINAS GERAIS,5087680,5291187,5502834,5722948
2024,1300,"SECRETARIA DE ESTADO DE INFRAESTRUTURA, MOBILIDADE E PARCERIA - SEINFRA",2301,DEPARTAMENTO DE EDIFICAÇÕES E ESTRADAS DE RODAGEM DO ESTADO DE MINAS GERAIS - DER-MG,4,122,705,2,500,2500,1,3,1,10,1,0,APOIO ÀS POLÍTICAS PÚBLICAS,ASSESSORAMENTO E GERENCIAMENTO DE POLÍTICAS PÚBLICAS,62686451,64999467,67364557,69810766
2024,1300,"SECRETARIA DE ESTADO DE INFRAESTRUTURA, MOBILIDADE E PARCERIA - SEINFRA",2301,DEPARTAMENTO DE EDIFICAÇÕES E ESTRADAS DE RODAGEM DO ESTADO DE MINAS GERAIS - DER-MG,4,122,705,2,500,2500,1,3,3,10,1,0,APOIO ÀS POLÍTICAS PÚBLICAS,ASSESSORAMENTO E GERENCIAMENTO DE POLÍTICAS PÚBLICAS,33400000,35133490,37393476,39790046
2024,1300,"SECRETARIA DE ESTADO DE INFRAESTRUTURA, MOBILIDADE E PARCERIA - SEINFRA",2301,DEPARTAMENTO DE EDIFICAÇÕES E ESTRADAS DE RODAGEM DO ESTADO DE MINAS GERAIS - DER-MG,4,122,705,2,500,2500,1,3,3,10,7,0,APOIO ÀS POLÍTICAS PÚBLICAS,ASSESSORAMENTO E GERENCIAMENTO DE POLÍTICAS PÚBLICAS,6148234,6299096,6453658,6612014
2024,1300,"SECRETARIA DE ESTADO DE INFRAESTRUTURA, MOBILIDADE E PARCERIA - SEINFRA",2301,DEPARTAMENTO DE EDIFICAÇÕES E ESTRADAS DE RODAGEM DO ESTADO DE MINAS GERAIS - DER-MG,4,122,705,2,500,2500,1,3,3,60,1,0,APOIO ÀS POLÍTICAS PÚBLICAS,ASSESSORAMENTO E GERENCIAMENTO DE POLÍTICAS PÚBLICAS,2066839,2166874,2271751,2381704
2024,1300,"SECRETARIA DE ESTADO DE INFRAESTRUTURA, MOBILIDADE E PARCERIA - SEINFRA",2301,DEPARTAMENTO DE EDIFICAÇÕES E ESTRADAS DE RODAGEM DO ESTADO DE MINAS GERAIS - DER-MG,4,122,705,2,500,2500,1,3,3,91,1,0,APOIO ÀS POLÍTICAS PÚBLICAS,ASSESSORAMENTO E GERENCIAMENTO DE POLÍTICAS PÚBLICAS,1396732,0,0,0
2024,1300,"SECRETARIA DE ESTADO DE INFRAESTRUTURA, MOBILIDADE E PARCERIA - SEINFRA",2301,DEPARTAMENTO DE EDIFICAÇÕES E ESTRADAS DE RODAGEM DO ESTADO DE MINAS GERAIS - DER-MG,4,122,705,2,500,2500,1,4,4,15,1,0,APOIO ÀS POLÍTICAS PÚBLICAS,ASSESSORAMENTO E GERENCIAMENTO DE POLÍTICAS PÚBLICAS,24000000,24000000,24000000,24000000
2024,1300,"SECRETARIA DE ESTADO DE INFRAESTRUTURA, MOBILIDADE E PARCERIA - SEINFRA",2301,DEPARTAMENTO DE EDIFICAÇÕES E ESTRADAS DE RODAGEM DO ESTADO DE MINAS GERAIS - DER-MG,4,122,705,2,500,2500,1,4,4,47,1,0,APOIO ÀS POLÍTICAS PÚBLICAS,ASSESSORAMENTO E GERENCIAMENTO DE POLÍTICAS PÚBLICAS,2400000,2400000,2400000,2400000
2024,1300,"SECRETARIA DE ESTADO DE INFRAESTRUTURA, MOBILIDADE E PARCERIA - SEINFRA",2301,DEPARTAMENTO DE EDIFICAÇÕES E ESTRADAS DE RODAGEM DO ESTADO DE MINAS GERAIS - DER-MG,26,782,47,4,280,4280,1,3,3,10,1,0,SUPORTE ÀS AÇÕES DE COMBATE E RESPOSTA AOS DANOS CAUSADOS PELAS CHUVAS,MITIGAÇÃO DE DANOS CAUSADOS PELAS CHUVAS,25000,27000,29000,31000
2024,1300,"SECRETARIA DE ESTADO DE INFRAESTRUTURA, MOBILIDADE E PARCERIA - SEINFRA",2301,DEPARTAMENTO DE EDIFICAÇÕES E ESTRADAS DE RODAGEM DO ESTADO DE MINAS GERAIS - DER-MG,26,782,47,4,280,4280,1,4,4,15,1,0,SUPORTE ÀS AÇÕES DE COMBATE E RESPOSTA AOS DANOS CAUSADOS PELAS CHUVAS,MITIGAÇÃO DE DANOS CAUSADOS PELAS CHUVAS,48196803,84196803,84196803,84196803
2024,1300,"SECRETARIA DE ESTADO DE INFRAESTRUTURA, MOBILIDADE E PARCERIA - SEINFRA",2301,DEPARTAMENTO DE EDIFICAÇÕES E ESTRADAS DE RODAGEM DO ESTADO DE MINAS GERAIS - DER-MG,26,782,47,4,280,4280,1,4,4,83,2,0,SUPORTE ÀS AÇÕES DE COMBATE E RESPOSTA AOS DANOS CAUSADOS PELAS CHUVAS,MITIGAÇÃO DE DANOS CAUSADOS PELAS CHUVAS,36000000,0,0,0
2024,1300,"SECRETARIA DE ESTADO DE INFRAESTRUTURA, MOBILIDADE E PARCERIA - SEINFRA",2301,DEPARTAMENTO DE EDIFICAÇÕES E ESTRADAS DE RODAGEM DO ESTADO DE MINAS GERAIS - DER-MG,26,782,81,4,268,4268,1,3,1,10,1,0,DESENVOLVIMENTO SUSTENTÁVEL DA INFRAESTRUTURA RODOVIÁRIA,AMPLIAÇÃO DE CAPACIDADE DA MALHA VIÁRIA,14504716,14859915,15223811,15596618
2024,1300,"SECRETARIA DE ESTADO DE INFRAESTRUTURA, MOBILIDADE E PARCERIA - SEINFRA",2301,DEPARTAMENTO DE EDIFICAÇÕES E ESTRADAS DE RODAGEM DO ESTADO DE MINAS GERAIS - DER-MG,26,782,81,4,268,4268,1,3,3,10,1,0,DESENVOLVIMENTO SUSTENTÁVEL DA INFRAESTRUTURA RODOVIÁRIA,AMPLIAÇÃO DE CAPACIDADE DA MALHA VIÁRIA,200000,205000,210000,215000
2024,1300,"SECRETARIA DE ESTADO DE INFRAESTRUTURA, MOBILIDADE E PARCERIA - SEINFRA",2301,DEPARTAMENTO DE EDIFICAÇÕES E ESTRADAS DE RODAGEM DO ESTADO DE MINAS GERAIS - DER-MG,26,782,81,4,268,4268,1,3,3,10,7,0,DESENVOLVIMENTO SUSTENTÁVEL DA INFRAESTRUTURA RODOVIÁRIA,AMPLIAÇÃO DE CAPACIDADE DA MALHA VIÁRIA,2417503,2476704,2537355,2599491
2024,1300,"SECRETARIA DE ESTADO DE INFRAESTRUTURA, MOBILIDADE E PARCERIA - SEINFRA",2301,DEPARTAMENTO DE EDIFICAÇÕES E ESTRADAS DE RODAGEM DO ESTADO DE MINAS GERAIS - DER-MG,26,782,81,4,268,4268,1,4,4,33,1,0,DESENVOLVIMENTO SUSTENTÁVEL DA INFRAESTRUTURA RODOVIÁRIA,AMPLIAÇÃO DE CAPACIDADE DA MALHA VIÁRIA,47849865,47849865,47849865,47849865
2024,1300,"SECRETARIA DE ESTADO DE INFRAESTRUTURA, MOBILIDADE E PARCERIA - SEINFRA",2301,DEPARTAMENTO DE EDIFICAÇÕES E ESTRADAS DE RODAGEM DO ESTADO DE MINAS GERAIS - DER-MG,26,782,81,4,272,4272,1,3,3,91,1,0,DESENVOLVIMENTO SUSTENTÁVEL DA INFRAESTRUTURA RODOVIÁRIA,IMPLANTAÇÃO E MANUTENÇÃO DE OBRAS DE ARTES ESPECIAIS,1200000,0,0,0
2024,1300,"SECRETARIA DE ESTADO DE INFRAESTRUTURA, MOBILIDADE E PARCERIA - SEINFRA",2301,DEPARTAMENTO DE EDIFICAÇÕES E ESTRADAS DE RODAGEM DO ESTADO DE MINAS GERAIS - DER-MG,26,782,81,4,272,4272,1,4,4,15,1,0,DESENVOLVIMENTO SUSTENTÁVEL DA INFRAESTRUTURA RODOVIÁRIA,IMPLANTAÇÃO E MANUTENÇÃO DE OBRAS DE ARTES ESPECIAIS,25000000,25000000,25000000,25000000
2024,1300,"SECRETARIA DE ESTADO DE INFRAESTRUTURA, MOBILIDADE E PARCERIA - SEINFRA",2301,DEPARTAMENTO DE EDIFICAÇÕES E ESTRADAS DE RODAGEM DO ESTADO DE MINAS GERAIS - DER-MG,26,782,81,4,272,4272,1,4,4,83,2,0,DESENVOLVIMENTO SUSTENTÁVEL DA INFRAESTRUTURA RODOVIÁRIA,IMPLANTAÇÃO E MANUTENÇÃO DE OBRAS DE ARTES ESPECIAIS,15000000,0,0,0
2024,1300,"SECRETARIA DE ESTADO DE INFRAESTRUTURA, MOBILIDADE E PARCERIA - SEINFRA",2301,DEPARTAMENTO DE EDIFICAÇÕES E ESTRADAS DE RODAGEM DO ESTADO DE MINAS GERAIS - DER-MG,26,782,81,4,275,4275,1,3,1,10,1,0,DESENVOLVIMENTO SUSTENTÁVEL DA INFRAESTRUTURA RODOVIÁRIA,IMPLANTAÇÃO/PAVIMENTAÇÃO DA MALHA,4222311,4325710,4431641,4540166
2024,1300,"SECRETARIA DE ESTADO DE INFRAESTRUTURA, MOBILIDADE E PARCERIA - SEINFRA",2301,DEPARTAMENTO DE EDIFICAÇÕES E ESTRADAS DE RODAGEM DO ESTADO DE MINAS GERAIS - DER-MG,26,782,81,4,275,4275,1,3,3,10,1,0,DESENVOLVIMENTO SUSTENTÁVEL DA INFRAESTRUTURA RODOVIÁRIA,IMPLANTAÇÃO/PAVIMENTAÇÃO DA MALHA,80000,0,0,0
2024,1300,"SECRETARIA DE ESTADO DE INFRAESTRUTURA, MOBILIDADE E PARCERIA - SEINFRA",2301,DEPARTAMENTO DE EDIFICAÇÕES E ESTRADAS DE RODAGEM DO ESTADO DE MINAS GERAIS - DER-MG,26,782,81,4,275,4275,1,3,3,10,7,0,DESENVOLVIMENTO SUSTENTÁVEL DA INFRAESTRUTURA RODOVIÁRIA,IMPLANTAÇÃO/PAVIMENTAÇÃO DA MALHA,642868,658611,674740,691264
2024,1300,"SECRETARIA DE ESTADO DE INFRAESTRUTURA, MOBILIDADE E PARCERIA - SEINFRA",2301,DEPARTAMENTO DE EDIFICAÇÕES E ESTRADAS DE RODAGEM DO ESTADO DE MINAS GERAIS - DER-MG,26,782,81,4,275,4275,1,3,3,91,1,0,DESENVOLVIMENTO SUSTENTÁVEL DA INFRAESTRUTURA RODOVIÁRIA,IMPLANTAÇÃO/PAVIMENTAÇÃO DA MALHA,400000,3140174,3292978,3405598
2024,1300,"SECRETARIA DE ESTADO DE INFRAESTRUTURA, MOBILIDADE E PARCERIA - SEINFRA",2301,DEPARTAMENTO DE EDIFICAÇÕES E ESTRADAS DE RODAGEM DO ESTADO DE MINAS GERAIS - DER-MG,26,782,81,4,275,4275,1,4,4,15,1,0,DESENVOLVIMENTO SUSTENTÁVEL DA INFRAESTRUTURA RODOVIÁRIA,IMPLANTAÇÃO/PAVIMENTAÇÃO DA MALHA,44916975,44916975,44916975,44916975
2024,1300,"SECRETARIA DE ESTADO DE INFRAESTRUTURA, MOBILIDADE E PARCERIA - SEINFRA",2301,DEPARTAMENTO DE EDIFICAÇÕES E ESTRADAS DE RODAGEM DO ESTADO DE MINAS GERAIS - DER-MG,26,782,81,4,275,4275,1,4,4,25,1,0,DESENVOLVIMENTO SUSTENTÁVEL DA INFRAESTRUTURA RODOVIÁRIA,IMPLANTAÇÃO/PAVIMENTAÇÃO DA MALHA,18031636,0,0,0
2024,1300,"SECRETARIA DE ESTADO DE INFRAESTRUTURA, MOBILIDADE E PARCERIA - SEINFRA",2301,DEPARTAMENTO DE EDIFICAÇÕES E ESTRADAS DE RODAGEM DO ESTADO DE MINAS GERAIS - DER-MG,26,782,81,4,275,4275,1,4,4,60,2,0,DESENVOLVIMENTO SUSTENTÁVEL DA INFRAESTRUTURA RODOVIÁRIA,IMPLANTAÇÃO/PAVIMENTAÇÃO DA MALHA,26000000,0,0,0
2024,1300,"SECRETARIA DE ESTADO DE INFRAESTRUTURA, MOBILIDADE E PARCERIA - SEINFRA",2301,DEPARTAMENTO DE EDIFICAÇÕES E ESTRADAS DE RODAGEM DO ESTADO DE MINAS GERAIS - DER-MG,26,782,81,4,275,4275,1,4,4,68,1,0,DESENVOLVIMENTO SUSTENTÁVEL DA INFRAESTRUTURA RODOVIÁRIA,IMPLANTAÇÃO/PAVIMENTAÇÃO DA MALHA,35738810,0,0,0
2024,1300,"SECRETARIA DE ESTADO DE INFRAESTRUTURA, MOBILIDADE E PARCERIA - SEINFRA",2301,DEPARTAMENTO DE EDIFICAÇÕES E ESTRADAS DE RODAGEM DO ESTADO DE MINAS GERAIS - DER-MG,26,782,81,4,275,4275,1,4,4,69,1,0,DESENVOLVIMENTO SUSTENTÁVEL DA INFRAESTRUTURA RODOVIÁRIA,IMPLANTAÇÃO/PAVIMENTAÇÃO DA MALHA,1197014,0,0,0
2024,1300,"SECRETARIA DE ESTADO DE INFRAESTRUTURA, MOBILIDADE E PARCERIA - SEINFRA",2301,DEPARTAMENTO DE EDIFICAÇÕES E ESTRADAS DE RODAGEM DO ESTADO DE MINAS GERAIS - DER-MG,26,782,81,4,275,4275,1,4,4,70,1,0,DESENVOLVIMENTO SUSTENTÁVEL DA INFRAESTRUTURA RODOVIÁRIA,IMPLANTAÇÃO/PAVIMENTAÇÃO DA MALHA,39246698,0,0,0
2024,1300,"SECRETARIA DE ESTADO DE INFRAESTRUTURA, MOBILIDADE E PARCERIA - SEINFRA",2301,DEPARTAMENTO DE EDIFICAÇÕES E ESTRADAS DE RODAGEM DO ESTADO DE MINAS GERAIS - DER-MG,26,782,81,4,275,4275,1,4,4,74,1,0,DESENVOLVIMENTO SUSTENTÁVEL DA INFRAESTRUTURA RODOVIÁRIA,IMPLANTAÇÃO/PAVIMENTAÇÃO DA MALHA,10651000,0,0,0
2024,1300,"SECRETARIA DE ESTADO DE INFRAESTRUTURA, MOBILIDADE E PARCERIA - SEINFRA",2301,DEPARTAMENTO DE EDIFICAÇÕES E ESTRADAS DE RODAGEM DO ESTADO DE MINAS GERAIS - DER-MG,26,782,81,4,275,4275,1,4,4,83,2,0,DESENVOLVIMENTO SUSTENTÁVEL DA INFRAESTRUTURA RODOVIÁRIA,IMPLANTAÇÃO/PAVIMENTAÇÃO DA MALHA,45000000,0,0,0
2024,1300,"SECRETARIA DE ESTADO DE INFRAESTRUTURA, MOBILIDADE E PARCERIA - SEINFRA",2301,DEPARTAMENTO DE EDIFICAÇÕES E ESTRADAS DE RODAGEM DO ESTADO DE MINAS GERAIS - DER-MG,26,782,81,4,284,4284,1,3,1,10,1,0,DESENVOLVIMENTO SUSTENTÁVEL DA INFRAESTRUTURA RODOVIÁRIA,PREVENÇÃO E MITIGAÇÃO DE DANOS AMBIENTAIS,831345,851704,872562,893930
2024,1300,"SECRETARIA DE ESTADO DE INFRAESTRUTURA, MOBILIDADE E PARCERIA - SEINFRA",2301,DEPARTAMENTO DE EDIFICAÇÕES E ESTRADAS DE RODAGEM DO ESTADO DE MINAS GERAIS - DER-MG,26,782,81,4,284,4284,1,3,3,10,1,0,DESENVOLVIMENTO SUSTENTÁVEL DA INFRAESTRUTURA RODOVIÁRIA,PREVENÇÃO E MITIGAÇÃO DE DANOS AMBIENTAIS,80000,90000,95000,100000
2024,1300,"SECRETARIA DE ESTADO DE INFRAESTRUTURA, MOBILIDADE E PARCERIA - SEINFRA",2301,DEPARTAMENTO DE EDIFICAÇÕES E ESTRADAS DE RODAGEM DO ESTADO DE MINAS GERAIS - DER-MG,26,782,81,4,284,4284,1,3,3,10,7,0,DESENVOLVIMENTO SUSTENTÁVEL DA INFRAESTRUTURA RODOVIÁRIA,PREVENÇÃO E MITIGAÇÃO DE DANOS AMBIENTAIS,971719,995516,1019896,1044873
2024,1300,"SECRETARIA DE ESTADO DE INFRAESTRUTURA, MOBILIDADE E PARCERIA - SEINFRA",2301,DEPARTAMENTO DE EDIFICAÇÕES E ESTRADAS DE RODAGEM DO ESTADO DE MINAS GERAIS - DER-MG,26,782,81,4,284,4284,1,3,3,91,1,0,DESENVOLVIMENTO SUSTENTÁVEL DA INFRAESTRUTURA RODOVIÁRIA,PREVENÇÃO E MITIGAÇÃO DE DANOS AMBIENTAIS,1000000,1050000,1100000,1200000
2024,1300,"SECRETARIA DE ESTADO DE INFRAESTRUTURA, MOBILIDADE E PARCERIA - SEINFRA",2301,DEPARTAMENTO DE EDIFICAÇÕES E ESTRADAS DE RODAGEM DO ESTADO DE MINAS GERAIS - DER-MG,26,782,81,4,284,4284,1,4,4,15,1,0,DESENVOLVIMENTO SUSTENTÁVEL DA INFRAESTRUTURA RODOVIÁRIA,PREVENÇÃO E MITIGAÇÃO DE DANOS AMBIENTAIS,16000000,16000000,16000000,16000000
2024,1300,"SECRETARIA DE ESTADO DE INFRAESTRUTURA, MOBILIDADE E PARCERIA - SEINFRA",2301,DEPARTAMENTO DE EDIFICAÇÕES E ESTRADAS DE RODAGEM DO ESTADO DE MINAS GERAIS - DER-MG,26,782,81,4,284,4284,1,4,4,83,2,0,DESENVOLVIMENTO SUSTENTÁVEL DA INFRAESTRUTURA RODOVIÁRIA,PREVENÇÃO E MITIGAÇÃO DE DANOS AMBIENTAIS,4000000,0,0,0
2024,1300,"SECRETARIA DE ESTADO DE INFRAESTRUTURA, MOBILIDADE E PARCERIA - SEINFRA",2301,DEPARTAMENTO DE EDIFICAÇÕES E ESTRADAS DE RODAGEM DO ESTADO DE MINAS GERAIS - DER-MG,26,782,81,4,287,4287,1,4,4,95,1,0,DESENVOLVIMENTO SUSTENTÁVEL DA INFRAESTRUTURA RODOVIÁRIA,CONSTRUÇÃO E ADEQUAÇÃO DE RODOVIAS - RIO DOCE,2000000,0,0,0
2024,1300,"SECRETARIA DE ESTADO DE INFRAESTRUTURA, MOBILIDADE E PARCERIA - SEINFRA",2301,DEPARTAMENTO DE EDIFICAÇÕES E ESTRADAS DE RODAGEM DO ESTADO DE MINAS GERAIS - DER-MG,26,782,81,4,288,4288,1,4,4,95,1,0,DESENVOLVIMENTO SUSTENTÁVEL DA INFRAESTRUTURA RODOVIÁRIA,RECUPERAÇÃO E MANUTENÇÃO DA MALHA VIÁRIA - REPARAÇÃO BRUMADINHO,8000000,0,0,0
2024,1300,"SECRETARIA DE ESTADO DE INFRAESTRUTURA, MOBILIDADE E PARCERIA - SEINFRA",2301,DEPARTAMENTO DE EDIFICAÇÕES E ESTRADAS DE RODAGEM DO ESTADO DE MINAS GERAIS - DER-MG,26,782,81,4,289,4289,1,4,4,95,1,0,DESENVOLVIMENTO SUSTENTÁVEL DA INFRAESTRUTURA RODOVIÁRIA,CONSTRUÇÃO E ADEQUAÇÃO DE RODOVIAS - REPARAÇÃO BRUMADINHO,20000000,0,0,0
2024,1300,"SECRETARIA DE ESTADO DE INFRAESTRUTURA, MOBILIDADE E PARCERIA - SEINFRA",2301,DEPARTAMENTO DE EDIFICAÇÕES E ESTRADAS DE RODAGEM DO ESTADO DE MINAS GERAIS - DER-MG,26,782,81,4,293,4293,1,3,1,10,1,0,DESENVOLVIMENTO SUSTENTÁVEL DA INFRAESTRUTURA RODOVIÁRIA,CONSERVAÇÃO ROTINEIRA DA MALHA VIÁRIA,51054647,52304895,53585759,54897990
2024,1300,"SECRETARIA DE ESTADO DE INFRAESTRUTURA, MOBILIDADE E PARCERIA - SEINFRA",2301,DEPARTAMENTO DE EDIFICAÇÕES E ESTRADAS DE RODAGEM DO ESTADO DE MINAS GERAIS - DER-MG,26,782,81,4,293,4293,1,3,3,10,1,0,DESENVOLVIMENTO SUSTENTÁVEL DA INFRAESTRUTURA RODOVIÁRIA,CONSERVAÇÃO ROTINEIRA DA MALHA VIÁRIA,21028783,22000000,22500000,23000000
2024,1300,"SECRETARIA DE ESTADO DE INFRAESTRUTURA, MOBILIDADE E PARCERIA - SEINFRA",2301,DEPARTAMENTO DE EDIFICAÇÕES E ESTRADAS DE RODAGEM DO ESTADO DE MINAS GERAIS - DER-MG,26,782,81,4,293,4293,1,3,3,10,7,0,DESENVOLVIMENTO SUSTENTÁVEL DA INFRAESTRUTURA RODOVIÁRIA,CONSERVAÇÃO ROTINEIRA DA MALHA VIÁRIA,12982183,13300096,13625795,13959469
2024,1300,"SECRETARIA DE ESTADO DE INFRAESTRUTURA, MOBILIDADE E PARCERIA - SEINFRA",2301,DEPARTAMENTO DE EDIFICAÇÕES E ESTRADAS DE RODAGEM DO ESTADO DE MINAS GERAIS - DER-MG,26,782,81,4,293,4293,1,4,4,32,1,0,DESENVOLVIMENTO SUSTENTÁVEL DA INFRAESTRUTURA RODOVIÁRIA,CONSERVAÇÃO ROTINEIRA DA MALHA VIÁRIA,208000000,332196803,332196803,332196803
2024,1300,"SECRETARIA DE ESTADO DE INFRAESTRUTURA, MOBILIDADE E PARCERIA - SEINFRA",2301,DEPARTAMENTO DE EDIFICAÇÕES E ESTRADAS DE RODAGEM DO ESTADO DE MINAS GERAIS - DER-MG,26,782,81,4,293,4293,1,4,4,51,1,0,DESENVOLVIMENTO SUSTENTÁVEL DA INFRAESTRUTURA RODOVIÁRIA,CONSERVAÇÃO ROTINEIRA DA MALHA VIÁRIA,16286175,16286175,16286175,16286175
2024,1300,"SECRETARIA DE ESTADO DE INFRAESTRUTURA, MOBILIDADE E PARCERIA - SEINFRA",2301,DEPARTAMENTO DE EDIFICAÇÕES E ESTRADAS DE RODAGEM DO ESTADO DE MINAS GERAIS - DER-MG,26,782,81,4,293,4293,1,4,4,60,2,0,DESENVOLVIMENTO SUSTENTÁVEL DA INFRAESTRUTURA RODOVIÁRIA,CONSERVAÇÃO ROTINEIRA DA MALHA VIÁRIA,109429523,0,0,0
2024,1300,"SECRETARIA DE ESTADO DE INFRAESTRUTURA, MOBILIDADE E PARCERIA - SEINFRA",2301,DEPARTAMENTO DE EDIFICAÇÕES E ESTRADAS DE RODAGEM DO ESTADO DE MINAS GERAIS - DER-MG,26,782,81,4,385,4385,1,3,1,10,1,0,DESENVOLVIMENTO SUSTENTÁVEL DA INFRAESTRUTURA RODOVIÁRIA,REABILITAÇÃO DA MALHA VIÁRIA,2902526,2973606,3046426,3121029
2024,1300,"SECRETARIA DE ESTADO DE INFRAESTRUTURA, MOBILIDADE E PARCERIA - SEINFRA",2301,DEPARTAMENTO DE EDIFICAÇÕES E ESTRADAS DE RODAGEM DO ESTADO DE MINAS GERAIS - DER-MG,26,782,81,4,385,4385,1,3,3,10,7,0,DESENVOLVIMENTO SUSTENTÁVEL DA INFRAESTRUTURA RODOVIÁRIA,REABILITAÇÃO DA MALHA VIÁRIA,3051408,3126133,3202688,3281117
2024,1300,"SECRETARIA DE ESTADO DE INFRAESTRUTURA, MOBILIDADE E PARCERIA - SEINFRA",2301,DEPARTAMENTO DE EDIFICAÇÕES E ESTRADAS DE RODAGEM DO ESTADO DE MINAS GERAIS - DER-MG,26,782,81,4,385,4385,1,4,4,15,1,0,DESENVOLVIMENTO SUSTENTÁVEL DA INFRAESTRUTURA RODOVIÁRIA,REABILITAÇÃO DA MALHA VIÁRIA,221570477,185570477,185570477,185570477
2024,1300,"SECRETARIA DE ESTADO DE INFRAESTRUTURA, MOBILIDADE E PARCERIA - SEINFRA",2301,DEPARTAMENTO DE EDIFICAÇÕES E ESTRADAS DE RODAGEM DO ESTADO DE MINAS GERAIS - DER-MG,26,782,81,4,385,4385,1,4,4,32,1,0,DESENVOLVIMENTO SUSTENTÁVEL DA INFRAESTRUTURA RODOVIÁRIA,REABILITAÇÃO DA MALHA VIÁRIA,124196803,0,0,0
2024,1300,"SECRETARIA DE ESTADO DE INFRAESTRUTURA, MOBILIDADE E PARCERIA - SEINFRA",2301,DEPARTAMENTO DE EDIFICAÇÕES E ESTRADAS DE RODAGEM DO ESTADO DE MINAS GERAIS - DER-MG,26,782,81,4,385,4385,1,4,4,83,2,0,DESENVOLVIMENTO SUSTENTÁVEL DA INFRAESTRUTURA RODOVIÁRIA,REABILITAÇÃO DA MALHA VIÁRIA,13696149,0,0,0
2024,1300,"SECRETARIA DE ESTADO DE INFRAESTRUTURA, MOBILIDADE E PARCERIA - SEINFRA",2301,DEPARTAMENTO DE EDIFICAÇÕES E ESTRADAS DE RODAGEM DO ESTADO DE MINAS GERAIS - DER-MG,26,782,81,4,530,4530,1,3,3,10,1,0,DESENVOLVIMENTO SUSTENTÁVEL DA INFRAESTRUTURA RODOVIÁRIA,DIAGNOSTICO E FISCALIZAÇÃO DE TRANSPORTE E TRÂNSITO,800000,850000,900000,950000
2024,1300,"SECRETARIA DE ESTADO DE INFRAESTRUTURA, MOBILIDADE E PARCERIA - SEINFRA",2301,DEPARTAMENTO DE EDIFICAÇÕES E ESTRADAS DE RODAGEM DO ESTADO DE MINAS GERAIS - DER-MG,28,846,705,7,4,7004,1,3,1,10,9,0,APOIO ÀS POLÍTICAS PÚBLICAS,PRECATÓRIOS E SENTENÇAS JUDICIÁRIAS,29406760,1000,1000,1000
2024,1300,"SECRETARIA DE ESTADO DE INFRAESTRUTURA, MOBILIDADE E PARCERIA - SEINFRA",2301,DEPARTAMENTO DE EDIFICAÇÕES E ESTRADAS DE RODAGEM DO ESTADO DE MINAS GERAIS - DER-MG,28,846,705,7,4,7004,1,3,3,10,9,0,APOIO ÀS POLÍTICAS PÚBLICAS,PRECATÓRIOS E SENTENÇAS JUDICIÁRIAS,14911384,0,0,0
2024,1300,"SECRETARIA DE ESTADO DE INFRAESTRUTURA, MOBILIDADE E PARCERIA - SEINFRA",2301,DEPARTAMENTO DE EDIFICAÇÕES E ESTRADAS DE RODAGEM DO ESTADO DE MINAS GERAIS - DER-MG,28,846,705,7,4,7004,1,4,4,10,9,0,APOIO ÀS POLÍTICAS PÚBLICAS,PRECATÓRIOS E SENTENÇAS JUDICIÁRIAS,6639987,0,0,0
2024,1300,"SECRETARIA DE ESTADO DE INFRAESTRUTURA, MOBILIDADE E PARCERIA - SEINFRA",2431,AGÊNCIA DE DESENVOLVIMENTO DA REGIÃO METROPOLITANA DE BELO HORIZONTE - AGÊNCIA RMBH,4,122,705,2,500,2500,1,3,1,10,1,0,APOIO ÀS POLÍTICAS PÚBLICAS,ASSESSORAMENTO E GERENCIAMENTO DE POLÍTICAS PÚBLICAS,1766048,1809298,1853608,1898999
2024,1300,"SECRETARIA DE ESTADO DE INFRAESTRUTURA, MOBILIDADE E PARCERIA - SEINFRA",2431,AGÊNCIA DE DESENVOLVIMENTO DA REGIÃO METROPOLITANA DE BELO HORIZONTE - AGÊNCIA RMBH,4,122,705,2,500,2500,1,3,3,10,7,0,APOIO ÀS POLÍTICAS PÚBLICAS,ASSESSORAMENTO E GERENCIAMENTO DE POLÍTICAS PÚBLICAS,274193,280908,287788,294837
2024,1300,"SECRETARIA DE ESTADO DE INFRAESTRUTURA, MOBILIDADE E PARCERIA - SEINFRA",2431,AGÊNCIA DE DESENVOLVIMENTO DA REGIÃO METROPOLITANA DE BELO HORIZONTE - AGÊNCIA RMBH,4,122,705,2,500,2500,1,3,3,60,1,0,APOIO ÀS POLÍTICAS PÚBLICAS,ASSESSORAMENTO E GERENCIAMENTO DE POLÍTICAS PÚBLICAS,663672,695793,729470,764777
2024,1300,"SECRETARIA DE ESTADO DE INFRAESTRUTURA, MOBILIDADE E PARCERIA - SEINFRA",2431,AGÊNCIA DE DESENVOLVIMENTO DA REGIÃO METROPOLITANA DE BELO HORIZONTE - AGÊNCIA RMBH,15,127,77,4,446,4446,1,3,1,10,1,0,CAMINHOS PARA O DESENVOLVIMENTO INTEGRADO METROPOLITANO,REGULAÇÃO DA EXPANSÃO URBANA DA REGIÃO METROPOLITANA DE BELO HORIZONTE,1181981,1210927,1240581,1270962
2024,1300,"SECRETARIA DE ESTADO DE INFRAESTRUTURA, MOBILIDADE E PARCERIA - SEINFRA",2431,AGÊNCIA DE DESENVOLVIMENTO DA REGIÃO METROPOLITANA DE BELO HORIZONTE - AGÊNCIA RMBH,15,127,77,4,446,4446,1,3,3,10,7,0,CAMINHOS PARA O DESENVOLVIMENTO INTEGRADO METROPOLITANO,REGULAÇÃO DA EXPANSÃO URBANA DA REGIÃO METROPOLITANA DE BELO HORIZONTE,194728,199497,204383,209388
2024,1300,"SECRETARIA DE ESTADO DE INFRAESTRUTURA, MOBILIDADE E PARCERIA - SEINFRA",2431,AGÊNCIA DE DESENVOLVIMENTO DA REGIÃO METROPOLITANA DE BELO HORIZONTE - AGÊNCIA RMBH,15,127,77,4,446,4446,1,3,3,60,1,0,CAMINHOS PARA O DESENVOLVIMENTO INTEGRADO METROPOLITANO,REGULAÇÃO DA EXPANSÃO URBANA DA REGIÃO METROPOLITANA DE BELO HORIZONTE,347328,364139,381763,400240
2024,1300,"SECRETARIA DE ESTADO DE INFRAESTRUTURA, MOBILIDADE E PARCERIA - SEINFRA",2431,AGÊNCIA DE DESENVOLVIMENTO DA REGIÃO METROPOLITANA DE BELO HORIZONTE - AGÊNCIA RMBH,15,127,77,4,447,4447,1,3,1,10,1,0,CAMINHOS PARA O DESENVOLVIMENTO INTEGRADO METROPOLITANO,GESTÃO METROPOLITANA,829404,849715,870523,891842
2024,1300,"SECRETARIA DE ESTADO DE INFRAESTRUTURA, MOBILIDADE E PARCERIA - SEINFRA",2431,AGÊNCIA DE DESENVOLVIMENTO DA REGIÃO METROPOLITANA DE BELO HORIZONTE - AGÊNCIA RMBH,15,127,77,4,447,4447,1,3,3,10,1,0,CAMINHOS PARA O DESENVOLVIMENTO INTEGRADO METROPOLITANO,GESTÃO METROPOLITANA,99931,104768,109839,115155
2024,1300,"SECRETARIA DE ESTADO DE INFRAESTRUTURA, MOBILIDADE E PARCERIA - SEINFRA",2431,AGÊNCIA DE DESENVOLVIMENTO DA REGIÃO METROPOLITANA DE BELO HORIZONTE - AGÊNCIA RMBH,15,127,77,4,447,4447,1,3,3,10,7,0,CAMINHOS PARA O DESENVOLVIMENTO INTEGRADO METROPOLITANO,GESTÃO METROPOLITANA,151843,155562,159371,163274
2024,1300,"SECRETARIA DE ESTADO DE INFRAESTRUTURA, MOBILIDADE E PARCERIA - SEINFRA",2431,AGÊNCIA DE DESENVOLVIMENTO DA REGIÃO METROPOLITANA DE BELO HORIZONTE - AGÊNCIA RMBH,15,127,77,4,447,4447,1,3,3,95,1,0,CAMINHOS PARA O DESENVOLVIMENTO INTEGRADO METROPOLITANO,GESTÃO METROPOLITANA,1400000,0,0,0
2024,1300,"SECRETARIA DE ESTADO DE INFRAESTRUTURA, MOBILIDADE E PARCERIA - SEINFRA",2431,AGÊNCIA DE DESENVOLVIMENTO DA REGIÃO METROPOLITANA DE BELO HORIZONTE - AGÊNCIA RMBH,28,846,705,7,4,7004,1,3,1,10,9,0,APOIO ÀS POLÍTICAS PÚBLICAS,PRECATÓRIOS E SENTENÇAS JUDICIÁRIAS,1000,1000,1000,1000
2024,1300,"SECRETARIA DE ESTADO DE INFRAESTRUTURA, MOBILIDADE E PARCERIA - SEINFRA",2461,AGÊNCIA DE DESENVOLVIMENTO DA REGIÃO METROPOLITANA DO VALE DO AÇO - ARMVA,4,122,705,2,500,2500,1,3,1,10,1,0,APOIO ÀS POLÍTICAS PÚBLICAS,ASSESSORAMENTO E GERENCIAMENTO DE POLÍTICAS PÚBLICAS,642430,636670,629754,621603
2024,1300,"SECRETARIA DE ESTADO DE INFRAESTRUTURA, MOBILIDADE E PARCERIA - SEINFRA",2461,AGÊNCIA DE DESENVOLVIMENTO DA REGIÃO METROPOLITANA DO VALE DO AÇO - ARMVA,4,122,705,2,500,2500,1,3,3,10,1,0,APOIO ÀS POLÍTICAS PÚBLICAS,ASSESSORAMENTO E GERENCIAMENTO DE POLÍTICAS PÚBLICAS,146200,153276,160695,168473
2024,1300,"SECRETARIA DE ESTADO DE INFRAESTRUTURA, MOBILIDADE E PARCERIA - SEINFRA",2461,AGÊNCIA DE DESENVOLVIMENTO DA REGIÃO METROPOLITANA DO VALE DO AÇO - ARMVA,4,122,705,2,500,2500,1,3,3,10,7,0,APOIO ÀS POLÍTICAS PÚBLICAS,ASSESSORAMENTO E GERENCIAMENTO DE POLÍTICAS PÚBLICAS,152064,152772,153356,153807
2024,1300,"SECRETARIA DE ESTADO DE INFRAESTRUTURA, MOBILIDADE E PARCERIA - SEINFRA",2461,AGÊNCIA DE DESENVOLVIMENTO DA REGIÃO METROPOLITANA DO VALE DO AÇO - ARMVA,15,127,77,4,273,4273,1,3,1,10,1,0,CAMINHOS PARA O DESENVOLVIMENTO INTEGRADO METROPOLITANO,REGULAÇÃO METROPOLITANA,597254,626161,656467,688240
2024,1300,"SECRETARIA DE ESTADO DE INFRAESTRUTURA, MOBILIDADE E PARCERIA - SEINFRA",2461,AGÊNCIA DE DESENVOLVIMENTO DA REGIÃO METROPOLITANA DO VALE DO AÇO - ARMVA,15,127,77,4,273,4273,1,3,3,10,1,0,CAMINHOS PARA O DESENVOLVIMENTO INTEGRADO METROPOLITANO,REGULAÇÃO METROPOLITANA,132000,138389,145087,152109
2024,1300,"SECRETARIA DE ESTADO DE INFRAESTRUTURA, MOBILIDADE E PARCERIA - SEINFRA",2461,AGÊNCIA DE DESENVOLVIMENTO DA REGIÃO METROPOLITANA DO VALE DO AÇO - ARMVA,15,127,77,4,273,4273,1,3,3,10,7,0,CAMINHOS PARA O DESENVOLVIMENTO INTEGRADO METROPOLITANO,REGULAÇÃO METROPOLITANA,57009,59768,62661,65694
2024,1300,"SECRETARIA DE ESTADO DE INFRAESTRUTURA, MOBILIDADE E PARCERIA - SEINFRA",2461,AGÊNCIA DE DESENVOLVIMENTO DA REGIÃO METROPOLITANA DO VALE DO AÇO - ARMVA,15,127,77,4,273,4273,1,3,3,60,1,0,CAMINHOS PARA O DESENVOLVIMENTO INTEGRADO METROPOLITANO,REGULAÇÃO METROPOLITANA,60000,62904,65949,69141
2024,1300,"SECRETARIA DE ESTADO DE INFRAESTRUTURA, MOBILIDADE E PARCERIA - SEINFRA",2461,AGÊNCIA DE DESENVOLVIMENTO DA REGIÃO METROPOLITANA DO VALE DO AÇO - ARMVA,15,127,77,4,273,4273,1,4,4,10,1,0,CAMINHOS PARA O DESENVOLVIMENTO INTEGRADO METROPOLITANO,REGULAÇÃO METROPOLITANA,20790,20790,20790,20790
2024,1300,"SECRETARIA DE ESTADO DE INFRAESTRUTURA, MOBILIDADE E PARCERIA - SEINFRA",2461,AGÊNCIA DE DESENVOLVIMENTO DA REGIÃO METROPOLITANA DO VALE DO AÇO - ARMVA,15,127,77,4,286,4286,1,3,1,10,1,0,CAMINHOS PARA O DESENVOLVIMENTO INTEGRADO METROPOLITANO,FOMENTO AO DESENVOLVIMENTO SUSTENTÁVEL DA REGIÃO METROPOLITANA DO VALE DO AÇO,244405,256234,268636,281639
2024,1300,"SECRETARIA DE ESTADO DE INFRAESTRUTURA, MOBILIDADE E PARCERIA - SEINFRA",2461,AGÊNCIA DE DESENVOLVIMENTO DA REGIÃO METROPOLITANA DO VALE DO AÇO - ARMVA,15,127,77,4,286,4286,1,3,3,10,1,0,CAMINHOS PARA O DESENVOLVIMENTO INTEGRADO METROPOLITANO,FOMENTO AO DESENVOLVIMENTO SUSTENTÁVEL DA REGIÃO METROPOLITANA DO VALE DO AÇO,272790,285993,299835,314347
2024,1300,"SECRETARIA DE ESTADO DE INFRAESTRUTURA, MOBILIDADE E PARCERIA - SEINFRA",2461,AGÊNCIA DE DESENVOLVIMENTO DA REGIÃO METROPOLITANA DO VALE DO AÇO - ARMVA,15,127,77,4,286,4286,1,3,3,10,7,0,CAMINHOS PARA O DESENVOLVIMENTO INTEGRADO METROPOLITANO,FOMENTO AO DESENVOLVIMENTO SUSTENTÁVEL DA REGIÃO METROPOLITANA DO VALE DO AÇO,57045,59806,62701,65735
2024,1300,"SECRETARIA DE ESTADO DE INFRAESTRUTURA, MOBILIDADE E PARCERIA - SEINFRA",2461,AGÊNCIA DE DESENVOLVIMENTO DA REGIÃO METROPOLITANA DO VALE DO AÇO - ARMVA,15,127,125,4,528,4528,1,3,1,10,1,1,GESTAO DE IMOVEIS E REGULARIZAÇÃO FUNDIARIA,MINAS REURB ARMVA,248600,256058,263058,271653
2024,1300,"SECRETARIA DE ESTADO DE INFRAESTRUTURA, MOBILIDADE E PARCERIA - SEINFRA",2461,AGÊNCIA DE DESENVOLVIMENTO DA REGIÃO METROPOLITANA DO VALE DO AÇO - ARMVA,15,127,125,4,528,4528,1,3,3,10,7,1,GESTAO DE IMOVEIS E REGULARIZAÇÃO FUNDIARIA,MINAS REURB ARMVA,52716,54298,55927,57605
2024,1300,"SECRETARIA DE ESTADO DE INFRAESTRUTURA, MOBILIDADE E PARCERIA - SEINFRA",2461,AGÊNCIA DE DESENVOLVIMENTO DA REGIÃO METROPOLITANA DO VALE DO AÇO - ARMVA,15,127,125,4,528,4528,1,3,3,32,1,1,GESTAO DE IMOVEIS E REGULARIZAÇÃO FUNDIARIA,MINAS REURB ARMVA,2074377,2174777,2280036,2390390
2024,1300,"SECRETARIA DE ESTADO DE INFRAESTRUTURA, MOBILIDADE E PARCERIA - SEINFRA",2461,AGÊNCIA DE DESENVOLVIMENTO DA REGIÃO METROPOLITANA DO VALE DO AÇO - ARMVA,28,846,705,7,4,7004,1,3,1,10,9,0,APOIO ÀS POLÍTICAS PÚBLICAS,PRECATÓRIOS E SENTENÇAS JUDICIÁRIAS,1000,1000,1000,1000
2024,1300,"SECRETARIA DE ESTADO DE INFRAESTRUTURA, MOBILIDADE E PARCERIA - SEINFRA",4331,FUNDO DE DESENVOLVIMENTO METROPOLITANO - FDM,15,127,77,4,471,4471,1,3,3,9,1,0,CAMINHOS PARA O DESENVOLVIMENTO INTEGRADO METROPOLITANO,METRÓPOLE PLANEJADA,797275,0,0,0
2024,1300,"SECRETARIA DE ESTADO DE INFRAESTRUTURA, MOBILIDADE E PARCERIA - SEINFRA",4331,FUNDO DE DESENVOLVIMENTO METROPOLITANO - FDM,15,127,77,4,471,4471,1,3,3,10,1,0,CAMINHOS PARA O DESENVOLVIMENTO INTEGRADO METROPOLITANO,METRÓPOLE PLANEJADA,227308,238359,249943,262090
2024,1300,"SECRETARIA DE ESTADO DE INFRAESTRUTURA, MOBILIDADE E PARCERIA - SEINFRA",4331,FUNDO DE DESENVOLVIMENTO METROPOLITANO - FDM,15,127,77,4,471,4471,1,3,3,59,1,0,CAMINHOS PARA O DESENVOLVIMENTO INTEGRADO METROPOLITANO,METRÓPOLE PLANEJADA,396788,415993,436127,457236
2024,1300,"SECRETARIA DE ESTADO DE INFRAESTRUTURA, MOBILIDADE E PARCERIA - SEINFRA",4331,FUNDO DE DESENVOLVIMENTO METROPOLITANO - FDM,15,127,77,4,518,4518,1,3,3,10,1,0,CAMINHOS PARA O DESENVOLVIMENTO INTEGRADO METROPOLITANO,METRÓPOLE DIGITAL,168480,176634,185184,194146
2024,1300,"SECRETARIA DE ESTADO DE INFRAESTRUTURA, MOBILIDADE E PARCERIA - SEINFRA",4331,FUNDO DE DESENVOLVIMENTO METROPOLITANO - FDM,15,127,77,4,529,4529,1,3,3,10,1,0,CAMINHOS PARA O DESENVOLVIMENTO INTEGRADO METROPOLITANO,INTEGRAÇÃO DO PLANEJAMENTO NA REGIÃO METROPOLITANA DO VALE DO AÇO,1000,1000,1000,1000
2024,1300,"SECRETARIA DE ESTADO DE INFRAESTRUTURA, MOBILIDADE E PARCERIA - SEINFRA",4381,FUNDO ESTADUAL DE DESENVOLVIMENTO DE TRANSPORTES - FUNTRANS,26,129,705,2,29,2029,1,3,3,83,1,0,APOIO ÀS POLÍTICAS PÚBLICAS,ADMINISTRAÇÃO E OPERACIONALIZAÇÃO DA ARRECADAÇÃO DO FUNTRANS,31603851,39797008,41723183,43742585
2024,1300,"SECRETARIA DE ESTADO DE INFRAESTRUTURA, MOBILIDADE E PARCERIA - SEINFRA",4381,FUNDO ESTADUAL DE DESENVOLVIMENTO DE TRANSPORTES - FUNTRANS,26,129,705,2,29,2029,1,4,4,83,1,0,APOIO ÀS POLÍTICAS PÚBLICAS,ADMINISTRAÇÃO E OPERACIONALIZAÇÃO DA ARRECADAÇÃO DO FUNTRANS,2000000,0,0,0
2024,1300,"SECRETARIA DE ESTADO DE INFRAESTRUTURA, MOBILIDADE E PARCERIA - SEINFRA",4381,FUNDO ESTADUAL DE DESENVOLVIMENTO DE TRANSPORTES - FUNTRANS,26,782,82,4,201,4201,1,4,4,83,1,0,PROMOÇÃO DA SEGURANÇA VIÁRIA,CONTROLE DE VELOCIDADE,36000000,36000000,36000000,36000000
2024,1300,"SECRETARIA DE ESTADO DE INFRAESTRUTURA, MOBILIDADE E PARCERIA - SEINFRA",4381,FUNDO ESTADUAL DE DESENVOLVIMENTO DE TRANSPORTES - FUNTRANS,26,782,82,4,209,4209,1,3,3,83,1,0,PROMOÇÃO DA SEGURANÇA VIÁRIA,EDUCAÇÃO PARA O TRÂNSITO,1600000,0,0,0
2024,1300,"SECRETARIA DE ESTADO DE INFRAESTRUTURA, MOBILIDADE E PARCERIA - SEINFRA",4381,FUNDO ESTADUAL DE DESENVOLVIMENTO DE TRANSPORTES - FUNTRANS,26,782,82,4,210,4210,1,4,4,54,1,0,PROMOÇÃO DA SEGURANÇA VIÁRIA,REGULAÇÃO DO USO E OCUPAÇÃO DA FAIXA DE DOMÍNIO,3955905,3955905,3955905,3955905
2024,1300,"SECRETARIA DE ESTADO DE INFRAESTRUTURA, MOBILIDADE E PARCERIA - SEINFRA",4381,FUNDO ESTADUAL DE DESENVOLVIMENTO DE TRANSPORTES - FUNTRANS,26,782,82,4,211,4211,1,3,3,83,1,0,PROMOÇÃO DA SEGURANÇA VIÁRIA,SERVIÇOS DE APOIO AO USUÁRIO,800000,0,0,0
2024,1300,"SECRETARIA DE ESTADO DE INFRAESTRUTURA, MOBILIDADE E PARCERIA - SEINFRA",4381,FUNDO ESTADUAL DE DESENVOLVIMENTO DE TRANSPORTES - FUNTRANS,26,782,82,4,211,4211,1,4,4,83,1,0,PROMOÇÃO DA SEGURANÇA VIÁRIA,SERVIÇOS DE APOIO AO USUÁRIO,4000000,4000000,4000000,4000000
2024,1300,"SECRETARIA DE ESTADO DE INFRAESTRUTURA, MOBILIDADE E PARCERIA - SEINFRA",4381,FUNDO ESTADUAL DE DESENVOLVIMENTO DE TRANSPORTES - FUNTRANS,26,782,82,4,382,4382,1,4,4,83,1,0,PROMOÇÃO DA SEGURANÇA VIÁRIA,INTERVENÇÕES DE SEGURANÇA VIÁRIA,7000000,7044095,7044095,7044095
2024,1300,"SECRETARIA DE ESTADO DE INFRAESTRUTURA, MOBILIDADE E PARCERIA - SEINFRA",4381,FUNDO ESTADUAL DE DESENVOLVIMENTO DE TRANSPORTES - FUNTRANS,26,782,82,4,526,4526,1,4,4,83,1,0,PROMOÇÃO DA SEGURANÇA VIÁRIA,CONTROLE DE CARGAS,72000000,73955905,73955905,73955905
2024,1300,"SECRETARIA DE ESTADO DE INFRAESTRUTURA, MOBILIDADE E PARCERIA - SEINFRA",4631,FUNDO DE PAGAMENTO DE PARCERIAS PÚBLICO - PRIVADAS DE MINAS GERAIS - FPP - MG,4,130,85,4,213,4213,1,3,3,10,1,0,PROMOÇÃO DE CONCESSÕES E PARCERIAS,AEROPORTOS REGIONAIS,6715428,7017622,7333415,7663418
2024,1300,"SECRETARIA DE ESTADO DE INFRAESTRUTURA, MOBILIDADE E PARCERIA - SEINFRA",4631,FUNDO DE PAGAMENTO DE PARCERIAS PÚBLICO - PRIVADAS DE MINAS GERAIS - FPP - MG,4,130,85,4,213,4213,1,3,3,59,2,0,PROMOÇÃO DE CONCESSÕES E PARCERIAS,AEROPORTOS REGIONAIS,0,1363617,1363617,1363617
2024,1300,"SECRETARIA DE ESTADO DE INFRAESTRUTURA, MOBILIDADE E PARCERIA - SEINFRA",4631,FUNDO DE PAGAMENTO DE PARCERIAS PÚBLICO - PRIVADAS DE MINAS GERAIS - FPP - MG,4,130,85,4,214,4214,1,4,5,10,1,0,PROMOÇÃO DE CONCESSÕES E PARCERIAS,COMPLEXO MINEIRÃO,97245645,0,0,0
2024,1300,"SECRETARIA DE ESTADO DE INFRAESTRUTURA, MOBILIDADE E PARCERIA - SEINFRA",4631,FUNDO DE PAGAMENTO DE PARCERIAS PÚBLICO - PRIVADAS DE MINAS GERAIS - FPP - MG,4,130,85,4,215,4215,1,3,3,10,1,0,PROMOÇÃO DE CONCESSÕES E PARCERIAS,COMPLEXO PENAL,75354972,79378666,83614048,88072127
2024,1300,"SECRETARIA DE ESTADO DE INFRAESTRUTURA, MOBILIDADE E PARCERIA - SEINFRA",4631,FUNDO DE PAGAMENTO DE PARCERIAS PÚBLICO - PRIVADAS DE MINAS GERAIS - FPP - MG,4,130,85,4,215,4215,1,4,5,10,1,0,PROMOÇÃO DE CONCESSÕES E PARCERIAS,COMPLEXO PENAL,82192533,0,0,0
2024,1300,"SECRETARIA DE ESTADO DE INFRAESTRUTURA, MOBILIDADE E PARCERIA - SEINFRA",4631,FUNDO DE PAGAMENTO DE PARCERIAS PÚBLICO - PRIVADAS DE MINAS GERAIS - FPP - MG,4,130,85,4,216,4216,1,4,5,10,1,0,PROMOÇÃO DE CONCESSÕES E PARCERIAS,RODOVIA MG 050,69825807,0,0,0
2024,1300,"SECRETARIA DE ESTADO DE INFRAESTRUTURA, MOBILIDADE E PARCERIA - SEINFRA",4631,FUNDO DE PAGAMENTO DE PARCERIAS PÚBLICO - PRIVADAS DE MINAS GERAIS - FPP - MG,4,130,85,4,217,4217,1,3,3,10,1,0,PROMOÇÃO DE CONCESSÕES E PARCERIAS,UNIDADES DE ATENDIMENTO INTEGRAL UAI FASE I,34287897,35830852,37443240,39128186
2024,1300,"SECRETARIA DE ESTADO DE INFRAESTRUTURA, MOBILIDADE E PARCERIA - SEINFRA",4631,FUNDO DE PAGAMENTO DE PARCERIAS PÚBLICO - PRIVADAS DE MINAS GERAIS - FPP - MG,4,130,85,4,218,4218,1,3,3,10,1,0,PROMOÇÃO DE CONCESSÕES E PARCERIAS,UNIDADES DE ATENDIMENTO INTEGRAL UAI FASE I I,50678065,52958577,55341713,57832091
2024,1300,"SECRETARIA DE ESTADO DE INFRAESTRUTURA, MOBILIDADE E PARCERIA - SEINFRA",4631,FUNDO DE PAGAMENTO DE PARCERIAS PÚBLICO - PRIVADAS DE MINAS GERAIS - FPP - MG,4,130,85,4,219,4219,1,3,3,10,1,0,PROMOÇÃO DE CONCESSÕES E PARCERIAS,UNIDADES DE ATENDIMENTO INTEGRAL UAI FASE I I I,19057120,19914690,20810851,21747339
2024,1300,"SECRETARIA DE ESTADO DE INFRAESTRUTURA, MOBILIDADE E PARCERIA - SEINFRA",4631,FUNDO DE PAGAMENTO DE PARCERIAS PÚBLICO - PRIVADAS DE MINAS GERAIS - FPP - MG,4,130,85,4,220,4220,1,4,5,95,1,0,PROMOÇÃO DE CONCESSÕES E PARCERIAS,RODOANEL METROPOLITANO DE BELO HORIZONTE,825000000,825000000,825000000,412500000
2024,1300,"SECRETARIA DE ESTADO DE INFRAESTRUTURA, MOBILIDADE E PARCERIA - SEINFRA",4631,FUNDO DE PAGAMENTO DE PARCERIAS PÚBLICO - PRIVADAS DE MINAS GERAIS - FPP - MG,4,130,85,4,221,4221,1,4,5,60,2,0,PROMOÇÃO DE CONCESSÕES E PARCERIAS,LOTES RODOVIÁRIOS,1000,1000,1000,1000
2024,1300,"SECRETARIA DE ESTADO DE INFRAESTRUTURA, MOBILIDADE E PARCERIA - SEINFRA",4631,FUNDO DE PAGAMENTO DE PARCERIAS PÚBLICO - PRIVADAS DE MINAS GERAIS - FPP - MG,4,130,85,4,223,4223,1,4,5,10,1,0,PROMOÇÃO DE CONCESSÕES E PARCERIAS,LOTE 2: SUL DE MINAS,51683809,90000000,0,0
2024,1300,"SECRETARIA DE ESTADO DE INFRAESTRUTURA, MOBILIDADE E PARCERIA - SEINFRA",4631,FUNDO DE PAGAMENTO DE PARCERIAS PÚBLICO - PRIVADAS DE MINAS GERAIS - FPP - MG,4,130,85,4,223,4223,1,4,5,60,2,0,PROMOÇÃO DE CONCESSÕES E PARCERIAS,LOTE 2: SUL DE MINAS,141091118,0,0,0
2024,1300,"SECRETARIA DE ESTADO DE INFRAESTRUTURA, MOBILIDADE E PARCERIA - SEINFRA",4631,FUNDO DE PAGAMENTO DE PARCERIAS PÚBLICO - PRIVADAS DE MINAS GERAIS - FPP - MG,4,130,85,4,334,4334,1,4,5,10,1,0,PROMOÇÃO DE CONCESSÕES E PARCERIAS,"IMPLANTAÇÃO, RECUPERAÇÃO, MODERNIZAÇÃO, MANUTENÇÃO E OPERAÇÃO DE TERMINAIS E ESTAÇÕES DE TRANSPORTE DE PASSAGEIROS",1000,0,0,0
2024,1300,"SECRETARIA DE ESTADO DE INFRAESTRUTURA, MOBILIDADE E PARCERIA - SEINFRA",4631,FUNDO DE PAGAMENTO DE PARCERIAS PÚBLICO - PRIVADAS DE MINAS GERAIS - FPP - MG,6,130,85,4,224,4224,1,4,5,10,1,0,PROMOÇÃO DE CONCESSÕES E PARCERIAS,MODELOS ALTERNATIVOS DE PRESTAÇÃO DA MEDIDA DE ATENDIMENTO SOCIOEDUCATIVA DE PRIVAÇÃO DE LIBERDADE,1000,0,0,0
2024,1300,"SECRETARIA DE ESTADO DE INFRAESTRUTURA, MOBILIDADE E PARCERIA - SEINFRA",4631,FUNDO DE PAGAMENTO DE PARCERIAS PÚBLICO - PRIVADAS DE MINAS GERAIS - FPP - MG,10,130,85,4,226,4226,1,4,5,10,1,0,PROMOÇÃO DE CONCESSÕES E PARCERIAS,COMPLEXO DE SAÚDE (FHEMIG),1000,0,0,0
2024,1300,"SECRETARIA DE ESTADO DE INFRAESTRUTURA, MOBILIDADE E PARCERIA - SEINFRA",4631,FUNDO DE PAGAMENTO DE PARCERIAS PÚBLICO - PRIVADAS DE MINAS GERAIS - FPP - MG,10,130,85,4,227,4227,1,4,5,10,1,0,PROMOÇÃO DE CONCESSÕES E PARCERIAS,COMPLEXO DE SAÚDE (FUNED),1000,0,0,0
2024,1300,"SECRETARIA DE ESTADO DE INFRAESTRUTURA, MOBILIDADE E PARCERIA - SEINFRA",4631,FUNDO DE PAGAMENTO DE PARCERIAS PÚBLICO - PRIVADAS DE MINAS GERAIS - FPP - MG,12,130,85,4,225,4225,1,4,5,10,1,0,PROMOÇÃO DE CONCESSÕES E PARCERIAS,MANUTENÇÃO E REFORMA DE ESCOLAS,1000,0,0,0
2024,1300,"SECRETARIA DE ESTADO DE INFRAESTRUTURA, MOBILIDADE E PARCERIA - SEINFRA",4641,FUNDO DE GARANTIAS DE PARCERIAS PÚBLICO - PRIVADAS DE MINAS GERAIS - FGP - MG,4,130,85,4,432,4432,1,3,3,10,1,0,PROMOÇÃO DE CONCESSÕES E PARCERIAS,GESTÃO E APRIMORAMENTO DO FUNDO GARANTIDOR DE PPP,1000,1000,1000,1000
2024,1320,SECRETARIA DE ESTADO DE SAÚDE - SES,2261,FUNDAÇÃO EZEQUIEL DIAS - FUNED,10,122,705,2,500,2500,1,3,1,10,1,0,APOIO ÀS POLÍTICAS PÚBLICAS,ASSESSORAMENTO E GERENCIAMENTO DE POLÍTICAS PÚBLICAS,31486043,32565071,33511386,34474615
2024,1320,SECRETARIA DE ESTADO DE SAÚDE - SES,2261,FUNDAÇÃO EZEQUIEL DIAS - FUNED,10,122,705,2,500,2500,1,3,3,10,1,0,APOIO ÀS POLÍTICAS PÚBLICAS,ASSESSORAMENTO E GERENCIAMENTO DE POLÍTICAS PÚBLICAS,7873273,6816155,5708709,4580405
2024,1320,SECRETARIA DE ESTADO DE SAÚDE - SES,2261,FUNDAÇÃO EZEQUIEL DIAS - FUNED,10,122,705,2,500,2500,1,3,3,10,7,0,APOIO ÀS POLÍTICAS PÚBLICAS,ASSESSORAMENTO E GERENCIAMENTO DE POLÍTICAS PÚBLICAS,6422892,6579854,6740985,6906060
2024,1320,SECRETARIA DE ESTADO DE SAÚDE - SES,2261,FUNDAÇÃO EZEQUIEL DIAS - FUNED,10,122,705,2,500,2500,1,4,4,10,1,0,APOIO ÀS POLÍTICAS PÚBLICAS,ASSESSORAMENTO E GERENCIAMENTO DE POLÍTICAS PÚBLICAS,6325937,6325937,6325937,6325937
2024,1320,SECRETARIA DE ESTADO DE SAÚDE - SES,2261,FUNDAÇÃO EZEQUIEL DIAS - FUNED,10,303,153,4,457,4457,1,3,1,10,1,0,VIGILÂNCIA LABORATORIAL EM SAÚDE PÚBLICA,ATENDIMENTO DE ANÁLISES LABORATORIAIS DE INTERESSE DA SAÚDE PÚBLICA,22114388,22889736,23557952,24235085
2024,1320,SECRETARIA DE ESTADO DE SAÚDE - SES,2261,FUNDAÇÃO EZEQUIEL DIAS - FUNED,10,303,153,4,457,4457,1,3,3,10,1,0,VIGILÂNCIA LABORATORIAL EM SAÚDE PÚBLICA,ATENDIMENTO DE ANÁLISES LABORATORIAIS DE INTERESSE DA SAÚDE PÚBLICA,15167323,14435308,13662792,12878805
2024,1320,SECRETARIA DE ESTADO DE SAÚDE - SES,2261,FUNDAÇÃO EZEQUIEL DIAS - FUNED,10,303,153,4,457,4457,1,3,3,10,7,0,VIGILÂNCIA LABORATORIAL EM SAÚDE PÚBLICA,ATENDIMENTO DE ANÁLISES LABORATORIAIS DE INTERESSE DA SAÚDE PÚBLICA,4156926,4259116,4363416,4470270
2024,1320,SECRETARIA DE ESTADO DE SAÚDE - SES,2261,FUNDAÇÃO EZEQUIEL DIAS - FUNED,10,303,153,4,457,4457,1,3,3,24,1,0,VIGILÂNCIA LABORATORIAL EM SAÚDE PÚBLICA,ATENDIMENTO DE ANÁLISES LABORATORIAIS DE INTERESSE DA SAÚDE PÚBLICA,0,0,0,0
2024,1320,SECRETARIA DE ESTADO DE SAÚDE - SES,2261,FUNDAÇÃO EZEQUIEL DIAS - FUNED,10,303,153,4,457,4457,1,4,4,10,1,0,VIGILÂNCIA LABORATORIAL EM SAÚDE PÚBLICA,ATENDIMENTO DE ANÁLISES LABORATORIAIS DE INTERESSE DA SAÚDE PÚBLICA,4777123,4777123,4777123,4777123
2024,1320,SECRETARIA DE ESTADO DE SAÚDE - SES,2261,FUNDAÇÃO EZEQUIEL DIAS - FUNED,10,303,154,4,459,4459,1,3,1,10,1,0,DESENVOLVIMENTO E PRODUÇÃO DE MEDICAMENTOS PARA O SISTEMA ÚNICO DE SAÚDE (SUS),"PRODUÇÃO DE VACINA, SOROS E OUTROS PRODUTOS BIOLÓGICOS",16613539,16673127,17152369,17645388
2024,1320,SECRETARIA DE ESTADO DE SAÚDE - SES,2261,FUNDAÇÃO EZEQUIEL DIAS - FUNED,10,303,154,4,459,4459,1,3,3,10,1,0,DESENVOLVIMENTO E PRODUÇÃO DE MEDICAMENTOS PARA O SISTEMA ÚNICO DE SAÚDE (SUS),"PRODUÇÃO DE VACINA, SOROS E OUTROS PRODUTOS BIOLÓGICOS",265719213,285104303,305021326,325849643
2024,1320,SECRETARIA DE ESTADO DE SAÚDE - SES,2261,FUNDAÇÃO EZEQUIEL DIAS - FUNED,10,303,154,4,459,4459,1,3,3,10,7,0,DESENVOLVIMENTO E PRODUÇÃO DE MEDICAMENTOS PARA O SISTEMA ÚNICO DE SAÚDE (SUS),"PRODUÇÃO DE VACINA, SOROS E OUTROS PRODUTOS BIOLÓGICOS",2516082,2578411,2641553,2706241
2024,1320,SECRETARIA DE ESTADO DE SAÚDE - SES,2261,FUNDAÇÃO EZEQUIEL DIAS - FUNED,10,303,154,4,459,4459,1,4,4,10,1,0,DESENVOLVIMENTO E PRODUÇÃO DE MEDICAMENTOS PARA O SISTEMA ÚNICO DE SAÚDE (SUS),"PRODUÇÃO DE VACINA, SOROS E OUTROS PRODUTOS BIOLÓGICOS",29879000,29879000,29879000,29879000
2024,1320,SECRETARIA DE ESTADO DE SAÚDE - SES,2261,FUNDAÇÃO EZEQUIEL DIAS - FUNED,10,303,154,4,459,4459,1,4,4,24,1,0,DESENVOLVIMENTO E PRODUÇÃO DE MEDICAMENTOS PARA O SISTEMA ÚNICO DE SAÚDE (SUS),"PRODUÇÃO DE VACINA, SOROS E OUTROS PRODUTOS BIOLÓGICOS",4001371,0,0,0
2024,1320,SECRETARIA DE ESTADO DE SAÚDE - SES,2261,FUNDAÇÃO EZEQUIEL DIAS - FUNED,10,303,154,4,460,4460,1,3,1,10,1,0,DESENVOLVIMENTO E PRODUÇÃO DE MEDICAMENTOS PARA O SISTEMA ÚNICO DE SAÚDE (SUS),PRODUÇÃO DE MEDICAMENTOS SINTÉTICOS,8313650,8533749,8779039,9031380
2024,1320,SECRETARIA DE ESTADO DE SAÚDE - SES,2261,FUNDAÇÃO EZEQUIEL DIAS - FUNED,10,303,154,4,460,4460,1,3,3,10,1,0,DESENVOLVIMENTO E PRODUÇÃO DE MEDICAMENTOS PARA O SISTEMA ÚNICO DE SAÚDE (SUS),PRODUÇÃO DE MEDICAMENTOS SINTÉTICOS,43553465,43281515,43001988,42714571
2024,1320,SECRETARIA DE ESTADO DE SAÚDE - SES,2261,FUNDAÇÃO EZEQUIEL DIAS - FUNED,10,303,154,4,460,4460,1,3,3,10,7,0,DESENVOLVIMENTO E PRODUÇÃO DE MEDICAMENTOS PARA O SISTEMA ÚNICO DE SAÚDE (SUS),PRODUÇÃO DE MEDICAMENTOS SINTÉTICOS,1364580,1398094,1432331,1467407
2024,1320,SECRETARIA DE ESTADO DE SAÚDE - SES,2261,FUNDAÇÃO EZEQUIEL DIAS - FUNED,10,303,154,4,460,4460,1,4,4,10,1,0,DESENVOLVIMENTO E PRODUÇÃO DE MEDICAMENTOS PARA O SISTEMA ÚNICO DE SAÚDE (SUS),PRODUÇÃO DE MEDICAMENTOS SINTÉTICOS,16964354,16964354,16964354,16964354
2024,1320,SECRETARIA DE ESTADO DE SAÚDE - SES,2261,FUNDAÇÃO EZEQUIEL DIAS - FUNED,10,571,150,4,455,4455,1,3,1,10,1,0,UNIVERSALIZAÇÃO DO ACESSO AO CONHECIMENTO CIENTÍFICO E TECNOLÓGICO,POPULARIZAÇÃO DA CIÊNCIA,2286886,2368579,2436661,2506700
2024,1320,SECRETARIA DE ESTADO DE SAÚDE - SES,2261,FUNDAÇÃO EZEQUIEL DIAS - FUNED,10,571,150,4,455,4455,1,3,3,10,1,0,UNIVERSALIZAÇÃO DO ACESSO AO CONHECIMENTO CIENTÍFICO E TECNOLÓGICO,POPULARIZAÇÃO DA CIÊNCIA,1467458,1391235,1312609,1231767
2024,1320,SECRETARIA DE ESTADO DE SAÚDE - SES,2261,FUNDAÇÃO EZEQUIEL DIAS - FUNED,10,571,150,4,455,4455,1,3,3,10,7,0,UNIVERSALIZAÇÃO DO ACESSO AO CONHECIMENTO CIENTÍFICO E TECNOLÓGICO,POPULARIZAÇÃO DA CIÊNCIA,420522,430566,441110,451913
2024,1320,SECRETARIA DE ESTADO DE SAÚDE - SES,2261,FUNDAÇÃO EZEQUIEL DIAS - FUNED,10,571,150,4,455,4455,1,4,4,10,1,0,UNIVERSALIZAÇÃO DO ACESSO AO CONHECIMENTO CIENTÍFICO E TECNOLÓGICO,POPULARIZAÇÃO DA CIÊNCIA,259100,259100,259100,259100
2024,1320,SECRETARIA DE ESTADO DE SAÚDE - SES,2261,FUNDAÇÃO EZEQUIEL DIAS - FUNED,10,571,152,4,456,4456,1,3,1,10,1,0,INOVAÇÃO CIENTÍFICA E TECNOLÓGICA,PESQUISA E DESENVOLVIMENTO,11891766,12340704,12674843,13039161
2024,1320,SECRETARIA DE ESTADO DE SAÚDE - SES,2261,FUNDAÇÃO EZEQUIEL DIAS - FUNED,10,571,152,4,456,4456,1,3,3,10,1,0,INOVAÇÃO CIENTÍFICA E TECNOLÓGICA,PESQUISA E DESENVOLVIMENTO,7373116,6637178,6269290,5870396
2024,1320,SECRETARIA DE ESTADO DE SAÚDE - SES,2261,FUNDAÇÃO EZEQUIEL DIAS - FUNED,10,571,152,4,456,4456,1,3,3,10,7,0,INOVAÇÃO CIENTÍFICA E TECNOLÓGICA,PESQUISA E DESENVOLVIMENTO,1345812,1378145,1411894,1446470
2024,1320,SECRETARIA DE ESTADO DE SAÚDE - SES,2261,FUNDAÇÃO EZEQUIEL DIAS - FUNED,10,571,152,4,456,4456,1,3,3,24,1,0,INOVAÇÃO CIENTÍFICA E TECNOLÓGICA,PESQUISA E DESENVOLVIMENTO,2002000,0,0,0
2024,1320,SECRETARIA DE ESTADO DE SAÚDE - SES,2261,FUNDAÇÃO EZEQUIEL DIAS - FUNED,10,571,152,4,456,4456,1,4,4,10,1,0,INOVAÇÃO CIENTÍFICA E TECNOLÓGICA,PESQUISA E DESENVOLVIMENTO,640638,640638,640638,640638
2024,1320,SECRETARIA DE ESTADO DE SAÚDE - SES,2261,FUNDAÇÃO EZEQUIEL DIAS - FUNED,10,571,152,4,456,4456,1,4,4,24,1,0,INOVAÇÃO CIENTÍFICA E TECNOLÓGICA,PESQUISA E DESENVOLVIMENTO,2000000,0,0,0
2024,1320,SECRETARIA DE ESTADO DE SAÚDE - SES,2261,FUNDAÇÃO EZEQUIEL DIAS - FUNED,28,846,705,7,4,7004,1,3,1,60,9,0,APOIO ÀS POLÍTICAS PÚBLICAS,PRECATÓRIOS E SENTENÇAS JUDICIÁRIAS,3775313,1000,1000,1000
2024,1320,SECRETARIA DE ESTADO DE SAÚDE - SES,2261,FUNDAÇÃO EZEQUIEL DIAS - FUNED,28,846,705,7,4,7004,1,3,3,60,9,0,APOIO ÀS POLÍTICAS PÚBLICAS,PRECATÓRIOS E SENTENÇAS JUDICIÁRIAS,92590,1000,1000,1000
2024,1320,SECRETARIA DE ESTADO DE SAÚDE - SES,2271,FUNDAÇÃO HOSPITALAR DO ESTADO DE MINAS GERAIS - FHEMIG,10,122,705,2,500,2500,1,3,1,10,1,0,APOIO ÀS POLÍTICAS PÚBLICAS,ASSESSORAMENTO E GERENCIAMENTO DE POLÍTICAS PÚBLICAS,61896332,63675439,65505684,67388536
2024,1320,SECRETARIA DE ESTADO DE SAÚDE - SES,2271,FUNDAÇÃO HOSPITALAR DO ESTADO DE MINAS GERAIS - FHEMIG,10,122,705,2,500,2500,1,3,3,10,1,0,APOIO ÀS POLÍTICAS PÚBLICAS,ASSESSORAMENTO E GERENCIAMENTO DE POLÍTICAS PÚBLICAS,49500000,51895798,54407557,57040882
2024,1320,SECRETARIA DE ESTADO DE SAÚDE - SES,2271,FUNDAÇÃO HOSPITALAR DO ESTADO DE MINAS GERAIS - FHEMIG,10,122,705,2,500,2500,1,3,3,10,7,0,APOIO ÀS POLÍTICAS PÚBLICAS,ASSESSORAMENTO E GERENCIAMENTO DE POLÍTICAS PÚBLICAS,8711294,8924621,9143170,9367071
2024,1320,SECRETARIA DE ESTADO DE SAÚDE - SES,2271,FUNDAÇÃO HOSPITALAR DO ESTADO DE MINAS GERAIS - FHEMIG,10,122,705,2,500,2500,1,3,3,47,1,0,APOIO ÀS POLÍTICAS PÚBLICAS,ASSESSORAMENTO E GERENCIAMENTO DE POLÍTICAS PÚBLICAS,130734,0,0,0
2024,1320,SECRETARIA DE ESTADO DE SAÚDE - SES,2271,FUNDAÇÃO HOSPITALAR DO ESTADO DE MINAS GERAIS - FHEMIG,10,122,705,2,500,2500,1,3,3,68,1,0,APOIO ÀS POLÍTICAS PÚBLICAS,ASSESSORAMENTO E GERENCIAMENTO DE POLÍTICAS PÚBLICAS,5966412,0,0,0
2024,1320,SECRETARIA DE ESTADO DE SAÚDE - SES,2271,FUNDAÇÃO HOSPITALAR DO ESTADO DE MINAS GERAIS - FHEMIG,10,122,705,2,500,2500,1,4,4,10,1,0,APOIO ÀS POLÍTICAS PÚBLICAS,ASSESSORAMENTO E GERENCIAMENTO DE POLÍTICAS PÚBLICAS,8000000,8000000,8000000,8000000
2024,1320,SECRETARIA DE ESTADO DE SAÚDE - SES,2271,FUNDAÇÃO HOSPITALAR DO ESTADO DE MINAS GERAIS - FHEMIG,10,302,19,4,29,4029,1,3,1,10,1,0,ATENÇÃO HOSPITALAR ESPECIALIZADA,ATENÇÃO INTEGRAL AO SISTEMA ESTADUAL DE TRANSPLANTES,16336581,16806149,17289215,17786165
2024,1320,SECRETARIA DE ESTADO DE SAÚDE - SES,2271,FUNDAÇÃO HOSPITALAR DO ESTADO DE MINAS GERAIS - FHEMIG,10,302,19,4,29,4029,1,3,3,10,1,0,ATENÇÃO HOSPITALAR ESPECIALIZADA,ATENÇÃO INTEGRAL AO SISTEMA ESTADUAL DE TRANSPLANTES,2309655,2421442,2538640,2661510
2024,1320,SECRETARIA DE ESTADO DE SAÚDE - SES,2271,FUNDAÇÃO HOSPITALAR DO ESTADO DE MINAS GERAIS - FHEMIG,10,302,19,4,29,4029,1,3,3,10,7,0,ATENÇÃO HOSPITALAR ESPECIALIZADA,ATENÇÃO INTEGRAL AO SISTEMA ESTADUAL DE TRANSPLANTES,2102113,2153590,2206328,2260358
2024,1320,SECRETARIA DE ESTADO DE SAÚDE - SES,2271,FUNDAÇÃO HOSPITALAR DO ESTADO DE MINAS GERAIS - FHEMIG,10,302,19,4,30,4030,1,3,1,10,1,0,ATENÇÃO HOSPITALAR ESPECIALIZADA,ATENÇÃO INTEGRAL NAS UNIDADES ASSISTENCIAIS DE REABILITAÇÃO E CUIDADOS INTEGRADOS,81943656,84298990,86722024,89214704
2024,1320,SECRETARIA DE ESTADO DE SAÚDE - SES,2271,FUNDAÇÃO HOSPITALAR DO ESTADO DE MINAS GERAIS - FHEMIG,10,302,19,4,30,4030,1,3,3,10,1,0,ATENÇÃO HOSPITALAR ESPECIALIZADA,ATENÇÃO INTEGRAL NAS UNIDADES ASSISTENCIAIS DE REABILITAÇÃO E CUIDADOS INTEGRADOS,59483932,62362954,65381321,68545777
2024,1320,SECRETARIA DE ESTADO DE SAÚDE - SES,2271,FUNDAÇÃO HOSPITALAR DO ESTADO DE MINAS GERAIS - FHEMIG,10,302,19,4,30,4030,1,3,3,10,7,0,ATENÇÃO HOSPITALAR ESPECIALIZADA,ATENÇÃO INTEGRAL NAS UNIDADES ASSISTENCIAIS DE REABILITAÇÃO E CUIDADOS INTEGRADOS,15658992,16042455,16435310,16837785
2024,1320,SECRETARIA DE ESTADO DE SAÚDE - SES,2271,FUNDAÇÃO HOSPITALAR DO ESTADO DE MINAS GERAIS - FHEMIG,10,302,19,4,30,4030,1,3,3,70,1,0,ATENÇÃO HOSPITALAR ESPECIALIZADA,ATENÇÃO INTEGRAL NAS UNIDADES ASSISTENCIAIS DE REABILITAÇÃO E CUIDADOS INTEGRADOS,864000,0,0,0
2024,1320,SECRETARIA DE ESTADO DE SAÚDE - SES,2271,FUNDAÇÃO HOSPITALAR DO ESTADO DE MINAS GERAIS - FHEMIG,10,302,19,4,30,4030,1,4,4,10,1,0,ATENÇÃO HOSPITALAR ESPECIALIZADA,ATENÇÃO INTEGRAL NAS UNIDADES ASSISTENCIAIS DE REABILITAÇÃO E CUIDADOS INTEGRADOS,2000000,2000000,2000000,2000000
2024,1320,SECRETARIA DE ESTADO DE SAÚDE - SES,2271,FUNDAÇÃO HOSPITALAR DO ESTADO DE MINAS GERAIS - FHEMIG,10,302,19,4,31,4031,1,3,1,10,1,0,ATENÇÃO HOSPITALAR ESPECIALIZADA,ATENÇÃO INTEGRAL NAS UNIDADES ASSISTENCIAIS DE REFERÊNCIA,341240214,351048591,361138894,371519225
2024,1320,SECRETARIA DE ESTADO DE SAÚDE - SES,2271,FUNDAÇÃO HOSPITALAR DO ESTADO DE MINAS GERAIS - FHEMIG,10,302,19,4,31,4031,1,3,3,1,1,0,ATENÇÃO HOSPITALAR ESPECIALIZADA,ATENÇÃO INTEGRAL NAS UNIDADES ASSISTENCIAIS DE REFERÊNCIA,2000,0,0,0
2024,1320,SECRETARIA DE ESTADO DE SAÚDE - SES,2271,FUNDAÇÃO HOSPITALAR DO ESTADO DE MINAS GERAIS - FHEMIG,10,302,19,4,31,4031,1,3,3,10,1,0,ATENÇÃO HOSPITALAR ESPECIALIZADA,ATENÇÃO INTEGRAL NAS UNIDADES ASSISTENCIAIS DE REFERÊNCIA,128793587,135027196,141562513,148414138
2024,1320,SECRETARIA DE ESTADO DE SAÚDE - SES,2271,FUNDAÇÃO HOSPITALAR DO ESTADO DE MINAS GERAIS - FHEMIG,10,302,19,4,31,4031,1,3,3,10,7,0,ATENÇÃO HOSPITALAR ESPECIALIZADA,ATENÇÃO INTEGRAL NAS UNIDADES ASSISTENCIAIS DE REFERÊNCIA,51993535,53266775,54571195,55907557
2024,1320,SECRETARIA DE ESTADO DE SAÚDE - SES,2271,FUNDAÇÃO HOSPITALAR DO ESTADO DE MINAS GERAIS - FHEMIG,10,302,19,4,31,4031,1,3,3,24,1,0,ATENÇÃO HOSPITALAR ESPECIALIZADA,ATENÇÃO INTEGRAL NAS UNIDADES ASSISTENCIAIS DE REFERÊNCIA,9103,0,0,0
2024,1320,SECRETARIA DE ESTADO DE SAÚDE - SES,2271,FUNDAÇÃO HOSPITALAR DO ESTADO DE MINAS GERAIS - FHEMIG,10,302,19,4,31,4031,1,3,3,70,1,0,ATENÇÃO HOSPITALAR ESPECIALIZADA,ATENÇÃO INTEGRAL NAS UNIDADES ASSISTENCIAIS DE REFERÊNCIA,32760630,0,0,0
2024,1320,SECRETARIA DE ESTADO DE SAÚDE - SES,2271,FUNDAÇÃO HOSPITALAR DO ESTADO DE MINAS GERAIS - FHEMIG,10,302,19,4,31,4031,1,4,4,10,1,0,ATENÇÃO HOSPITALAR ESPECIALIZADA,ATENÇÃO INTEGRAL NAS UNIDADES ASSISTENCIAIS DE REFERÊNCIA,14034000,9034000,9034000,9034000
2024,1320,SECRETARIA DE ESTADO DE SAÚDE - SES,2271,FUNDAÇÃO HOSPITALAR DO ESTADO DE MINAS GERAIS - FHEMIG,10,302,19,4,32,4032,1,3,1,10,1,0,ATENÇÃO HOSPITALAR ESPECIALIZADA,ATENÇÃO INTEGRAL NAS UNIDADES ASSISTENCIAIS DE SAÚDE MENTAL,51533384,53014625,54538443,56106060
2024,1320,SECRETARIA DE ESTADO DE SAÚDE - SES,2271,FUNDAÇÃO HOSPITALAR DO ESTADO DE MINAS GERAIS - FHEMIG,10,302,19,4,32,4032,1,3,3,10,1,0,ATENÇÃO HOSPITALAR ESPECIALIZADA,ATENÇÃO INTEGRAL NAS UNIDADES ASSISTENCIAIS DE SAÚDE MENTAL,22000000,23064800,24181136,25351503
2024,1320,SECRETARIA DE ESTADO DE SAÚDE - SES,2271,FUNDAÇÃO HOSPITALAR DO ESTADO DE MINAS GERAIS - FHEMIG,10,302,19,4,32,4032,1,3,3,10,7,0,ATENÇÃO HOSPITALAR ESPECIALIZADA,ATENÇÃO INTEGRAL NAS UNIDADES ASSISTENCIAIS DE SAÚDE MENTAL,8491577,8699522,8912560,9130814
2024,1320,SECRETARIA DE ESTADO DE SAÚDE - SES,2271,FUNDAÇÃO HOSPITALAR DO ESTADO DE MINAS GERAIS - FHEMIG,10,302,19,4,32,4032,1,4,4,10,1,0,ATENÇÃO HOSPITALAR ESPECIALIZADA,ATENÇÃO INTEGRAL NAS UNIDADES ASSISTENCIAIS DE SAÚDE MENTAL,500000,500000,500000,500000
2024,1320,SECRETARIA DE ESTADO DE SAÚDE - SES,2271,FUNDAÇÃO HOSPITALAR DO ESTADO DE MINAS GERAIS - FHEMIG,10,302,19,4,34,4034,1,3,1,10,1,0,ATENÇÃO HOSPITALAR ESPECIALIZADA,ATENÇÃO INTEGRAL NO COMPLEXO HOSPITALAR DE BARBACENA,87793541,90317020,92913032,95583661
2024,1320,SECRETARIA DE ESTADO DE SAÚDE - SES,2271,FUNDAÇÃO HOSPITALAR DO ESTADO DE MINAS GERAIS - FHEMIG,10,302,19,4,34,4034,1,3,3,10,1,0,ATENÇÃO HOSPITALAR ESPECIALIZADA,ATENÇÃO INTEGRAL NO COMPLEXO HOSPITALAR DE BARBACENA,48786077,51147323,53622853,56218200
2024,1320,SECRETARIA DE ESTADO DE SAÚDE - SES,2271,FUNDAÇÃO HOSPITALAR DO ESTADO DE MINAS GERAIS - FHEMIG,10,302,19,4,34,4034,1,3,3,10,7,0,ATENÇÃO HOSPITALAR ESPECIALIZADA,ATENÇÃO INTEGRAL NO COMPLEXO HOSPITALAR DE BARBACENA,16490278,16894098,17307808,17731650
2024,1320,SECRETARIA DE ESTADO DE SAÚDE - SES,2271,FUNDAÇÃO HOSPITALAR DO ESTADO DE MINAS GERAIS - FHEMIG,10,302,19,4,34,4034,1,4,4,10,1,0,ATENÇÃO HOSPITALAR ESPECIALIZADA,ATENÇÃO INTEGRAL NO COMPLEXO HOSPITALAR DE BARBACENA,500000,500000,500000,500000
2024,1320,SECRETARIA DE ESTADO DE SAÚDE - SES,2271,FUNDAÇÃO HOSPITALAR DO ESTADO DE MINAS GERAIS - FHEMIG,10,302,19,4,35,4035,1,3,1,10,1,0,ATENÇÃO HOSPITALAR ESPECIALIZADA,ATENÇÃO INTEGRAL NO COMPLEXO HOSPITALAR DE ESPECIALIDADES,207374581,213335216,219467179,225775395
2024,1320,SECRETARIA DE ESTADO DE SAÚDE - SES,2271,FUNDAÇÃO HOSPITALAR DO ESTADO DE MINAS GERAIS - FHEMIG,10,302,19,4,35,4035,1,3,3,10,1,0,ATENÇÃO HOSPITALAR ESPECIALIZADA,ATENÇÃO INTEGRAL NO COMPLEXO HOSPITALAR DE ESPECIALIDADES,96625539,101302215,106205242,111345576
2024,1320,SECRETARIA DE ESTADO DE SAÚDE - SES,2271,FUNDAÇÃO HOSPITALAR DO ESTADO DE MINAS GERAIS - FHEMIG,10,302,19,4,35,4035,1,3,3,10,7,0,ATENÇÃO HOSPITALAR ESPECIALIZADA,ATENÇÃO INTEGRAL NO COMPLEXO HOSPITALAR DE ESPECIALIDADES,34136302,34972247,35828662,36706050
2024,1320,SECRETARIA DE ESTADO DE SAÚDE - SES,2271,FUNDAÇÃO HOSPITALAR DO ESTADO DE MINAS GERAIS - FHEMIG,10,302,19,4,35,4035,1,3,3,70,1,0,ATENÇÃO HOSPITALAR ESPECIALIZADA,ATENÇÃO INTEGRAL NO COMPLEXO HOSPITALAR DE ESPECIALIDADES,15653919,0,0,0
2024,1320,SECRETARIA DE ESTADO DE SAÚDE - SES,2271,FUNDAÇÃO HOSPITALAR DO ESTADO DE MINAS GERAIS - FHEMIG,10,302,19,4,35,4035,1,4,4,10,1,0,ATENÇÃO HOSPITALAR ESPECIALIZADA,ATENÇÃO INTEGRAL NO COMPLEXO HOSPITALAR DE ESPECIALIDADES,0,2500000,2500000,2500000
2024,1320,SECRETARIA DE ESTADO DE SAÚDE - SES,2271,FUNDAÇÃO HOSPITALAR DO ESTADO DE MINAS GERAIS - FHEMIG,10,302,19,4,35,4035,1,4,4,45,1,0,ATENÇÃO HOSPITALAR ESPECIALIZADA,ATENÇÃO INTEGRAL NO COMPLEXO HOSPITALAR DE ESPECIALIDADES,13033,0,0,0
2024,1320,SECRETARIA DE ESTADO DE SAÚDE - SES,2271,FUNDAÇÃO HOSPITALAR DO ESTADO DE MINAS GERAIS - FHEMIG,10,302,19,4,35,4035,1,4,4,95,1,0,ATENÇÃO HOSPITALAR ESPECIALIZADA,ATENÇÃO INTEGRAL NO COMPLEXO HOSPITALAR DE ESPECIALIDADES,9076225,0,0,0
2024,1320,SECRETARIA DE ESTADO DE SAÚDE - SES,2271,FUNDAÇÃO HOSPITALAR DO ESTADO DE MINAS GERAIS - FHEMIG,10,302,19,4,36,4036,1,3,1,10,1,0,ATENÇÃO HOSPITALAR ESPECIALIZADA,ATENÇÃO INTEGRAL NO COMPLEXO HOSPITALAR DE URGÊNCIA E EMERGÊNCIA,402427038,413994128,425893695,438135294
2024,1320,SECRETARIA DE ESTADO DE SAÚDE - SES,2271,FUNDAÇÃO HOSPITALAR DO ESTADO DE MINAS GERAIS - FHEMIG,10,302,19,4,36,4036,1,3,3,10,1,0,ATENÇÃO HOSPITALAR ESPECIALIZADA,ATENÇÃO INTEGRAL NO COMPLEXO HOSPITALAR DE URGÊNCIA E EMERGÊNCIA,184093140,193003251,202344606,212138085
2024,1320,SECRETARIA DE ESTADO DE SAÚDE - SES,2271,FUNDAÇÃO HOSPITALAR DO ESTADO DE MINAS GERAIS - FHEMIG,10,302,19,4,36,4036,1,3,3,10,7,0,ATENÇÃO HOSPITALAR ESPECIALIZADA,ATENÇÃO INTEGRAL NO COMPLEXO HOSPITALAR DE URGÊNCIA E EMERGÊNCIA,58940912,60384282,61862999,63377925
2024,1320,SECRETARIA DE ESTADO DE SAÚDE - SES,2271,FUNDAÇÃO HOSPITALAR DO ESTADO DE MINAS GERAIS - FHEMIG,10,302,19,4,36,4036,1,4,4,10,1,0,ATENÇÃO HOSPITALAR ESPECIALIZADA,ATENÇÃO INTEGRAL NO COMPLEXO HOSPITALAR DE URGÊNCIA E EMERGÊNCIA,0,2500000,2500000,2500000
2024,1320,SECRETARIA DE ESTADO DE SAÚDE - SES,2271,FUNDAÇÃO HOSPITALAR DO ESTADO DE MINAS GERAIS - FHEMIG,10,302,19,4,36,4036,1,4,4,95,1,0,ATENÇÃO HOSPITALAR ESPECIALIZADA,ATENÇÃO INTEGRAL NO COMPLEXO HOSPITALAR DE URGÊNCIA E EMERGÊNCIA,6353520,0,0,0
2024,1320,SECRETARIA DE ESTADO DE SAÚDE - SES,2271,FUNDAÇÃO HOSPITALAR DO ESTADO DE MINAS GERAIS - FHEMIG,28,846,705,7,4,7004,1,3,1,60,9,0,APOIO ÀS POLÍTICAS PÚBLICAS,PRECATÓRIOS E SENTENÇAS JUDICIÁRIAS,23389515,1000,1000,1000
2024,1320,SECRETARIA DE ESTADO DE SAÚDE - SES,2271,FUNDAÇÃO HOSPITALAR DO ESTADO DE MINAS GERAIS - FHEMIG,28,846,705,7,4,7004,1,3,3,60,9,0,APOIO ÀS POLÍTICAS PÚBLICAS,PRECATÓRIOS E SENTENÇAS JUDICIÁRIAS,420396,1000,1000,1000
2024,1320,SECRETARIA DE ESTADO DE SAÚDE - SES,2321,FUNDAÇÃO CENTRO DE HEMATOLOGIA E HEMOTERAPIA DE MINAS GERAIS - HEMOMINAS,10,302,87,4,212,4212,1,3,1,10,1,0,"ASSISTÊNCIA EM HEMATOLOGIA, HEMOTERAPIA,CÉLULAS E TECIDOS BIOLÓGICOS",DESENVOLVIMENTO DO PROGRAMA DE SANGUE E HEMODERIVADOS,148775075,153051367,157450572,160976225
2024,1320,SECRETARIA DE ESTADO DE SAÚDE - SES,2321,FUNDAÇÃO CENTRO DE HEMATOLOGIA E HEMOTERAPIA DE MINAS GERAIS - HEMOMINAS,10,302,87,4,212,4212,1,3,3,10,1,0,"ASSISTÊNCIA EM HEMATOLOGIA, HEMOTERAPIA,CÉLULAS E TECIDOS BIOLÓGICOS",DESENVOLVIMENTO DO PROGRAMA DE SANGUE E HEMODERIVADOS,165025340,171216702,178091000,187000000
2024,1320,SECRETARIA DE ESTADO DE SAÚDE - SES,2321,FUNDAÇÃO CENTRO DE HEMATOLOGIA E HEMOTERAPIA DE MINAS GERAIS - HEMOMINAS,10,302,87,4,212,4212,1,3,3,10,7,0,"ASSISTÊNCIA EM HEMATOLOGIA, HEMOTERAPIA,CÉLULAS E TECIDOS BIOLÓGICOS",DESENVOLVIMENTO DO PROGRAMA DE SANGUE E HEMODERIVADOS,27565246,28240277,28931838,29640334
2024,1320,SECRETARIA DE ESTADO DE SAÚDE - SES,2321,FUNDAÇÃO CENTRO DE HEMATOLOGIA E HEMOTERAPIA DE MINAS GERAIS - HEMOMINAS,10,302,87,4,222,4222,1,3,1,10,1,0,"ASSISTÊNCIA EM HEMATOLOGIA, HEMOTERAPIA,CÉLULAS E TECIDOS BIOLÓGICOS",MODERNIZAÇÃO E/OU MELHORIA DA INFRAESTRUTURA FÍSICA E/OU TÉCNOLÓGICA DAS UNIDADES DA FUNDAÇÃO HEMOMINAS,3786606,3895445,4007414,4122601
2024,1320,SECRETARIA DE ESTADO DE SAÚDE - SES,2321,FUNDAÇÃO CENTRO DE HEMATOLOGIA E HEMOTERAPIA DE MINAS GERAIS - HEMOMINAS,10,302,87,4,222,4222,1,3,3,10,1,0,"ASSISTÊNCIA EM HEMATOLOGIA, HEMOTERAPIA,CÉLULAS E TECIDOS BIOLÓGICOS",MODERNIZAÇÃO E/OU MELHORIA DA INFRAESTRUTURA FÍSICA E/OU TÉCNOLÓGICA DAS UNIDADES DA FUNDAÇÃO HEMOMINAS,5595223,7000000,8000000,7500000
2024,1320,SECRETARIA DE ESTADO DE SAÚDE - SES,2321,FUNDAÇÃO CENTRO DE HEMATOLOGIA E HEMOTERAPIA DE MINAS GERAIS - HEMOMINAS,10,302,87,4,222,4222,1,3,3,10,7,0,"ASSISTÊNCIA EM HEMATOLOGIA, HEMOTERAPIA,CÉLULAS E TECIDOS BIOLÓGICOS",MODERNIZAÇÃO E/OU MELHORIA DA INFRAESTRUTURA FÍSICA E/OU TÉCNOLÓGICA DAS UNIDADES DA FUNDAÇÃO HEMOMINAS,509523,522000,534783,547879
2024,1320,SECRETARIA DE ESTADO DE SAÚDE - SES,2321,FUNDAÇÃO CENTRO DE HEMATOLOGIA E HEMOTERAPIA DE MINAS GERAIS - HEMOMINAS,10,302,87,4,222,4222,1,3,3,24,1,0,"ASSISTÊNCIA EM HEMATOLOGIA, HEMOTERAPIA,CÉLULAS E TECIDOS BIOLÓGICOS",MODERNIZAÇÃO E/OU MELHORIA DA INFRAESTRUTURA FÍSICA E/OU TÉCNOLÓGICA DAS UNIDADES DA FUNDAÇÃO HEMOMINAS,1580000,0,0,0
2024,1320,SECRETARIA DE ESTADO DE SAÚDE - SES,2321,FUNDAÇÃO CENTRO DE HEMATOLOGIA E HEMOTERAPIA DE MINAS GERAIS - HEMOMINAS,10,302,87,4,222,4222,1,4,4,10,1,0,"ASSISTÊNCIA EM HEMATOLOGIA, HEMOTERAPIA,CÉLULAS E TECIDOS BIOLÓGICOS",MODERNIZAÇÃO E/OU MELHORIA DA INFRAESTRUTURA FÍSICA E/OU TÉCNOLÓGICA DAS UNIDADES DA FUNDAÇÃO HEMOMINAS,12086100,12097000,12097000,12097000
2024,1320,SECRETARIA DE ESTADO DE SAÚDE - SES,2321,FUNDAÇÃO CENTRO DE HEMATOLOGIA E HEMOTERAPIA DE MINAS GERAIS - HEMOMINAS,10,302,87,4,222,4222,1,4,4,10,3,0,"ASSISTÊNCIA EM HEMATOLOGIA, HEMOTERAPIA,CÉLULAS E TECIDOS BIOLÓGICOS",MODERNIZAÇÃO E/OU MELHORIA DA INFRAESTRUTURA FÍSICA E/OU TÉCNOLÓGICA DAS UNIDADES DA FUNDAÇÃO HEMOMINAS,5294651,5294651,5294651,5294651
2024,1320,SECRETARIA DE ESTADO DE SAÚDE - SES,2321,FUNDAÇÃO CENTRO DE HEMATOLOGIA E HEMOTERAPIA DE MINAS GERAIS - HEMOMINAS,10,302,87,4,222,4222,1,4,4,24,1,0,"ASSISTÊNCIA EM HEMATOLOGIA, HEMOTERAPIA,CÉLULAS E TECIDOS BIOLÓGICOS",MODERNIZAÇÃO E/OU MELHORIA DA INFRAESTRUTURA FÍSICA E/OU TÉCNOLÓGICA DAS UNIDADES DA FUNDAÇÃO HEMOMINAS,5182510,0,0,0
2024,1320,SECRETARIA DE ESTADO DE SAÚDE - SES,2321,FUNDAÇÃO CENTRO DE HEMATOLOGIA E HEMOTERAPIA DE MINAS GERAIS - HEMOMINAS,10,302,87,4,222,4222,1,4,4,47,1,0,"ASSISTÊNCIA EM HEMATOLOGIA, HEMOTERAPIA,CÉLULAS E TECIDOS BIOLÓGICOS",MODERNIZAÇÃO E/OU MELHORIA DA INFRAESTRUTURA FÍSICA E/OU TÉCNOLÓGICA DAS UNIDADES DA FUNDAÇÃO HEMOMINAS,70000,0,0,0
2024,1320,SECRETARIA DE ESTADO DE SAÚDE - SES,2321,FUNDAÇÃO CENTRO DE HEMATOLOGIA E HEMOTERAPIA DE MINAS GERAIS - HEMOMINAS,10,302,87,4,237,4237,1,3,1,10,1,0,"ASSISTÊNCIA EM HEMATOLOGIA, HEMOTERAPIA,CÉLULAS E TECIDOS BIOLÓGICOS",CENTRO DE TECIDOS BIOLÓGICOS DE MINAS GERAIS - CETEBIO,2205622,2269020,2334240,3401335
2024,1320,SECRETARIA DE ESTADO DE SAÚDE - SES,2321,FUNDAÇÃO CENTRO DE HEMATOLOGIA E HEMOTERAPIA DE MINAS GERAIS - HEMOMINAS,10,302,87,4,237,4237,1,3,3,10,1,0,"ASSISTÊNCIA EM HEMATOLOGIA, HEMOTERAPIA,CÉLULAS E TECIDOS BIOLÓGICOS",CENTRO DE TECIDOS BIOLÓGICOS DE MINAS GERAIS - CETEBIO,4354981,5227658,6232067,7131503
2024,1320,SECRETARIA DE ESTADO DE SAÚDE - SES,2321,FUNDAÇÃO CENTRO DE HEMATOLOGIA E HEMOTERAPIA DE MINAS GERAIS - HEMOMINAS,10,302,87,4,237,4237,1,3,3,10,7,0,"ASSISTÊNCIA EM HEMATOLOGIA, HEMOTERAPIA,CÉLULAS E TECIDOS BIOLÓGICOS",CENTRO DE TECIDOS BIOLÓGICOS DE MINAS GERAIS - CETEBIO,379191,388476,397989,407735
2024,1320,SECRETARIA DE ESTADO DE SAÚDE - SES,2321,FUNDAÇÃO CENTRO DE HEMATOLOGIA E HEMOTERAPIA DE MINAS GERAIS - HEMOMINAS,10,302,87,4,237,4237,1,4,4,10,1,0,"ASSISTÊNCIA EM HEMATOLOGIA, HEMOTERAPIA,CÉLULAS E TECIDOS BIOLÓGICOS",CENTRO DE TECIDOS BIOLÓGICOS DE MINAS GERAIS - CETEBIO,10900,0,0,0
2024,1320,SECRETARIA DE ESTADO DE SAÚDE - SES,2321,FUNDAÇÃO CENTRO DE HEMATOLOGIA E HEMOTERAPIA DE MINAS GERAIS - HEMOMINAS,28,846,705,7,4,7004,1,3,1,60,9,0,APOIO ÀS POLÍTICAS PÚBLICAS,PRECATÓRIOS E SENTENÇAS JUDICIÁRIAS,2412419,1000,1000,1000
2024,1320,SECRETARIA DE ESTADO DE SAÚDE - SES,4291,FUNDO ESTADUAL DE SAÚDE - FES,10,61,62,4,133,4133,1,3,1,10,1,0,ACESSO A SERVIÇOS DE SAÚDE,ATENDIMENTO ÀS MEDIDAS JUDICIAIS,3229204,3390664,3560197,3738207
2024,1320,SECRETARIA DE ESTADO DE SAÚDE - SES,4291,FUNDO ESTADUAL DE SAÚDE - FES,10,61,62,4,133,4133,1,3,3,10,1,0,ACESSO A SERVIÇOS DE SAÚDE,ATENDIMENTO ÀS MEDIDAS JUDICIAIS,507090119,532444625,559066855,587020199
2024,1320,SECRETARIA DE ESTADO DE SAÚDE - SES,4291,FUNDO ESTADUAL DE SAÚDE - FES,10,61,62,4,133,4133,1,3,3,10,7,0,ACESSO A SERVIÇOS DE SAÚDE,ATENDIMENTO ÀS MEDIDAS JUDICIAIS,489624,514105,539810,566801
2024,1320,SECRETARIA DE ESTADO DE SAÚDE - SES,4291,FUNDO ESTADUAL DE SAÚDE - FES,10,61,62,4,133,4133,1,4,4,10,1,0,ACESSO A SERVIÇOS DE SAÚDE,ATENDIMENTO ÀS MEDIDAS JUDICIAIS,1703200,1788360,1877779,1971667
2024,1320,SECRETARIA DE ESTADO DE SAÚDE - SES,4291,FUNDO ESTADUAL DE SAÚDE - FES,10,122,59,2,23,2023,1,3,3,10,1,0,APOIO À GESTÃO DO SUS,POLÍTICAS E AÇÕES DE TECNOLOGIAS DA INFORMAÇÃO E COMUNICAÇÃO (TIC),28320365,29736384,31223203,32784363
2024,1320,SECRETARIA DE ESTADO DE SAÚDE - SES,4291,FUNDO ESTADUAL DE SAÚDE - FES,10,122,59,2,24,2024,1,3,1,10,1,0,APOIO À GESTÃO DO SUS,GESTÃO REGIONAL EM SAÚDE,203558778,204945359,206445078,207768350
2024,1320,SECRETARIA DE ESTADO DE SAÚDE - SES,4291,FUNDO ESTADUAL DE SAÚDE - FES,10,122,59,2,24,2024,1,3,3,10,1,0,APOIO À GESTÃO DO SUS,GESTÃO REGIONAL EM SAÚDE,171499428,214238539,259591748,307789753
2024,1320,SECRETARIA DE ESTADO DE SAÚDE - SES,4291,FUNDO ESTADUAL DE SAÚDE - FES,10,122,59,2,24,2024,1,3,3,10,7,0,APOIO À GESTÃO DO SUS,GESTÃO REGIONAL EM SAÚDE,25302578,25292667,25279892,25235193
2024,1320,SECRETARIA DE ESTADO DE SAÚDE - SES,4291,FUNDO ESTADUAL DE SAÚDE - FES,10,122,59,2,24,2024,1,4,4,10,1,0,APOIO À GESTÃO DO SUS,GESTÃO REGIONAL EM SAÚDE,2510000,2635500,2767275,2905639
2024,1320,SECRETARIA DE ESTADO DE SAÚDE - SES,4291,FUNDO ESTADUAL DE SAÚDE - FES,10,122,59,2,26,2026,1,3,3,10,1,0,APOIO À GESTÃO DO SUS,"SATISFAÇÃO, RECONHECIMENTO E EDUCAÇÃO NA SAÚDE",1943432,2040604,2142634,2249766
2024,1320,SECRETARIA DE ESTADO DE SAÚDE - SES,4291,FUNDO ESTADUAL DE SAÚDE - FES,10,122,59,2,27,2027,1,3,1,10,1,0,APOIO À GESTÃO DO SUS,PROGRAMA ESTADUAL DE MUNICIPALIZAÇÃO,66047471,69349844,72817336,76458204
2024,1320,SECRETARIA DE ESTADO DE SAÚDE - SES,4291,FUNDO ESTADUAL DE SAÚDE - FES,10,122,59,2,27,2027,1,3,1,95,1,0,APOIO À GESTÃO DO SUS,PROGRAMA ESTADUAL DE MUNICIPALIZAÇÃO,1911911,0,0,0
2024,1320,SECRETARIA DE ESTADO DE SAÚDE - SES,4291,FUNDO ESTADUAL DE SAÚDE - FES,10,122,59,2,27,2027,1,3,3,10,7,0,APOIO À GESTÃO DO SUS,PROGRAMA ESTADUAL DE MUNICIPALIZAÇÃO,4762112,5000218,5250229,5512740
2024,1320,SECRETARIA DE ESTADO DE SAÚDE - SES,4291,FUNDO ESTADUAL DE SAÚDE - FES,10,122,59,2,27,2027,1,3,3,95,7,0,APOIO À GESTÃO DO SUS,PROGRAMA ESTADUAL DE MUNICIPALIZAÇÃO,1170299,0,0,0
2024,1320,SECRETARIA DE ESTADO DE SAÚDE - SES,4291,FUNDO ESTADUAL DE SAÚDE - FES,10,122,59,4,458,4458,1,3,3,10,1,0,APOIO À GESTÃO DO SUS,PROMOÇÃO E FORTALECIMENTO DA PARTICIPAÇÃO DO CONTROLE SOCIAL NA ÁREA DA SAÚDE,4152827,4360470,4578493,4807416
2024,1320,SECRETARIA DE ESTADO DE SAÚDE - SES,4291,FUNDO ESTADUAL DE SAÚDE - FES,10,122,59,4,458,4458,1,4,4,10,1,0,APOIO À GESTÃO DO SUS,PROMOÇÃO E FORTALECIMENTO DA PARTICIPAÇÃO DO CONTROLE SOCIAL NA ÁREA DA SAÚDE,92127,96733,101570,106649
2024,1320,SECRETARIA DE ESTADO DE SAÚDE - SES,4291,FUNDO ESTADUAL DE SAÚDE - FES,10,122,166,2,112,2112,1,3,3,10,1,0,EXECUÇÃO DESCENTRALIZADA E AUTÔNOMA DAS AÇÕES E SERVIÇOS DE SAÚDE,DESENVOLVIMENTO DAS AÇÕES DE SAÚDE NO ÂMBITO DA SECRETARIA DE ESTADO DE JUSTIÇA E SEGURANÇA PÚBLICA - SEJUSP,210712260,218087189,225720241,233620449
2024,1320,SECRETARIA DE ESTADO DE SAÚDE - SES,4291,FUNDO ESTADUAL DE SAÚDE - FES,10,122,705,2,87,2087,1,3,3,10,1,0,APOIO ÀS POLÍTICAS PÚBLICAS,RESERVA PARA ATENDIMENTO DAS EMENDAS PARLAMENTARES INDIVIDUAIS VINCULADAS ÀS AÇÕES E SERVIÇOS PÚBLICOS DE SAÚDE,685544850,719822093,755813198,793603858
2024,1320,SECRETARIA DE ESTADO DE SAÚDE - SES,4291,FUNDO ESTADUAL DE SAÚDE - FES,10,122,705,2,87,2087,1,3,3,10,8,0,APOIO ÀS POLÍTICAS PÚBLICAS,RESERVA PARA ATENDIMENTO DAS EMENDAS PARLAMENTARES INDIVIDUAIS VINCULADAS ÀS AÇÕES E SERVIÇOS PÚBLICOS DE SAÚDE,0,0,0,0
2024,1320,SECRETARIA DE ESTADO DE SAÚDE - SES,4291,FUNDO ESTADUAL DE SAÚDE - FES,10,122,705,2,500,2500,1,3,1,10,1,0,APOIO ÀS POLÍTICAS PÚBLICAS,ASSESSORAMENTO E GERENCIAMENTO DE POLÍTICAS PÚBLICAS,41000238,43050250,45202763,47462901
2024,1320,SECRETARIA DE ESTADO DE SAÚDE - SES,4291,FUNDO ESTADUAL DE SAÚDE - FES,10,122,705,2,500,2500,1,3,3,10,1,0,APOIO ÀS POLÍTICAS PÚBLICAS,ASSESSORAMENTO E GERENCIAMENTO DE POLÍTICAS PÚBLICAS,79413399,83384069,87553273,91930937
2024,1320,SECRETARIA DE ESTADO DE SAÚDE - SES,4291,FUNDO ESTADUAL DE SAÚDE - FES,10,122,705,2,500,2500,1,3,3,10,7,0,APOIO ÀS POLÍTICAS PÚBLICAS,ASSESSORAMENTO E GERENCIAMENTO DE POLÍTICAS PÚBLICAS,6448793,6771233,7109794,7465284
2024,1320,SECRETARIA DE ESTADO DE SAÚDE - SES,4291,FUNDO ESTADUAL DE SAÚDE - FES,10,122,705,2,500,2500,1,4,4,10,1,0,APOIO ÀS POLÍTICAS PÚBLICAS,ASSESSORAMENTO E GERENCIAMENTO DE POLÍTICAS PÚBLICAS,1000000,1050000,1102500,1157624
2024,1320,SECRETARIA DE ESTADO DE SAÚDE - SES,4291,FUNDO ESTADUAL DE SAÚDE - FES,10,122,705,2,500,2500,1,4,4,93,1,0,APOIO ÀS POLÍTICAS PÚBLICAS,ASSESSORAMENTO E GERENCIAMENTO DE POLÍTICAS PÚBLICAS,58801,61741,64828,68070
2024,1320,SECRETARIA DE ESTADO DE SAÚDE - SES,4291,FUNDO ESTADUAL DE SAÚDE - FES,10,128,166,2,110,2110,1,3,3,10,1,0,EXECUÇÃO DESCENTRALIZADA E AUTÔNOMA DAS AÇÕES E SERVIÇOS DE SAÚDE,DESENVOLVIMENTO DAS AÇÕES DE SAÚDE NO ÂMBITO DA ESCOLA DE SAÚDE PÚBLICA DO ESTADO DE MINAS GERAIS- ESP,22542963,23270892,24024790,24805651
2024,1320,SECRETARIA DE ESTADO DE SAÚDE - SES,4291,FUNDO ESTADUAL DE SAÚDE - FES,10,242,61,4,129,4129,1,3,3,10,1,0,ATENÇÃO ESPECIALIZADA À SAÚDE,APOIO E FORTALECIMENTO DA REDE DE CUIDADO À PESSOA COM DEFICIÊNCIA,61241381,64303402,67518578,70894539
2024,1320,SECRETARIA DE ESTADO DE SAÚDE - SES,4291,FUNDO ESTADUAL DE SAÚDE - FES,10,242,61,4,129,4129,1,3,3,92,1,0,ATENÇÃO ESPECIALIZADA À SAÚDE,APOIO E FORTALECIMENTO DA REDE DE CUIDADO À PESSOA COM DEFICIÊNCIA,41222741,43283846,45448042,47720466
2024,1320,SECRETARIA DE ESTADO DE SAÚDE - SES,4291,FUNDO ESTADUAL DE SAÚDE - FES,10,242,61,4,129,4129,1,4,4,93,1,0,ATENÇÃO ESPECIALIZADA À SAÚDE,APOIO E FORTALECIMENTO DA REDE DE CUIDADO À PESSOA COM DEFICIÊNCIA,132729,139365,146333,153650
2024,1320,SECRETARIA DE ESTADO DE SAÚDE - SES,4291,FUNDO ESTADUAL DE SAÚDE - FES,10,301,60,1,22,1022,1,3,3,10,1,0,ATENÇÃO PRIMÁRIA À SAÚDE,SAÚDE EM REDE,767498,0,0,0
2024,1320,SECRETARIA DE ESTADO DE SAÚDE - SES,4291,FUNDO ESTADUAL DE SAÚDE - FES,10,301,60,4,125,4125,1,3,1,10,1,0,ATENÇÃO PRIMÁRIA À SAÚDE,FORTALECIMENTO DA ATENÇÃO PRIMÁRIA À SAÚDE,7007759,7358147,7726054,8112357
2024,1320,SECRETARIA DE ESTADO DE SAÚDE - SES,4291,FUNDO ESTADUAL DE SAÚDE - FES,10,301,60,4,125,4125,1,3,3,10,1,0,ATENÇÃO PRIMÁRIA À SAÚDE,FORTALECIMENTO DA ATENÇÃO PRIMÁRIA À SAÚDE,437167247,459025610,481976890,506075735
2024,1320,SECRETARIA DE ESTADO DE SAÚDE - SES,4291,FUNDO ESTADUAL DE SAÚDE - FES,10,301,60,4,125,4125,1,3,3,10,7,0,ATENÇÃO PRIMÁRIA À SAÚDE,FORTALECIMENTO DA ATENÇÃO PRIMÁRIA À SAÚDE,1072425,1126046,1182349,1241466
2024,1320,SECRETARIA DE ESTADO DE SAÚDE - SES,4291,FUNDO ESTADUAL DE SAÚDE - FES,10,301,60,4,126,4126,1,3,3,10,1,0,ATENÇÃO PRIMÁRIA À SAÚDE,PROMOÇÃO À SAÚDE E POLÍTICAS DE EQUIDADE,99885000,104879250,110123212,115629373
2024,1320,SECRETARIA DE ESTADO DE SAÚDE - SES,4291,FUNDO ESTADUAL DE SAÚDE - FES,10,301,60,4,126,4126,1,3,3,92,1,0,ATENÇÃO PRIMÁRIA À SAÚDE,PROMOÇÃO À SAÚDE E POLÍTICAS DE EQUIDADE,163003,171153,179711,188696
2024,1320,SECRETARIA DE ESTADO DE SAÚDE - SES,4291,FUNDO ESTADUAL DE SAÚDE - FES,10,301,60,4,126,4126,1,4,4,10,1,0,ATENÇÃO PRIMÁRIA À SAÚDE,PROMOÇÃO À SAÚDE E POLÍTICAS DE EQUIDADE,1250000,1312500,1378125,1447032
2024,1320,SECRETARIA DE ESTADO DE SAÚDE - SES,4291,FUNDO ESTADUAL DE SAÚDE - FES,10,301,60,4,127,4127,1,3,3,10,1,0,ATENÇÃO PRIMÁRIA À SAÚDE,ESTRUTURAÇÃO DA ATENÇÃO PRIMÁRIA,78000,81900,85995,90295
2024,1320,SECRETARIA DE ESTADO DE SAÚDE - SES,4291,FUNDO ESTADUAL DE SAÚDE - FES,10,301,60,4,127,4127,1,4,4,10,1,0,ATENÇÃO PRIMÁRIA À SAÚDE,ESTRUTURAÇÃO DA ATENÇÃO PRIMÁRIA,130000000,136500000,143325001,150491250
2024,1320,SECRETARIA DE ESTADO DE SAÚDE - SES,4291,FUNDO ESTADUAL DE SAÚDE - FES,10,301,60,4,127,4127,1,4,4,64,1,0,ATENÇÃO PRIMÁRIA À SAÚDE,ESTRUTURAÇÃO DA ATENÇÃO PRIMÁRIA,475459,499232,524194,550403
2024,1320,SECRETARIA DE ESTADO DE SAÚDE - SES,4291,FUNDO ESTADUAL DE SAÚDE - FES,10,301,60,4,127,4127,1,4,4,65,1,0,ATENÇÃO PRIMÁRIA À SAÚDE,ESTRUTURAÇÃO DA ATENÇÃO PRIMÁRIA,1202416,1262537,1325663,1391947
2024,1320,SECRETARIA DE ESTADO DE SAÚDE - SES,4291,FUNDO ESTADUAL DE SAÚDE - FES,10,302,58,1,20,1020,1,3,3,10,1,1,POLÍTICAS DE ATENÇÃO HOSPITALAR,IMPLANTAÇÃO DOS HOSPITAIS REGIONAIS,2828000,2964875,3108375,3258820
2024,1320,SECRETARIA DE ESTADO DE SAÚDE - SES,4291,FUNDO ESTADUAL DE SAÚDE - FES,10,302,58,1,20,1020,1,4,4,95,1,1,POLÍTICAS DE ATENÇÃO HOSPITALAR,IMPLANTAÇÃO DOS HOSPITAIS REGIONAIS,320000000,0,0,0
2024,1320,SECRETARIA DE ESTADO DE SAÚDE - SES,4291,FUNDO ESTADUAL DE SAÚDE - FES,10,302,58,4,121,4121,1,3,1,10,1,0,POLÍTICAS DE ATENÇÃO HOSPITALAR,POLÍTICA DE ATENÇÃO HOSPITALAR E URGÊNCIA E EMERGÊNCIA,7273578,7637257,8019120,8420075
2024,1320,SECRETARIA DE ESTADO DE SAÚDE - SES,4291,FUNDO ESTADUAL DE SAÚDE - FES,10,302,58,4,121,4121,1,3,3,10,1,0,POLÍTICAS DE ATENÇÃO HOSPITALAR,POLÍTICA DE ATENÇÃO HOSPITALAR E URGÊNCIA E EMERGÊNCIA,2043574469,2145753192,2253040851,2365692894
2024,1320,SECRETARIA DE ESTADO DE SAÚDE - SES,4291,FUNDO ESTADUAL DE SAÚDE - FES,10,302,58,4,121,4121,1,3,3,10,7,0,POLÍTICAS DE ATENÇÃO HOSPITALAR,POLÍTICA DE ATENÇÃO HOSPITALAR E URGÊNCIA E EMERGÊNCIA,1264714,1327950,1394347,1464065
2024,1320,SECRETARIA DE ESTADO DE SAÚDE - SES,4291,FUNDO ESTADUAL DE SAÚDE - FES,10,302,58,4,121,4121,1,3,3,24,1,0,POLÍTICAS DE ATENÇÃO HOSPITALAR,POLÍTICA DE ATENÇÃO HOSPITALAR E URGÊNCIA E EMERGÊNCIA,326610,342940,360088,378092
2024,1320,SECRETARIA DE ESTADO DE SAÚDE - SES,4291,FUNDO ESTADUAL DE SAÚDE - FES,10,302,58,4,121,4121,1,4,4,64,1,0,POLÍTICAS DE ATENÇÃO HOSPITALAR,POLÍTICA DE ATENÇÃO HOSPITALAR E URGÊNCIA E EMERGÊNCIA,74379,78098,82003,86103
2024,1320,SECRETARIA DE ESTADO DE SAÚDE - SES,4291,FUNDO ESTADUAL DE SAÚDE - FES,10,302,58,4,121,4121,1,4,4,65,1,0,POLÍTICAS DE ATENÇÃO HOSPITALAR,POLÍTICA DE ATENÇÃO HOSPITALAR E URGÊNCIA E EMERGÊNCIA,343397,360567,378595,397525
2024,1320,SECRETARIA DE ESTADO DE SAÚDE - SES,4291,FUNDO ESTADUAL DE SAÚDE - FES,10,302,58,4,121,4121,1,4,4,93,1,0,POLÍTICAS DE ATENÇÃO HOSPITALAR,POLÍTICA DE ATENÇÃO HOSPITALAR E URGÊNCIA E EMERGÊNCIA,10802,11342,11909,12505
2024,1320,SECRETARIA DE ESTADO DE SAÚDE - SES,4291,FUNDO ESTADUAL DE SAÚDE - FES,10,302,58,4,122,4122,1,3,3,10,1,0,POLÍTICAS DE ATENÇÃO HOSPITALAR,POLÍTICAS PRÉ E PÓS HOSPITALARES DE URGÊNCIA E EMERGÊNCIA,274208778,287919217,302315178,317430937
2024,1320,SECRETARIA DE ESTADO DE SAÚDE - SES,4291,FUNDO ESTADUAL DE SAÚDE - FES,10,302,58,4,123,4123,1,4,4,10,1,0,POLÍTICAS DE ATENÇÃO HOSPITALAR,ESTRUTURAÇÃO DA ATENÇÃO HOSPITALAR E DE URGÊNCIA E EMERGÊNCIA,55979069,43968629,25896434,6920656
2024,1320,SECRETARIA DE ESTADO DE SAÚDE - SES,4291,FUNDO ESTADUAL DE SAÚDE - FES,10,302,61,4,130,4130,1,3,3,10,1,0,ATENÇÃO ESPECIALIZADA À SAÚDE,APOIO E FORTALECIMENTO DA REDE DE ATENÇÃO PSICOSSOCIAL,98473498,103397173,108567032,113995384
2024,1320,SECRETARIA DE ESTADO DE SAÚDE - SES,4291,FUNDO ESTADUAL DE SAÚDE - FES,10,302,61,4,130,4130,1,3,3,24,1,0,ATENÇÃO ESPECIALIZADA À SAÚDE,APOIO E FORTALECIMENTO DA REDE DE ATENÇÃO PSICOSSOCIAL,24034,24186,25395,26665
2024,1320,SECRETARIA DE ESTADO DE SAÚDE - SES,4291,FUNDO ESTADUAL DE SAÚDE - FES,10,302,61,4,130,4130,1,4,4,64,1,0,ATENÇÃO ESPECIALIZADA À SAÚDE,APOIO E FORTALECIMENTO DA REDE DE ATENÇÃO PSICOSSOCIAL,37960,39858,41851,43943
2024,1320,SECRETARIA DE ESTADO DE SAÚDE - SES,4291,FUNDO ESTADUAL DE SAÚDE - FES,10,302,61,4,131,4131,1,3,1,10,1,0,ATENÇÃO ESPECIALIZADA À SAÚDE,ATENÇÃO ESPECIALIZADA AMBULATORIAL,12008856,12424375,13045593,13697873
2024,1320,SECRETARIA DE ESTADO DE SAÚDE - SES,4291,FUNDO ESTADUAL DE SAÚDE - FES,10,302,61,4,131,4131,1,3,3,10,1,0,ATENÇÃO ESPECIALIZADA À SAÚDE,ATENÇÃO ESPECIALIZADA AMBULATORIAL,237360021,245572904,257851549,270744126
2024,1320,SECRETARIA DE ESTADO DE SAÚDE - SES,4291,FUNDO ESTADUAL DE SAÚDE - FES,10,302,61,4,131,4131,1,3,3,10,7,0,ATENÇÃO ESPECIALIZADA À SAÚDE,ATENÇÃO ESPECIALIZADA AMBULATORIAL,1513383,1565747,1644035,1726237
2024,1320,SECRETARIA DE ESTADO DE SAÚDE - SES,4291,FUNDO ESTADUAL DE SAÚDE - FES,10,302,61,4,131,4131,1,3,3,62,1,0,ATENÇÃO ESPECIALIZADA À SAÚDE,ATENÇÃO ESPECIALIZADA AMBULATORIAL,31762870,32861896,34504990,36230240
2024,1320,SECRETARIA DE ESTADO DE SAÚDE - SES,4291,FUNDO ESTADUAL DE SAÚDE - FES,10,302,61,4,131,4131,1,3,3,63,1,0,ATENÇÃO ESPECIALIZADA À SAÚDE,ATENÇÃO ESPECIALIZADA AMBULATORIAL,14393834,14891874,15636468,16418291
2024,1320,SECRETARIA DE ESTADO DE SAÚDE - SES,4291,FUNDO ESTADUAL DE SAÚDE - FES,10,302,61,4,131,4131,1,3,3,92,1,0,ATENÇÃO ESPECIALIZADA À SAÚDE,ATENÇÃO ESPECIALIZADA AMBULATORIAL,36456200,37717619,39603500,41583675
2024,1320,SECRETARIA DE ESTADO DE SAÚDE - SES,4291,FUNDO ESTADUAL DE SAÚDE - FES,10,302,61,4,131,4131,1,4,4,1,1,0,ATENÇÃO ESPECIALIZADA À SAÚDE,ATENÇÃO ESPECIALIZADA AMBULATORIAL,65894,68174,71583,75162
2024,1320,SECRETARIA DE ESTADO DE SAÚDE - SES,4291,FUNDO ESTADUAL DE SAÚDE - FES,10,302,61,4,131,4131,1,4,4,64,1,0,ATENÇÃO ESPECIALIZADA À SAÚDE,ATENÇÃO ESPECIALIZADA AMBULATORIAL,3775795,3906441,4101763,4306851
2024,1320,SECRETARIA DE ESTADO DE SAÚDE - SES,4291,FUNDO ESTADUAL DE SAÚDE - FES,10,302,61,4,131,4131,1,4,4,65,1,0,ATENÇÃO ESPECIALIZADA À SAÚDE,ATENÇÃO ESPECIALIZADA AMBULATORIAL,343227,355103,372858,391501
2024,1320,SECRETARIA DE ESTADO DE SAÚDE - SES,4291,FUNDO ESTADUAL DE SAÚDE - FES,10,302,61,4,131,4131,1,4,4,93,1,0,ATENÇÃO ESPECIALIZADA À SAÚDE,ATENÇÃO ESPECIALIZADA AMBULATORIAL,1460054,1510573,1586102,1665407
2024,1320,SECRETARIA DE ESTADO DE SAÚDE - SES,4291,FUNDO ESTADUAL DE SAÚDE - FES,10,302,61,4,132,4132,1,3,3,10,1,0,ATENÇÃO ESPECIALIZADA À SAÚDE,APOIO E FORTALECIMENTO DA REDE DE ATENÇÃO À SAÚDE BUCAL,43342500,45509625,47785107,50174362
2024,1320,SECRETARIA DE ESTADO DE SAÚDE - SES,4291,FUNDO ESTADUAL DE SAÚDE - FES,10,302,62,4,134,4134,1,3,3,10,1,0,ACESSO A SERVIÇOS DE SAÚDE,ACESSO DE URGÊNCIA E EMERGÊNCIA,16749342,17586806,18466150,19389453
2024,1320,SECRETARIA DE ESTADO DE SAÚDE - SES,4291,FUNDO ESTADUAL DE SAÚDE - FES,10,302,62,4,134,4134,1,4,4,10,1,0,ACESSO A SERVIÇOS DE SAÚDE,ACESSO DE URGÊNCIA E EMERGÊNCIA,46100000,48404990,50825250,53366501
2024,1320,SECRETARIA DE ESTADO DE SAÚDE - SES,4291,FUNDO ESTADUAL DE SAÚDE - FES,10,302,62,4,135,4135,1,3,1,10,1,0,ACESSO A SERVIÇOS DE SAÚDE,ACESSO ELETIVO,21786718,22876054,24019857,25220849
2024,1320,SECRETARIA DE ESTADO DE SAÚDE - SES,4291,FUNDO ESTADUAL DE SAÚDE - FES,10,302,62,4,135,4135,1,3,3,10,1,0,ACESSO A SERVIÇOS DE SAÚDE,ACESSO ELETIVO,158758336,166696253,175031066,183782619
2024,1320,SECRETARIA DE ESTADO DE SAÚDE - SES,4291,FUNDO ESTADUAL DE SAÚDE - FES,10,302,62,4,135,4135,1,3,3,10,7,0,ACESSO A SERVIÇOS DE SAÚDE,ACESSO ELETIVO,2546638,2673970,2807668,2948052
2024,1320,SECRETARIA DE ESTADO DE SAÚDE - SES,4291,FUNDO ESTADUAL DE SAÚDE - FES,10,302,62,4,135,4135,1,4,4,10,1,0,ACESSO A SERVIÇOS DE SAÚDE,ACESSO ELETIVO,126314000,132629700,139261185,146224245
2024,1320,SECRETARIA DE ESTADO DE SAÚDE - SES,4291,FUNDO ESTADUAL DE SAÚDE - FES,10,302,62,4,136,4136,1,3,3,10,1,0,ACESSO A SERVIÇOS DE SAÚDE,SERVIÇOS MÓVEIS DE URGÊNCIA E EMERGÊNCIA,367090000,382537517,401664393,421747612
2024,1320,SECRETARIA DE ESTADO DE SAÚDE - SES,4291,FUNDO ESTADUAL DE SAÚDE - FES,10,302,62,4,136,4136,1,3,3,92,1,0,ACESSO A SERVIÇOS DE SAÚDE,SERVIÇOS MÓVEIS DE URGÊNCIA E EMERGÊNCIA,101379655,105645813,110928103,116474509
2024,1320,SECRETARIA DE ESTADO DE SAÚDE - SES,4291,FUNDO ESTADUAL DE SAÚDE - FES,10,302,62,4,136,4136,1,4,4,95,1,0,ACESSO A SERVIÇOS DE SAÚDE,SERVIÇOS MÓVEIS DE URGÊNCIA E EMERGÊNCIA,3560000,0,0,0
2024,1320,SECRETARIA DE ESTADO DE SAÚDE - SES,4291,FUNDO ESTADUAL DE SAÚDE - FES,10,302,62,4,137,4137,1,3,1,10,1,0,ACESSO A SERVIÇOS DE SAÚDE,"PROGRAMAÇÃO, CONTRATAÇÃO E PROCESSAMENTO DE SERVIÇOS DE SAÚDE",4924419,5170640,5429172,5700631
2024,1320,SECRETARIA DE ESTADO DE SAÚDE - SES,4291,FUNDO ESTADUAL DE SAÚDE - FES,10,302,62,4,137,4137,1,3,3,10,1,0,ACESSO A SERVIÇOS DE SAÚDE,"PROGRAMAÇÃO, CONTRATAÇÃO E PROCESSAMENTO DE SERVIÇOS DE SAÚDE",63555664,66733447,70070120,73573625
2024,1320,SECRETARIA DE ESTADO DE SAÚDE - SES,4291,FUNDO ESTADUAL DE SAÚDE - FES,10,302,62,4,137,4137,1,3,3,10,7,0,ACESSO A SERVIÇOS DE SAÚDE,"PROGRAMAÇÃO, CONTRATAÇÃO E PROCESSAMENTO DE SERVIÇOS DE SAÚDE",800016,840017,882018,926119
2024,1320,SECRETARIA DE ESTADO DE SAÚDE - SES,4291,FUNDO ESTADUAL DE SAÚDE - FES,10,302,62,4,137,4137,1,3,3,62,1,0,ACESSO A SERVIÇOS DE SAÚDE,"PROGRAMAÇÃO, CONTRATAÇÃO E PROCESSAMENTO DE SERVIÇOS DE SAÚDE",544773,572012,600612,630643
2024,1320,SECRETARIA DE ESTADO DE SAÚDE - SES,4291,FUNDO ESTADUAL DE SAÚDE - FES,10,302,62,4,137,4137,1,3,3,63,1,0,ACESSO A SERVIÇOS DE SAÚDE,"PROGRAMAÇÃO, CONTRATAÇÃO E PROCESSAMENTO DE SERVIÇOS DE SAÚDE",6429,6750,7088,7442
2024,1320,SECRETARIA DE ESTADO DE SAÚDE - SES,4291,FUNDO ESTADUAL DE SAÚDE - FES,10,302,62,4,137,4137,1,3,3,92,1,0,ACESSO A SERVIÇOS DE SAÚDE,"PROGRAMAÇÃO, CONTRATAÇÃO E PROCESSAMENTO DE SERVIÇOS DE SAÚDE",564482228,592706340,622341656,653458738
2024,1320,SECRETARIA DE ESTADO DE SAÚDE - SES,4291,FUNDO ESTADUAL DE SAÚDE - FES,10,302,62,4,137,4137,1,4,4,10,1,0,ACESSO A SERVIÇOS DE SAÚDE,"PROGRAMAÇÃO, CONTRATAÇÃO E PROCESSAMENTO DE SERVIÇOS DE SAÚDE",5668320,5951736,6249323,6561789
2024,1320,SECRETARIA DE ESTADO DE SAÚDE - SES,4291,FUNDO ESTADUAL DE SAÚDE - FES,10,302,62,4,137,4137,1,4,4,93,1,0,ACESSO A SERVIÇOS DE SAÚDE,"PROGRAMAÇÃO, CONTRATAÇÃO E PROCESSAMENTO DE SERVIÇOS DE SAÚDE",399848,419840,440832,462874
2024,1320,SECRETARIA DE ESTADO DE SAÚDE - SES,4291,FUNDO ESTADUAL DE SAÚDE - FES,10,302,166,2,111,2111,1,3,3,10,1,0,EXECUÇÃO DESCENTRALIZADA E AUTÔNOMA DAS AÇÕES E SERVIÇOS DE SAÚDE,DESENVOLVIMENTO DAS AÇÕES DE SAÚDE NO ÂMBITO DA FUNDAÇÃO HOSPITALAR DO ESTADO DE MINAS GERAIS- FHEMIG,2063696260,2133086727,2205014066,2279577921
2024,1320,SECRETARIA DE ESTADO DE SAÚDE - SES,4291,FUNDO ESTADUAL DE SAÚDE - FES,10,302,166,2,115,2115,1,3,3,10,1,0,EXECUÇÃO DESCENTRALIZADA E AUTÔNOMA DAS AÇÕES E SERVIÇOS DE SAÚDE,DESENVOLVIMENTO DAS AÇÕES DE SAÚDE NO ÂMBITO DO CORPO DE BOMBEIROS MILITAR DO ESTADO DE MINAS GERAIS,6147590,33951833,35140147,36370052
2024,1320,SECRETARIA DE ESTADO DE SAÚDE - SES,4291,FUNDO ESTADUAL DE SAÚDE - FES,10,302,166,2,135,2135,1,3,3,10,1,0,EXECUÇÃO DESCENTRALIZADA E AUTÔNOMA DAS AÇÕES E SERVIÇOS DE SAÚDE,DESENVOLVIMENTO DAS AÇÕES DE SAÚDE NO ÂMBITO DA FUNDAÇÃO CENTRO DE HEMATOLOGIA E HEMOTERAPIA DE MINAS GERAIS- HEMOMINAS,375588458,389202596,403371554,418119263
2024,1320,SECRETARIA DE ESTADO DE SAÚDE - SES,4291,FUNDO ESTADUAL DE SAÚDE - FES,10,303,64,4,148,4148,1,3,3,10,1,0,ASSISTÊNCIA FARMACÊUTICA,ABASTECIMENTO DE MEDICAMENTOS,211385181,221954439,233052161,244704769
2024,1320,SECRETARIA DE ESTADO DE SAÚDE - SES,4291,FUNDO ESTADUAL DE SAÚDE - FES,10,303,64,4,148,4148,1,3,3,92,1,0,ASSISTÊNCIA FARMACÊUTICA,ABASTECIMENTO DE MEDICAMENTOS,82396592,86516421,90842242,95384354
2024,1320,SECRETARIA DE ESTADO DE SAÚDE - SES,4291,FUNDO ESTADUAL DE SAÚDE - FES,10,303,64,4,149,4149,1,3,1,10,1,0,ASSISTÊNCIA FARMACÊUTICA,POLÍTICAS DE ASSISTÊNCIA FARMACÊUTICA,6593703,6923388,7269558,7633035
2024,1320,SECRETARIA DE ESTADO DE SAÚDE - SES,4291,FUNDO ESTADUAL DE SAÚDE - FES,10,303,64,4,149,4149,1,3,3,10,1,0,ASSISTÊNCIA FARMACÊUTICA,POLÍTICAS DE ASSISTÊNCIA FARMACÊUTICA,103473119,108646774,114079113,119783069
2024,1320,SECRETARIA DE ESTADO DE SAÚDE - SES,4291,FUNDO ESTADUAL DE SAÚDE - FES,10,303,64,4,149,4149,1,3,3,10,7,0,ASSISTÊNCIA FARMACÊUTICA,POLÍTICAS DE ASSISTÊNCIA FARMACÊUTICA,1080140,1134147,1190854,1250397
2024,1320,SECRETARIA DE ESTADO DE SAÚDE - SES,4291,FUNDO ESTADUAL DE SAÚDE - FES,10,303,64,4,149,4149,1,4,4,10,1,0,ASSISTÊNCIA FARMACÊUTICA,POLÍTICAS DE ASSISTÊNCIA FARMACÊUTICA,6500000,6825000,7166250,7524562
2024,1320,SECRETARIA DE ESTADO DE SAÚDE - SES,4291,FUNDO ESTADUAL DE SAÚDE - FES,10,303,64,4,149,4149,1,4,4,93,1,0,ASSISTÊNCIA FARMACÊUTICA,POLÍTICAS DE ASSISTÊNCIA FARMACÊUTICA,104930,110177,115685,121470
2024,1320,SECRETARIA DE ESTADO DE SAÚDE - SES,4291,FUNDO ESTADUAL DE SAÚDE - FES,10,303,166,2,136,2136,1,3,3,10,1,0,EXECUÇÃO DESCENTRALIZADA E AUTÔNOMA DAS AÇÕES E SERVIÇOS DE SAÚDE,DESENVOLVIMENTO DAS AÇÕES DE SAÚDE NO ÂMBITO DA FUNDAÇÃO EZEQUIEL DIAS- FUNED,508933086,528506998,548966405,570352429
2024,1320,SECRETARIA DE ESTADO DE SAÚDE - SES,4291,FUNDO ESTADUAL DE SAÚDE - FES,10,304,63,4,147,4147,1,3,1,10,1,0,VIGILÂNCIA EM SAÚDE,VIGILÂNCIA SANITÁRIA,11448913,12021358,12622426,13253548
2024,1320,SECRETARIA DE ESTADO DE SAÚDE - SES,4291,FUNDO ESTADUAL DE SAÚDE - FES,10,304,63,4,147,4147,1,3,3,10,1,0,VIGILÂNCIA EM SAÚDE,VIGILÂNCIA SANITÁRIA,3683083,3867237,4060599,4263629
2024,1320,SECRETARIA DE ESTADO DE SAÚDE - SES,4291,FUNDO ESTADUAL DE SAÚDE - FES,10,304,63,4,147,4147,1,3,3,10,7,0,VIGILÂNCIA EM SAÚDE,VIGILÂNCIA SANITÁRIA,1541870,1618963,1699912,1784907
2024,1320,SECRETARIA DE ESTADO DE SAÚDE - SES,4291,FUNDO ESTADUAL DE SAÚDE - FES,10,304,63,4,147,4147,1,3,3,92,1,0,VIGILÂNCIA EM SAÚDE,VIGILÂNCIA SANITÁRIA,13313942,13979639,14678621,15412552
2024,1320,SECRETARIA DE ESTADO DE SAÚDE - SES,4291,FUNDO ESTADUAL DE SAÚDE - FES,10,304,63,4,147,4147,1,4,4,10,1,0,VIGILÂNCIA EM SAÚDE,VIGILÂNCIA SANITÁRIA,2504400,2629620,2761101,2899156
2024,1320,SECRETARIA DE ESTADO DE SAÚDE - SES,4291,FUNDO ESTADUAL DE SAÚDE - FES,10,304,63,4,147,4147,1,4,4,93,1,0,VIGILÂNCIA EM SAÚDE,VIGILÂNCIA SANITÁRIA,11545,12123,12728,13365
2024,1320,SECRETARIA DE ESTADO DE SAÚDE - SES,4291,FUNDO ESTADUAL DE SAÚDE - FES,10,305,63,1,21,1021,1,3,3,10,1,0,VIGILÂNCIA EM SAÚDE,VACINA MAIS MINAS,109384244,114853456,120596129,126625935
2024,1320,SECRETARIA DE ESTADO DE SAÚDE - SES,4291,FUNDO ESTADUAL DE SAÚDE - FES,10,305,63,4,143,4143,1,3,1,10,1,0,VIGILÂNCIA EM SAÚDE,ASSESSORAMENTO E GERENCIAMENTO DE POLÍTICAS DE VIGILÂNCIA EM SAÚDE,4140938,4821133,5062190,5315299
2024,1320,SECRETARIA DE ESTADO DE SAÚDE - SES,4291,FUNDO ESTADUAL DE SAÚDE - FES,10,305,63,4,143,4143,1,3,3,10,1,0,VIGILÂNCIA EM SAÚDE,ASSESSORAMENTO E GERENCIAMENTO DE POLÍTICAS DE VIGILÂNCIA EM SAÚDE,63645897,74100447,77805469,81695742
2024,1320,SECRETARIA DE ESTADO DE SAÚDE - SES,4291,FUNDO ESTADUAL DE SAÚDE - FES,10,305,63,4,143,4143,1,3,3,10,7,0,VIGILÂNCIA EM SAÚDE,ASSESSORAMENTO E GERENCIAMENTO DE POLÍTICAS DE VIGILÂNCIA EM SAÚDE,450454,524446,550668,578202
2024,1320,SECRETARIA DE ESTADO DE SAÚDE - SES,4291,FUNDO ESTADUAL DE SAÚDE - FES,10,305,63,4,143,4143,1,3,3,60,1,0,VIGILÂNCIA EM SAÚDE,ASSESSORAMENTO E GERENCIAMENTO DE POLÍTICAS DE VIGILÂNCIA EM SAÚDE,11380000,0,0,0
2024,1320,SECRETARIA DE ESTADO DE SAÚDE - SES,4291,FUNDO ESTADUAL DE SAÚDE - FES,10,305,63,4,143,4143,1,3,3,92,1,0,VIGILÂNCIA EM SAÚDE,ASSESSORAMENTO E GERENCIAMENTO DE POLÍTICAS DE VIGILÂNCIA EM SAÚDE,36139372,42075668,44179451,46388423
2024,1320,SECRETARIA DE ESTADO DE SAÚDE - SES,4291,FUNDO ESTADUAL DE SAÚDE - FES,10,305,63,4,143,4143,1,4,4,93,1,0,VIGILÂNCIA EM SAÚDE,ASSESSORAMENTO E GERENCIAMENTO DE POLÍTICAS DE VIGILÂNCIA EM SAÚDE,199551,232329,243946,256144
2024,1320,SECRETARIA DE ESTADO DE SAÚDE - SES,4291,FUNDO ESTADUAL DE SAÚDE - FES,10,305,63,4,144,4144,1,3,3,10,1,0,VIGILÂNCIA EM SAÚDE,VIGILÂNCIA DE CONDIÇÕES CRÔNICAS,3605000,3785250,3974512,4173238
2024,1320,SECRETARIA DE ESTADO DE SAÚDE - SES,4291,FUNDO ESTADUAL DE SAÚDE - FES,10,305,63,4,144,4144,1,3,3,92,1,0,VIGILÂNCIA EM SAÚDE,VIGILÂNCIA DE CONDIÇÕES CRÔNICAS,2735910,2872705,3016340,3167157
2024,1320,SECRETARIA DE ESTADO DE SAÚDE - SES,4291,FUNDO ESTADUAL DE SAÚDE - FES,10,305,63,4,144,4144,1,4,4,10,1,0,VIGILÂNCIA EM SAÚDE,VIGILÂNCIA DE CONDIÇÕES CRÔNICAS,275000,288750,303188,318347
2024,1320,SECRETARIA DE ESTADO DE SAÚDE - SES,4291,FUNDO ESTADUAL DE SAÚDE - FES,10,305,63,4,145,4145,1,3,1,10,1,0,VIGILÂNCIA EM SAÚDE,VIGILÂNCIA DE DOENÇAS TRANSMISSÍVEIS E IMUNIZAÇÃO,11002123,11552229,12129841,12736333
2024,1320,SECRETARIA DE ESTADO DE SAÚDE - SES,4291,FUNDO ESTADUAL DE SAÚDE - FES,10,305,63,4,145,4145,1,3,3,10,1,0,VIGILÂNCIA EM SAÚDE,VIGILÂNCIA DE DOENÇAS TRANSMISSÍVEIS E IMUNIZAÇÃO,102514233,107639945,113021942,118673040
2024,1320,SECRETARIA DE ESTADO DE SAÚDE - SES,4291,FUNDO ESTADUAL DE SAÚDE - FES,10,305,63,4,145,4145,1,3,3,10,7,0,VIGILÂNCIA EM SAÚDE,VIGILÂNCIA DE DOENÇAS TRANSMISSÍVEIS E IMUNIZAÇÃO,1602406,1682526,1766653,1854985
2024,1320,SECRETARIA DE ESTADO DE SAÚDE - SES,4291,FUNDO ESTADUAL DE SAÚDE - FES,10,305,63,4,145,4145,1,3,3,92,1,0,VIGILÂNCIA EM SAÚDE,VIGILÂNCIA DE DOENÇAS TRANSMISSÍVEIS E IMUNIZAÇÃO,1940400,2037420,2139291,2246256
2024,1320,SECRETARIA DE ESTADO DE SAÚDE - SES,4291,FUNDO ESTADUAL DE SAÚDE - FES,10,305,63,4,145,4145,1,4,4,10,1,0,VIGILÂNCIA EM SAÚDE,VIGILÂNCIA DE DOENÇAS TRANSMISSÍVEIS E IMUNIZAÇÃO,315000,330750,347287,364651
2024,1320,SECRETARIA DE ESTADO DE SAÚDE - SES,4291,FUNDO ESTADUAL DE SAÚDE - FES,10,305,63,4,146,4146,1,3,3,10,1,0,VIGILÂNCIA EM SAÚDE,VIGILÂNCIA EM SAÚDE AMBIENTAL E SAÚDE DO TRABALHADOR,67791621,71181202,74740262,78477275
2024,1320,SECRETARIA DE ESTADO DE SAÚDE - SES,4291,FUNDO ESTADUAL DE SAÚDE - FES,10,305,63,4,146,4146,1,3,3,92,1,0,VIGILÂNCIA EM SAÚDE,VIGILÂNCIA EM SAÚDE AMBIENTAL E SAÚDE DO TRABALHADOR,5050000,5302500,5567625,5846006
2024,1320,SECRETARIA DE ESTADO DE SAÚDE - SES,4291,FUNDO ESTADUAL DE SAÚDE - FES,10,305,63,4,146,4146,1,4,4,10,1,0,VIGILÂNCIA EM SAÚDE,VIGILÂNCIA EM SAÚDE AMBIENTAL E SAÚDE DO TRABALHADOR,20000000,21000000,22050000,23152500
2024,1370,SECRETARIA DE ESTADO DE MEIO AMBIENTE E DESENVOLVIMENTO SUSTENTÁVEL - SEMAD,1371,SECRETARIA DE ESTADO DE MEIO AMBIENTE E DESENVOLVIMENTO SUSTENTÁVEL - SEMAD,4,122,705,2,500,2500,1,3,1,72,1,0,APOIO ÀS POLÍTICAS PÚBLICAS,ASSESSORAMENTO E GERENCIAMENTO DE POLÍTICAS PÚBLICAS,48083140,49535252,51021308,52551949
2024,1370,SECRETARIA DE ESTADO DE MEIO AMBIENTE E DESENVOLVIMENTO SUSTENTÁVEL - SEMAD,1371,SECRETARIA DE ESTADO DE MEIO AMBIENTE E DESENVOLVIMENTO SUSTENTÁVEL - SEMAD,4,122,705,2,500,2500,1,3,3,31,7,0,APOIO ÀS POLÍTICAS PÚBLICAS,ASSESSORAMENTO E GERENCIAMENTO DE POLÍTICAS PÚBLICAS,17217107,17639153,18071544,18514534
2024,1370,SECRETARIA DE ESTADO DE MEIO AMBIENTE E DESENVOLVIMENTO SUSTENTÁVEL - SEMAD,1371,SECRETARIA DE ESTADO DE MEIO AMBIENTE E DESENVOLVIMENTO SUSTENTÁVEL - SEMAD,4,122,705,2,500,2500,1,3,3,72,1,0,APOIO ÀS POLÍTICAS PÚBLICAS,ASSESSORAMENTO E GERENCIAMENTO DE POLÍTICAS PÚBLICAS,15625893,16382186,17175084,18006358
2024,1370,SECRETARIA DE ESTADO DE MEIO AMBIENTE E DESENVOLVIMENTO SUSTENTÁVEL - SEMAD,1371,SECRETARIA DE ESTADO DE MEIO AMBIENTE E DESENVOLVIMENTO SUSTENTÁVEL - SEMAD,4,122,705,2,500,2500,1,3,3,94,1,0,APOIO ÀS POLÍTICAS PÚBLICAS,ASSESSORAMENTO E GERENCIAMENTO DE POLÍTICAS PÚBLICAS,819810,859489,859489,859489
2024,1370,SECRETARIA DE ESTADO DE MEIO AMBIENTE E DESENVOLVIMENTO SUSTENTÁVEL - SEMAD,1371,SECRETARIA DE ESTADO DE MEIO AMBIENTE E DESENVOLVIMENTO SUSTENTÁVEL - SEMAD,4,122,705,2,500,2500,1,4,4,72,1,0,APOIO ÀS POLÍTICAS PÚBLICAS,ASSESSORAMENTO E GERENCIAMENTO DE POLÍTICAS PÚBLICAS,248457,248457,248457,248457
2024,1370,SECRETARIA DE ESTADO DE MEIO AMBIENTE E DESENVOLVIMENTO SUSTENTÁVEL - SEMAD,1371,SECRETARIA DE ESTADO DE MEIO AMBIENTE E DESENVOLVIMENTO SUSTENTÁVEL - SEMAD,17,512,21,4,28,4028,1,3,1,72,1,0,SANEAMENTO E RESÍDUOS ESPECIAIS,"PROMOÇÃO DAS POLÍTICAS PÚBLICAS DE ABASTECIMENTO DE ÁGUA, ESGOTAMENTO SANITÁRIO E DRENAGEM DE ÁGUAS PLUVIAIS",651439,671112,691246,711983
2024,1370,SECRETARIA DE ESTADO DE MEIO AMBIENTE E DESENVOLVIMENTO SUSTENTÁVEL - SEMAD,1371,SECRETARIA DE ESTADO DE MEIO AMBIENTE E DESENVOLVIMENTO SUSTENTÁVEL - SEMAD,17,512,21,4,28,4028,1,3,3,24,1,0,SANEAMENTO E RESÍDUOS ESPECIAIS,"PROMOÇÃO DAS POLÍTICAS PÚBLICAS DE ABASTECIMENTO DE ÁGUA, ESGOTAMENTO SANITÁRIO E DRENAGEM DE ÁGUAS PLUVIAIS",1981299,0,0,0
2024,1370,SECRETARIA DE ESTADO DE MEIO AMBIENTE E DESENVOLVIMENTO SUSTENTÁVEL - SEMAD,1371,SECRETARIA DE ESTADO DE MEIO AMBIENTE E DESENVOLVIMENTO SUSTENTÁVEL - SEMAD,17,512,21,4,28,4028,1,3,3,29,1,0,SANEAMENTO E RESÍDUOS ESPECIAIS,"PROMOÇÃO DAS POLÍTICAS PÚBLICAS DE ABASTECIMENTO DE ÁGUA, ESGOTAMENTO SANITÁRIO E DRENAGEM DE ÁGUAS PLUVIAIS",108360,113605,113605,113605
2024,1370,SECRETARIA DE ESTADO DE MEIO AMBIENTE E DESENVOLVIMENTO SUSTENTÁVEL - SEMAD,1371,SECRETARIA DE ESTADO DE MEIO AMBIENTE E DESENVOLVIMENTO SUSTENTÁVEL - SEMAD,17,512,21,4,28,4028,1,3,3,31,7,0,SANEAMENTO E RESÍDUOS ESPECIAIS,"PROMOÇÃO DAS POLÍTICAS PÚBLICAS DE ABASTECIMENTO DE ÁGUA, ESGOTAMENTO SANITÁRIO E DRENAGEM DE ÁGUAS PLUVIAIS",335212,343421,351831,360446
2024,1370,SECRETARIA DE ESTADO DE MEIO AMBIENTE E DESENVOLVIMENTO SUSTENTÁVEL - SEMAD,1371,SECRETARIA DE ESTADO DE MEIO AMBIENTE E DESENVOLVIMENTO SUSTENTÁVEL - SEMAD,17,512,21,4,28,4028,1,3,3,72,1,0,SANEAMENTO E RESÍDUOS ESPECIAIS,"PROMOÇÃO DAS POLÍTICAS PÚBLICAS DE ABASTECIMENTO DE ÁGUA, ESGOTAMENTO SANITÁRIO E DRENAGEM DE ÁGUAS PLUVIAIS",2346035,2459583,2578627,2703432
2024,1370,SECRETARIA DE ESTADO DE MEIO AMBIENTE E DESENVOLVIMENTO SUSTENTÁVEL - SEMAD,1371,SECRETARIA DE ESTADO DE MEIO AMBIENTE E DESENVOLVIMENTO SUSTENTÁVEL - SEMAD,17,512,21,4,28,4028,1,3,3,94,1,0,SANEAMENTO E RESÍDUOS ESPECIAIS,"PROMOÇÃO DAS POLÍTICAS PÚBLICAS DE ABASTECIMENTO DE ÁGUA, ESGOTAMENTO SANITÁRIO E DRENAGEM DE ÁGUAS PLUVIAIS",779400,817123,817123,817123
2024,1370,SECRETARIA DE ESTADO DE MEIO AMBIENTE E DESENVOLVIMENTO SUSTENTÁVEL - SEMAD,1371,SECRETARIA DE ESTADO DE MEIO AMBIENTE E DESENVOLVIMENTO SUSTENTÁVEL - SEMAD,17,512,21,4,28,4028,1,4,4,24,1,0,SANEAMENTO E RESÍDUOS ESPECIAIS,"PROMOÇÃO DAS POLÍTICAS PÚBLICAS DE ABASTECIMENTO DE ÁGUA, ESGOTAMENTO SANITÁRIO E DRENAGEM DE ÁGUAS PLUVIAIS",388574,0,0,0
2024,1370,SECRETARIA DE ESTADO DE MEIO AMBIENTE E DESENVOLVIMENTO SUSTENTÁVEL - SEMAD,1371,SECRETARIA DE ESTADO DE MEIO AMBIENTE E DESENVOLVIMENTO SUSTENTÁVEL - SEMAD,17,512,21,4,37,4037,1,3,3,29,1,0,SANEAMENTO E RESÍDUOS ESPECIAIS,GESTÃO DE RESÍDUOS E CENTRO MINEIRO DE REFERÊNCIA EM RESÍDUOS,195611,205079,205079,205079
2024,1370,SECRETARIA DE ESTADO DE MEIO AMBIENTE E DESENVOLVIMENTO SUSTENTÁVEL - SEMAD,1371,SECRETARIA DE ESTADO DE MEIO AMBIENTE E DESENVOLVIMENTO SUSTENTÁVEL - SEMAD,17,512,21,4,37,4037,1,3,3,72,1,0,SANEAMENTO E RESÍDUOS ESPECIAIS,GESTÃO DE RESÍDUOS E CENTRO MINEIRO DE REFERÊNCIA EM RESÍDUOS,4887200,5123740,5371730,5631721
2024,1370,SECRETARIA DE ESTADO DE MEIO AMBIENTE E DESENVOLVIMENTO SUSTENTÁVEL - SEMAD,1371,SECRETARIA DE ESTADO DE MEIO AMBIENTE E DESENVOLVIMENTO SUSTENTÁVEL - SEMAD,17,512,21,4,37,4037,1,3,3,94,1,0,SANEAMENTO E RESÍDUOS ESPECIAIS,GESTÃO DE RESÍDUOS E CENTRO MINEIRO DE REFERÊNCIA EM RESÍDUOS,50400,52839,52839,52839
2024,1370,SECRETARIA DE ESTADO DE MEIO AMBIENTE E DESENVOLVIMENTO SUSTENTÁVEL - SEMAD,1371,SECRETARIA DE ESTADO DE MEIO AMBIENTE E DESENVOLVIMENTO SUSTENTÁVEL - SEMAD,17,512,21,4,37,4037,1,4,4,72,1,0,SANEAMENTO E RESÍDUOS ESPECIAIS,GESTÃO DE RESÍDUOS E CENTRO MINEIRO DE REFERÊNCIA EM RESÍDUOS,120000,120000,120000,120000
2024,1370,SECRETARIA DE ESTADO DE MEIO AMBIENTE E DESENVOLVIMENTO SUSTENTÁVEL - SEMAD,1371,SECRETARIA DE ESTADO DE MEIO AMBIENTE E DESENVOLVIMENTO SUSTENTÁVEL - SEMAD,17,512,21,4,44,4044,1,3,3,29,1,0,SANEAMENTO E RESÍDUOS ESPECIAIS,BOLSA RECICLAGEM,3500000,3669400,3669400,3669400
2024,1370,SECRETARIA DE ESTADO DE MEIO AMBIENTE E DESENVOLVIMENTO SUSTENTÁVEL - SEMAD,1371,SECRETARIA DE ESTADO DE MEIO AMBIENTE E DESENVOLVIMENTO SUSTENTÁVEL - SEMAD,18,541,27,4,45,4045,1,3,1,72,1,0,GESTÃO AMBIENTAL,GESTÃO E PLANEJAMENTO AMBIENTAL,3289604,3388950,3490619,3595337
2024,1370,SECRETARIA DE ESTADO DE MEIO AMBIENTE E DESENVOLVIMENTO SUSTENTÁVEL - SEMAD,1371,SECRETARIA DE ESTADO DE MEIO AMBIENTE E DESENVOLVIMENTO SUSTENTÁVEL - SEMAD,18,541,27,4,45,4045,1,3,3,29,1,0,GESTÃO AMBIENTAL,GESTÃO E PLANEJAMENTO AMBIENTAL,20000,20968,20968,20968
2024,1370,SECRETARIA DE ESTADO DE MEIO AMBIENTE E DESENVOLVIMENTO SUSTENTÁVEL - SEMAD,1371,SECRETARIA DE ESTADO DE MEIO AMBIENTE E DESENVOLVIMENTO SUSTENTÁVEL - SEMAD,18,541,27,4,45,4045,1,3,3,31,7,0,GESTÃO AMBIENTAL,GESTÃO E PLANEJAMENTO AMBIENTAL,903932,926068,948746,971979
2024,1370,SECRETARIA DE ESTADO DE MEIO AMBIENTE E DESENVOLVIMENTO SUSTENTÁVEL - SEMAD,1371,SECRETARIA DE ESTADO DE MEIO AMBIENTE E DESENVOLVIMENTO SUSTENTÁVEL - SEMAD,18,541,27,4,45,4045,1,3,3,72,1,0,GESTÃO AMBIENTAL,GESTÃO E PLANEJAMENTO AMBIENTAL,990798,1038753,1089028,1141737
2024,1370,SECRETARIA DE ESTADO DE MEIO AMBIENTE E DESENVOLVIMENTO SUSTENTÁVEL - SEMAD,1371,SECRETARIA DE ESTADO DE MEIO AMBIENTE E DESENVOLVIMENTO SUSTENTÁVEL - SEMAD,18,541,27,4,45,4045,1,3,3,94,1,0,GESTÃO AMBIENTAL,GESTÃO E PLANEJAMENTO AMBIENTAL,575200,603040,603040,603040
2024,1370,SECRETARIA DE ESTADO DE MEIO AMBIENTE E DESENVOLVIMENTO SUSTENTÁVEL - SEMAD,1371,SECRETARIA DE ESTADO DE MEIO AMBIENTE E DESENVOLVIMENTO SUSTENTÁVEL - SEMAD,18,541,27,4,46,4046,1,3,1,72,1,0,GESTÃO AMBIENTAL,MUDANÇAS CLIMÁTICAS E QUALIDADE AMBIENTAL,47693738,49134089,50608112,52126355
2024,1370,SECRETARIA DE ESTADO DE MEIO AMBIENTE E DESENVOLVIMENTO SUSTENTÁVEL - SEMAD,1371,SECRETARIA DE ESTADO DE MEIO AMBIENTE E DESENVOLVIMENTO SUSTENTÁVEL - SEMAD,18,541,27,4,46,4046,1,3,1,95,1,0,GESTÃO AMBIENTAL,MUDANÇAS CLIMÁTICAS E QUALIDADE AMBIENTAL,225602,0,0,0
2024,1370,SECRETARIA DE ESTADO DE MEIO AMBIENTE E DESENVOLVIMENTO SUSTENTÁVEL - SEMAD,1371,SECRETARIA DE ESTADO DE MEIO AMBIENTE E DESENVOLVIMENTO SUSTENTÁVEL - SEMAD,18,541,27,4,46,4046,1,3,3,29,1,0,GESTÃO AMBIENTAL,MUDANÇAS CLIMÁTICAS E QUALIDADE AMBIENTAL,420000,440327,440327,440327
2024,1370,SECRETARIA DE ESTADO DE MEIO AMBIENTE E DESENVOLVIMENTO SUSTENTÁVEL - SEMAD,1371,SECRETARIA DE ESTADO DE MEIO AMBIENTE E DESENVOLVIMENTO SUSTENTÁVEL - SEMAD,18,541,27,4,46,4046,1,3,3,31,7,0,GESTÃO AMBIENTAL,MUDANÇAS CLIMÁTICAS E QUALIDADE AMBIENTAL,13328062,13654445,13988822,14331389
2024,1370,SECRETARIA DE ESTADO DE MEIO AMBIENTE E DESENVOLVIMENTO SUSTENTÁVEL - SEMAD,1371,SECRETARIA DE ESTADO DE MEIO AMBIENTE E DESENVOLVIMENTO SUSTENTÁVEL - SEMAD,18,541,27,4,46,4046,1,3,3,72,1,0,GESTÃO AMBIENTAL,MUDANÇAS CLIMÁTICAS E QUALIDADE AMBIENTAL,638031,668911,701288,735230
2024,1370,SECRETARIA DE ESTADO DE MEIO AMBIENTE E DESENVOLVIMENTO SUSTENTÁVEL - SEMAD,1371,SECRETARIA DE ESTADO DE MEIO AMBIENTE E DESENVOLVIMENTO SUSTENTÁVEL - SEMAD,18,541,27,4,46,4046,1,3,3,94,1,0,GESTÃO AMBIENTAL,MUDANÇAS CLIMÁTICAS E QUALIDADE AMBIENTAL,75600,79258,79258,79258
2024,1370,SECRETARIA DE ESTADO DE MEIO AMBIENTE E DESENVOLVIMENTO SUSTENTÁVEL - SEMAD,1371,SECRETARIA DE ESTADO DE MEIO AMBIENTE E DESENVOLVIMENTO SUSTENTÁVEL - SEMAD,18,541,27,4,46,4046,1,3,3,95,1,0,GESTÃO AMBIENTAL,MUDANÇAS CLIMÁTICAS E QUALIDADE AMBIENTAL,0,0,0,0
2024,1370,SECRETARIA DE ESTADO DE MEIO AMBIENTE E DESENVOLVIMENTO SUSTENTÁVEL - SEMAD,1371,SECRETARIA DE ESTADO DE MEIO AMBIENTE E DESENVOLVIMENTO SUSTENTÁVEL - SEMAD,18,541,27,4,46,4046,1,3,3,95,7,0,GESTÃO AMBIENTAL,MUDANÇAS CLIMÁTICAS E QUALIDADE AMBIENTAL,103919,0,0,0
2024,1370,SECRETARIA DE ESTADO DE MEIO AMBIENTE E DESENVOLVIMENTO SUSTENTÁVEL - SEMAD,1371,SECRETARIA DE ESTADO DE MEIO AMBIENTE E DESENVOLVIMENTO SUSTENTÁVEL - SEMAD,18,541,27,4,46,4046,1,4,4,72,1,0,GESTÃO AMBIENTAL,MUDANÇAS CLIMÁTICAS E QUALIDADE AMBIENTAL,2565000,2565000,2565000,2565000
2024,1370,SECRETARIA DE ESTADO DE MEIO AMBIENTE E DESENVOLVIMENTO SUSTENTÁVEL - SEMAD,1371,SECRETARIA DE ESTADO DE MEIO AMBIENTE E DESENVOLVIMENTO SUSTENTÁVEL - SEMAD,18,541,27,4,47,4047,1,3,3,29,1,0,GESTÃO AMBIENTAL,PROMOÇÃO DAS POLÍTICAS PÚBLICAS DE PROTEÇÃO À FAUNA DOMÉSTICA,161473,169288,169288,169288
2024,1370,SECRETARIA DE ESTADO DE MEIO AMBIENTE E DESENVOLVIMENTO SUSTENTÁVEL - SEMAD,1371,SECRETARIA DE ESTADO DE MEIO AMBIENTE E DESENVOLVIMENTO SUSTENTÁVEL - SEMAD,18,541,27,4,47,4047,1,3,3,72,1,0,GESTÃO AMBIENTAL,PROMOÇÃO DAS POLÍTICAS PÚBLICAS DE PROTEÇÃO À FAUNA DOMÉSTICA,1477957,1549490,1624485,1703111
2024,1370,SECRETARIA DE ESTADO DE MEIO AMBIENTE E DESENVOLVIMENTO SUSTENTÁVEL - SEMAD,1371,SECRETARIA DE ESTADO DE MEIO AMBIENTE E DESENVOLVIMENTO SUSTENTÁVEL - SEMAD,18,541,27,4,47,4047,1,3,3,94,1,0,GESTÃO AMBIENTAL,PROMOÇÃO DAS POLÍTICAS PÚBLICAS DE PROTEÇÃO À FAUNA DOMÉSTICA,578650,606657,606657,606657
2024,1370,SECRETARIA DE ESTADO DE MEIO AMBIENTE E DESENVOLVIMENTO SUSTENTÁVEL - SEMAD,1371,SECRETARIA DE ESTADO DE MEIO AMBIENTE E DESENVOLVIMENTO SUSTENTÁVEL - SEMAD,18,541,27,4,47,4047,1,4,4,72,1,0,GESTÃO AMBIENTAL,PROMOÇÃO DAS POLÍTICAS PÚBLICAS DE PROTEÇÃO À FAUNA DOMÉSTICA,50000,50000,50000,50000
2024,1370,SECRETARIA DE ESTADO DE MEIO AMBIENTE E DESENVOLVIMENTO SUSTENTÁVEL - SEMAD,1371,SECRETARIA DE ESTADO DE MEIO AMBIENTE E DESENVOLVIMENTO SUSTENTÁVEL - SEMAD,18,542,25,4,38,4038,1,3,1,72,1,0,"MONITORAMENTO, CONTROLE E FISCALIZAÇÃO AMBIENTAL",FISCALIZAÇÃO AMBIENTAL,19059395,19634989,20224039,20830760
2024,1370,SECRETARIA DE ESTADO DE MEIO AMBIENTE E DESENVOLVIMENTO SUSTENTÁVEL - SEMAD,1371,SECRETARIA DE ESTADO DE MEIO AMBIENTE E DESENVOLVIMENTO SUSTENTÁVEL - SEMAD,18,542,25,4,38,4038,1,3,3,31,7,0,"MONITORAMENTO, CONTROLE E FISCALIZAÇÃO AMBIENTAL",FISCALIZAÇÃO AMBIENTAL,4281385,4386230,4493642,4603684
2024,1370,SECRETARIA DE ESTADO DE MEIO AMBIENTE E DESENVOLVIMENTO SUSTENTÁVEL - SEMAD,1371,SECRETARIA DE ESTADO DE MEIO AMBIENTE E DESENVOLVIMENTO SUSTENTÁVEL - SEMAD,18,542,25,4,38,4038,1,3,3,52,2,0,"MONITORAMENTO, CONTROLE E FISCALIZAÇÃO AMBIENTAL",FISCALIZAÇÃO AMBIENTAL,12500004,0,0,0
2024,1370,SECRETARIA DE ESTADO DE MEIO AMBIENTE E DESENVOLVIMENTO SUSTENTÁVEL - SEMAD,1371,SECRETARIA DE ESTADO DE MEIO AMBIENTE E DESENVOLVIMENTO SUSTENTÁVEL - SEMAD,18,542,25,4,38,4038,1,3,3,72,1,0,"MONITORAMENTO, CONTROLE E FISCALIZAÇÃO AMBIENTAL",FISCALIZAÇÃO AMBIENTAL,3614041,3788961,3972346,4164608
2024,1370,SECRETARIA DE ESTADO DE MEIO AMBIENTE E DESENVOLVIMENTO SUSTENTÁVEL - SEMAD,1371,SECRETARIA DE ESTADO DE MEIO AMBIENTE E DESENVOLVIMENTO SUSTENTÁVEL - SEMAD,18,542,25,4,38,4038,1,3,3,94,1,0,"MONITORAMENTO, CONTROLE E FISCALIZAÇÃO AMBIENTAL",FISCALIZAÇÃO AMBIENTAL,1349400,1414711,1414711,1414711
2024,1370,SECRETARIA DE ESTADO DE MEIO AMBIENTE E DESENVOLVIMENTO SUSTENTÁVEL - SEMAD,1371,SECRETARIA DE ESTADO DE MEIO AMBIENTE E DESENVOLVIMENTO SUSTENTÁVEL - SEMAD,18,542,25,4,38,4038,1,3,3,95,1,0,"MONITORAMENTO, CONTROLE E FISCALIZAÇÃO AMBIENTAL",FISCALIZAÇÃO AMBIENTAL,250000,0,0,0
2024,1370,SECRETARIA DE ESTADO DE MEIO AMBIENTE E DESENVOLVIMENTO SUSTENTÁVEL - SEMAD,1371,SECRETARIA DE ESTADO DE MEIO AMBIENTE E DESENVOLVIMENTO SUSTENTÁVEL - SEMAD,18,542,25,4,38,4038,1,4,4,72,1,0,"MONITORAMENTO, CONTROLE E FISCALIZAÇÃO AMBIENTAL",FISCALIZAÇÃO AMBIENTAL,31563,31563,31563,31563
2024,1370,SECRETARIA DE ESTADO DE MEIO AMBIENTE E DESENVOLVIMENTO SUSTENTÁVEL - SEMAD,1371,SECRETARIA DE ESTADO DE MEIO AMBIENTE E DESENVOLVIMENTO SUSTENTÁVEL - SEMAD,18,542,25,4,38,4038,1,4,4,95,1,0,"MONITORAMENTO, CONTROLE E FISCALIZAÇÃO AMBIENTAL",FISCALIZAÇÃO AMBIENTAL,120000,0,0,0
2024,1370,SECRETARIA DE ESTADO DE MEIO AMBIENTE E DESENVOLVIMENTO SUSTENTÁVEL - SEMAD,1371,SECRETARIA DE ESTADO DE MEIO AMBIENTE E DESENVOLVIMENTO SUSTENTÁVEL - SEMAD,18,542,25,4,39,4039,1,3,1,72,1,0,"MONITORAMENTO, CONTROLE E FISCALIZAÇÃO AMBIENTAL",ATENDIMENTO DE DENÚNCIAS E DE REQUISIÇÕES,2845338,2931267,3019205,3109781
2024,1370,SECRETARIA DE ESTADO DE MEIO AMBIENTE E DESENVOLVIMENTO SUSTENTÁVEL - SEMAD,1371,SECRETARIA DE ESTADO DE MEIO AMBIENTE E DESENVOLVIMENTO SUSTENTÁVEL - SEMAD,18,542,25,4,39,4039,1,3,3,31,7,0,"MONITORAMENTO, CONTROLE E FISCALIZAÇÃO AMBIENTAL",ATENDIMENTO DE DENÚNCIAS E DE REQUISIÇÕES,810486,830334,850667,871499
2024,1370,SECRETARIA DE ESTADO DE MEIO AMBIENTE E DESENVOLVIMENTO SUSTENTÁVEL - SEMAD,1371,SECRETARIA DE ESTADO DE MEIO AMBIENTE E DESENVOLVIMENTO SUSTENTÁVEL - SEMAD,18,542,25,4,39,4039,1,3,3,72,1,0,"MONITORAMENTO, CONTROLE E FISCALIZAÇÃO AMBIENTAL",ATENDIMENTO DE DENÚNCIAS E DE REQUISIÇÕES,106172,111311,116698,122346
2024,1370,SECRETARIA DE ESTADO DE MEIO AMBIENTE E DESENVOLVIMENTO SUSTENTÁVEL - SEMAD,1371,SECRETARIA DE ESTADO DE MEIO AMBIENTE E DESENVOLVIMENTO SUSTENTÁVEL - SEMAD,18,542,25,4,39,4039,1,4,4,72,1,0,"MONITORAMENTO, CONTROLE E FISCALIZAÇÃO AMBIENTAL",ATENDIMENTO DE DENÚNCIAS E DE REQUISIÇÕES,31041,31041,31041,31041
2024,1370,SECRETARIA DE ESTADO DE MEIO AMBIENTE E DESENVOLVIMENTO SUSTENTÁVEL - SEMAD,1371,SECRETARIA DE ESTADO DE MEIO AMBIENTE E DESENVOLVIMENTO SUSTENTÁVEL - SEMAD,18,542,25,4,40,4040,1,3,3,72,1,0,"MONITORAMENTO, CONTROLE E FISCALIZAÇÃO AMBIENTAL",AMPLIAÇÃO DA FISCALIZAÇÃO PREVENTIVA,39800,41726,43746,45863
2024,1370,SECRETARIA DE ESTADO DE MEIO AMBIENTE E DESENVOLVIMENTO SUSTENTÁVEL - SEMAD,1371,SECRETARIA DE ESTADO DE MEIO AMBIENTE E DESENVOLVIMENTO SUSTENTÁVEL - SEMAD,18,542,25,4,53,4053,1,3,3,72,1,0,"MONITORAMENTO, CONTROLE E FISCALIZAÇÃO AMBIENTAL",PREVENÇÃO E ATENDIMENTO A ACIDENTES E EMERGÊNCIAS AMBIENTAIS,563668,590950,619551,649538
2024,1370,SECRETARIA DE ESTADO DE MEIO AMBIENTE E DESENVOLVIMENTO SUSTENTÁVEL - SEMAD,1371,SECRETARIA DE ESTADO DE MEIO AMBIENTE E DESENVOLVIMENTO SUSTENTÁVEL - SEMAD,18,542,25,4,53,4053,1,3,3,94,1,0,"MONITORAMENTO, CONTROLE E FISCALIZAÇÃO AMBIENTAL",PREVENÇÃO E ATENDIMENTO A ACIDENTES E EMERGÊNCIAS AMBIENTAIS,25200,26420,26420,26420
2024,1370,SECRETARIA DE ESTADO DE MEIO AMBIENTE E DESENVOLVIMENTO SUSTENTÁVEL - SEMAD,1371,SECRETARIA DE ESTADO DE MEIO AMBIENTE E DESENVOLVIMENTO SUSTENTÁVEL - SEMAD,18,542,705,1,74,1074,1,4,4,95,1,0,APOIO ÀS POLÍTICAS PÚBLICAS,TRANSFORMAÇÃO DIGITAL DO SISEMA,5505517,0,0,0
2024,1370,SECRETARIA DE ESTADO DE MEIO AMBIENTE E DESENVOLVIMENTO SUSTENTÁVEL - SEMAD,2091,FUNDAÇÃO ESTADUAL DO MEIO AMBIENTE - FEAM,4,122,705,2,500,2500,1,3,1,60,1,0,APOIO ÀS POLÍTICAS PÚBLICAS,ASSESSORAMENTO E GERENCIAMENTO DE POLÍTICAS PÚBLICAS,7539315,8249369,8451384,8658346
2024,1370,SECRETARIA DE ESTADO DE MEIO AMBIENTE E DESENVOLVIMENTO SUSTENTÁVEL - SEMAD,2091,FUNDAÇÃO ESTADUAL DO MEIO AMBIENTE - FEAM,4,122,705,2,500,2500,1,3,1,72,1,0,APOIO ÀS POLÍTICAS PÚBLICAS,ASSESSORAMENTO E GERENCIAMENTO DE POLÍTICAS PÚBLICAS,13924334,11059547,11330379,11607843
2024,1370,SECRETARIA DE ESTADO DE MEIO AMBIENTE E DESENVOLVIMENTO SUSTENTÁVEL - SEMAD,2091,FUNDAÇÃO ESTADUAL DO MEIO AMBIENTE - FEAM,4,122,705,2,500,2500,1,3,3,52,1,0,APOIO ÀS POLÍTICAS PÚBLICAS,ASSESSORAMENTO E GERENCIAMENTO DE POLÍTICAS PÚBLICAS,389782,389782,389782,389782
2024,1370,SECRETARIA DE ESTADO DE MEIO AMBIENTE E DESENVOLVIMENTO SUSTENTÁVEL - SEMAD,2091,FUNDAÇÃO ESTADUAL DO MEIO AMBIENTE - FEAM,4,122,705,2,500,2500,1,3,3,60,1,0,APOIO ÀS POLÍTICAS PÚBLICAS,ASSESSORAMENTO E GERENCIAMENTO DE POLÍTICAS PÚBLICAS,0,0,0,0
2024,1370,SECRETARIA DE ESTADO DE MEIO AMBIENTE E DESENVOLVIMENTO SUSTENTÁVEL - SEMAD,2091,FUNDAÇÃO ESTADUAL DO MEIO AMBIENTE - FEAM,4,122,705,2,500,2500,1,3,3,72,1,0,APOIO ÀS POLÍTICAS PÚBLICAS,ASSESSORAMENTO E GERENCIAMENTO DE POLÍTICAS PÚBLICAS,13705966,13705966,13705966,13705966
2024,1370,SECRETARIA DE ESTADO DE MEIO AMBIENTE E DESENVOLVIMENTO SUSTENTÁVEL - SEMAD,2091,FUNDAÇÃO ESTADUAL DO MEIO AMBIENTE - FEAM,4,122,705,2,500,2500,1,3,3,72,7,0,APOIO ÀS POLÍTICAS PÚBLICAS,ASSESSORAMENTO E GERENCIAMENTO DE POLÍTICAS PÚBLICAS,4185767,4250238,4474287,4537819
2024,1370,SECRETARIA DE ESTADO DE MEIO AMBIENTE E DESENVOLVIMENTO SUSTENTÁVEL - SEMAD,2091,FUNDAÇÃO ESTADUAL DO MEIO AMBIENTE - FEAM,4,122,705,2,500,2500,1,4,4,47,1,0,APOIO ÀS POLÍTICAS PÚBLICAS,ASSESSORAMENTO E GERENCIAMENTO DE POLÍTICAS PÚBLICAS,5000,5000,5000,5000
2024,1370,SECRETARIA DE ESTADO DE MEIO AMBIENTE E DESENVOLVIMENTO SUSTENTÁVEL - SEMAD,2091,FUNDAÇÃO ESTADUAL DO MEIO AMBIENTE - FEAM,4,122,705,2,500,2500,1,4,4,72,1,0,APOIO ÀS POLÍTICAS PÚBLICAS,ASSESSORAMENTO E GERENCIAMENTO DE POLÍTICAS PÚBLICAS,11670,0,0,0
2024,1370,SECRETARIA DE ESTADO DE MEIO AMBIENTE E DESENVOLVIMENTO SUSTENTÁVEL - SEMAD,2091,FUNDAÇÃO ESTADUAL DO MEIO AMBIENTE - FEAM,18,541,40,4,69,4069,1,3,1,72,1,0,RECUPERAÇÃO AMBIENTAL E GESTÃO DE BARRAGENS,GESTÃO DE BARRAGENS,2094909,2146211,2198769,2252614
2024,1370,SECRETARIA DE ESTADO DE MEIO AMBIENTE E DESENVOLVIMENTO SUSTENTÁVEL - SEMAD,2091,FUNDAÇÃO ESTADUAL DO MEIO AMBIENTE - FEAM,18,541,40,4,69,4069,1,3,3,72,1,0,RECUPERAÇÃO AMBIENTAL E GESTÃO DE BARRAGENS,GESTÃO DE BARRAGENS,2126708,3126708,3126708,3126708
2024,1370,SECRETARIA DE ESTADO DE MEIO AMBIENTE E DESENVOLVIMENTO SUSTENTÁVEL - SEMAD,2091,FUNDAÇÃO ESTADUAL DO MEIO AMBIENTE - FEAM,18,541,40,4,69,4069,1,3,3,72,7,0,RECUPERAÇÃO AMBIENTAL E GESTÃO DE BARRAGENS,GESTÃO DE BARRAGENS,474553,486175,498081,510279
2024,1370,SECRETARIA DE ESTADO DE MEIO AMBIENTE E DESENVOLVIMENTO SUSTENTÁVEL - SEMAD,2091,FUNDAÇÃO ESTADUAL DO MEIO AMBIENTE - FEAM,18,541,40,4,69,4069,1,3,3,95,1,0,RECUPERAÇÃO AMBIENTAL E GESTÃO DE BARRAGENS,GESTÃO DE BARRAGENS,300000,0,0,0
2024,1370,SECRETARIA DE ESTADO DE MEIO AMBIENTE E DESENVOLVIMENTO SUSTENTÁVEL - SEMAD,2091,FUNDAÇÃO ESTADUAL DO MEIO AMBIENTE - FEAM,18,542,41,4,71,4071,1,3,1,60,1,0,REGULARIZAÇÃO AMBIENTAL,LICENCIAMENTO AMBIENTAL,3185606,2354015,2552085,2759219
2024,1370,SECRETARIA DE ESTADO DE MEIO AMBIENTE E DESENVOLVIMENTO SUSTENTÁVEL - SEMAD,2091,FUNDAÇÃO ESTADUAL DO MEIO AMBIENTE - FEAM,18,542,41,4,71,4071,1,3,1,72,1,0,REGULARIZAÇÃO AMBIENTAL,LICENCIAMENTO AMBIENTAL,0,2299514,2473504,2654550
2024,1370,SECRETARIA DE ESTADO DE MEIO AMBIENTE E DESENVOLVIMENTO SUSTENTÁVEL - SEMAD,2091,FUNDAÇÃO ESTADUAL DO MEIO AMBIENTE - FEAM,18,542,41,4,71,4071,1,3,3,52,1,0,REGULARIZAÇÃO AMBIENTAL,LICENCIAMENTO AMBIENTAL,0,18865,38644,59380
2024,1370,SECRETARIA DE ESTADO DE MEIO AMBIENTE E DESENVOLVIMENTO SUSTENTÁVEL - SEMAD,2091,FUNDAÇÃO ESTADUAL DO MEIO AMBIENTE - FEAM,18,542,41,4,71,4071,1,3,3,72,1,0,REGULARIZAÇÃO AMBIENTAL,LICENCIAMENTO AMBIENTAL,7307896,6495425,6495425,6495425
2024,1370,SECRETARIA DE ESTADO DE MEIO AMBIENTE E DESENVOLVIMENTO SUSTENTÁVEL - SEMAD,2091,FUNDAÇÃO ESTADUAL DO MEIO AMBIENTE - FEAM,18,542,41,4,71,4071,1,3,3,72,7,0,REGULARIZAÇÃO AMBIENTAL,LICENCIAMENTO AMBIENTAL,590104,642649,538485,597775
2024,1370,SECRETARIA DE ESTADO DE MEIO AMBIENTE E DESENVOLVIMENTO SUSTENTÁVEL - SEMAD,2091,FUNDAÇÃO ESTADUAL DO MEIO AMBIENTE - FEAM,18,542,41,4,71,4071,1,4,4,72,1,0,REGULARIZAÇÃO AMBIENTAL,LICENCIAMENTO AMBIENTAL,3995,0,0,0
2024,1370,SECRETARIA DE ESTADO DE MEIO AMBIENTE E DESENVOLVIMENTO SUSTENTÁVEL - SEMAD,2091,FUNDAÇÃO ESTADUAL DO MEIO AMBIENTE - FEAM,18,542,41,4,72,4072,1,3,1,60,1,0,REGULARIZAÇÃO AMBIENTAL,APOIO AO LICENCIAMENTO AMBIENTAL MUNICIPAL,0,454802,395728,333101
2024,1370,SECRETARIA DE ESTADO DE MEIO AMBIENTE E DESENVOLVIMENTO SUSTENTÁVEL - SEMAD,2091,FUNDAÇÃO ESTADUAL DO MEIO AMBIENTE - FEAM,18,542,41,4,72,4072,1,3,1,72,1,0,REGULARIZAÇÃO AMBIENTAL,APOIO AO LICENCIAMENTO AMBIENTAL MUNICIPAL,393623,1403263,1413139,1423257
2024,1370,SECRETARIA DE ESTADO DE MEIO AMBIENTE E DESENVOLVIMENTO SUSTENTÁVEL - SEMAD,2091,FUNDAÇÃO ESTADUAL DO MEIO AMBIENTE - FEAM,18,542,41,4,72,4072,1,3,3,72,1,0,REGULARIZAÇÃO AMBIENTAL,APOIO AO LICENCIAMENTO AMBIENTAL MUNICIPAL,753729,753729,753729,753729
2024,1370,SECRETARIA DE ESTADO DE MEIO AMBIENTE E DESENVOLVIMENTO SUSTENTÁVEL - SEMAD,2091,FUNDAÇÃO ESTADUAL DO MEIO AMBIENTE - FEAM,18,542,41,4,72,4072,1,3,3,72,7,0,REGULARIZAÇÃO AMBIENTAL,APOIO AO LICENCIAMENTO AMBIENTAL MUNICIPAL,40616,41611,42630,43674
2024,1370,SECRETARIA DE ESTADO DE MEIO AMBIENTE E DESENVOLVIMENTO SUSTENTÁVEL - SEMAD,2091,FUNDAÇÃO ESTADUAL DO MEIO AMBIENTE - FEAM,18,543,40,4,70,4070,1,3,1,60,1,0,RECUPERAÇÃO AMBIENTAL E GESTÃO DE BARRAGENS,GESTÃO E RECUPERAÇÃO DE ÁREAS DEGRADADAS E CONTAMINADAS,1641196,1681388,1722564,1764748
2024,1370,SECRETARIA DE ESTADO DE MEIO AMBIENTE E DESENVOLVIMENTO SUSTENTÁVEL - SEMAD,2091,FUNDAÇÃO ESTADUAL DO MEIO AMBIENTE - FEAM,18,543,40,4,70,4070,1,3,1,95,1,0,RECUPERAÇÃO AMBIENTAL E GESTÃO DE BARRAGENS,GESTÃO E RECUPERAÇÃO DE ÁREAS DEGRADADAS E CONTAMINADAS,436258,460032,471298,482840
2024,1370,SECRETARIA DE ESTADO DE MEIO AMBIENTE E DESENVOLVIMENTO SUSTENTÁVEL - SEMAD,2091,FUNDAÇÃO ESTADUAL DO MEIO AMBIENTE - FEAM,18,543,40,4,70,4070,1,3,3,24,1,0,RECUPERAÇÃO AMBIENTAL E GESTÃO DE BARRAGENS,GESTÃO E RECUPERAÇÃO DE ÁREAS DEGRADADAS E CONTAMINADAS,693272,0,0,0
2024,1370,SECRETARIA DE ESTADO DE MEIO AMBIENTE E DESENVOLVIMENTO SUSTENTÁVEL - SEMAD,2091,FUNDAÇÃO ESTADUAL DO MEIO AMBIENTE - FEAM,18,543,40,4,70,4070,1,3,3,45,1,0,RECUPERAÇÃO AMBIENTAL E GESTÃO DE BARRAGENS,GESTÃO E RECUPERAÇÃO DE ÁREAS DEGRADADAS E CONTAMINADAS,281000,281000,281000,281000
2024,1370,SECRETARIA DE ESTADO DE MEIO AMBIENTE E DESENVOLVIMENTO SUSTENTÁVEL - SEMAD,2091,FUNDAÇÃO ESTADUAL DO MEIO AMBIENTE - FEAM,18,543,40,4,70,4070,1,3,3,72,1,0,RECUPERAÇÃO AMBIENTAL E GESTÃO DE BARRAGENS,GESTÃO E RECUPERAÇÃO DE ÁREAS DEGRADADAS E CONTAMINADAS,641432,1641432,1641432,1641432
2024,1370,SECRETARIA DE ESTADO DE MEIO AMBIENTE E DESENVOLVIMENTO SUSTENTÁVEL - SEMAD,2091,FUNDAÇÃO ESTADUAL DO MEIO AMBIENTE - FEAM,18,543,40,4,70,4070,1,3,3,72,7,0,RECUPERAÇÃO AMBIENTAL E GESTÃO DE BARRAGENS,GESTÃO E RECUPERAÇÃO DE ÁREAS DEGRADADAS E CONTAMINADAS,340253,348586,357123,365869
2024,1370,SECRETARIA DE ESTADO DE MEIO AMBIENTE E DESENVOLVIMENTO SUSTENTÁVEL - SEMAD,2091,FUNDAÇÃO ESTADUAL DO MEIO AMBIENTE - FEAM,18,543,40,4,70,4070,1,3,3,95,7,0,RECUPERAÇÃO AMBIENTAL E GESTÃO DE BARRAGENS,GESTÃO E RECUPERAÇÃO DE ÁREAS DEGRADADAS E CONTAMINADAS,132000,67882,69545,71249
2024,1370,SECRETARIA DE ESTADO DE MEIO AMBIENTE E DESENVOLVIMENTO SUSTENTÁVEL - SEMAD,2091,FUNDAÇÃO ESTADUAL DO MEIO AMBIENTE - FEAM,18,543,40,4,70,4070,1,4,4,72,1,0,RECUPERAÇÃO AMBIENTAL E GESTÃO DE BARRAGENS,GESTÃO E RECUPERAÇÃO DE ÁREAS DEGRADADAS E CONTAMINADAS,5473946,5489611,5489611,5489611
2024,1370,SECRETARIA DE ESTADO DE MEIO AMBIENTE E DESENVOLVIMENTO SUSTENTÁVEL - SEMAD,2091,FUNDAÇÃO ESTADUAL DO MEIO AMBIENTE - FEAM,28,846,705,7,4,7004,1,3,1,60,9,0,APOIO ÀS POLÍTICAS PÚBLICAS,PRECATÓRIOS E SENTENÇAS JUDICIÁRIAS,528883,1000,1000,1000
2024,1370,SECRETARIA DE ESTADO DE MEIO AMBIENTE E DESENVOLVIMENTO SUSTENTÁVEL - SEMAD,2101,INSTITUTO ESTADUAL DE FLORESTAS - IEF,4,122,705,2,500,2500,1,3,1,26,1,0,APOIO ÀS POLÍTICAS PÚBLICAS,ASSESSORAMENTO E GERENCIAMENTO DE POLÍTICAS PÚBLICAS,72251106,74433089,76666084,78966066
2024,1370,SECRETARIA DE ESTADO DE MEIO AMBIENTE E DESENVOLVIMENTO SUSTENTÁVEL - SEMAD,2101,INSTITUTO ESTADUAL DE FLORESTAS - IEF,4,122,705,2,500,2500,1,3,1,72,1,0,APOIO ÀS POLÍTICAS PÚBLICAS,ASSESSORAMENTO E GERENCIAMENTO DE POLÍTICAS PÚBLICAS,7234680,7453167,7676763,7907065
2024,1370,SECRETARIA DE ESTADO DE MEIO AMBIENTE E DESENVOLVIMENTO SUSTENTÁVEL - SEMAD,2101,INSTITUTO ESTADUAL DE FLORESTAS - IEF,4,122,705,2,500,2500,1,3,3,9,1,0,APOIO ÀS POLÍTICAS PÚBLICAS,ASSESSORAMENTO E GERENCIAMENTO DE POLÍTICAS PÚBLICAS,7500,0,0,0
2024,1370,SECRETARIA DE ESTADO DE MEIO AMBIENTE E DESENVOLVIMENTO SUSTENTÁVEL - SEMAD,2101,INSTITUTO ESTADUAL DE FLORESTAS - IEF,4,122,705,2,500,2500,1,3,3,68,1,0,APOIO ÀS POLÍTICAS PÚBLICAS,ASSESSORAMENTO E GERENCIAMENTO DE POLÍTICAS PÚBLICAS,3500,0,0,0
2024,1370,SECRETARIA DE ESTADO DE MEIO AMBIENTE E DESENVOLVIMENTO SUSTENTÁVEL - SEMAD,2101,INSTITUTO ESTADUAL DE FLORESTAS - IEF,4,122,705,2,500,2500,1,3,3,69,1,0,APOIO ÀS POLÍTICAS PÚBLICAS,ASSESSORAMENTO E GERENCIAMENTO DE POLÍTICAS PÚBLICAS,74000,0,0,0
2024,1370,SECRETARIA DE ESTADO DE MEIO AMBIENTE E DESENVOLVIMENTO SUSTENTÁVEL - SEMAD,2101,INSTITUTO ESTADUAL DE FLORESTAS - IEF,4,122,705,2,500,2500,1,3,3,72,1,0,APOIO ÀS POLÍTICAS PÚBLICAS,ASSESSORAMENTO E GERENCIAMENTO DE POLÍTICAS PÚBLICAS,15215626,15952063,16724143,17533591
2024,1370,SECRETARIA DE ESTADO DE MEIO AMBIENTE E DESENVOLVIMENTO SUSTENTÁVEL - SEMAD,2101,INSTITUTO ESTADUAL DE FLORESTAS - IEF,4,122,705,2,500,2500,1,3,3,72,7,0,APOIO ÀS POLÍTICAS PÚBLICAS,ASSESSORAMENTO E GERENCIAMENTO DE POLÍTICAS PÚBLICAS,19108085,19576335,20056059,20547538
2024,1370,SECRETARIA DE ESTADO DE MEIO AMBIENTE E DESENVOLVIMENTO SUSTENTÁVEL - SEMAD,2101,INSTITUTO ESTADUAL DE FLORESTAS - IEF,18,541,31,4,54,4054,1,3,1,26,1,0,"PROTEÇÃO DAS ÁREAS AMBIENTALMENTE CONSERVADAS, DA FAUNA E DA BIODIVERSIDADE FLORESTAL",PREVENÇÃO E COMBATE A INCÊNDIOS FLORESTAIS,2400600,2473098,2547291,2623710
2024,1370,SECRETARIA DE ESTADO DE MEIO AMBIENTE E DESENVOLVIMENTO SUSTENTÁVEL - SEMAD,2101,INSTITUTO ESTADUAL DE FLORESTAS - IEF,18,541,31,4,54,4054,1,3,3,60,1,0,"PROTEÇÃO DAS ÁREAS AMBIENTALMENTE CONSERVADAS, DA FAUNA E DA BIODIVERSIDADE FLORESTAL",PREVENÇÃO E COMBATE A INCÊNDIOS FLORESTAIS,1752700,1837531,1926468,2019709
2024,1370,SECRETARIA DE ESTADO DE MEIO AMBIENTE E DESENVOLVIMENTO SUSTENTÁVEL - SEMAD,2101,INSTITUTO ESTADUAL DE FLORESTAS - IEF,18,541,31,4,54,4054,1,3,3,72,1,0,"PROTEÇÃO DAS ÁREAS AMBIENTALMENTE CONSERVADAS, DA FAUNA E DA BIODIVERSIDADE FLORESTAL",PREVENÇÃO E COMBATE A INCÊNDIOS FLORESTAIS,5385006,5645640,5918889,6205364
2024,1370,SECRETARIA DE ESTADO DE MEIO AMBIENTE E DESENVOLVIMENTO SUSTENTÁVEL - SEMAD,2101,INSTITUTO ESTADUAL DE FLORESTAS - IEF,18,541,31,4,54,4054,1,3,3,72,7,0,"PROTEÇÃO DAS ÁREAS AMBIENTALMENTE CONSERVADAS, DA FAUNA E DA BIODIVERSIDADE FLORESTAL",PREVENÇÃO E COMBATE A INCÊNDIOS FLORESTAIS,2130000,2182160,2235598,2290345
2024,1370,SECRETARIA DE ESTADO DE MEIO AMBIENTE E DESENVOLVIMENTO SUSTENTÁVEL - SEMAD,2101,INSTITUTO ESTADUAL DE FLORESTAS - IEF,18,541,31,4,54,4054,1,3,3,95,1,0,"PROTEÇÃO DAS ÁREAS AMBIENTALMENTE CONSERVADAS, DA FAUNA E DA BIODIVERSIDADE FLORESTAL",PREVENÇÃO E COMBATE A INCÊNDIOS FLORESTAIS,600000,0,0,0
2024,1370,SECRETARIA DE ESTADO DE MEIO AMBIENTE E DESENVOLVIMENTO SUSTENTÁVEL - SEMAD,2101,INSTITUTO ESTADUAL DE FLORESTAS - IEF,18,541,31,4,54,4054,1,4,4,60,1,0,"PROTEÇÃO DAS ÁREAS AMBIENTALMENTE CONSERVADAS, DA FAUNA E DA BIODIVERSIDADE FLORESTAL",PREVENÇÃO E COMBATE A INCÊNDIOS FLORESTAIS,4156993,4156993,4156993,4156993
2024,1370,SECRETARIA DE ESTADO DE MEIO AMBIENTE E DESENVOLVIMENTO SUSTENTÁVEL - SEMAD,2101,INSTITUTO ESTADUAL DE FLORESTAS - IEF,18,541,31,4,54,4054,1,4,4,72,1,0,"PROTEÇÃO DAS ÁREAS AMBIENTALMENTE CONSERVADAS, DA FAUNA E DA BIODIVERSIDADE FLORESTAL",PREVENÇÃO E COMBATE A INCÊNDIOS FLORESTAIS,727090,727090,727090,727090
2024,1370,SECRETARIA DE ESTADO DE MEIO AMBIENTE E DESENVOLVIMENTO SUSTENTÁVEL - SEMAD,2101,INSTITUTO ESTADUAL DE FLORESTAS - IEF,18,541,31,4,57,4057,1,3,3,95,1,1,"PROTEÇÃO DAS ÁREAS AMBIENTALMENTE CONSERVADAS, DA FAUNA E DA BIODIVERSIDADE FLORESTAL",PARC - PROGRAMA DE CONCESSÃO DE PARQUES ESTADUAIS,170000,0,0,0
2024,1370,SECRETARIA DE ESTADO DE MEIO AMBIENTE E DESENVOLVIMENTO SUSTENTÁVEL - SEMAD,2101,INSTITUTO ESTADUAL DE FLORESTAS - IEF,18,541,31,4,58,4058,1,3,1,26,1,0,"PROTEÇÃO DAS ÁREAS AMBIENTALMENTE CONSERVADAS, DA FAUNA E DA BIODIVERSIDADE FLORESTAL",PROTEÇÃO E CONSERVAÇÃO DA FAUNA SILVESTRE,3021247,3112489,3205863,3302039
2024,1370,SECRETARIA DE ESTADO DE MEIO AMBIENTE E DESENVOLVIMENTO SUSTENTÁVEL - SEMAD,2101,INSTITUTO ESTADUAL DE FLORESTAS - IEF,18,541,31,4,58,4058,1,3,1,72,1,0,"PROTEÇÃO DAS ÁREAS AMBIENTALMENTE CONSERVADAS, DA FAUNA E DA BIODIVERSIDADE FLORESTAL",PROTEÇÃO E CONSERVAÇÃO DA FAUNA SILVESTRE,302472,311607,320955,330584
2024,1370,SECRETARIA DE ESTADO DE MEIO AMBIENTE E DESENVOLVIMENTO SUSTENTÁVEL - SEMAD,2101,INSTITUTO ESTADUAL DE FLORESTAS - IEF,18,541,31,4,58,4058,1,3,1,95,1,0,"PROTEÇÃO DAS ÁREAS AMBIENTALMENTE CONSERVADAS, DA FAUNA E DA BIODIVERSIDADE FLORESTAL",PROTEÇÃO E CONSERVAÇÃO DA FAUNA SILVESTRE,190503,0,0,0
2024,1370,SECRETARIA DE ESTADO DE MEIO AMBIENTE E DESENVOLVIMENTO SUSTENTÁVEL - SEMAD,2101,INSTITUTO ESTADUAL DE FLORESTAS - IEF,18,541,31,4,58,4058,1,3,3,24,1,0,"PROTEÇÃO DAS ÁREAS AMBIENTALMENTE CONSERVADAS, DA FAUNA E DA BIODIVERSIDADE FLORESTAL",PROTEÇÃO E CONSERVAÇÃO DA FAUNA SILVESTRE,552090,0,0,0
2024,1370,SECRETARIA DE ESTADO DE MEIO AMBIENTE E DESENVOLVIMENTO SUSTENTÁVEL - SEMAD,2101,INSTITUTO ESTADUAL DE FLORESTAS - IEF,18,541,31,4,58,4058,1,3,3,52,1,0,"PROTEÇÃO DAS ÁREAS AMBIENTALMENTE CONSERVADAS, DA FAUNA E DA BIODIVERSIDADE FLORESTAL",PROTEÇÃO E CONSERVAÇÃO DA FAUNA SILVESTRE,2978156,3122299,3273418,3431851
2024,1370,SECRETARIA DE ESTADO DE MEIO AMBIENTE E DESENVOLVIMENTO SUSTENTÁVEL - SEMAD,2101,INSTITUTO ESTADUAL DE FLORESTAS - IEF,18,541,31,4,58,4058,1,3,3,72,1,0,"PROTEÇÃO DAS ÁREAS AMBIENTALMENTE CONSERVADAS, DA FAUNA E DA BIODIVERSIDADE FLORESTAL",PROTEÇÃO E CONSERVAÇÃO DA FAUNA SILVESTRE,3542297,3713744,3893489,4081934
2024,1370,SECRETARIA DE ESTADO DE MEIO AMBIENTE E DESENVOLVIMENTO SUSTENTÁVEL - SEMAD,2101,INSTITUTO ESTADUAL DE FLORESTAS - IEF,18,541,31,4,58,4058,1,3,3,72,3,0,"PROTEÇÃO DAS ÁREAS AMBIENTALMENTE CONSERVADAS, DA FAUNA E DA BIODIVERSIDADE FLORESTAL",PROTEÇÃO E CONSERVAÇÃO DA FAUNA SILVESTRE,10385,10888,11415,11967
2024,1370,SECRETARIA DE ESTADO DE MEIO AMBIENTE E DESENVOLVIMENTO SUSTENTÁVEL - SEMAD,2101,INSTITUTO ESTADUAL DE FLORESTAS - IEF,18,541,31,4,58,4058,1,3,3,72,7,0,"PROTEÇÃO DAS ÁREAS AMBIENTALMENTE CONSERVADAS, DA FAUNA E DA BIODIVERSIDADE FLORESTAL",PROTEÇÃO E CONSERVAÇÃO DA FAUNA SILVESTRE,649120,665016,681301,697985
2024,1370,SECRETARIA DE ESTADO DE MEIO AMBIENTE E DESENVOLVIMENTO SUSTENTÁVEL - SEMAD,2101,INSTITUTO ESTADUAL DE FLORESTAS - IEF,18,541,31,4,58,4058,1,3,3,91,1,0,"PROTEÇÃO DAS ÁREAS AMBIENTALMENTE CONSERVADAS, DA FAUNA E DA BIODIVERSIDADE FLORESTAL",PROTEÇÃO E CONSERVAÇÃO DA FAUNA SILVESTRE,1718108,1801264,1888445,1979846
2024,1370,SECRETARIA DE ESTADO DE MEIO AMBIENTE E DESENVOLVIMENTO SUSTENTÁVEL - SEMAD,2101,INSTITUTO ESTADUAL DE FLORESTAS - IEF,18,541,31,4,58,4058,1,3,3,95,1,0,"PROTEÇÃO DAS ÁREAS AMBIENTALMENTE CONSERVADAS, DA FAUNA E DA BIODIVERSIDADE FLORESTAL",PROTEÇÃO E CONSERVAÇÃO DA FAUNA SILVESTRE,10262762,0,0,0
2024,1370,SECRETARIA DE ESTADO DE MEIO AMBIENTE E DESENVOLVIMENTO SUSTENTÁVEL - SEMAD,2101,INSTITUTO ESTADUAL DE FLORESTAS - IEF,18,541,31,4,58,4058,1,3,3,95,7,0,"PROTEÇÃO DAS ÁREAS AMBIENTALMENTE CONSERVADAS, DA FAUNA E DA BIODIVERSIDADE FLORESTAL",PROTEÇÃO E CONSERVAÇÃO DA FAUNA SILVESTRE,97501,0,0,0
2024,1370,SECRETARIA DE ESTADO DE MEIO AMBIENTE E DESENVOLVIMENTO SUSTENTÁVEL - SEMAD,2101,INSTITUTO ESTADUAL DE FLORESTAS - IEF,18,541,31,4,58,4058,1,4,4,91,1,0,"PROTEÇÃO DAS ÁREAS AMBIENTALMENTE CONSERVADAS, DA FAUNA E DA BIODIVERSIDADE FLORESTAL",PROTEÇÃO E CONSERVAÇÃO DA FAUNA SILVESTRE,52599,52599,52599,52599
2024,1370,SECRETARIA DE ESTADO DE MEIO AMBIENTE E DESENVOLVIMENTO SUSTENTÁVEL - SEMAD,2101,INSTITUTO ESTADUAL DE FLORESTAS - IEF,18,541,31,4,58,4058,1,4,4,95,1,0,"PROTEÇÃO DAS ÁREAS AMBIENTALMENTE CONSERVADAS, DA FAUNA E DA BIODIVERSIDADE FLORESTAL",PROTEÇÃO E CONSERVAÇÃO DA FAUNA SILVESTRE,8038397,0,0,0
2024,1370,SECRETARIA DE ESTADO DE MEIO AMBIENTE E DESENVOLVIMENTO SUSTENTÁVEL - SEMAD,2101,INSTITUTO ESTADUAL DE FLORESTAS - IEF,18,541,31,4,59,4059,1,3,1,26,1,0,"PROTEÇÃO DAS ÁREAS AMBIENTALMENTE CONSERVADAS, DA FAUNA E DA BIODIVERSIDADE FLORESTAL",GESTÃO DE UNIDADES E CONSERVAÇÃO,12019730,12382726,12754208,13136834
2024,1370,SECRETARIA DE ESTADO DE MEIO AMBIENTE E DESENVOLVIMENTO SUSTENTÁVEL - SEMAD,2101,INSTITUTO ESTADUAL DE FLORESTAS - IEF,18,541,31,4,59,4059,1,3,1,72,1,0,"PROTEÇÃO DAS ÁREAS AMBIENTALMENTE CONSERVADAS, DA FAUNA E DA BIODIVERSIDADE FLORESTAL",GESTÃO DE UNIDADES E CONSERVAÇÃO,1443690,1487290,1531908,1577866
2024,1370,SECRETARIA DE ESTADO DE MEIO AMBIENTE E DESENVOLVIMENTO SUSTENTÁVEL - SEMAD,2101,INSTITUTO ESTADUAL DE FLORESTAS - IEF,18,541,31,4,59,4059,1,3,1,95,1,0,"PROTEÇÃO DAS ÁREAS AMBIENTALMENTE CONSERVADAS, DA FAUNA E DA BIODIVERSIDADE FLORESTAL",GESTÃO DE UNIDADES E CONSERVAÇÃO,190504,0,0,0
2024,1370,SECRETARIA DE ESTADO DE MEIO AMBIENTE E DESENVOLVIMENTO SUSTENTÁVEL - SEMAD,2101,INSTITUTO ESTADUAL DE FLORESTAS - IEF,18,541,31,4,59,4059,1,3,3,61,1,0,"PROTEÇÃO DAS ÁREAS AMBIENTALMENTE CONSERVADAS, DA FAUNA E DA BIODIVERSIDADE FLORESTAL",GESTÃO DE UNIDADES E CONSERVAÇÃO,10460040,10966306,11497075,12053533
2024,1370,SECRETARIA DE ESTADO DE MEIO AMBIENTE E DESENVOLVIMENTO SUSTENTÁVEL - SEMAD,2101,INSTITUTO ESTADUAL DE FLORESTAS - IEF,18,541,31,4,59,4059,1,3,3,72,1,0,"PROTEÇÃO DAS ÁREAS AMBIENTALMENTE CONSERVADAS, DA FAUNA E DA BIODIVERSIDADE FLORESTAL",GESTÃO DE UNIDADES E CONSERVAÇÃO,37790024,39619061,41536624,43546996
2024,1370,SECRETARIA DE ESTADO DE MEIO AMBIENTE E DESENVOLVIMENTO SUSTENTÁVEL - SEMAD,2101,INSTITUTO ESTADUAL DE FLORESTAS - IEF,18,541,31,4,59,4059,1,3,3,72,7,0,"PROTEÇÃO DAS ÁREAS AMBIENTALMENTE CONSERVADAS, DA FAUNA E DA BIODIVERSIDADE FLORESTAL",GESTÃO DE UNIDADES E CONSERVAÇÃO,1281408,1312788,1344936,1377871
2024,1370,SECRETARIA DE ESTADO DE MEIO AMBIENTE E DESENVOLVIMENTO SUSTENTÁVEL - SEMAD,2101,INSTITUTO ESTADUAL DE FLORESTAS - IEF,18,541,31,4,59,4059,1,3,3,95,1,0,"PROTEÇÃO DAS ÁREAS AMBIENTALMENTE CONSERVADAS, DA FAUNA E DA BIODIVERSIDADE FLORESTAL",GESTÃO DE UNIDADES E CONSERVAÇÃO,21167500,1972880,0,0
2024,1370,SECRETARIA DE ESTADO DE MEIO AMBIENTE E DESENVOLVIMENTO SUSTENTÁVEL - SEMAD,2101,INSTITUTO ESTADUAL DE FLORESTAS - IEF,18,541,31,4,59,4059,1,3,3,95,7,0,"PROTEÇÃO DAS ÁREAS AMBIENTALMENTE CONSERVADAS, DA FAUNA E DA BIODIVERSIDADE FLORESTAL",GESTÃO DE UNIDADES E CONSERVAÇÃO,97501,0,0,0
2024,1370,SECRETARIA DE ESTADO DE MEIO AMBIENTE E DESENVOLVIMENTO SUSTENTÁVEL - SEMAD,2101,INSTITUTO ESTADUAL DE FLORESTAS - IEF,18,541,31,4,59,4059,1,4,4,24,1,0,"PROTEÇÃO DAS ÁREAS AMBIENTALMENTE CONSERVADAS, DA FAUNA E DA BIODIVERSIDADE FLORESTAL",GESTÃO DE UNIDADES E CONSERVAÇÃO,517132,0,0,0
2024,1370,SECRETARIA DE ESTADO DE MEIO AMBIENTE E DESENVOLVIMENTO SUSTENTÁVEL - SEMAD,2101,INSTITUTO ESTADUAL DE FLORESTAS - IEF,18,541,31,4,59,4059,1,4,4,61,1,0,"PROTEÇÃO DAS ÁREAS AMBIENTALMENTE CONSERVADAS, DA FAUNA E DA BIODIVERSIDADE FLORESTAL",GESTÃO DE UNIDADES E CONSERVAÇÃO,2252367,2252367,2252367,2252367
2024,1370,SECRETARIA DE ESTADO DE MEIO AMBIENTE E DESENVOLVIMENTO SUSTENTÁVEL - SEMAD,2101,INSTITUTO ESTADUAL DE FLORESTAS - IEF,18,541,31,4,59,4059,1,4,4,72,3,0,"PROTEÇÃO DAS ÁREAS AMBIENTALMENTE CONSERVADAS, DA FAUNA E DA BIODIVERSIDADE FLORESTAL",GESTÃO DE UNIDADES E CONSERVAÇÃO,9550,9550,9550,9550
2024,1370,SECRETARIA DE ESTADO DE MEIO AMBIENTE E DESENVOLVIMENTO SUSTENTÁVEL - SEMAD,2101,INSTITUTO ESTADUAL DE FLORESTAS - IEF,18,541,31,4,59,4059,1,4,4,95,1,0,"PROTEÇÃO DAS ÁREAS AMBIENTALMENTE CONSERVADAS, DA FAUNA E DA BIODIVERSIDADE FLORESTAL",GESTÃO DE UNIDADES E CONSERVAÇÃO,190166,0,0,0
2024,1370,SECRETARIA DE ESTADO DE MEIO AMBIENTE E DESENVOLVIMENTO SUSTENTÁVEL - SEMAD,2101,INSTITUTO ESTADUAL DE FLORESTAS - IEF,18,541,31,4,59,4059,1,4,5,95,1,0,"PROTEÇÃO DAS ÁREAS AMBIENTALMENTE CONSERVADAS, DA FAUNA E DA BIODIVERSIDADE FLORESTAL",GESTÃO DE UNIDADES E CONSERVAÇÃO,2114756,0,0,0
2024,1370,SECRETARIA DE ESTADO DE MEIO AMBIENTE E DESENVOLVIMENTO SUSTENTÁVEL - SEMAD,2101,INSTITUTO ESTADUAL DE FLORESTAS - IEF,18,541,46,4,91,4091,1,3,3,72,1,0,SUPORTE AÉREO AOS SERVIÇOS PÚBLICOS ESTADUAIS,GESTÃO DE AERONAVES DO SISEMA,6134295,6431195,6742465,7068800
2024,1370,SECRETARIA DE ESTADO DE MEIO AMBIENTE E DESENVOLVIMENTO SUSTENTÁVEL - SEMAD,2101,INSTITUTO ESTADUAL DE FLORESTAS - IEF,18,542,31,4,55,4055,1,3,1,26,1,0,"PROTEÇÃO DAS ÁREAS AMBIENTALMENTE CONSERVADAS, DA FAUNA E DA BIODIVERSIDADE FLORESTAL",CONTROLE E MONITORAMENTO DE ATIVIDADES FLORESTAIS,9773071,10068218,10370264,10681372
2024,1370,SECRETARIA DE ESTADO DE MEIO AMBIENTE E DESENVOLVIMENTO SUSTENTÁVEL - SEMAD,2101,INSTITUTO ESTADUAL DE FLORESTAS - IEF,18,542,31,4,55,4055,1,3,1,72,1,0,"PROTEÇÃO DAS ÁREAS AMBIENTALMENTE CONSERVADAS, DA FAUNA E DA BIODIVERSIDADE FLORESTAL",CONTROLE E MONITORAMENTO DE ATIVIDADES FLORESTAIS,978430,1007979,1038218,1069365
2024,1370,SECRETARIA DE ESTADO DE MEIO AMBIENTE E DESENVOLVIMENTO SUSTENTÁVEL - SEMAD,2101,INSTITUTO ESTADUAL DE FLORESTAS - IEF,18,542,31,4,55,4055,1,3,3,72,1,0,"PROTEÇÃO DAS ÁREAS AMBIENTALMENTE CONSERVADAS, DA FAUNA E DA BIODIVERSIDADE FLORESTAL",CONTROLE E MONITORAMENTO DE ATIVIDADES FLORESTAIS,2368654,2483297,2603488,2729497
2024,1370,SECRETARIA DE ESTADO DE MEIO AMBIENTE E DESENVOLVIMENTO SUSTENTÁVEL - SEMAD,2101,INSTITUTO ESTADUAL DE FLORESTAS - IEF,18,542,31,4,55,4055,1,3,3,72,7,0,"PROTEÇÃO DAS ÁREAS AMBIENTALMENTE CONSERVADAS, DA FAUNA E DA BIODIVERSIDADE FLORESTAL",CONTROLE E MONITORAMENTO DE ATIVIDADES FLORESTAIS,2275063,2330776,2387853,2446328
2024,1370,SECRETARIA DE ESTADO DE MEIO AMBIENTE E DESENVOLVIMENTO SUSTENTÁVEL - SEMAD,2101,INSTITUTO ESTADUAL DE FLORESTAS - IEF,18,543,31,4,56,4056,1,3,1,26,1,0,"PROTEÇÃO DAS ÁREAS AMBIENTALMENTE CONSERVADAS, DA FAUNA E DA BIODIVERSIDADE FLORESTAL",RECUPERAÇÃO AMBIENTAL,10756246,11081085,11413517,11755923
2024,1370,SECRETARIA DE ESTADO DE MEIO AMBIENTE E DESENVOLVIMENTO SUSTENTÁVEL - SEMAD,2101,INSTITUTO ESTADUAL DE FLORESTAS - IEF,18,543,31,4,56,4056,1,3,1,72,1,0,"PROTEÇÃO DAS ÁREAS AMBIENTALMENTE CONSERVADAS, DA FAUNA E DA BIODIVERSIDADE FLORESTAL",RECUPERAÇÃO AMBIENTAL,1076860,1109381,1142663,1176943
2024,1370,SECRETARIA DE ESTADO DE MEIO AMBIENTE E DESENVOLVIMENTO SUSTENTÁVEL - SEMAD,2101,INSTITUTO ESTADUAL DE FLORESTAS - IEF,18,543,31,4,56,4056,1,3,1,95,1,0,"PROTEÇÃO DAS ÁREAS AMBIENTALMENTE CONSERVADAS, DA FAUNA E DA BIODIVERSIDADE FLORESTAL",RECUPERAÇÃO AMBIENTAL,190504,0,0,0
2024,1370,SECRETARIA DE ESTADO DE MEIO AMBIENTE E DESENVOLVIMENTO SUSTENTÁVEL - SEMAD,2101,INSTITUTO ESTADUAL DE FLORESTAS - IEF,18,543,31,4,56,4056,1,3,3,61,1,0,"PROTEÇÃO DAS ÁREAS AMBIENTALMENTE CONSERVADAS, DA FAUNA E DA BIODIVERSIDADE FLORESTAL",RECUPERAÇÃO AMBIENTAL,12588998,13198305,13837103,14506819
2024,1370,SECRETARIA DE ESTADO DE MEIO AMBIENTE E DESENVOLVIMENTO SUSTENTÁVEL - SEMAD,2101,INSTITUTO ESTADUAL DE FLORESTAS - IEF,18,543,31,4,56,4056,1,3,3,72,7,0,"PROTEÇÃO DAS ÁREAS AMBIENTALMENTE CONSERVADAS, DA FAUNA E DA BIODIVERSIDADE FLORESTAL",RECUPERAÇÃO AMBIENTAL,2464646,2525001,2586835,2650183
2024,1370,SECRETARIA DE ESTADO DE MEIO AMBIENTE E DESENVOLVIMENTO SUSTENTÁVEL - SEMAD,2101,INSTITUTO ESTADUAL DE FLORESTAS - IEF,18,543,31,4,56,4056,1,3,3,95,7,0,"PROTEÇÃO DAS ÁREAS AMBIENTALMENTE CONSERVADAS, DA FAUNA E DA BIODIVERSIDADE FLORESTAL",RECUPERAÇÃO AMBIENTAL,97502,0,0,0
2024,1370,SECRETARIA DE ESTADO DE MEIO AMBIENTE E DESENVOLVIMENTO SUSTENTÁVEL - SEMAD,2101,INSTITUTO ESTADUAL DE FLORESTAS - IEF,28,846,705,7,4,7004,1,3,1,60,9,0,APOIO ÀS POLÍTICAS PÚBLICAS,PRECATÓRIOS E SENTENÇAS JUDICIÁRIAS,6032399,1000,1000,1000
2024,1370,SECRETARIA DE ESTADO DE MEIO AMBIENTE E DESENVOLVIMENTO SUSTENTÁVEL - SEMAD,2101,INSTITUTO ESTADUAL DE FLORESTAS - IEF,28,846,705,7,4,7004,1,3,3,60,9,0,APOIO ÀS POLÍTICAS PÚBLICAS,PRECATÓRIOS E SENTENÇAS JUDICIÁRIAS,748881,0,0,0
2024,1370,SECRETARIA DE ESTADO DE MEIO AMBIENTE E DESENVOLVIMENTO SUSTENTÁVEL - SEMAD,2241,INSTITUTO MINEIRO DE GESTÃO DAS ÁGUAS - IGAM,4,122,705,2,500,2500,1,3,1,72,1,0,APOIO ÀS POLÍTICAS PÚBLICAS,ASSESSORAMENTO E GERENCIAMENTO DE POLÍTICAS PÚBLICAS,14211951,14641155,15080389,15532802
2024,1370,SECRETARIA DE ESTADO DE MEIO AMBIENTE E DESENVOLVIMENTO SUSTENTÁVEL - SEMAD,2241,INSTITUTO MINEIRO DE GESTÃO DAS ÁGUAS - IGAM,4,122,705,2,500,2500,1,3,3,72,1,0,APOIO ÀS POLÍTICAS PÚBLICAS,ASSESSORAMENTO E GERENCIAMENTO DE POLÍTICAS PÚBLICAS,2982768,3053747,3993997,4979754
2024,1370,SECRETARIA DE ESTADO DE MEIO AMBIENTE E DESENVOLVIMENTO SUSTENTÁVEL - SEMAD,2241,INSTITUTO MINEIRO DE GESTÃO DAS ÁGUAS - IGAM,4,122,705,2,500,2500,1,3,3,72,7,0,APOIO ÀS POLÍTICAS PÚBLICAS,ASSESSORAMENTO E GERENCIAMENTO DE POLÍTICAS PÚBLICAS,3070291,3145542,3222636,3301619
2024,1370,SECRETARIA DE ESTADO DE MEIO AMBIENTE E DESENVOLVIMENTO SUSTENTÁVEL - SEMAD,2241,INSTITUTO MINEIRO DE GESTÃO DAS ÁGUAS - IGAM,4,122,705,2,500,2500,1,4,4,47,1,0,APOIO ÀS POLÍTICAS PÚBLICAS,ASSESSORAMENTO E GERENCIAMENTO DE POLÍTICAS PÚBLICAS,2000,0,0,0
2024,1370,SECRETARIA DE ESTADO DE MEIO AMBIENTE E DESENVOLVIMENTO SUSTENTÁVEL - SEMAD,2241,INSTITUTO MINEIRO DE GESTÃO DAS ÁGUAS - IGAM,18,544,47,4,200,4200,1,3,3,72,1,0,SUPORTE ÀS AÇÕES DE COMBATE E RESPOSTA AOS DANOS CAUSADOS PELAS CHUVAS,PREVENÇÃO DE EVENTOS HIDROMETEOROLÓGICOS CRÍTICOS,2800000,2935520,2935520,2935520
2024,1370,SECRETARIA DE ESTADO DE MEIO AMBIENTE E DESENVOLVIMENTO SUSTENTÁVEL - SEMAD,2241,INSTITUTO MINEIRO DE GESTÃO DAS ÁGUAS - IGAM,18,544,65,4,187,4187,1,3,1,72,1,0,FORTALECIMENTO DA POLÍTICA ESTADUAL DE RECURSOS HÍDRICOS,PLANEJAMENTO DE RECURSOS HÍDRICOS,822915,847765,873200,899396
2024,1370,SECRETARIA DE ESTADO DE MEIO AMBIENTE E DESENVOLVIMENTO SUSTENTÁVEL - SEMAD,2241,INSTITUTO MINEIRO DE GESTÃO DAS ÁGUAS - IGAM,18,544,65,4,187,4187,1,3,1,95,1,0,FORTALECIMENTO DA POLÍTICA ESTADUAL DE RECURSOS HÍDRICOS,PLANEJAMENTO DE RECURSOS HÍDRICOS,67530,70647,72377,74150
2024,1370,SECRETARIA DE ESTADO DE MEIO AMBIENTE E DESENVOLVIMENTO SUSTENTÁVEL - SEMAD,2241,INSTITUTO MINEIRO DE GESTÃO DAS ÁGUAS - IGAM,18,544,65,4,187,4187,1,3,3,72,1,0,FORTALECIMENTO DA POLÍTICA ESTADUAL DE RECURSOS HÍDRICOS,PLANEJAMENTO DE RECURSOS HÍDRICOS,97799,102533,102533,102533
2024,1370,SECRETARIA DE ESTADO DE MEIO AMBIENTE E DESENVOLVIMENTO SUSTENTÁVEL - SEMAD,2241,INSTITUTO MINEIRO DE GESTÃO DAS ÁGUAS - IGAM,18,544,65,4,187,4187,1,3,3,72,7,0,FORTALECIMENTO DA POLÍTICA ESTADUAL DE RECURSOS HÍDRICOS,PLANEJAMENTO DE RECURSOS HÍDRICOS,165614,169669,173824,178081
2024,1370,SECRETARIA DE ESTADO DE MEIO AMBIENTE E DESENVOLVIMENTO SUSTENTÁVEL - SEMAD,2241,INSTITUTO MINEIRO DE GESTÃO DAS ÁGUAS - IGAM,18,544,65,4,187,4187,1,3,3,95,7,0,FORTALECIMENTO DA POLÍTICA ESTADUAL DE RECURSOS HÍDRICOS,PLANEJAMENTO DE RECURSOS HÍDRICOS,27141,13124,13444,13774
2024,1370,SECRETARIA DE ESTADO DE MEIO AMBIENTE E DESENVOLVIMENTO SUSTENTÁVEL - SEMAD,2241,INSTITUTO MINEIRO DE GESTÃO DAS ÁGUAS - IGAM,18,544,65,4,188,4188,1,3,1,72,1,0,FORTALECIMENTO DA POLÍTICA ESTADUAL DE RECURSOS HÍDRICOS,REGULAÇÃO DE RECURSOS HÍDRICOS,4088292,4211758,4338110,4468254
2024,1370,SECRETARIA DE ESTADO DE MEIO AMBIENTE E DESENVOLVIMENTO SUSTENTÁVEL - SEMAD,2241,INSTITUTO MINEIRO DE GESTÃO DAS ÁGUAS - IGAM,18,544,65,4,188,4188,1,3,3,72,1,0,FORTALECIMENTO DA POLÍTICA ESTADUAL DE RECURSOS HÍDRICOS,REGULAÇÃO DE RECURSOS HÍDRICOS,3452919,3620040,3620040,3620040
2024,1370,SECRETARIA DE ESTADO DE MEIO AMBIENTE E DESENVOLVIMENTO SUSTENTÁVEL - SEMAD,2241,INSTITUTO MINEIRO DE GESTÃO DAS ÁGUAS - IGAM,18,544,65,4,188,4188,1,3,3,72,7,0,FORTALECIMENTO DA POLÍTICA ESTADUAL DE RECURSOS HÍDRICOS,REGULAÇÃO DE RECURSOS HÍDRICOS,806417,826165,846397,867124
2024,1370,SECRETARIA DE ESTADO DE MEIO AMBIENTE E DESENVOLVIMENTO SUSTENTÁVEL - SEMAD,2241,INSTITUTO MINEIRO DE GESTÃO DAS ÁGUAS - IGAM,18,544,65,4,189,4189,1,3,1,72,1,0,FORTALECIMENTO DA POLÍTICA ESTADUAL DE RECURSOS HÍDRICOS,COBRANÇA PELO USO DE RECURSOS HÍDRICOS,1947131,2005936,2066114,2128097
2024,1370,SECRETARIA DE ESTADO DE MEIO AMBIENTE E DESENVOLVIMENTO SUSTENTÁVEL - SEMAD,2241,INSTITUTO MINEIRO DE GESTÃO DAS ÁGUAS - IGAM,18,544,65,4,189,4189,1,3,3,61,1,0,FORTALECIMENTO DA POLÍTICA ESTADUAL DE RECURSOS HÍDRICOS,COBRANÇA PELO USO DE RECURSOS HÍDRICOS,115125000,120697050,126538787,132663265
2024,1370,SECRETARIA DE ESTADO DE MEIO AMBIENTE E DESENVOLVIMENTO SUSTENTÁVEL - SEMAD,2241,INSTITUTO MINEIRO DE GESTÃO DAS ÁGUAS - IGAM,18,544,65,4,189,4189,1,3,3,72,1,0,FORTALECIMENTO DA POLÍTICA ESTADUAL DE RECURSOS HÍDRICOS,COBRANÇA PELO USO DE RECURSOS HÍDRICOS,238840,250400,250400,250400
2024,1370,SECRETARIA DE ESTADO DE MEIO AMBIENTE E DESENVOLVIMENTO SUSTENTÁVEL - SEMAD,2241,INSTITUTO MINEIRO DE GESTÃO DAS ÁGUAS - IGAM,18,544,65,4,189,4189,1,3,3,72,7,0,FORTALECIMENTO DA POLÍTICA ESTADUAL DE RECURSOS HÍDRICOS,COBRANÇA PELO USO DE RECURSOS HÍDRICOS,452731,463819,475177,486814
2024,1370,SECRETARIA DE ESTADO DE MEIO AMBIENTE E DESENVOLVIMENTO SUSTENTÁVEL - SEMAD,2241,INSTITUTO MINEIRO DE GESTÃO DAS ÁGUAS - IGAM,18,544,65,4,190,4190,1,3,1,72,1,0,FORTALECIMENTO DA POLÍTICA ESTADUAL DE RECURSOS HÍDRICOS,FORTALECIMENTO DA GESTÃO PARTICIPATIVA,982570,1012243,1042611,1073889
2024,1370,SECRETARIA DE ESTADO DE MEIO AMBIENTE E DESENVOLVIMENTO SUSTENTÁVEL - SEMAD,2241,INSTITUTO MINEIRO DE GESTÃO DAS ÁGUAS - IGAM,18,544,65,4,190,4190,1,3,3,72,1,0,FORTALECIMENTO DA POLÍTICA ESTADUAL DE RECURSOS HÍDRICOS,FORTALECIMENTO DA GESTÃO PARTICIPATIVA,273736,286985,286985,286985
2024,1370,SECRETARIA DE ESTADO DE MEIO AMBIENTE E DESENVOLVIMENTO SUSTENTÁVEL - SEMAD,2241,INSTITUTO MINEIRO DE GESTÃO DAS ÁGUAS - IGAM,18,544,65,4,190,4190,1,3,3,72,7,0,FORTALECIMENTO DA POLÍTICA ESTADUAL DE RECURSOS HÍDRICOS,FORTALECIMENTO DA GESTÃO PARTICIPATIVA,161696,165655,169712,173869
2024,1370,SECRETARIA DE ESTADO DE MEIO AMBIENTE E DESENVOLVIMENTO SUSTENTÁVEL - SEMAD,2241,INSTITUTO MINEIRO DE GESTÃO DAS ÁGUAS - IGAM,18,544,65,4,190,4190,1,3,3,73,1,0,FORTALECIMENTO DA POLÍTICA ESTADUAL DE RECURSOS HÍDRICOS,FORTALECIMENTO DA GESTÃO PARTICIPATIVA,653092,0,0,0
2024,1370,SECRETARIA DE ESTADO DE MEIO AMBIENTE E DESENVOLVIMENTO SUSTENTÁVEL - SEMAD,2241,INSTITUTO MINEIRO DE GESTÃO DAS ÁGUAS - IGAM,18,544,65,4,191,4191,1,3,1,60,1,0,FORTALECIMENTO DA POLÍTICA ESTADUAL DE RECURSOS HÍDRICOS,MONITORAMENTO HIDROMETEOROLOGICO,2373440,2445116,2518471,2594025
2024,1370,SECRETARIA DE ESTADO DE MEIO AMBIENTE E DESENVOLVIMENTO SUSTENTÁVEL - SEMAD,2241,INSTITUTO MINEIRO DE GESTÃO DAS ÁGUAS - IGAM,18,544,65,4,191,4191,1,3,1,72,1,0,FORTALECIMENTO DA POLÍTICA ESTADUAL DE RECURSOS HÍDRICOS,MONITORAMENTO HIDROMETEOROLOGICO,1122423,1156320,1191009,1226739
2024,1370,SECRETARIA DE ESTADO DE MEIO AMBIENTE E DESENVOLVIMENTO SUSTENTÁVEL - SEMAD,2241,INSTITUTO MINEIRO DE GESTÃO DAS ÁGUAS - IGAM,18,544,65,4,191,4191,1,3,1,95,1,0,FORTALECIMENTO DA POLÍTICA ESTADUAL DE RECURSOS HÍDRICOS,MONITORAMENTO HIDROMETEOROLOGICO,464468,485903,497804,509996
2024,1370,SECRETARIA DE ESTADO DE MEIO AMBIENTE E DESENVOLVIMENTO SUSTENTÁVEL - SEMAD,2241,INSTITUTO MINEIRO DE GESTÃO DAS ÁGUAS - IGAM,18,544,65,4,191,4191,1,3,3,72,1,0,FORTALECIMENTO DA POLÍTICA ESTADUAL DE RECURSOS HÍDRICOS,MONITORAMENTO HIDROMETEOROLOGICO,8455066,8864290,8864290,8864290
2024,1370,SECRETARIA DE ESTADO DE MEIO AMBIENTE E DESENVOLVIMENTO SUSTENTÁVEL - SEMAD,2241,INSTITUTO MINEIRO DE GESTÃO DAS ÁGUAS - IGAM,18,544,65,4,191,4191,1,3,3,72,7,0,FORTALECIMENTO DA POLÍTICA ESTADUAL DE RECURSOS HÍDRICOS,MONITORAMENTO HIDROMETEOROLOGICO,704117,721360,739027,757124
2024,1370,SECRETARIA DE ESTADO DE MEIO AMBIENTE E DESENVOLVIMENTO SUSTENTÁVEL - SEMAD,2241,INSTITUTO MINEIRO DE GESTÃO DAS ÁGUAS - IGAM,18,544,65,4,191,4191,1,3,3,95,7,0,FORTALECIMENTO DA POLÍTICA ESTADUAL DE RECURSOS HÍDRICOS,MONITORAMENTO HIDROMETEOROLOGICO,217393,105109,107686,110323
2024,1370,SECRETARIA DE ESTADO DE MEIO AMBIENTE E DESENVOLVIMENTO SUSTENTÁVEL - SEMAD,2241,INSTITUTO MINEIRO DE GESTÃO DAS ÁGUAS - IGAM,18,544,65,4,192,4192,1,3,1,60,1,0,FORTALECIMENTO DA POLÍTICA ESTADUAL DE RECURSOS HÍDRICOS,SEGURANÇA DE BARRAGENS,495268,510226,525532,541298
2024,1370,SECRETARIA DE ESTADO DE MEIO AMBIENTE E DESENVOLVIMENTO SUSTENTÁVEL - SEMAD,2241,INSTITUTO MINEIRO DE GESTÃO DAS ÁGUAS - IGAM,18,544,65,4,192,4192,1,3,3,72,1,0,FORTALECIMENTO DA POLÍTICA ESTADUAL DE RECURSOS HÍDRICOS,SEGURANÇA DE BARRAGENS,148254,228817,228817,228817
2024,1370,SECRETARIA DE ESTADO DE MEIO AMBIENTE E DESENVOLVIMENTO SUSTENTÁVEL - SEMAD,2241,INSTITUTO MINEIRO DE GESTÃO DAS ÁGUAS - IGAM,18,544,65,4,192,4192,1,3,3,72,7,0,FORTALECIMENTO DA POLÍTICA ESTADUAL DE RECURSOS HÍDRICOS,SEGURANÇA DE BARRAGENS,118060,120952,123913,126948
2024,1370,SECRETARIA DE ESTADO DE MEIO AMBIENTE E DESENVOLVIMENTO SUSTENTÁVEL - SEMAD,2241,INSTITUTO MINEIRO DE GESTÃO DAS ÁGUAS - IGAM,18,544,65,4,192,4192,1,4,4,72,1,0,FORTALECIMENTO DA POLÍTICA ESTADUAL DE RECURSOS HÍDRICOS,SEGURANÇA DE BARRAGENS,70000,70000,70000,70000
2024,1370,SECRETARIA DE ESTADO DE MEIO AMBIENTE E DESENVOLVIMENTO SUSTENTÁVEL - SEMAD,2241,INSTITUTO MINEIRO DE GESTÃO DAS ÁGUAS - IGAM,18,544,65,4,194,4194,1,3,1,60,1,0,FORTALECIMENTO DA POLÍTICA ESTADUAL DE RECURSOS HÍDRICOS,PROGRAMAS PROJETOS E PESQUISAS EM RECURSOS HÍDRICOS,742292,764711,787652,811282
2024,1370,SECRETARIA DE ESTADO DE MEIO AMBIENTE E DESENVOLVIMENTO SUSTENTÁVEL - SEMAD,2241,INSTITUTO MINEIRO DE GESTÃO DAS ÁGUAS - IGAM,18,544,65,4,194,4194,1,3,1,72,1,0,FORTALECIMENTO DA POLÍTICA ESTADUAL DE RECURSOS HÍDRICOS,PROGRAMAS PROJETOS E PESQUISAS EM RECURSOS HÍDRICOS,36248,37342,38462,39615
2024,1370,SECRETARIA DE ESTADO DE MEIO AMBIENTE E DESENVOLVIMENTO SUSTENTÁVEL - SEMAD,2241,INSTITUTO MINEIRO DE GESTÃO DAS ÁGUAS - IGAM,18,544,65,4,194,4194,1,3,3,72,1,0,FORTALECIMENTO DA POLÍTICA ESTADUAL DE RECURSOS HÍDRICOS,PROGRAMAS PROJETOS E PESQUISAS EM RECURSOS HÍDRICOS,80418,84310,84310,84310
2024,1370,SECRETARIA DE ESTADO DE MEIO AMBIENTE E DESENVOLVIMENTO SUSTENTÁVEL - SEMAD,2241,INSTITUTO MINEIRO DE GESTÃO DAS ÁGUAS - IGAM,18,544,65,4,194,4194,1,3,3,72,7,0,FORTALECIMENTO DA POLÍTICA ESTADUAL DE RECURSOS HÍDRICOS,PROGRAMAS PROJETOS E PESQUISAS EM RECURSOS HÍDRICOS,156649,160485,164415,168442
2024,1370,SECRETARIA DE ESTADO DE MEIO AMBIENTE E DESENVOLVIMENTO SUSTENTÁVEL - SEMAD,2241,INSTITUTO MINEIRO DE GESTÃO DAS ÁGUAS - IGAM,18,544,65,4,194,4194,1,3,3,73,1,0,FORTALECIMENTO DA POLÍTICA ESTADUAL DE RECURSOS HÍDRICOS,PROGRAMAS PROJETOS E PESQUISAS EM RECURSOS HÍDRICOS,755308,0,0,0
2024,1370,SECRETARIA DE ESTADO DE MEIO AMBIENTE E DESENVOLVIMENTO SUSTENTÁVEL - SEMAD,2241,INSTITUTO MINEIRO DE GESTÃO DAS ÁGUAS - IGAM,18,544,65,4,194,4194,1,4,4,73,1,0,FORTALECIMENTO DA POLÍTICA ESTADUAL DE RECURSOS HÍDRICOS,PROGRAMAS PROJETOS E PESQUISAS EM RECURSOS HÍDRICOS,300000,0,0,0
2024,1370,SECRETARIA DE ESTADO DE MEIO AMBIENTE E DESENVOLVIMENTO SUSTENTÁVEL - SEMAD,2241,INSTITUTO MINEIRO DE GESTÃO DAS ÁGUAS - IGAM,18,544,65,4,195,4195,1,3,3,24,1,1,FORTALECIMENTO DA POLÍTICA ESTADUAL DE RECURSOS HÍDRICOS,PROGRAMA ESTRATÉGICO SOMOS TODOS ÁGUA,723265,0,0,0
2024,1370,SECRETARIA DE ESTADO DE MEIO AMBIENTE E DESENVOLVIMENTO SUSTENTÁVEL - SEMAD,2241,INSTITUTO MINEIRO DE GESTÃO DAS ÁGUAS - IGAM,18,544,65,4,195,4195,1,4,4,24,1,1,FORTALECIMENTO DA POLÍTICA ESTADUAL DE RECURSOS HÍDRICOS,PROGRAMA ESTRATÉGICO SOMOS TODOS ÁGUA,0,0,0,0
2024,1370,SECRETARIA DE ESTADO DE MEIO AMBIENTE E DESENVOLVIMENTO SUSTENTÁVEL - SEMAD,2241,INSTITUTO MINEIRO DE GESTÃO DAS ÁGUAS - IGAM,28,846,705,7,4,7004,1,3,1,91,9,0,APOIO ÀS POLÍTICAS PÚBLICAS,PRECATÓRIOS E SENTENÇAS JUDICIÁRIAS,1065772,1000,1000,1000
2024,1370,SECRETARIA DE ESTADO DE MEIO AMBIENTE E DESENVOLVIMENTO SUSTENTÁVEL - SEMAD,2441,AGÊNCIA REGULADORA DE SERVIÇOS DE ABASTECIMENTO DE ÁGUA E DE ESGOTAMENTO SANITÁRIO DO ESTADO DE MINAS GERAIS - ARSAE -MG,4,122,705,2,500,2500,1,3,1,59,1,0,APOIO ÀS POLÍTICAS PÚBLICAS,ASSESSORAMENTO E GERENCIAMENTO DE POLÍTICAS PÚBLICAS,4849755,4968518,5090190,5214842
2024,1370,SECRETARIA DE ESTADO DE MEIO AMBIENTE E DESENVOLVIMENTO SUSTENTÁVEL - SEMAD,2441,AGÊNCIA REGULADORA DE SERVIÇOS DE ABASTECIMENTO DE ÁGUA E DE ESGOTAMENTO SANITÁRIO DO ESTADO DE MINAS GERAIS - ARSAE -MG,4,122,705,2,500,2500,1,3,3,59,1,0,APOIO ÀS POLÍTICAS PÚBLICAS,ASSESSORAMENTO E GERENCIAMENTO DE POLÍTICAS PÚBLICAS,1034588,1084664,1137159,1192197
2024,1370,SECRETARIA DE ESTADO DE MEIO AMBIENTE E DESENVOLVIMENTO SUSTENTÁVEL - SEMAD,2441,AGÊNCIA REGULADORA DE SERVIÇOS DE ABASTECIMENTO DE ÁGUA E DE ESGOTAMENTO SANITÁRIO DO ESTADO DE MINAS GERAIS - ARSAE -MG,4,122,705,2,500,2500,1,3,3,59,7,0,APOIO ÀS POLÍTICAS PÚBLICAS,ASSESSORAMENTO E GERENCIAMENTO DE POLÍTICAS PÚBLICAS,460459,471735,483289,495124
2024,1370,SECRETARIA DE ESTADO DE MEIO AMBIENTE E DESENVOLVIMENTO SUSTENTÁVEL - SEMAD,2441,AGÊNCIA REGULADORA DE SERVIÇOS DE ABASTECIMENTO DE ÁGUA E DE ESGOTAMENTO SANITÁRIO DO ESTADO DE MINAS GERAIS - ARSAE -MG,17,125,10,4,13,4013,1,3,1,59,1,0,REGULAÇÃO E FISCALIZAÇÃO DOS SERVIÇOS DE ABASTECIMENTO DE ÁGUA E DE ESGOTAMENTO SANITÁRIO E ATENDIMENTO AOS USUÁRIOS,REGULAÇÃO E FISCALIZAÇÃO ECONÔMICO-FINANCEIRA,4301790,4407135,4515060,4625628
2024,1370,SECRETARIA DE ESTADO DE MEIO AMBIENTE E DESENVOLVIMENTO SUSTENTÁVEL - SEMAD,2441,AGÊNCIA REGULADORA DE SERVIÇOS DE ABASTECIMENTO DE ÁGUA E DE ESGOTAMENTO SANITÁRIO DO ESTADO DE MINAS GERAIS - ARSAE -MG,17,125,10,4,13,4013,1,3,3,59,1,0,REGULAÇÃO E FISCALIZAÇÃO DOS SERVIÇOS DE ABASTECIMENTO DE ÁGUA E DE ESGOTAMENTO SANITÁRIO E ATENDIMENTO AOS USUÁRIOS,REGULAÇÃO E FISCALIZAÇÃO ECONÔMICO-FINANCEIRA,647474,678812,711668,746112
2024,1370,SECRETARIA DE ESTADO DE MEIO AMBIENTE E DESENVOLVIMENTO SUSTENTÁVEL - SEMAD,2441,AGÊNCIA REGULADORA DE SERVIÇOS DE ABASTECIMENTO DE ÁGUA E DE ESGOTAMENTO SANITÁRIO DO ESTADO DE MINAS GERAIS - ARSAE -MG,17,125,10,4,13,4013,1,3,3,59,7,0,REGULAÇÃO E FISCALIZAÇÃO DOS SERVIÇOS DE ABASTECIMENTO DE ÁGUA E DE ESGOTAMENTO SANITÁRIO E ATENDIMENTO AOS USUÁRIOS,REGULAÇÃO E FISCALIZAÇÃO ECONÔMICO-FINANCEIRA,455956,467122,478562,490282
2024,1370,SECRETARIA DE ESTADO DE MEIO AMBIENTE E DESENVOLVIMENTO SUSTENTÁVEL - SEMAD,2441,AGÊNCIA REGULADORA DE SERVIÇOS DE ABASTECIMENTO DE ÁGUA E DE ESGOTAMENTO SANITÁRIO DO ESTADO DE MINAS GERAIS - ARSAE -MG,17,125,10,4,14,4014,1,3,1,59,1,0,REGULAÇÃO E FISCALIZAÇÃO DOS SERVIÇOS DE ABASTECIMENTO DE ÁGUA E DE ESGOTAMENTO SANITÁRIO E ATENDIMENTO AOS USUÁRIOS,REGULAÇÃO OPERACIONAL E FISCALIZAÇÃO DA PRESTAÇÃO DE SERVIÇOS,4626754,4740057,4856134,4975054
2024,1370,SECRETARIA DE ESTADO DE MEIO AMBIENTE E DESENVOLVIMENTO SUSTENTÁVEL - SEMAD,2441,AGÊNCIA REGULADORA DE SERVIÇOS DE ABASTECIMENTO DE ÁGUA E DE ESGOTAMENTO SANITÁRIO DO ESTADO DE MINAS GERAIS - ARSAE -MG,17,125,10,4,14,4014,1,3,3,59,1,0,REGULAÇÃO E FISCALIZAÇÃO DOS SERVIÇOS DE ABASTECIMENTO DE ÁGUA E DE ESGOTAMENTO SANITÁRIO E ATENDIMENTO AOS USUÁRIOS,REGULAÇÃO OPERACIONAL E FISCALIZAÇÃO DA PRESTAÇÃO DE SERVIÇOS,1125572,1180047,1237163,1297043
2024,1370,SECRETARIA DE ESTADO DE MEIO AMBIENTE E DESENVOLVIMENTO SUSTENTÁVEL - SEMAD,2441,AGÊNCIA REGULADORA DE SERVIÇOS DE ABASTECIMENTO DE ÁGUA E DE ESGOTAMENTO SANITÁRIO DO ESTADO DE MINAS GERAIS - ARSAE -MG,17,125,10,4,14,4014,1,3,3,59,7,0,REGULAÇÃO E FISCALIZAÇÃO DOS SERVIÇOS DE ABASTECIMENTO DE ÁGUA E DE ESGOTAMENTO SANITÁRIO E ATENDIMENTO AOS USUÁRIOS,REGULAÇÃO OPERACIONAL E FISCALIZAÇÃO DA PRESTAÇÃO DE SERVIÇOS,455956,467122,478562,490282
2024,1370,SECRETARIA DE ESTADO DE MEIO AMBIENTE E DESENVOLVIMENTO SUSTENTÁVEL - SEMAD,2441,AGÊNCIA REGULADORA DE SERVIÇOS DE ABASTECIMENTO DE ÁGUA E DE ESGOTAMENTO SANITÁRIO DO ESTADO DE MINAS GERAIS - ARSAE -MG,17,125,10,4,15,4015,1,3,1,59,1,0,REGULAÇÃO E FISCALIZAÇÃO DOS SERVIÇOS DE ABASTECIMENTO DE ÁGUA E DE ESGOTAMENTO SANITÁRIO E ATENDIMENTO AOS USUÁRIOS,ATENDIMENTO AO INTERESSADO NA PRESTAÇÃO DE SERVIÇOS,524934,537789,550960,564453
2024,1370,SECRETARIA DE ESTADO DE MEIO AMBIENTE E DESENVOLVIMENTO SUSTENTÁVEL - SEMAD,2441,AGÊNCIA REGULADORA DE SERVIÇOS DE ABASTECIMENTO DE ÁGUA E DE ESGOTAMENTO SANITÁRIO DO ESTADO DE MINAS GERAIS - ARSAE -MG,17,125,10,4,15,4015,1,3,3,59,1,0,REGULAÇÃO E FISCALIZAÇÃO DOS SERVIÇOS DE ABASTECIMENTO DE ÁGUA E DE ESGOTAMENTO SANITÁRIO E ATENDIMENTO AOS USUÁRIOS,ATENDIMENTO AO INTERESSADO NA PRESTAÇÃO DE SERVIÇOS,337267,353591,370704,388646
2024,1370,SECRETARIA DE ESTADO DE MEIO AMBIENTE E DESENVOLVIMENTO SUSTENTÁVEL - SEMAD,2441,AGÊNCIA REGULADORA DE SERVIÇOS DE ABASTECIMENTO DE ÁGUA E DE ESGOTAMENTO SANITÁRIO DO ESTADO DE MINAS GERAIS - ARSAE -MG,17,125,10,4,15,4015,1,3,3,59,7,0,REGULAÇÃO E FISCALIZAÇÃO DOS SERVIÇOS DE ABASTECIMENTO DE ÁGUA E DE ESGOTAMENTO SANITÁRIO E ATENDIMENTO AOS USUÁRIOS,ATENDIMENTO AO INTERESSADO NA PRESTAÇÃO DE SERVIÇOS,94569,96886,99257,101688
2024,1370,SECRETARIA DE ESTADO DE MEIO AMBIENTE E DESENVOLVIMENTO SUSTENTÁVEL - SEMAD,2441,AGÊNCIA REGULADORA DE SERVIÇOS DE ABASTECIMENTO DE ÁGUA E DE ESGOTAMENTO SANITÁRIO DO ESTADO DE MINAS GERAIS - ARSAE -MG,17,125,10,4,469,4469,1,4,4,95,1,0,REGULAÇÃO E FISCALIZAÇÃO DOS SERVIÇOS DE ABASTECIMENTO DE ÁGUA E DE ESGOTAMENTO SANITÁRIO E ATENDIMENTO AOS USUÁRIOS,IMPLANTAÇÃO DO SISTEMA DE INFORMAÇÕES REGULATÓRIAS DA ARSAE-MG,42324,0,0,0
2024,1370,SECRETARIA DE ESTADO DE MEIO AMBIENTE E DESENVOLVIMENTO SUSTENTÁVEL - SEMAD,2441,AGÊNCIA REGULADORA DE SERVIÇOS DE ABASTECIMENTO DE ÁGUA E DE ESGOTAMENTO SANITÁRIO DO ESTADO DE MINAS GERAIS - ARSAE -MG,28,846,705,7,4,7004,1,3,1,59,9,0,APOIO ÀS POLÍTICAS PÚBLICAS,PRECATÓRIOS E SENTENÇAS JUDICIÁRIAS,1000,1000,1000,1000
2024,1370,SECRETARIA DE ESTADO DE MEIO AMBIENTE E DESENVOLVIMENTO SUSTENTÁVEL - SEMAD,4341,"FUNDO DE RECUPERAÇÃO, PROTEÇÃO E DESENVOLVIMENTO SUSTENTÁVEL DAS BACIAS HIDROGRÁFICAS DO ESTADO DE MINAS GERAIS - FHIDRO",4,122,705,2,500,2500,1,3,3,31,1,0,APOIO ÀS POLÍTICAS PÚBLICAS,ASSESSORAMENTO E GERENCIAMENTO DE POLÍTICAS PÚBLICAS,9000,9436,9892,10361
2024,1370,SECRETARIA DE ESTADO DE MEIO AMBIENTE E DESENVOLVIMENTO SUSTENTÁVEL - SEMAD,4341,"FUNDO DE RECUPERAÇÃO, PROTEÇÃO E DESENVOLVIMENTO SUSTENTÁVEL DAS BACIAS HIDROGRÁFICAS DO ESTADO DE MINAS GERAIS - FHIDRO",4,122,705,2,500,2500,1,4,4,31,1,0,APOIO ÀS POLÍTICAS PÚBLICAS,ASSESSORAMENTO E GERENCIAMENTO DE POLÍTICAS PÚBLICAS,91000,83022,82842,82842
2024,1370,SECRETARIA DE ESTADO DE MEIO AMBIENTE E DESENVOLVIMENTO SUSTENTÁVEL - SEMAD,4341,"FUNDO DE RECUPERAÇÃO, PROTEÇÃO E DESENVOLVIMENTO SUSTENTÁVEL DAS BACIAS HIDROGRÁFICAS DO ESTADO DE MINAS GERAIS - FHIDRO",17,512,21,4,258,4258,1,4,4,31,1,0,SANEAMENTO E RESÍDUOS ESPECIAIS,APOIO À IMPLEMENTAÇÃO DE INFRAESTRUTURAS E/OU PROJETOS PARA OS SERVIÇOS DE SANEAMENTO BÁSICO,3785070,4548775,4548775,4548775
2024,1370,SECRETARIA DE ESTADO DE MEIO AMBIENTE E DESENVOLVIMENTO SUSTENTÁVEL - SEMAD,4341,"FUNDO DE RECUPERAÇÃO, PROTEÇÃO E DESENVOLVIMENTO SUSTENTÁVEL DAS BACIAS HIDROGRÁFICAS DO ESTADO DE MINAS GERAIS - FHIDRO",17,512,21,4,258,4258,1,4,4,61,1,0,SANEAMENTO E RESÍDUOS ESPECIAIS,APOIO À IMPLEMENTAÇÃO DE INFRAESTRUTURAS E/OU PROJETOS PARA OS SERVIÇOS DE SANEAMENTO BÁSICO,1200825,0,0,0
2024,1370,SECRETARIA DE ESTADO DE MEIO AMBIENTE E DESENVOLVIMENTO SUSTENTÁVEL - SEMAD,4341,"FUNDO DE RECUPERAÇÃO, PROTEÇÃO E DESENVOLVIMENTO SUSTENTÁVEL DAS BACIAS HIDROGRÁFICAS DO ESTADO DE MINAS GERAIS - FHIDRO",18,541,27,4,64,4064,1,3,3,31,1,0,GESTÃO AMBIENTAL,PAGAMENTO POR SERVIÇOS AMBIENTAIS,5984760,6274422,6578105,6896485
2024,1370,SECRETARIA DE ESTADO DE MEIO AMBIENTE E DESENVOLVIMENTO SUSTENTÁVEL - SEMAD,4341,"FUNDO DE RECUPERAÇÃO, PROTEÇÃO E DESENVOLVIMENTO SUSTENTÁVEL DAS BACIAS HIDROGRÁFICAS DO ESTADO DE MINAS GERAIS - FHIDRO",18,541,31,4,151,4151,1,3,3,31,1,0,"PROTEÇÃO DAS ÁREAS AMBIENTALMENTE CONSERVADAS, DA FAUNA E DA BIODIVERSIDADE FLORESTAL",BOLSA VERDE: CONSERVAÇÃO DA COBERTURA VEGETAL NATIVA,20615374,21613158,22659235,23755942
2024,1370,SECRETARIA DE ESTADO DE MEIO AMBIENTE E DESENVOLVIMENTO SUSTENTÁVEL - SEMAD,4341,"FUNDO DE RECUPERAÇÃO, PROTEÇÃO E DESENVOLVIMENTO SUSTENTÁVEL DAS BACIAS HIDROGRÁFICAS DO ESTADO DE MINAS GERAIS - FHIDRO",18,544,65,4,259,4259,1,3,3,31,1,0,FORTALECIMENTO DA POLÍTICA ESTADUAL DE RECURSOS HÍDRICOS,APOIO À GESTÃO DE RECURSOS HÍDRICOS,7500000,7863000,8243569,8642558
2024,1370,SECRETARIA DE ESTADO DE MEIO AMBIENTE E DESENVOLVIMENTO SUSTENTÁVEL - SEMAD,4341,"FUNDO DE RECUPERAÇÃO, PROTEÇÃO E DESENVOLVIMENTO SUSTENTÁVEL DAS BACIAS HIDROGRÁFICAS DO ESTADO DE MINAS GERAIS - FHIDRO",18,544,65,4,259,4259,1,4,4,31,1,0,FORTALECIMENTO DA POLÍTICA ESTADUAL DE RECURSOS HÍDRICOS,APOIO À GESTÃO DE RECURSOS HÍDRICOS,1000000,912329,912329,912329
2024,1370,SECRETARIA DE ESTADO DE MEIO AMBIENTE E DESENVOLVIMENTO SUSTENTÁVEL - SEMAD,4341,"FUNDO DE RECUPERAÇÃO, PROTEÇÃO E DESENVOLVIMENTO SUSTENTÁVEL DAS BACIAS HIDROGRÁFICAS DO ESTADO DE MINAS GERAIS - FHIDRO",18,544,65,4,260,4260,1,3,3,31,1,0,FORTALECIMENTO DA POLÍTICA ESTADUAL DE RECURSOS HÍDRICOS,"APOIO À GESTÃO DE RECURSOS HÍDRICOS, RECURSOS REEMBOLSÁVEIS",280000,293552,307760,322665
2024,1370,SECRETARIA DE ESTADO DE MEIO AMBIENTE E DESENVOLVIMENTO SUSTENTÁVEL - SEMAD,4341,"FUNDO DE RECUPERAÇÃO, PROTEÇÃO E DESENVOLVIMENTO SUSTENTÁVEL DAS BACIAS HIDROGRÁFICAS DO ESTADO DE MINAS GERAIS - FHIDRO",18,544,65,4,260,4260,1,4,4,31,1,0,FORTALECIMENTO DA POLÍTICA ESTADUAL DE RECURSOS HÍDRICOS,"APOIO À GESTÃO DE RECURSOS HÍDRICOS, RECURSOS REEMBOLSÁVEIS",120000,109479,109479,109479
2024,1370,SECRETARIA DE ESTADO DE MEIO AMBIENTE E DESENVOLVIMENTO SUSTENTÁVEL - SEMAD,4341,"FUNDO DE RECUPERAÇÃO, PROTEÇÃO E DESENVOLVIMENTO SUSTENTÁVEL DAS BACIAS HIDROGRÁFICAS DO ESTADO DE MINAS GERAIS - FHIDRO",18,544,65,4,263,4263,1,3,3,31,1,0,FORTALECIMENTO DA POLÍTICA ESTADUAL DE RECURSOS HÍDRICOS,APOIO AOS COMITÊS DE BACIAS HIDROGRÁFICAS,3801503,3985496,4178394,4380628
2024,1370,SECRETARIA DE ESTADO DE MEIO AMBIENTE E DESENVOLVIMENTO SUSTENTÁVEL - SEMAD,4341,"FUNDO DE RECUPERAÇÃO, PROTEÇÃO E DESENVOLVIMENTO SUSTENTÁVEL DAS BACIAS HIDROGRÁFICAS DO ESTADO DE MINAS GERAIS - FHIDRO",18,544,65,4,264,4264,1,4,4,31,1,0,FORTALECIMENTO DA POLÍTICA ESTADUAL DE RECURSOS HÍDRICOS,MODERNIZAÇÃO DA REDE DE MONITORAMENTO HIDROLÓGICO DO ESTADO DE MINAS GERAIS,7500000,6842465,6842645,6842645
2024,1400,CORPO DE BOMBEIROS MILITAR DO ESTADO DE MINAS GERAIS - CBMMG,1401,CORPO DE BOMBEIROS MILITAR DO ESTADO DE MINAS GERAIS - CBMMG,6,122,705,2,500,2500,1,3,1,10,1,0,APOIO ÀS POLÍTICAS PÚBLICAS,ASSESSORAMENTO E GERENCIAMENTO DE POLÍTICAS PÚBLICAS,1527048,1570012,1614876,1660895
2024,1400,CORPO DE BOMBEIROS MILITAR DO ESTADO DE MINAS GERAIS - CBMMG,1401,CORPO DE BOMBEIROS MILITAR DO ESTADO DE MINAS GERAIS - CBMMG,6,122,705,2,500,2500,1,3,3,10,1,0,APOIO ÀS POLÍTICAS PÚBLICAS,ASSESSORAMENTO E GERENCIAMENTO DE POLÍTICAS PÚBLICAS,2180,2180,2180,2180
2024,1400,CORPO DE BOMBEIROS MILITAR DO ESTADO DE MINAS GERAIS - CBMMG,1401,CORPO DE BOMBEIROS MILITAR DO ESTADO DE MINAS GERAIS - CBMMG,6,122,705,2,500,2500,1,3,3,10,7,0,APOIO ÀS POLÍTICAS PÚBLICAS,ASSESSORAMENTO E GERENCIAMENTO DE POLÍTICAS PÚBLICAS,433324,443682,453792,463661
2024,1400,CORPO DE BOMBEIROS MILITAR DO ESTADO DE MINAS GERAIS - CBMMG,1401,CORPO DE BOMBEIROS MILITAR DO ESTADO DE MINAS GERAIS - CBMMG,6,122,705,7,10,7010,1,3,3,10,7,0,APOIO ÀS POLÍTICAS PÚBLICAS,BENEFÍCIOS ASSISTENCIAIS,1132345,1164031,1195782,1228638
2024,1400,CORPO DE BOMBEIROS MILITAR DO ESTADO DE MINAS GERAIS - CBMMG,1401,CORPO DE BOMBEIROS MILITAR DO ESTADO DE MINAS GERAIS - CBMMG,6,128,52,4,119,4119,1,3,1,10,1,0,PROMOÇÃO DE DEFESA CIVIL,"RECRUTAMENTO, TREINAMENTO E FORMAÇÃO DE BOMBEIROS",32355406,33241340,34161986,35088595
2024,1400,CORPO DE BOMBEIROS MILITAR DO ESTADO DE MINAS GERAIS - CBMMG,1401,CORPO DE BOMBEIROS MILITAR DO ESTADO DE MINAS GERAIS - CBMMG,6,128,52,4,119,4119,1,3,3,10,1,0,PROMOÇÃO DE DEFESA CIVIL,"RECRUTAMENTO, TREINAMENTO E FORMAÇÃO DE BOMBEIROS",3502390,3502390,3502390,3502390
2024,1400,CORPO DE BOMBEIROS MILITAR DO ESTADO DE MINAS GERAIS - CBMMG,1401,CORPO DE BOMBEIROS MILITAR DO ESTADO DE MINAS GERAIS - CBMMG,6,128,52,4,119,4119,1,3,3,10,7,0,PROMOÇÃO DE DEFESA CIVIL,"RECRUTAMENTO, TREINAMENTO E FORMAÇÃO DE BOMBEIROS",2847362,2915423,2981857,3046703
2024,1400,CORPO DE BOMBEIROS MILITAR DO ESTADO DE MINAS GERAIS - CBMMG,1401,CORPO DE BOMBEIROS MILITAR DO ESTADO DE MINAS GERAIS - CBMMG,6,128,52,4,119,4119,1,3,3,60,1,0,PROMOÇÃO DE DEFESA CIVIL,"RECRUTAMENTO, TREINAMENTO E FORMAÇÃO DE BOMBEIROS",4468014,4684266,4910984,5148676
2024,1400,CORPO DE BOMBEIROS MILITAR DO ESTADO DE MINAS GERAIS - CBMMG,1401,CORPO DE BOMBEIROS MILITAR DO ESTADO DE MINAS GERAIS - CBMMG,6,182,47,4,142,4142,1,3,3,10,1,0,SUPORTE ÀS AÇÕES DE COMBATE E RESPOSTA AOS DANOS CAUSADOS PELAS CHUVAS,GESTÃO DO ATENDIMENTO AO PERÍODO CHUVOSO,3284877,3284877,3284877,3284877
2024,1400,CORPO DE BOMBEIROS MILITAR DO ESTADO DE MINAS GERAIS - CBMMG,1401,CORPO DE BOMBEIROS MILITAR DO ESTADO DE MINAS GERAIS - CBMMG,6,182,52,1,12,1012,1,3,3,10,1,1,PROMOÇÃO DE DEFESA CIVIL,APERFEIÇOAMENTO DA GESTÃO DA AGE,1000,1048,1099,1152
2024,1400,CORPO DE BOMBEIROS MILITAR DO ESTADO DE MINAS GERAIS - CBMMG,1401,CORPO DE BOMBEIROS MILITAR DO ESTADO DE MINAS GERAIS - CBMMG,6,182,52,4,112,4112,1,4,4,27,1,0,PROMOÇÃO DE DEFESA CIVIL,"AMPLIAÇÃO DO SISTEMA DE TECNOLOGIA DA INFORMAÇÃO E COMUNICAÇÃO, NO CBMMG, PARA RESPOSTA A DESASTRES",905368,905368,905368,905368
2024,1400,CORPO DE BOMBEIROS MILITAR DO ESTADO DE MINAS GERAIS - CBMMG,1401,CORPO DE BOMBEIROS MILITAR DO ESTADO DE MINAS GERAIS - CBMMG,6,182,52,4,113,4113,1,3,3,27,1,0,PROMOÇÃO DE DEFESA CIVIL,"MANUTENÇÃO DO SISTEMA DE TECNOLOGIA DA INFORMAÇÃO E COMUNICAÇÃO, NO CBMMG, PARA RESPOSTA A DESASTRES",7400837,7400837,7400837,7400837
2024,1400,CORPO DE BOMBEIROS MILITAR DO ESTADO DE MINAS GERAIS - CBMMG,1401,CORPO DE BOMBEIROS MILITAR DO ESTADO DE MINAS GERAIS - CBMMG,6,182,52,4,113,4113,1,3,3,70,1,0,PROMOÇÃO DE DEFESA CIVIL,"MANUTENÇÃO DO SISTEMA DE TECNOLOGIA DA INFORMAÇÃO E COMUNICAÇÃO, NO CBMMG, PARA RESPOSTA A DESASTRES",155000,0,0,0
2024,1400,CORPO DE BOMBEIROS MILITAR DO ESTADO DE MINAS GERAIS - CBMMG,1401,CORPO DE BOMBEIROS MILITAR DO ESTADO DE MINAS GERAIS - CBMMG,6,182,52,4,113,4113,1,4,4,70,1,0,PROMOÇÃO DE DEFESA CIVIL,"MANUTENÇÃO DO SISTEMA DE TECNOLOGIA DA INFORMAÇÃO E COMUNICAÇÃO, NO CBMMG, PARA RESPOSTA A DESASTRES",95000,0,0,0
2024,1400,CORPO DE BOMBEIROS MILITAR DO ESTADO DE MINAS GERAIS - CBMMG,1401,CORPO DE BOMBEIROS MILITAR DO ESTADO DE MINAS GERAIS - CBMMG,6,182,52,4,114,4114,1,3,1,10,1,0,PROMOÇÃO DE DEFESA CIVIL,"GESTÃO DA PREVENÇÃO, MITIGAÇÃO E PREPARAÇÃO DE DESASTRE",319187588,327845659,336822628,346125607
2024,1400,CORPO DE BOMBEIROS MILITAR DO ESTADO DE MINAS GERAIS - CBMMG,1401,CORPO DE BOMBEIROS MILITAR DO ESTADO DE MINAS GERAIS - CBMMG,6,182,52,4,114,4114,1,3,3,10,1,0,PROMOÇÃO DE DEFESA CIVIL,"GESTÃO DA PREVENÇÃO, MITIGAÇÃO E PREPARAÇÃO DE DESASTRE",8128336,8128288,8128238,8128184
2024,1400,CORPO DE BOMBEIROS MILITAR DO ESTADO DE MINAS GERAIS - CBMMG,1401,CORPO DE BOMBEIROS MILITAR DO ESTADO DE MINAS GERAIS - CBMMG,6,182,52,4,114,4114,1,3,3,10,7,0,PROMOÇÃO DE DEFESA CIVIL,"GESTÃO DA PREVENÇÃO, MITIGAÇÃO E PREPARAÇÃO DE DESASTRE",12873529,13214314,13548283,13875503
2024,1400,CORPO DE BOMBEIROS MILITAR DO ESTADO DE MINAS GERAIS - CBMMG,1401,CORPO DE BOMBEIROS MILITAR DO ESTADO DE MINAS GERAIS - CBMMG,6,182,52,4,114,4114,1,3,3,27,1,0,PROMOÇÃO DE DEFESA CIVIL,"GESTÃO DA PREVENÇÃO, MITIGAÇÃO E PREPARAÇÃO DE DESASTRE",6635355,7376412,8153336,8967863
2024,1400,CORPO DE BOMBEIROS MILITAR DO ESTADO DE MINAS GERAIS - CBMMG,1401,CORPO DE BOMBEIROS MILITAR DO ESTADO DE MINAS GERAIS - CBMMG,6,182,52,4,114,4114,1,4,4,27,1,0,PROMOÇÃO DE DEFESA CIVIL,"GESTÃO DA PREVENÇÃO, MITIGAÇÃO E PREPARAÇÃO DE DESASTRE",643100,643100,643100,643100
2024,1400,CORPO DE BOMBEIROS MILITAR DO ESTADO DE MINAS GERAIS - CBMMG,1401,CORPO DE BOMBEIROS MILITAR DO ESTADO DE MINAS GERAIS - CBMMG,6,182,52,4,114,4114,1,4,4,70,1,0,PROMOÇÃO DE DEFESA CIVIL,"GESTÃO DA PREVENÇÃO, MITIGAÇÃO E PREPARAÇÃO DE DESASTRE",20000,0,0,0
2024,1400,CORPO DE BOMBEIROS MILITAR DO ESTADO DE MINAS GERAIS - CBMMG,1401,CORPO DE BOMBEIROS MILITAR DO ESTADO DE MINAS GERAIS - CBMMG,6,182,52,4,115,4115,1,3,1,10,1,0,PROMOÇÃO DE DEFESA CIVIL,GESTÃO DA RESPOSTA A DESASTRES,436546170,448485001,460825208,472386163
2024,1400,CORPO DE BOMBEIROS MILITAR DO ESTADO DE MINAS GERAIS - CBMMG,1401,CORPO DE BOMBEIROS MILITAR DO ESTADO DE MINAS GERAIS - CBMMG,6,182,52,4,115,4115,1,3,3,10,1,0,PROMOÇÃO DE DEFESA CIVIL,GESTÃO DA RESPOSTA A DESASTRES,12719680,14544267,16457164,18462646
2024,1400,CORPO DE BOMBEIROS MILITAR DO ESTADO DE MINAS GERAIS - CBMMG,1401,CORPO DE BOMBEIROS MILITAR DO ESTADO DE MINAS GERAIS - CBMMG,6,182,52,4,115,4115,1,3,3,10,7,0,PROMOÇÃO DE DEFESA CIVIL,GESTÃO DA RESPOSTA A DESASTRES,31666121,32415843,33204229,34031840
2024,1400,CORPO DE BOMBEIROS MILITAR DO ESTADO DE MINAS GERAIS - CBMMG,1401,CORPO DE BOMBEIROS MILITAR DO ESTADO DE MINAS GERAIS - CBMMG,6,182,52,4,115,4115,1,3,3,24,1,0,PROMOÇÃO DE DEFESA CIVIL,GESTÃO DA RESPOSTA A DESASTRES,2631200,0,0,0
2024,1400,CORPO DE BOMBEIROS MILITAR DO ESTADO DE MINAS GERAIS - CBMMG,1401,CORPO DE BOMBEIROS MILITAR DO ESTADO DE MINAS GERAIS - CBMMG,6,182,52,4,115,4115,1,3,3,66,1,0,PROMOÇÃO DE DEFESA CIVIL,GESTÃO DA RESPOSTA A DESASTRES,179765,0,0,0
2024,1400,CORPO DE BOMBEIROS MILITAR DO ESTADO DE MINAS GERAIS - CBMMG,1401,CORPO DE BOMBEIROS MILITAR DO ESTADO DE MINAS GERAIS - CBMMG,6,182,52,4,115,4115,1,3,3,70,1,0,PROMOÇÃO DE DEFESA CIVIL,GESTÃO DA RESPOSTA A DESASTRES,1171250,0,0,0
2024,1400,CORPO DE BOMBEIROS MILITAR DO ESTADO DE MINAS GERAIS - CBMMG,1401,CORPO DE BOMBEIROS MILITAR DO ESTADO DE MINAS GERAIS - CBMMG,6,182,52,4,115,4115,1,4,4,1,1,0,PROMOÇÃO DE DEFESA CIVIL,GESTÃO DA RESPOSTA A DESASTRES,2587880,0,0,0
2024,1400,CORPO DE BOMBEIROS MILITAR DO ESTADO DE MINAS GERAIS - CBMMG,1401,CORPO DE BOMBEIROS MILITAR DO ESTADO DE MINAS GERAIS - CBMMG,6,182,52,4,115,4115,1,4,4,2,1,0,PROMOÇÃO DE DEFESA CIVIL,GESTÃO DA RESPOSTA A DESASTRES,16736392,0,0,0
2024,1400,CORPO DE BOMBEIROS MILITAR DO ESTADO DE MINAS GERAIS - CBMMG,1401,CORPO DE BOMBEIROS MILITAR DO ESTADO DE MINAS GERAIS - CBMMG,6,182,52,4,115,4115,1,4,4,9,1,0,PROMOÇÃO DE DEFESA CIVIL,GESTÃO DA RESPOSTA A DESASTRES,206000,0,0,0
2024,1400,CORPO DE BOMBEIROS MILITAR DO ESTADO DE MINAS GERAIS - CBMMG,1401,CORPO DE BOMBEIROS MILITAR DO ESTADO DE MINAS GERAIS - CBMMG,6,182,52,4,115,4115,1,4,4,24,1,0,PROMOÇÃO DE DEFESA CIVIL,GESTÃO DA RESPOSTA A DESASTRES,4132200,0,0,0
2024,1400,CORPO DE BOMBEIROS MILITAR DO ESTADO DE MINAS GERAIS - CBMMG,1401,CORPO DE BOMBEIROS MILITAR DO ESTADO DE MINAS GERAIS - CBMMG,6,182,52,4,115,4115,1,4,4,27,1,0,PROMOÇÃO DE DEFESA CIVIL,GESTÃO DA RESPOSTA A DESASTRES,54000,54000,54000,54000
2024,1400,CORPO DE BOMBEIROS MILITAR DO ESTADO DE MINAS GERAIS - CBMMG,1401,CORPO DE BOMBEIROS MILITAR DO ESTADO DE MINAS GERAIS - CBMMG,6,182,52,4,115,4115,1,4,4,70,1,0,PROMOÇÃO DE DEFESA CIVIL,GESTÃO DA RESPOSTA A DESASTRES,1249750,0,0,0
2024,1400,CORPO DE BOMBEIROS MILITAR DO ESTADO DE MINAS GERAIS - CBMMG,1401,CORPO DE BOMBEIROS MILITAR DO ESTADO DE MINAS GERAIS - CBMMG,6,182,52,4,117,4117,1,3,3,10,1,0,PROMOÇÃO DE DEFESA CIVIL,BOMBEIRO NAS ESCOLAS,48000,48000,48000,48000
2024,1400,CORPO DE BOMBEIROS MILITAR DO ESTADO DE MINAS GERAIS - CBMMG,1401,CORPO DE BOMBEIROS MILITAR DO ESTADO DE MINAS GERAIS - CBMMG,6,182,52,4,120,4120,1,3,3,27,1,0,PROMOÇÃO DE DEFESA CIVIL,MODERNIZAÇÃO E ESTRUTURAÇÃO DO CORPO DE BOMBEIROS MILITAR DE MINAS GERAIS,1274901,1274901,1274901,1274901
2024,1400,CORPO DE BOMBEIROS MILITAR DO ESTADO DE MINAS GERAIS - CBMMG,1401,CORPO DE BOMBEIROS MILITAR DO ESTADO DE MINAS GERAIS - CBMMG,6,182,52,4,120,4120,1,3,3,70,1,0,PROMOÇÃO DE DEFESA CIVIL,MODERNIZAÇÃO E ESTRUTURAÇÃO DO CORPO DE BOMBEIROS MILITAR DE MINAS GERAIS,128000,0,0,0
2024,1400,CORPO DE BOMBEIROS MILITAR DO ESTADO DE MINAS GERAIS - CBMMG,1401,CORPO DE BOMBEIROS MILITAR DO ESTADO DE MINAS GERAIS - CBMMG,6,182,52,4,120,4120,1,4,4,27,1,0,PROMOÇÃO DE DEFESA CIVIL,MODERNIZAÇÃO E ESTRUTURAÇÃO DO CORPO DE BOMBEIROS MILITAR DE MINAS GERAIS,392799,392799,392799,392799
2024,1400,CORPO DE BOMBEIROS MILITAR DO ESTADO DE MINAS GERAIS - CBMMG,1401,CORPO DE BOMBEIROS MILITAR DO ESTADO DE MINAS GERAIS - CBMMG,6,182,52,4,120,4120,1,4,4,70,1,0,PROMOÇÃO DE DEFESA CIVIL,MODERNIZAÇÃO E ESTRUTURAÇÃO DO CORPO DE BOMBEIROS MILITAR DE MINAS GERAIS,623500,0,0,0
2024,1400,CORPO DE BOMBEIROS MILITAR DO ESTADO DE MINAS GERAIS - CBMMG,1401,CORPO DE BOMBEIROS MILITAR DO ESTADO DE MINAS GERAIS - CBMMG,6,182,52,4,140,4140,1,4,4,95,1,0,PROMOÇÃO DE DEFESA CIVIL,MODERNIZAÇÃO E ESTRUTURAÇÃO DO CORPO DE BOMBEIROS MILITAR DE MINAS GERAIS - REPARAÇÃO BRUMADINHO,8998000,0,0,0
2024,1400,CORPO DE BOMBEIROS MILITAR DO ESTADO DE MINAS GERAIS - CBMMG,1401,CORPO DE BOMBEIROS MILITAR DO ESTADO DE MINAS GERAIS - CBMMG,6,182,52,4,141,4141,1,4,4,95,1,0,PROMOÇÃO DE DEFESA CIVIL,MANUTENÇÃO E AMPLIAÇÃO DO SISTEMA DE TIC PARA POTENCIALIZAÇÃO DO SERVIÇO DE SEGURANÇA CONTRA INCÊNDIO E PÂNICO - REPARAÇÃO BRUMADINHO,1000,0,0,0
2024,1400,CORPO DE BOMBEIROS MILITAR DO ESTADO DE MINAS GERAIS - CBMMG,1401,CORPO DE BOMBEIROS MILITAR DO ESTADO DE MINAS GERAIS - CBMMG,6,182,705,4,556,4556,1,4,4,95,1,0,APOIO ÀS POLÍTICAS PÚBLICAS,AMPLIAÇÃO DE POSTOS DE ABASTECIMENTO PRÓPRIOS DO ESTADO - CBMMG,1000,0,0,0
2024,1400,CORPO DE BOMBEIROS MILITAR DO ESTADO DE MINAS GERAIS - CBMMG,1401,CORPO DE BOMBEIROS MILITAR DO ESTADO DE MINAS GERAIS - CBMMG,6,272,705,7,7,7007,1,3,1,10,1,0,APOIO ÀS POLÍTICAS PÚBLICAS,PROVENTOS DE INATIVOS MILITARES,665960356,684094356,702740243,723236299
2024,1400,CORPO DE BOMBEIROS MILITAR DO ESTADO DE MINAS GERAIS - CBMMG,1401,CORPO DE BOMBEIROS MILITAR DO ESTADO DE MINAS GERAIS - CBMMG,10,302,52,2,21,2021,1,3,1,10,1,0,PROMOÇÃO DE DEFESA CIVIL,"ASSISTÊNCIA MÉDICA, ODONTOLÓGICA, PSICOLÓGICA E FISIOTERÁPICA AOS BOMBEIROS MILITARES",25223803,25829337,26543352,27284197
2024,1400,CORPO DE BOMBEIROS MILITAR DO ESTADO DE MINAS GERAIS - CBMMG,1401,CORPO DE BOMBEIROS MILITAR DO ESTADO DE MINAS GERAIS - CBMMG,10,302,52,2,21,2021,1,3,3,10,1,0,PROMOÇÃO DE DEFESA CIVIL,"ASSISTÊNCIA MÉDICA, ODONTOLÓGICA, PSICOLÓGICA E FISIOTERÁPICA AOS BOMBEIROS MILITARES",82609,83609,83609,83609
2024,1400,CORPO DE BOMBEIROS MILITAR DO ESTADO DE MINAS GERAIS - CBMMG,1401,CORPO DE BOMBEIROS MILITAR DO ESTADO DE MINAS GERAIS - CBMMG,10,302,52,2,21,2021,1,3,3,10,7,0,PROMOÇÃO DE DEFESA CIVIL,"ASSISTÊNCIA MÉDICA, ODONTOLÓGICA, PSICOLÓGICA E FISIOTERÁPICA AOS BOMBEIROS MILITARES",1432310,1465548,1498965,1531584
2024,1400,CORPO DE BOMBEIROS MILITAR DO ESTADO DE MINAS GERAIS - CBMMG,1401,CORPO DE BOMBEIROS MILITAR DO ESTADO DE MINAS GERAIS - CBMMG,10,302,53,4,94,4094,1,3,3,10,1,0,ATENDIMENTO PRÉ-HOSPITALAR,SUPORTE BÁSICO E AVANÇADO DE VIDA,6147590,6146590,6146590,6146590
2024,1400,CORPO DE BOMBEIROS MILITAR DO ESTADO DE MINAS GERAIS - CBMMG,1401,CORPO DE BOMBEIROS MILITAR DO ESTADO DE MINAS GERAIS - CBMMG,10,302,53,4,94,4094,1,3,3,70,1,0,ATENDIMENTO PRÉ-HOSPITALAR,SUPORTE BÁSICO E AVANÇADO DE VIDA,157000,0,0,0
2024,1400,CORPO DE BOMBEIROS MILITAR DO ESTADO DE MINAS GERAIS - CBMMG,1401,CORPO DE BOMBEIROS MILITAR DO ESTADO DE MINAS GERAIS - CBMMG,10,302,53,4,94,4094,1,4,4,70,1,0,ATENDIMENTO PRÉ-HOSPITALAR,SUPORTE BÁSICO E AVANÇADO DE VIDA,60000,0,0,0
2024,1400,CORPO DE BOMBEIROS MILITAR DO ESTADO DE MINAS GERAIS - CBMMG,1401,CORPO DE BOMBEIROS MILITAR DO ESTADO DE MINAS GERAIS - CBMMG,12,363,52,4,116,4116,1,3,3,10,1,0,PROMOÇÃO DE DEFESA CIVIL,FORMAÇÃO E CAPACITAÇÃO TÉCNICO PROFISSIONAL PARA CIVIS,72000,72000,72000,72000
2024,1400,CORPO DE BOMBEIROS MILITAR DO ESTADO DE MINAS GERAIS - CBMMG,1401,CORPO DE BOMBEIROS MILITAR DO ESTADO DE MINAS GERAIS - CBMMG,18,182,52,4,138,4138,1,3,3,10,1,0,PROMOÇÃO DE DEFESA CIVIL,"SUPORTE ÀS AÇÕES DE PREVENÇÃO, MITIGAÇÃO, PREPARAÇÃO E RESPOSTA AOS INCÊNDIOS EM VEGETAÇÃO",3709425,3709425,3709425,3709425
2024,1450,SECRETARIA DE ESTADO DE JUSTIÇA E SEGURANÇA PÚBLICA - SEJUSP,1451,SECRETARIA DE ESTADO DE JUSTIÇA E SEGURANÇA PÚBLICA - SEJUSP,6,122,705,2,500,2500,1,3,1,10,1,0,APOIO ÀS POLÍTICAS PÚBLICAS,ASSESSORAMENTO E GERENCIAMENTO DE POLÍTICAS PÚBLICAS,84639268,88871236,93314797,97980536
2024,1450,SECRETARIA DE ESTADO DE JUSTIÇA E SEGURANÇA PÚBLICA - SEJUSP,1451,SECRETARIA DE ESTADO DE JUSTIÇA E SEGURANÇA PÚBLICA - SEJUSP,6,122,705,2,500,2500,1,3,3,10,1,0,APOIO ÀS POLÍTICAS PÚBLICAS,ASSESSORAMENTO E GERENCIAMENTO DE POLÍTICAS PÚBLICAS,21643015,22688442,23786565,24937836
2024,1450,SECRETARIA DE ESTADO DE JUSTIÇA E SEGURANÇA PÚBLICA - SEJUSP,1451,SECRETARIA DE ESTADO DE JUSTIÇA E SEGURANÇA PÚBLICA - SEJUSP,6,122,705,2,500,2500,1,3,3,27,7,0,APOIO ÀS POLÍTICAS PÚBLICAS,ASSESSORAMENTO E GERENCIAMENTO DE POLÍTICAS PÚBLICAS,18605231,19535495,20512269,21537882
2024,1450,SECRETARIA DE ESTADO DE JUSTIÇA E SEGURANÇA PÚBLICA - SEJUSP,1451,SECRETARIA DE ESTADO DE JUSTIÇA E SEGURANÇA PÚBLICA - SEJUSP,6,181,134,4,376,4376,1,3,3,10,1,0,GESTÃO INTEGRADA DE SEGURANÇA PÚBLICA,INTEGRAÇÃO OPERACIONAL E AÇÕES DE COMANDO E CONTROLE NO ATENDIMENTO DE DENÚNCIAS E CHAMADAS DE EMERGÊNCIA POLICIAL E DE BOMBEIRO,39300637,41202791,43197010,45287749
2024,1450,SECRETARIA DE ESTADO DE JUSTIÇA E SEGURANÇA PÚBLICA - SEJUSP,1451,SECRETARIA DE ESTADO DE JUSTIÇA E SEGURANÇA PÚBLICA - SEJUSP,6,181,134,4,378,4378,1,3,1,10,1,1,GESTÃO INTEGRADA DE SEGURANÇA PÚBLICA,OPERACIONALIZAÇÃO DA POLÍTICA DE INTEGRAÇÃO DA SEGURANÇA PÚBLICA DE MINAS GERAIS,17002553,17886162,18780570,19719698
2024,1450,SECRETARIA DE ESTADO DE JUSTIÇA E SEGURANÇA PÚBLICA - SEJUSP,1451,SECRETARIA DE ESTADO DE JUSTIÇA E SEGURANÇA PÚBLICA - SEJUSP,6,181,134,4,378,4378,1,3,3,1,1,1,GESTÃO INTEGRADA DE SEGURANÇA PÚBLICA,OPERACIONALIZAÇÃO DA POLÍTICA DE INTEGRAÇÃO DA SEGURANÇA PÚBLICA DE MINAS GERAIS,1000,0,0,0
2024,1450,SECRETARIA DE ESTADO DE JUSTIÇA E SEGURANÇA PÚBLICA - SEJUSP,1451,SECRETARIA DE ESTADO DE JUSTIÇA E SEGURANÇA PÚBLICA - SEJUSP,6,181,134,4,378,4378,1,3,3,10,1,1,GESTÃO INTEGRADA DE SEGURANÇA PÚBLICA,OPERACIONALIZAÇÃO DA POLÍTICA DE INTEGRAÇÃO DA SEGURANÇA PÚBLICA DE MINAS GERAIS,18318994,19205635,20135189,21109734
2024,1450,SECRETARIA DE ESTADO DE JUSTIÇA E SEGURANÇA PÚBLICA - SEJUSP,1451,SECRETARIA DE ESTADO DE JUSTIÇA E SEGURANÇA PÚBLICA - SEJUSP,6,181,134,4,378,4378,1,3,3,27,7,1,GESTÃO INTEGRADA DE SEGURANÇA PÚBLICA,OPERACIONALIZAÇÃO DA POLÍTICA DE INTEGRAÇÃO DA SEGURANÇA PÚBLICA DE MINAS GERAIS,2957065,3099004,3247756,3403648
2024,1450,SECRETARIA DE ESTADO DE JUSTIÇA E SEGURANÇA PÚBLICA - SEJUSP,1451,SECRETARIA DE ESTADO DE JUSTIÇA E SEGURANÇA PÚBLICA - SEJUSP,6,181,134,4,378,4378,1,4,4,1,1,1,GESTÃO INTEGRADA DE SEGURANÇA PÚBLICA,OPERACIONALIZAÇÃO DA POLÍTICA DE INTEGRAÇÃO DA SEGURANÇA PÚBLICA DE MINAS GERAIS,32794,0,0,0
2024,1450,SECRETARIA DE ESTADO DE JUSTIÇA E SEGURANÇA PÚBLICA - SEJUSP,1451,SECRETARIA DE ESTADO DE JUSTIÇA E SEGURANÇA PÚBLICA - SEJUSP,6,181,134,4,378,4378,1,4,4,10,1,1,GESTÃO INTEGRADA DE SEGURANÇA PÚBLICA,OPERACIONALIZAÇÃO DA POLÍTICA DE INTEGRAÇÃO DA SEGURANÇA PÚBLICA DE MINAS GERAIS,3899230,3898230,3898230,3898230
2024,1450,SECRETARIA DE ESTADO DE JUSTIÇA E SEGURANÇA PÚBLICA - SEJUSP,1451,SECRETARIA DE ESTADO DE JUSTIÇA E SEGURANÇA PÚBLICA - SEJUSP,6,183,134,1,54,1054,1,3,3,10,1,0,GESTÃO INTEGRADA DE SEGURANÇA PÚBLICA,PRODUÇÃO DE INFORMAÇÕES E CONHECIMENTOS DE JUSTIÇA E SEGURANÇA PÚBLICA,1000,1000,1000,1000
2024,1450,SECRETARIA DE ESTADO DE JUSTIÇA E SEGURANÇA PÚBLICA - SEJUSP,1451,SECRETARIA DE ESTADO DE JUSTIÇA E SEGURANÇA PÚBLICA - SEJUSP,6,183,134,4,375,4375,1,3,3,10,1,0,GESTÃO INTEGRADA DE SEGURANÇA PÚBLICA,ESTRUTURAÇÃO E MANUTENÇÃO DE UM SISTEMA ESTADUAL DE INTELIGÊNCIA DE SEGURANÇA PÚBLICA EM MINAS GERAIS,142945,149863,157117,164721
2024,1450,SECRETARIA DE ESTADO DE JUSTIÇA E SEGURANÇA PÚBLICA - SEJUSP,1451,SECRETARIA DE ESTADO DE JUSTIÇA E SEGURANÇA PÚBLICA - SEJUSP,6,183,134,4,375,4375,1,4,4,1,1,0,GESTÃO INTEGRADA DE SEGURANÇA PÚBLICA,ESTRUTURAÇÃO E MANUTENÇÃO DE UM SISTEMA ESTADUAL DE INTELIGÊNCIA DE SEGURANÇA PÚBLICA EM MINAS GERAIS,100000,1000,1000,1000
2024,1450,SECRETARIA DE ESTADO DE JUSTIÇA E SEGURANÇA PÚBLICA - SEJUSP,1451,SECRETARIA DE ESTADO DE JUSTIÇA E SEGURANÇA PÚBLICA - SEJUSP,6,243,146,4,441,4441,1,3,1,10,1,1,PROMOÇÃO DA POLÍTICA SOCIOEDUCATIVA PARA ATENDIMENTO AOS ADOLESCENTES EM CONFLITO COM A LEI,"ADEQUAÇÃO, MANUTENÇÃO E DESENVOLVIMENTO DO ATENDIMENTO SOCIOEDUCATIVO",164434587,169030380,173743469,178580063
2024,1450,SECRETARIA DE ESTADO DE JUSTIÇA E SEGURANÇA PÚBLICA - SEJUSP,1451,SECRETARIA DE ESTADO DE JUSTIÇA E SEGURANÇA PÚBLICA - SEJUSP,6,243,146,4,441,4441,1,3,3,10,1,1,PROMOÇÃO DA POLÍTICA SOCIOEDUCATIVA PARA ATENDIMENTO AOS ADOLESCENTES EM CONFLITO COM A LEI,"ADEQUAÇÃO, MANUTENÇÃO E DESENVOLVIMENTO DO ATENDIMENTO SOCIOEDUCATIVO",25298182,26522612,27806304,29152128
2024,1450,SECRETARIA DE ESTADO DE JUSTIÇA E SEGURANÇA PÚBLICA - SEJUSP,1451,SECRETARIA DE ESTADO DE JUSTIÇA E SEGURANÇA PÚBLICA - SEJUSP,6,243,146,4,441,4441,1,3,3,27,7,1,PROMOÇÃO DA POLÍTICA SOCIOEDUCATIVA PARA ATENDIMENTO AOS ADOLESCENTES EM CONFLITO COM A LEI,"ADEQUAÇÃO, MANUTENÇÃO E DESENVOLVIMENTO DO ATENDIMENTO SOCIOEDUCATIVO",12069168,12295372,12523783,12754294
2024,1450,SECRETARIA DE ESTADO DE JUSTIÇA E SEGURANÇA PÚBLICA - SEJUSP,1451,SECRETARIA DE ESTADO DE JUSTIÇA E SEGURANÇA PÚBLICA - SEJUSP,6,243,146,4,441,4441,1,4,4,24,1,1,PROMOÇÃO DA POLÍTICA SOCIOEDUCATIVA PARA ATENDIMENTO AOS ADOLESCENTES EM CONFLITO COM A LEI,"ADEQUAÇÃO, MANUTENÇÃO E DESENVOLVIMENTO DO ATENDIMENTO SOCIOEDUCATIVO",29500000,0,0,0
2024,1450,SECRETARIA DE ESTADO DE JUSTIÇA E SEGURANÇA PÚBLICA - SEJUSP,1451,SECRETARIA DE ESTADO DE JUSTIÇA E SEGURANÇA PÚBLICA - SEJUSP,6,331,134,4,377,4377,1,3,3,10,1,0,GESTÃO INTEGRADA DE SEGURANÇA PÚBLICA,MANUTENÇÃO DE MORADIAS FUNCIONAIS PARA SERVIDORES EM SITUAÇÃO DE RISCO,147290,154419,161893,169729
2024,1450,SECRETARIA DE ESTADO DE JUSTIÇA E SEGURANÇA PÚBLICA - SEJUSP,1451,SECRETARIA DE ESTADO DE JUSTIÇA E SEGURANÇA PÚBLICA - SEJUSP,6,363,134,4,379,4379,1,3,3,10,1,0,GESTÃO INTEGRADA DE SEGURANÇA PÚBLICA,"RECRUTAMENTO, SELEÇÃO, FORMAÇÃO, CAPACITAÇÃO E TREINAMENTO DOS PROFISSIONAIS DO SISTEMA DE JUSTIÇA E SEGURANÇA PÚBLICA",1299702,1362609,1428559,1497701
2024,1450,SECRETARIA DE ESTADO DE JUSTIÇA E SEGURANÇA PÚBLICA - SEJUSP,1451,SECRETARIA DE ESTADO DE JUSTIÇA E SEGURANÇA PÚBLICA - SEJUSP,6,363,134,4,379,4379,1,3,3,24,1,0,GESTÃO INTEGRADA DE SEGURANÇA PÚBLICA,"RECRUTAMENTO, SELEÇÃO, FORMAÇÃO, CAPACITAÇÃO E TREINAMENTO DOS PROFISSIONAIS DO SISTEMA DE JUSTIÇA E SEGURANÇA PÚBLICA",244200,0,0,0
2024,1450,SECRETARIA DE ESTADO DE JUSTIÇA E SEGURANÇA PÚBLICA - SEJUSP,1451,SECRETARIA DE ESTADO DE JUSTIÇA E SEGURANÇA PÚBLICA - SEJUSP,6,363,134,4,379,4379,1,4,4,24,1,0,GESTÃO INTEGRADA DE SEGURANÇA PÚBLICA,"RECRUTAMENTO, SELEÇÃO, FORMAÇÃO, CAPACITAÇÃO E TREINAMENTO DOS PROFISSIONAIS DO SISTEMA DE JUSTIÇA E SEGURANÇA PÚBLICA",724658,0,0,0
2024,1450,SECRETARIA DE ESTADO DE JUSTIÇA E SEGURANÇA PÚBLICA - SEJUSP,1451,SECRETARIA DE ESTADO DE JUSTIÇA E SEGURANÇA PÚBLICA - SEJUSP,6,421,129,4,344,4344,1,3,1,10,1,0,PREVENÇÃO À CRIMINALIDADE,PREVENÇÃO SOCIAL ÀS VIOLÊNCIAS E CRIMINALIDADES,3699572,0,0,0
2024,1450,SECRETARIA DE ESTADO DE JUSTIÇA E SEGURANÇA PÚBLICA - SEJUSP,1451,SECRETARIA DE ESTADO DE JUSTIÇA E SEGURANÇA PÚBLICA - SEJUSP,6,421,129,4,344,4344,1,3,3,10,1,0,PREVENÇÃO À CRIMINALIDADE,PREVENÇÃO SOCIAL ÀS VIOLÊNCIAS E CRIMINALIDADES,47098929,49378421,51768446,54274043
2024,1450,SECRETARIA DE ESTADO DE JUSTIÇA E SEGURANÇA PÚBLICA - SEJUSP,1451,SECRETARIA DE ESTADO DE JUSTIÇA E SEGURANÇA PÚBLICA - SEJUSP,6,421,129,4,344,4344,1,3,3,27,7,0,PREVENÇÃO À CRIMINALIDADE,PREVENÇÃO SOCIAL ÀS VIOLÊNCIAS E CRIMINALIDADES,728097,0,0,0
2024,1450,SECRETARIA DE ESTADO DE JUSTIÇA E SEGURANÇA PÚBLICA - SEJUSP,1451,SECRETARIA DE ESTADO DE JUSTIÇA E SEGURANÇA PÚBLICA - SEJUSP,6,421,129,4,347,4347,1,3,3,10,1,0,PREVENÇÃO À CRIMINALIDADE,IMPLANTAÇÃO DE UNIDADES DE PREVENÇÃO À CRIMINALIDADE,0,1000,1000,1000
2024,1450,SECRETARIA DE ESTADO DE JUSTIÇA E SEGURANÇA PÚBLICA - SEJUSP,1451,SECRETARIA DE ESTADO DE JUSTIÇA E SEGURANÇA PÚBLICA - SEJUSP,6,421,129,4,347,4347,1,4,4,1,1,0,PREVENÇÃO À CRIMINALIDADE,IMPLANTAÇÃO DE UNIDADES DE PREVENÇÃO À CRIMINALIDADE,100000,0,0,0
2024,1450,SECRETARIA DE ESTADO DE JUSTIÇA E SEGURANÇA PÚBLICA - SEJUSP,1451,SECRETARIA DE ESTADO DE JUSTIÇA E SEGURANÇA PÚBLICA - SEJUSP,6,421,130,1,47,1047,1,4,4,10,1,0,INFRAESTRUTURA DO SISTEMA PRISIONAL,MODERNIZAÇÃO E EXPANSÃO DO SISTEMA PRISIONAL - REPARAÇÃO BRUMADINHO,0,1000,1000,1000
2024,1450,SECRETARIA DE ESTADO DE JUSTIÇA E SEGURANÇA PÚBLICA - SEJUSP,1451,SECRETARIA DE ESTADO DE JUSTIÇA E SEGURANÇA PÚBLICA - SEJUSP,6,421,130,1,47,1047,1,4,4,95,1,0,INFRAESTRUTURA DO SISTEMA PRISIONAL,MODERNIZAÇÃO E EXPANSÃO DO SISTEMA PRISIONAL - REPARAÇÃO BRUMADINHO,26150000,0,0,0
2024,1450,SECRETARIA DE ESTADO DE JUSTIÇA E SEGURANÇA PÚBLICA - SEJUSP,1451,SECRETARIA DE ESTADO DE JUSTIÇA E SEGURANÇA PÚBLICA - SEJUSP,6,421,130,1,48,1048,1,3,3,10,1,1,INFRAESTRUTURA DO SISTEMA PRISIONAL,MODERNIZAÇÃO E EXPANSÃO DO SISTEMA PRISIONAL,1176090,1233013,1292692,1355258
2024,1450,SECRETARIA DE ESTADO DE JUSTIÇA E SEGURANÇA PÚBLICA - SEJUSP,1451,SECRETARIA DE ESTADO DE JUSTIÇA E SEGURANÇA PÚBLICA - SEJUSP,6,421,130,1,48,1048,1,3,3,24,1,1,INFRAESTRUTURA DO SISTEMA PRISIONAL,MODERNIZAÇÃO E EXPANSÃO DO SISTEMA PRISIONAL,576888,0,0,0
2024,1450,SECRETARIA DE ESTADO DE JUSTIÇA E SEGURANÇA PÚBLICA - SEJUSP,1451,SECRETARIA DE ESTADO DE JUSTIÇA E SEGURANÇA PÚBLICA - SEJUSP,6,421,130,1,48,1048,1,4,4,1,1,1,INFRAESTRUTURA DO SISTEMA PRISIONAL,MODERNIZAÇÃO E EXPANSÃO DO SISTEMA PRISIONAL,1326115,0,0,0
2024,1450,SECRETARIA DE ESTADO DE JUSTIÇA E SEGURANÇA PÚBLICA - SEJUSP,1451,SECRETARIA DE ESTADO DE JUSTIÇA E SEGURANÇA PÚBLICA - SEJUSP,6,421,130,1,48,1048,1,4,4,10,1,1,INFRAESTRUTURA DO SISTEMA PRISIONAL,MODERNIZAÇÃO E EXPANSÃO DO SISTEMA PRISIONAL,11567878,11568878,11568878,11568878
2024,1450,SECRETARIA DE ESTADO DE JUSTIÇA E SEGURANÇA PÚBLICA - SEJUSP,1451,SECRETARIA DE ESTADO DE JUSTIÇA E SEGURANÇA PÚBLICA - SEJUSP,6,421,130,1,48,1048,1,4,4,24,1,1,INFRAESTRUTURA DO SISTEMA PRISIONAL,MODERNIZAÇÃO E EXPANSÃO DO SISTEMA PRISIONAL,3669100,0,0,0
2024,1450,SECRETARIA DE ESTADO DE JUSTIÇA E SEGURANÇA PÚBLICA - SEJUSP,1451,SECRETARIA DE ESTADO DE JUSTIÇA E SEGURANÇA PÚBLICA - SEJUSP,6,421,130,4,348,4348,1,3,1,10,1,0,INFRAESTRUTURA DO SISTEMA PRISIONAL,CUSTÓDIA E RESSOCIALIZAÇÃO DE PRESOS,620992866,655888845,672235163,688916791
2024,1450,SECRETARIA DE ESTADO DE JUSTIÇA E SEGURANÇA PÚBLICA - SEJUSP,1451,SECRETARIA DE ESTADO DE JUSTIÇA E SEGURANÇA PÚBLICA - SEJUSP,6,421,130,4,348,4348,1,3,1,27,1,0,INFRAESTRUTURA DO SISTEMA PRISIONAL,CUSTÓDIA E RESSOCIALIZAÇÃO DE PRESOS,1450290758,1494089539,1538912226,1585079593
2024,1450,SECRETARIA DE ESTADO DE JUSTIÇA E SEGURANÇA PÚBLICA - SEJUSP,1451,SECRETARIA DE ESTADO DE JUSTIÇA E SEGURANÇA PÚBLICA - SEJUSP,6,421,130,4,348,4348,1,3,3,10,1,0,INFRAESTRUTURA DO SISTEMA PRISIONAL,CUSTÓDIA E RESSOCIALIZAÇÃO DE PRESOS,623727458,654914592,687660322,722043338
2024,1450,SECRETARIA DE ESTADO DE JUSTIÇA E SEGURANÇA PÚBLICA - SEJUSP,1451,SECRETARIA DE ESTADO DE JUSTIÇA E SEGURANÇA PÚBLICA - SEJUSP,6,421,130,4,348,4348,1,3,3,27,7,0,INFRAESTRUTURA DO SISTEMA PRISIONAL,CUSTÓDIA E RESSOCIALIZAÇÃO DE PRESOS,156389589,162502628,165983501,169524691
2024,1450,SECRETARIA DE ESTADO DE JUSTIÇA E SEGURANÇA PÚBLICA - SEJUSP,1451,SECRETARIA DE ESTADO DE JUSTIÇA E SEGURANÇA PÚBLICA - SEJUSP,6,421,130,4,348,4348,1,3,3,60,1,0,INFRAESTRUTURA DO SISTEMA PRISIONAL,CUSTÓDIA E RESSOCIALIZAÇÃO DE PRESOS,3760773,3942794,4133625,4333692
2024,1450,SECRETARIA DE ESTADO DE JUSTIÇA E SEGURANÇA PÚBLICA - SEJUSP,1451,SECRETARIA DE ESTADO DE JUSTIÇA E SEGURANÇA PÚBLICA - SEJUSP,6,421,130,4,348,4348,1,3,3,61,1,0,INFRAESTRUTURA DO SISTEMA PRISIONAL,CUSTÓDIA E RESSOCIALIZAÇÃO DE PRESOS,59960,62862,65905,69095
2024,1450,SECRETARIA DE ESTADO DE JUSTIÇA E SEGURANÇA PÚBLICA - SEJUSP,1451,SECRETARIA DE ESTADO DE JUSTIÇA E SEGURANÇA PÚBLICA - SEJUSP,6,421,130,4,348,4348,1,4,4,10,1,0,INFRAESTRUTURA DO SISTEMA PRISIONAL,CUSTÓDIA E RESSOCIALIZAÇÃO DE PRESOS,3229473,3229740,3229740,3229740
2024,1450,SECRETARIA DE ESTADO DE JUSTIÇA E SEGURANÇA PÚBLICA - SEJUSP,1451,SECRETARIA DE ESTADO DE JUSTIÇA E SEGURANÇA PÚBLICA - SEJUSP,6,421,130,4,350,4350,1,3,3,10,1,0,INFRAESTRUTURA DO SISTEMA PRISIONAL,MANUTENÇÃO E AMPLIAÇÃO DO MONITORAMENTO ELETRÔNICO,25740000,26985818,28291934,29661266
2024,1450,SECRETARIA DE ESTADO DE JUSTIÇA E SEGURANÇA PÚBLICA - SEJUSP,1451,SECRETARIA DE ESTADO DE JUSTIÇA E SEGURANÇA PÚBLICA - SEJUSP,6,421,130,4,351,4351,1,3,3,10,1,0,INFRAESTRUTURA DO SISTEMA PRISIONAL,MANUTENÇÃO E IMPLANTAÇÃO DE METODOLOGIA DE CUSTÓDIAS ALTERNATIVAS,107752397,112967622,118435264,124167540
2024,1450,SECRETARIA DE ESTADO DE JUSTIÇA E SEGURANÇA PÚBLICA - SEJUSP,1451,SECRETARIA DE ESTADO DE JUSTIÇA E SEGURANÇA PÚBLICA - SEJUSP,6,421,130,4,351,4351,1,4,4,24,1,0,INFRAESTRUTURA DO SISTEMA PRISIONAL,MANUTENÇÃO E IMPLANTAÇÃO DE METODOLOGIA DE CUSTÓDIAS ALTERNATIVAS,6627597,0,0,0
2024,1450,SECRETARIA DE ESTADO DE JUSTIÇA E SEGURANÇA PÚBLICA - SEJUSP,1451,SECRETARIA DE ESTADO DE JUSTIÇA E SEGURANÇA PÚBLICA - SEJUSP,6,422,141,4,438,4438,1,3,1,10,1,0,POLÍTICAS SOBRE DROGAS,DESCENTRALIZAÇÃO DA POLÍTICA SOBRE DROGAS,44469,46692,49026,51477
2024,1450,SECRETARIA DE ESTADO DE JUSTIÇA E SEGURANÇA PÚBLICA - SEJUSP,1451,SECRETARIA DE ESTADO DE JUSTIÇA E SEGURANÇA PÚBLICA - SEJUSP,6,422,141,4,438,4438,1,3,3,10,1,0,POLÍTICAS SOBRE DROGAS,DESCENTRALIZAÇÃO DA POLÍTICA SOBRE DROGAS,301826,298298,312736,327872
2024,1450,SECRETARIA DE ESTADO DE JUSTIÇA E SEGURANÇA PÚBLICA - SEJUSP,1451,SECRETARIA DE ESTADO DE JUSTIÇA E SEGURANÇA PÚBLICA - SEJUSP,6,422,141,4,438,4438,1,3,3,10,7,0,POLÍTICAS SOBRE DROGAS,DESCENTRALIZAÇÃO DA POLÍTICA SOBRE DROGAS,48930,51376,53944,56641
2024,1450,SECRETARIA DE ESTADO DE JUSTIÇA E SEGURANÇA PÚBLICA - SEJUSP,1451,SECRETARIA DE ESTADO DE JUSTIÇA E SEGURANÇA PÚBLICA - SEJUSP,10,243,146,4,443,4443,1,3,1,10,1,0,PROMOÇÃO DA POLÍTICA SOCIOEDUCATIVA PARA ATENDIMENTO AOS ADOLESCENTES EM CONFLITO COM A LEI,ATENDIMENTO À SAÚDE DO ADOLESCENTE EM CONFLITO COM A LEI,19441505,20413580,21434259,22505971
2024,1450,SECRETARIA DE ESTADO DE JUSTIÇA E SEGURANÇA PÚBLICA - SEJUSP,1451,SECRETARIA DE ESTADO DE JUSTIÇA E SEGURANÇA PÚBLICA - SEJUSP,10,243,146,4,443,4443,1,3,3,10,1,0,PROMOÇÃO DA POLÍTICA SOCIOEDUCATIVA PARA ATENDIMENTO AOS ADOLESCENTES EM CONFLITO COM A LEI,ATENDIMENTO À SAÚDE DO ADOLESCENTE EM CONFLITO COM A LEI,1270665,1332445,1396935,1464547
2024,1450,SECRETARIA DE ESTADO DE JUSTIÇA E SEGURANÇA PÚBLICA - SEJUSP,1451,SECRETARIA DE ESTADO DE JUSTIÇA E SEGURANÇA PÚBLICA - SEJUSP,10,243,146,4,443,4443,1,3,3,10,7,0,PROMOÇÃO DA POLÍTICA SOCIOEDUCATIVA PARA ATENDIMENTO AOS ADOLESCENTES EM CONFLITO COM A LEI,ATENDIMENTO À SAÚDE DO ADOLESCENTE EM CONFLITO COM A LEI,1139891,1056794,966111,867379
2024,1450,SECRETARIA DE ESTADO DE JUSTIÇA E SEGURANÇA PÚBLICA - SEJUSP,1451,SECRETARIA DE ESTADO DE JUSTIÇA E SEGURANÇA PÚBLICA - SEJUSP,10,243,146,4,443,4443,1,4,4,10,1,0,PROMOÇÃO DA POLÍTICA SOCIOEDUCATIVA PARA ATENDIMENTO AOS ADOLESCENTES EM CONFLITO COM A LEI,ATENDIMENTO À SAÚDE DO ADOLESCENTE EM CONFLITO COM A LEI,266,0,0,0
2024,1450,SECRETARIA DE ESTADO DE JUSTIÇA E SEGURANÇA PÚBLICA - SEJUSP,1451,SECRETARIA DE ESTADO DE JUSTIÇA E SEGURANÇA PÚBLICA - SEJUSP,10,421,130,4,353,4353,1,3,1,10,1,0,INFRAESTRUTURA DO SISTEMA PRISIONAL,UNIDADES DE SAÚDE DO SISTEMA PRISIONAL,109973068,114371990,118946869,123704743
2024,1450,SECRETARIA DE ESTADO DE JUSTIÇA E SEGURANÇA PÚBLICA - SEJUSP,1451,SECRETARIA DE ESTADO DE JUSTIÇA E SEGURANÇA PÚBLICA - SEJUSP,10,421,130,4,353,4353,1,3,3,10,1,0,INFRAESTRUTURA DO SISTEMA PRISIONAL,UNIDADES DE SAÚDE DO SISTEMA PRISIONAL,40238350,42185892,44227693,46368317
2024,1450,SECRETARIA DE ESTADO DE JUSTIÇA E SEGURANÇA PÚBLICA - SEJUSP,1451,SECRETARIA DE ESTADO DE JUSTIÇA E SEGURANÇA PÚBLICA - SEJUSP,10,421,130,4,353,4353,1,3,3,10,7,0,INFRAESTRUTURA DO SISTEMA PRISIONAL,UNIDADES DE SAÚDE DO SISTEMA PRISIONAL,4302585,4517714,4743599,4980778
2024,1450,SECRETARIA DE ESTADO DE JUSTIÇA E SEGURANÇA PÚBLICA - SEJUSP,1451,SECRETARIA DE ESTADO DE JUSTIÇA E SEGURANÇA PÚBLICA - SEJUSP,10,421,130,4,353,4353,1,4,4,10,1,0,INFRAESTRUTURA DO SISTEMA PRISIONAL,UNIDADES DE SAÚDE DO SISTEMA PRISIONAL,15734308,15733307,15733307,15733307
2024,1450,SECRETARIA DE ESTADO DE JUSTIÇA E SEGURANÇA PÚBLICA - SEJUSP,1451,SECRETARIA DE ESTADO DE JUSTIÇA E SEGURANÇA PÚBLICA - SEJUSP,10,422,141,4,437,4437,1,3,3,10,1,0,POLÍTICAS SOBRE DROGAS,APOIO À REDE COMPLEMENTAR DE SUPORTE SOCIAL NA ATENÇÃO AO DEPENDENTE QUÍMICO,14491614,14213340,13853352,13423656
2024,1450,SECRETARIA DE ESTADO DE JUSTIÇA E SEGURANÇA PÚBLICA - SEJUSP,1451,SECRETARIA DE ESTADO DE JUSTIÇA E SEGURANÇA PÚBLICA - SEJUSP,10,422,141,4,437,4437,1,4,4,10,1,0,POLÍTICAS SOBRE DROGAS,APOIO À REDE COMPLEMENTAR DE SUPORTE SOCIAL NA ATENÇÃO AO DEPENDENTE QUÍMICO,4120008,4120008,4120008,4120008
2024,1450,SECRETARIA DE ESTADO DE JUSTIÇA E SEGURANÇA PÚBLICA - SEJUSP,1451,SECRETARIA DE ESTADO DE JUSTIÇA E SEGURANÇA PÚBLICA - SEJUSP,12,243,146,4,442,4442,1,3,1,10,1,0,PROMOÇÃO DA POLÍTICA SOCIOEDUCATIVA PARA ATENDIMENTO AOS ADOLESCENTES EM CONFLITO COM A LEI,FORMAÇÃO EDUCACIONAL E PROFISSIONAL DO ADOLESCENTE EM CUMPRIMENTO DE MEDIDA SOCIOEDUCATIVA,15016612,0,0,0
2024,1450,SECRETARIA DE ESTADO DE JUSTIÇA E SEGURANÇA PÚBLICA - SEJUSP,1451,SECRETARIA DE ESTADO DE JUSTIÇA E SEGURANÇA PÚBLICA - SEJUSP,12,243,146,4,442,4442,1,3,3,10,1,0,PROMOÇÃO DA POLÍTICA SOCIOEDUCATIVA PARA ATENDIMENTO AOS ADOLESCENTES EM CONFLITO COM A LEI,FORMAÇÃO EDUCACIONAL E PROFISSIONAL DO ADOLESCENTE EM CUMPRIMENTO DE MEDIDA SOCIOEDUCATIVA,174228915,182661613,191502450,200771183
2024,1450,SECRETARIA DE ESTADO DE JUSTIÇA E SEGURANÇA PÚBLICA - SEJUSP,1451,SECRETARIA DE ESTADO DE JUSTIÇA E SEGURANÇA PÚBLICA - SEJUSP,12,243,146,4,442,4442,1,3,3,24,1,0,PROMOÇÃO DA POLÍTICA SOCIOEDUCATIVA PARA ATENDIMENTO AOS ADOLESCENTES EM CONFLITO COM A LEI,FORMAÇÃO EDUCACIONAL E PROFISSIONAL DO ADOLESCENTE EM CUMPRIMENTO DE MEDIDA SOCIOEDUCATIVA,1807896,0,0,0
2024,1450,SECRETARIA DE ESTADO DE JUSTIÇA E SEGURANÇA PÚBLICA - SEJUSP,1451,SECRETARIA DE ESTADO DE JUSTIÇA E SEGURANÇA PÚBLICA - SEJUSP,12,243,146,4,442,4442,1,3,3,27,7,0,PROMOÇÃO DA POLÍTICA SOCIOEDUCATIVA PARA ATENDIMENTO AOS ADOLESCENTES EM CONFLITO COM A LEI,FORMAÇÃO EDUCACIONAL E PROFISSIONAL DO ADOLESCENTE EM CUMPRIMENTO DE MEDIDA SOCIOEDUCATIVA,1964107,0,0,0
2024,1450,SECRETARIA DE ESTADO DE JUSTIÇA E SEGURANÇA PÚBLICA - SEJUSP,4141,FUNDO PENITENCIÁRIO ESTADUAL - FPE,6,421,128,1,46,1046,1,3,3,39,1,0,PROGRAMA DE APOIO A AMPLIAÇÃO E A MELHORIA DOS SISTEMAS PRISIONAL E SOCIOEDUCATIVO,APOIO À ESTRUTURAÇÃO E AO REAPARELHAMENTO DE UNIDADES PRISIONAIS E SOCIOEDUCATIVAS,4023037,0,0,0
2024,1450,SECRETARIA DE ESTADO DE JUSTIÇA E SEGURANÇA PÚBLICA - SEJUSP,4141,FUNDO PENITENCIÁRIO ESTADUAL - FPE,6,421,128,1,46,1046,1,3,3,57,1,0,PROGRAMA DE APOIO A AMPLIAÇÃO E A MELHORIA DOS SISTEMAS PRISIONAL E SOCIOEDUCATIVO,APOIO À ESTRUTURAÇÃO E AO REAPARELHAMENTO DE UNIDADES PRISIONAIS E SOCIOEDUCATIVAS,2009124,0,0,0
2024,1450,SECRETARIA DE ESTADO DE JUSTIÇA E SEGURANÇA PÚBLICA - SEJUSP,4141,FUNDO PENITENCIÁRIO ESTADUAL - FPE,6,421,128,1,46,1046,1,4,4,57,1,0,PROGRAMA DE APOIO A AMPLIAÇÃO E A MELHORIA DOS SISTEMAS PRISIONAL E SOCIOEDUCATIVO,APOIO À ESTRUTURAÇÃO E AO REAPARELHAMENTO DE UNIDADES PRISIONAIS E SOCIOEDUCATIVAS,5439688,0,0,0
2024,1450,SECRETARIA DE ESTADO DE JUSTIÇA E SEGURANÇA PÚBLICA - SEJUSP,4321,"FUNDO ESTADUAL DE PREVENÇÃO, FISCALIZAÇÃO E REPRESSÃO DE ENTORPECENTES - FUNPREN",14,421,141,4,436,4436,1,3,3,10,1,0,POLÍTICAS SOBRE DROGAS,"APOIO ÀS AÇÕES DO FUNDO ESTADUAL DE PREVENÇÃO, FISCALIZAÇÃO E REPRESSÃO DOS ENTORPECENTES - FUNPREN",1000,1000,1000,1000
2024,1450,SECRETARIA DE ESTADO DE JUSTIÇA E SEGURANÇA PÚBLICA - SEJUSP,4691,FUNDO ESTADUAL DE SEGURANÇA PÚBLICA DE MINAS GERAIS - FESP-MG,6,123,134,2,71,2071,1,3,3,57,1,0,GESTÃO INTEGRADA DE SEGURANÇA PÚBLICA,APOIO ÀS AÇÕES DO FUNDO DE ESTADUAL DE SEGURANÇA PÚBLICA,13361530,0,0,0
2024,1450,SECRETARIA DE ESTADO DE JUSTIÇA E SEGURANÇA PÚBLICA - SEJUSP,4691,FUNDO ESTADUAL DE SEGURANÇA PÚBLICA DE MINAS GERAIS - FESP-MG,6,123,134,2,71,2071,1,4,4,57,1,0,GESTÃO INTEGRADA DE SEGURANÇA PÚBLICA,APOIO ÀS AÇÕES DO FUNDO DE ESTADUAL DE SEGURANÇA PÚBLICA,25936146,0,0,0
2024,1480,SECRETARIA DE ESTADO DE DESENVOLVIMENTO SOCIAL - SEDESE,1481,SECRETARIA DE ESTADO DE DESENVOLVIMENTO SOCIAL - SEDESE,4,122,83,2,35,2035,1,3,3,10,1,0,POLÍTICAS DE PROMOÇÃO AO DESENVOLVIMENTO SOCIAL NO CONTEXTO RURAL - PERCURSOS GERAIS: TRAJETÓRIA PARA AUTONOMIA,APOIO E COORDENAÇÃO DE POLÍTICAS INTERSETORIAIS DE DESENVOLVIMENTO SOCIAL NO CONTEXTO DO PROGRAMA PERCURSOS GERAIS: TRAJETÓRIA PARA AUTONOMIA,76103,76103,76103,76103
2024,1480,SECRETARIA DE ESTADO DE DESENVOLVIMENTO SOCIAL - SEDESE,1481,SECRETARIA DE ESTADO DE DESENVOLVIMENTO SOCIAL - SEDESE,4,122,84,2,36,2036,1,3,3,10,1,0,"POLÍTICAS DE INTEGRAÇÃO, REGIONALIZAÇÃO E INOVAÇÃO","ELABORAÇÃO DE ESTUDOS, PESQUISAS E SISTEMAS DE MONITORAMENTO E AVALIAÇÃO EM DESENVOLVIMENTO SOCIAL, EM PROGRAMAS DE DESENVOLVIMENTO SOCIAL E DE PREVENÇÃO E RESPOSTA À DESASTRES NATURAIS E TECNOLÓGICOS",327522,343374,359993,377417
2024,1480,SECRETARIA DE ESTADO DE DESENVOLVIMENTO SOCIAL - SEDESE,1481,SECRETARIA DE ESTADO DE DESENVOLVIMENTO SOCIAL - SEDESE,4,122,84,2,37,2037,1,3,1,10,1,0,"POLÍTICAS DE INTEGRAÇÃO, REGIONALIZAÇÃO E INOVAÇÃO",FOMENTO A INOVAÇÃO E APRIMORAMENTO DE PROJETOS DE DESENVOLVIMENTO SOCIAL,138379,141767,145239,148795
2024,1480,SECRETARIA DE ESTADO DE DESENVOLVIMENTO SOCIAL - SEDESE,1481,SECRETARIA DE ESTADO DE DESENVOLVIMENTO SOCIAL - SEDESE,4,122,84,2,37,2037,1,3,3,10,1,0,"POLÍTICAS DE INTEGRAÇÃO, REGIONALIZAÇÃO E INOVAÇÃO",FOMENTO A INOVAÇÃO E APRIMORAMENTO DE PROJETOS DE DESENVOLVIMENTO SOCIAL,260581,273192,286415,300277
2024,1480,SECRETARIA DE ESTADO DE DESENVOLVIMENTO SOCIAL - SEDESE,1481,SECRETARIA DE ESTADO DE DESENVOLVIMENTO SOCIAL - SEDESE,4,122,84,2,37,2037,1,3,3,10,7,0,"POLÍTICAS DE INTEGRAÇÃO, REGIONALIZAÇÃO E INOVAÇÃO",FOMENTO A INOVAÇÃO E APRIMORAMENTO DE PROJETOS DE DESENVOLVIMENTO SOCIAL,43173,44231,45315,46425
2024,1480,SECRETARIA DE ESTADO DE DESENVOLVIMENTO SOCIAL - SEDESE,1481,SECRETARIA DE ESTADO DE DESENVOLVIMENTO SOCIAL - SEDESE,4,122,148,2,76,2076,1,3,1,10,1,0,APOIO ÀS POLÍTICAS DE DESENVOLVIMENTO SOCIAL,GESTÃO E MONITORAMENTO DE CONVÊNIOS E PARCERIAS,1510617,1547608,1585506,1624332
2024,1480,SECRETARIA DE ESTADO DE DESENVOLVIMENTO SOCIAL - SEDESE,1481,SECRETARIA DE ESTADO DE DESENVOLVIMENTO SOCIAL - SEDESE,4,122,148,2,76,2076,1,3,3,10,1,0,APOIO ÀS POLÍTICAS DE DESENVOLVIMENTO SOCIAL,GESTÃO E MONITORAMENTO DE CONVÊNIOS E PARCERIAS,43272,45366,47562,49864
2024,1480,SECRETARIA DE ESTADO DE DESENVOLVIMENTO SOCIAL - SEDESE,1481,SECRETARIA DE ESTADO DE DESENVOLVIMENTO SOCIAL - SEDESE,4,122,148,2,76,2076,1,3,3,10,7,0,APOIO ÀS POLÍTICAS DE DESENVOLVIMENTO SOCIAL,GESTÃO E MONITORAMENTO DE CONVÊNIOS E PARCERIAS,524554,537406,550573,564062
2024,1480,SECRETARIA DE ESTADO DE DESENVOLVIMENTO SOCIAL - SEDESE,1481,SECRETARIA DE ESTADO DE DESENVOLVIMENTO SOCIAL - SEDESE,4,122,148,2,79,2079,1,3,1,10,1,0,APOIO ÀS POLÍTICAS DE DESENVOLVIMENTO SOCIAL,APOIO FINANCEIRO E MATERIAL ÀS INSTITUIÇÕES NA PROMOÇÃO DO DESENVOLVIMENTO SOCIAL,1286821,1318333,1350616,1383690
2024,1480,SECRETARIA DE ESTADO DE DESENVOLVIMENTO SOCIAL - SEDESE,1481,SECRETARIA DE ESTADO DE DESENVOLVIMENTO SOCIAL - SEDESE,4,122,148,2,79,2079,1,3,3,10,7,0,APOIO ÀS POLÍTICAS DE DESENVOLVIMENTO SOCIAL,APOIO FINANCEIRO E MATERIAL ÀS INSTITUIÇÕES NA PROMOÇÃO DO DESENVOLVIMENTO SOCIAL,446843,457791,469007,480497
2024,1480,SECRETARIA DE ESTADO DE DESENVOLVIMENTO SOCIAL - SEDESE,1481,SECRETARIA DE ESTADO DE DESENVOLVIMENTO SOCIAL - SEDESE,4,122,705,2,500,2500,1,3,1,10,1,0,APOIO ÀS POLÍTICAS PÚBLICAS,ASSESSORAMENTO E GERENCIAMENTO DE POLÍTICAS PÚBLICAS,16618930,19652549,20133849,20626937
2024,1480,SECRETARIA DE ESTADO DE DESENVOLVIMENTO SOCIAL - SEDESE,1481,SECRETARIA DE ESTADO DE DESENVOLVIMENTO SOCIAL - SEDESE,4,122,705,2,500,2500,1,3,1,95,1,0,APOIO ÀS POLÍTICAS PÚBLICAS,ASSESSORAMENTO E GERENCIAMENTO DE POLÍTICAS PÚBLICAS,163683,0,0,0
2024,1480,SECRETARIA DE ESTADO DE DESENVOLVIMENTO SOCIAL - SEDESE,1481,SECRETARIA DE ESTADO DE DESENVOLVIMENTO SOCIAL - SEDESE,4,122,705,2,500,2500,1,3,3,10,1,0,APOIO ÀS POLÍTICAS PÚBLICAS,ASSESSORAMENTO E GERENCIAMENTO DE POLÍTICAS PÚBLICAS,5850605,6406768,6839988,7294178
2024,1480,SECRETARIA DE ESTADO DE DESENVOLVIMENTO SOCIAL - SEDESE,1481,SECRETARIA DE ESTADO DE DESENVOLVIMENTO SOCIAL - SEDESE,4,122,705,2,500,2500,1,3,3,10,7,0,APOIO ÀS POLÍTICAS PÚBLICAS,ASSESSORAMENTO E GERENCIAMENTO DE POLÍTICAS PÚBLICAS,3432271,3936414,4032697,4131343
2024,1480,SECRETARIA DE ESTADO DE DESENVOLVIMENTO SOCIAL - SEDESE,1481,SECRETARIA DE ESTADO DE DESENVOLVIMENTO SOCIAL - SEDESE,4,122,705,2,500,2500,1,3,3,95,7,0,APOIO ÀS POLÍTICAS PÚBLICAS,ASSESSORAMENTO E GERENCIAMENTO DE POLÍTICAS PÚBLICAS,77616,0,0,0
2024,1480,SECRETARIA DE ESTADO DE DESENVOLVIMENTO SOCIAL - SEDESE,1481,SECRETARIA DE ESTADO DE DESENVOLVIMENTO SOCIAL - SEDESE,4,122,705,2,500,2500,1,4,4,10,1,0,APOIO ÀS POLÍTICAS PÚBLICAS,ASSESSORAMENTO E GERENCIAMENTO DE POLÍTICAS PÚBLICAS,2418250,2418250,2418250,2418250
2024,1480,SECRETARIA DE ESTADO DE DESENVOLVIMENTO SOCIAL - SEDESE,1481,SECRETARIA DE ESTADO DE DESENVOLVIMENTO SOCIAL - SEDESE,4,128,84,4,204,4204,1,3,1,10,1,0,"POLÍTICAS DE INTEGRAÇÃO, REGIONALIZAÇÃO E INOVAÇÃO",APOIO TÉCNICO AOS MUNICÍPIOS PARA PROMOÇÃO DO DESENVOLVIMENTO REGIONAL,8573231,8783172,8998255,9218604
2024,1480,SECRETARIA DE ESTADO DE DESENVOLVIMENTO SOCIAL - SEDESE,1481,SECRETARIA DE ESTADO DE DESENVOLVIMENTO SOCIAL - SEDESE,4,128,84,4,204,4204,1,3,3,10,1,0,"POLÍTICAS DE INTEGRAÇÃO, REGIONALIZAÇÃO E INOVAÇÃO",APOIO TÉCNICO AOS MUNICÍPIOS PARA PROMOÇÃO DO DESENVOLVIMENTO REGIONAL,879626,922200,966834,1013629
2024,1480,SECRETARIA DE ESTADO DE DESENVOLVIMENTO SOCIAL - SEDESE,1481,SECRETARIA DE ESTADO DE DESENVOLVIMENTO SOCIAL - SEDESE,4,128,84,4,204,4204,1,3,3,10,7,0,"POLÍTICAS DE INTEGRAÇÃO, REGIONALIZAÇÃO E INOVAÇÃO",APOIO TÉCNICO AOS MUNICÍPIOS PARA PROMOÇÃO DO DESENVOLVIMENTO REGIONAL,2352942,2410589,2469648,2530155
2024,1480,SECRETARIA DE ESTADO DE DESENVOLVIMENTO SOCIAL - SEDESE,1481,SECRETARIA DE ESTADO DE DESENVOLVIMENTO SOCIAL - SEDESE,8,244,71,2,134,2134,1,3,1,10,1,0,FORTALECIMENTO DO SISTEMA ÚNICO DE ASSISTÊNCIA SOCIAL - SUAS,ASSESSORAMENTO À POLÍTICA ESTADUAL DE ASSISTÊNCIA SOCIAL,7270808,7448856,7631264,7818138
2024,1480,SECRETARIA DE ESTADO DE DESENVOLVIMENTO SOCIAL - SEDESE,1481,SECRETARIA DE ESTADO DE DESENVOLVIMENTO SOCIAL - SEDESE,8,244,71,2,134,2134,1,3,3,10,7,0,FORTALECIMENTO DO SISTEMA ÚNICO DE ASSISTÊNCIA SOCIAL - SUAS,ASSESSORAMENTO À POLÍTICA ESTADUAL DE ASSISTÊNCIA SOCIAL,1511063,1548085,1586013,1624870
2024,1480,SECRETARIA DE ESTADO DE DESENVOLVIMENTO SOCIAL - SEDESE,1481,SECRETARIA DE ESTADO DE DESENVOLVIMENTO SOCIAL - SEDESE,11,334,66,4,153,4153,1,3,1,10,1,0,POLÍTICAS DE TRABALHO E EMPREGO,ASSESSORAMENTO DAS UNIDADES DE ATENDIMENTO AO TRABALHADOR,3448145,3532583,3619089,3707713
2024,1480,SECRETARIA DE ESTADO DE DESENVOLVIMENTO SOCIAL - SEDESE,1481,SECRETARIA DE ESTADO DE DESENVOLVIMENTO SOCIAL - SEDESE,11,334,66,4,153,4153,1,3,3,10,1,0,POLÍTICAS DE TRABALHO E EMPREGO,ASSESSORAMENTO DAS UNIDADES DE ATENDIMENTO AO TRABALHADOR,1640791,1720205,1803463,1890751
2024,1480,SECRETARIA DE ESTADO DE DESENVOLVIMENTO SOCIAL - SEDESE,1481,SECRETARIA DE ESTADO DE DESENVOLVIMENTO SOCIAL - SEDESE,11,334,66,4,153,4153,1,3,3,10,7,0,POLÍTICAS DE TRABALHO E EMPREGO,ASSESSORAMENTO DAS UNIDADES DE ATENDIMENTO AO TRABALHADOR,561252,575003,589090,603523
2024,1480,SECRETARIA DE ESTADO DE DESENVOLVIMENTO SOCIAL - SEDESE,1481,SECRETARIA DE ESTADO DE DESENVOLVIMENTO SOCIAL - SEDESE,11,334,66,4,154,4154,1,3,1,10,1,0,POLÍTICAS DE TRABALHO E EMPREGO,FOMENTO PARA ECONOMIA POPULAR SOLIDÁRIA E PROMOÇÃO DA INCLUSÃO PRODUTIVA,1239029,1269370,1300454,1332300
2024,1480,SECRETARIA DE ESTADO DE DESENVOLVIMENTO SOCIAL - SEDESE,1481,SECRETARIA DE ESTADO DE DESENVOLVIMENTO SOCIAL - SEDESE,11,334,66,4,154,4154,1,3,3,10,1,0,POLÍTICAS DE TRABALHO E EMPREGO,FOMENTO PARA ECONOMIA POPULAR SOLIDÁRIA E PROMOÇÃO DA INCLUSÃO PRODUTIVA,280438,294011,308241,323160
2024,1480,SECRETARIA DE ESTADO DE DESENVOLVIMENTO SOCIAL - SEDESE,1481,SECRETARIA DE ESTADO DE DESENVOLVIMENTO SOCIAL - SEDESE,11,334,66,4,154,4154,1,3,3,10,7,0,POLÍTICAS DE TRABALHO E EMPREGO,FOMENTO PARA ECONOMIA POPULAR SOLIDÁRIA E PROMOÇÃO DA INCLUSÃO PRODUTIVA,323799,331732,339860,348186
2024,1480,SECRETARIA DE ESTADO DE DESENVOLVIMENTO SOCIAL - SEDESE,1481,SECRETARIA DE ESTADO DE DESENVOLVIMENTO SOCIAL - SEDESE,11,334,66,4,157,4157,1,3,3,10,1,0,POLÍTICAS DE TRABALHO E EMPREGO,FOMENTO À INCLUSÃO PRODUTIVA DE MULHERES,333109,349231,366134,383855
2024,1480,SECRETARIA DE ESTADO DE DESENVOLVIMENTO SOCIAL - SEDESE,1481,SECRETARIA DE ESTADO DE DESENVOLVIMENTO SOCIAL - SEDESE,11,334,83,4,412,4412,1,3,3,10,1,1,POLÍTICAS DE PROMOÇÃO AO DESENVOLVIMENTO SOCIAL NO CONTEXTO RURAL - PERCURSOS GERAIS: TRAJETÓRIA PARA AUTONOMIA,ACESSO AO TRABALHO E À RENDA,5124906,5124907,5124907,5124907
2024,1480,SECRETARIA DE ESTADO DE DESENVOLVIMENTO SOCIAL - SEDESE,1481,SECRETARIA DE ESTADO DE DESENVOLVIMENTO SOCIAL - SEDESE,12,363,67,4,158,4158,1,3,1,10,1,1,REDE DE DESENVOLVIMENTO DA EDUCAÇÃO PROFISSIONAL,QUALIFICAÇÃO PROFISSIONAL,1831018,1875884,1921850,1968942
2024,1480,SECRETARIA DE ESTADO DE DESENVOLVIMENTO SOCIAL - SEDESE,1481,SECRETARIA DE ESTADO DE DESENVOLVIMENTO SOCIAL - SEDESE,12,363,67,4,158,4158,1,3,3,10,1,1,REDE DE DESENVOLVIMENTO DA EDUCAÇÃO PROFISSIONAL,QUALIFICAÇÃO PROFISSIONAL,127940,292014,598161,919127
2024,1480,SECRETARIA DE ESTADO DE DESENVOLVIMENTO SOCIAL - SEDESE,1481,SECRETARIA DE ESTADO DE DESENVOLVIMENTO SOCIAL - SEDESE,12,363,67,4,158,4158,1,3,3,10,7,1,REDE DE DESENVOLVIMENTO DA EDUCAÇÃO PROFISSIONAL,QUALIFICAÇÃO PROFISSIONAL,280626,287501,294544,301761
2024,1480,SECRETARIA DE ESTADO DE DESENVOLVIMENTO SOCIAL - SEDESE,1481,SECRETARIA DE ESTADO DE DESENVOLVIMENTO SOCIAL - SEDESE,14,306,74,2,33,2033,1,3,1,10,1,0,SEGURANÇA ALIMENTAR E NUTRICIONAL SUSTENTÁVEL PARA TODOS OS POVOS DO TERRITÓRIO MINEIRO,DESENVOLVIMENTO DO SISTEMA DE SEGURANÇA ALIMENTAR E NUTRICIONAL EM MINAS GERAIS - SISAN MG,752769,771203,790088,809436
2024,1480,SECRETARIA DE ESTADO DE DESENVOLVIMENTO SOCIAL - SEDESE,1481,SECRETARIA DE ESTADO DE DESENVOLVIMENTO SOCIAL - SEDESE,14,306,74,2,33,2033,1,3,3,10,1,0,SEGURANÇA ALIMENTAR E NUTRICIONAL SUSTENTÁVEL PARA TODOS OS POVOS DO TERRITÓRIO MINEIRO,DESENVOLVIMENTO DO SISTEMA DE SEGURANÇA ALIMENTAR E NUTRICIONAL EM MINAS GERAIS - SISAN MG,25426,26657,27947,29299
2024,1480,SECRETARIA DE ESTADO DE DESENVOLVIMENTO SOCIAL - SEDESE,1481,SECRETARIA DE ESTADO DE DESENVOLVIMENTO SOCIAL - SEDESE,14,306,74,2,33,2033,1,3,3,10,7,0,SEGURANÇA ALIMENTAR E NUTRICIONAL SUSTENTÁVEL PARA TODOS OS POVOS DO TERRITÓRIO MINEIRO,DESENVOLVIMENTO DO SISTEMA DE SEGURANÇA ALIMENTAR E NUTRICIONAL EM MINAS GERAIS - SISAN MG,43173,44231,45315,46425
2024,1480,SECRETARIA DE ESTADO DE DESENVOLVIMENTO SOCIAL - SEDESE,1481,SECRETARIA DE ESTADO DE DESENVOLVIMENTO SOCIAL - SEDESE,14,306,74,4,196,4196,1,3,1,10,1,0,SEGURANÇA ALIMENTAR E NUTRICIONAL SUSTENTÁVEL PARA TODOS OS POVOS DO TERRITÓRIO MINEIRO,"APOIO, FOMENTO E ARTICULAÇÃO DE AÇÕES, PROJETOS E PROGRAMAS RELATIVOS À TEMÁTICA DE SEGURANÇA ALIMENTAR E NUTRICIONAL SUSTENTÁVEL",710389,727785,745607,763865
2024,1480,SECRETARIA DE ESTADO DE DESENVOLVIMENTO SOCIAL - SEDESE,1481,SECRETARIA DE ESTADO DE DESENVOLVIMENTO SOCIAL - SEDESE,14,306,74,4,196,4196,1,3,3,10,1,0,SEGURANÇA ALIMENTAR E NUTRICIONAL SUSTENTÁVEL PARA TODOS OS POVOS DO TERRITÓRIO MINEIRO,"APOIO, FOMENTO E ARTICULAÇÃO DE AÇÕES, PROJETOS E PROGRAMAS RELATIVOS À TEMÁTICA DE SEGURANÇA ALIMENTAR E NUTRICIONAL SUSTENTÁVEL",273103,286321,300179,314708
2024,1480,SECRETARIA DE ESTADO DE DESENVOLVIMENTO SOCIAL - SEDESE,1481,SECRETARIA DE ESTADO DE DESENVOLVIMENTO SOCIAL - SEDESE,14,306,74,4,196,4196,1,3,3,10,7,0,SEGURANÇA ALIMENTAR E NUTRICIONAL SUSTENTÁVEL PARA TODOS OS POVOS DO TERRITÓRIO MINEIRO,"APOIO, FOMENTO E ARTICULAÇÃO DE AÇÕES, PROJETOS E PROGRAMAS RELATIVOS À TEMÁTICA DE SEGURANÇA ALIMENTAR E NUTRICIONAL SUSTENTÁVEL",86347,88462,90629,92850
2024,1480,SECRETARIA DE ESTADO DE DESENVOLVIMENTO SOCIAL - SEDESE,1481,SECRETARIA DE ESTADO DE DESENVOLVIMENTO SOCIAL - SEDESE,14,306,74,4,196,4196,1,4,4,10,1,0,SEGURANÇA ALIMENTAR E NUTRICIONAL SUSTENTÁVEL PARA TODOS OS POVOS DO TERRITÓRIO MINEIRO,"APOIO, FOMENTO E ARTICULAÇÃO DE AÇÕES, PROJETOS E PROGRAMAS RELATIVOS À TEMÁTICA DE SEGURANÇA ALIMENTAR E NUTRICIONAL SUSTENTÁVEL",600000,600000,600000,600000
2024,1480,SECRETARIA DE ESTADO DE DESENVOLVIMENTO SOCIAL - SEDESE,1481,SECRETARIA DE ESTADO DE DESENVOLVIMENTO SOCIAL - SEDESE,14,306,74,4,197,4197,1,3,1,10,1,0,SEGURANÇA ALIMENTAR E NUTRICIONAL SUSTENTÁVEL PARA TODOS OS POVOS DO TERRITÓRIO MINEIRO,APOIO À POLÍTICA ESTADUAL DE SEGURANÇA ALIMENTAR E NUTRICIONAL SUSTENTÁVEL VOLTADA ÀS AÇÕES DESENVOLVIDAS PELO CONSELHO DE SEGURANÇA ALIMENTAR E NUTRICIONAL SUSTENTÁVEL - CONSEA/MG,222746,228201,233789,239514
2024,1480,SECRETARIA DE ESTADO DE DESENVOLVIMENTO SOCIAL - SEDESE,1481,SECRETARIA DE ESTADO DE DESENVOLVIMENTO SOCIAL - SEDESE,14,306,74,4,197,4197,1,3,3,10,1,0,SEGURANÇA ALIMENTAR E NUTRICIONAL SUSTENTÁVEL PARA TODOS OS POVOS DO TERRITÓRIO MINEIRO,APOIO À POLÍTICA ESTADUAL DE SEGURANÇA ALIMENTAR E NUTRICIONAL SUSTENTÁVEL VOLTADA ÀS AÇÕES DESENVOLVIDAS PELO CONSELHO DE SEGURANÇA ALIMENTAR E NUTRICIONAL SUSTENTÁVEL - CONSEA/MG,339357,355782,373002,391055
2024,1480,SECRETARIA DE ESTADO DE DESENVOLVIMENTO SOCIAL - SEDESE,1481,SECRETARIA DE ESTADO DE DESENVOLVIMENTO SOCIAL - SEDESE,14,306,74,4,197,4197,1,3,3,10,7,0,SEGURANÇA ALIMENTAR E NUTRICIONAL SUSTENTÁVEL PARA TODOS OS POVOS DO TERRITÓRIO MINEIRO,APOIO À POLÍTICA ESTADUAL DE SEGURANÇA ALIMENTAR E NUTRICIONAL SUSTENTÁVEL VOLTADA ÀS AÇÕES DESENVOLVIDAS PELO CONSELHO DE SEGURANÇA ALIMENTAR E NUTRICIONAL SUSTENTÁVEL - CONSEA/MG,64760,66346,67972,69637
2024,1480,SECRETARIA DE ESTADO DE DESENVOLVIMENTO SOCIAL - SEDESE,1481,SECRETARIA DE ESTADO DE DESENVOLVIMENTO SOCIAL - SEDESE,14,306,83,4,416,4416,1,3,3,10,1,1,POLÍTICAS DE PROMOÇÃO AO DESENVOLVIMENTO SOCIAL NO CONTEXTO RURAL - PERCURSOS GERAIS: TRAJETÓRIA PARA AUTONOMIA,RAÍZES DE MINAS,908440,908440,908440,908440
2024,1480,SECRETARIA DE ESTADO DE DESENVOLVIMENTO SOCIAL - SEDESE,1481,SECRETARIA DE ESTADO DE DESENVOLVIMENTO SOCIAL - SEDESE,14,306,83,4,416,4416,1,4,4,10,1,1,POLÍTICAS DE PROMOÇÃO AO DESENVOLVIMENTO SOCIAL NO CONTEXTO RURAL - PERCURSOS GERAIS: TRAJETÓRIA PARA AUTONOMIA,RAÍZES DE MINAS,2584000,2584000,2584000,2584000
2024,1480,SECRETARIA DE ESTADO DE DESENVOLVIMENTO SOCIAL - SEDESE,1481,SECRETARIA DE ESTADO DE DESENVOLVIMENTO SOCIAL - SEDESE,14,422,70,4,171,4171,1,3,3,10,1,0,POLÍTICAS DE DIREITOS HUMANOS,IMPLEMENTAÇÃO E MANUTENÇÃO DOS CENTROS DE REFERÊNCIA EM DIREITOS HUMANOS,2000000,2000000,2000000,2000000
2024,1480,SECRETARIA DE ESTADO DE DESENVOLVIMENTO SOCIAL - SEDESE,1481,SECRETARIA DE ESTADO DE DESENVOLVIMENTO SOCIAL - SEDESE,14,422,70,4,173,4173,1,3,3,24,1,0,POLÍTICAS DE DIREITOS HUMANOS,PROGRAMA DE PROTEÇÃO A VÍTIMAS E TESTEMUNHAS AMEAÇADAS - PROVITA,1550000,1000000,1000000,1000000
2024,1480,SECRETARIA DE ESTADO DE DESENVOLVIMENTO SOCIAL - SEDESE,1481,SECRETARIA DE ESTADO DE DESENVOLVIMENTO SOCIAL - SEDESE,14,422,70,4,174,4174,1,3,3,1,1,0,POLÍTICAS DE DIREITOS HUMANOS,"PROMOÇÃO, PROTEÇÃO E REPARAÇÃO DE DIREITOS HUMANOS",102000,0,0,0
2024,1480,SECRETARIA DE ESTADO DE DESENVOLVIMENTO SOCIAL - SEDESE,1481,SECRETARIA DE ESTADO DE DESENVOLVIMENTO SOCIAL - SEDESE,14,422,70,4,174,4174,1,3,3,24,1,0,POLÍTICAS DE DIREITOS HUMANOS,"PROMOÇÃO, PROTEÇÃO E REPARAÇÃO DE DIREITOS HUMANOS",960294,0,0,0
2024,1480,SECRETARIA DE ESTADO DE DESENVOLVIMENTO SOCIAL - SEDESE,1481,SECRETARIA DE ESTADO DE DESENVOLVIMENTO SOCIAL - SEDESE,14,422,70,4,174,4174,1,4,4,24,1,0,POLÍTICAS DE DIREITOS HUMANOS,"PROMOÇÃO, PROTEÇÃO E REPARAÇÃO DE DIREITOS HUMANOS",210624,0,0,0
2024,1480,SECRETARIA DE ESTADO DE DESENVOLVIMENTO SOCIAL - SEDESE,1481,SECRETARIA DE ESTADO DE DESENVOLVIMENTO SOCIAL - SEDESE,14,422,70,4,176,4176,1,3,3,24,1,0,POLÍTICAS DE DIREITOS HUMANOS,PROGRAMA DE PROTEÇÃO AOS DEFENSORES DE DIREITOS HUMANOS - PPDDH,2000000,2000000,2000000,2000000
2024,1480,SECRETARIA DE ESTADO DE DESENVOLVIMENTO SOCIAL - SEDESE,1481,SECRETARIA DE ESTADO DE DESENVOLVIMENTO SOCIAL - SEDESE,14,422,70,4,177,4177,1,3,3,24,1,0,POLÍTICAS DE DIREITOS HUMANOS,PROGRAMA DE PROTEÇÃO A CRIANÇAS E ADOLESCENTES AMEAÇADOS DE MORTE - PPCAAM,2673715,1500000,1500000,1500000
2024,1480,SECRETARIA DE ESTADO DE DESENVOLVIMENTO SOCIAL - SEDESE,1481,SECRETARIA DE ESTADO DE DESENVOLVIMENTO SOCIAL - SEDESE,14,422,70,4,177,4177,1,4,4,24,1,0,POLÍTICAS DE DIREITOS HUMANOS,PROGRAMA DE PROTEÇÃO A CRIANÇAS E ADOLESCENTES AMEAÇADOS DE MORTE - PPCAAM,26285,0,0,0
2024,1480,SECRETARIA DE ESTADO DE DESENVOLVIMENTO SOCIAL - SEDESE,1481,SECRETARIA DE ESTADO DE DESENVOLVIMENTO SOCIAL - SEDESE,14,422,70,4,178,4178,1,3,1,10,1,0,POLÍTICAS DE DIREITOS HUMANOS,MANUTENÇÃO E APOIO AOS ÓRGÃOS COLEGIADOS DE DIREITOS HUMANOS,1877189,1923158,1970253,2018500
2024,1480,SECRETARIA DE ESTADO DE DESENVOLVIMENTO SOCIAL - SEDESE,1481,SECRETARIA DE ESTADO DE DESENVOLVIMENTO SOCIAL - SEDESE,14,422,70,4,178,4178,1,3,3,10,1,0,POLÍTICAS DE DIREITOS HUMANOS,MANUTENÇÃO E APOIO AOS ÓRGÃOS COLEGIADOS DE DIREITOS HUMANOS,183600,192486,201803,211570
2024,1480,SECRETARIA DE ESTADO DE DESENVOLVIMENTO SOCIAL - SEDESE,1481,SECRETARIA DE ESTADO DE DESENVOLVIMENTO SOCIAL - SEDESE,14,422,70,4,178,4178,1,3,3,10,7,0,POLÍTICAS DE DIREITOS HUMANOS,MANUTENÇÃO E APOIO AOS ÓRGÃOS COLEGIADOS DE DIREITOS HUMANOS,410146,420194,430489,441036
2024,1480,SECRETARIA DE ESTADO DE DESENVOLVIMENTO SOCIAL - SEDESE,1481,SECRETARIA DE ESTADO DE DESENVOLVIMENTO SOCIAL - SEDESE,14,422,70,4,181,4181,1,3,3,10,1,0,POLÍTICAS DE DIREITOS HUMANOS,OPERACIONALIZAÇÃO DOS SERVIÇOS DE TRADUÇÃO E INTERPRETAÇÃO DE LIBRAS,440270,461579,483920,507342
2024,1480,SECRETARIA DE ESTADO DE DESENVOLVIMENTO SOCIAL - SEDESE,1481,SECRETARIA DE ESTADO DE DESENVOLVIMENTO SOCIAL - SEDESE,14,422,70,4,182,4182,1,3,1,10,1,0,POLÍTICAS DE DIREITOS HUMANOS,MANUTENÇÃO DE EQUIPAMENTOS E POLÍTICAS DE DIREITOS HUMANOS,13017542,13336315,13662895,13997472
2024,1480,SECRETARIA DE ESTADO DE DESENVOLVIMENTO SOCIAL - SEDESE,1481,SECRETARIA DE ESTADO DE DESENVOLVIMENTO SOCIAL - SEDESE,14,422,70,4,182,4182,1,3,3,10,1,0,POLÍTICAS DE DIREITOS HUMANOS,MANUTENÇÃO DE EQUIPAMENTOS E POLÍTICAS DE DIREITOS HUMANOS,2101000,2202688,2309299,2421069
2024,1480,SECRETARIA DE ESTADO DE DESENVOLVIMENTO SOCIAL - SEDESE,1481,SECRETARIA DE ESTADO DE DESENVOLVIMENTO SOCIAL - SEDESE,14,422,70,4,182,4182,1,3,3,10,7,0,POLÍTICAS DE DIREITOS HUMANOS,MANUTENÇÃO DE EQUIPAMENTOS E POLÍTICAS DE DIREITOS HUMANOS,2331356,2388473,2446991,2506942
2024,1480,SECRETARIA DE ESTADO DE DESENVOLVIMENTO SOCIAL - SEDESE,1481,SECRETARIA DE ESTADO DE DESENVOLVIMENTO SOCIAL - SEDESE,14,422,86,4,414,4414,1,3,1,10,1,0,POLÍTICA DOS DIREITOS DAS MULHERES,ENFRENTAMENTO À VIOLÊNCIA DOMÉSTICA E INTRAFAMILIAR CONTRA AS MULHERES,530702,543699,557013,570653
2024,1480,SECRETARIA DE ESTADO DE DESENVOLVIMENTO SOCIAL - SEDESE,1481,SECRETARIA DE ESTADO DE DESENVOLVIMENTO SOCIAL - SEDESE,14,422,86,4,414,4414,1,3,3,10,1,0,POLÍTICA DOS DIREITOS DAS MULHERES,ENFRENTAMENTO À VIOLÊNCIA DOMÉSTICA E INTRAFAMILIAR CONTRA AS MULHERES,1152007,1207765,1266221,1327506
2024,1480,SECRETARIA DE ESTADO DE DESENVOLVIMENTO SOCIAL - SEDESE,1481,SECRETARIA DE ESTADO DE DESENVOLVIMENTO SOCIAL - SEDESE,14,422,86,4,414,4414,1,3,3,10,7,0,POLÍTICA DOS DIREITOS DAS MULHERES,ENFRENTAMENTO À VIOLÊNCIA DOMÉSTICA E INTRAFAMILIAR CONTRA AS MULHERES,172693,176924,181259,185699
2024,1480,SECRETARIA DE ESTADO DE DESENVOLVIMENTO SOCIAL - SEDESE,1481,SECRETARIA DE ESTADO DE DESENVOLVIMENTO SOCIAL - SEDESE,14,422,86,4,414,4414,1,4,4,10,1,0,POLÍTICA DOS DIREITOS DAS MULHERES,ENFRENTAMENTO À VIOLÊNCIA DOMÉSTICA E INTRAFAMILIAR CONTRA AS MULHERES,150000,150000,150000,150000
2024,1480,SECRETARIA DE ESTADO DE DESENVOLVIMENTO SOCIAL - SEDESE,1481,SECRETARIA DE ESTADO DE DESENVOLVIMENTO SOCIAL - SEDESE,14,422,86,4,415,4415,1,3,1,10,1,0,POLÍTICA DOS DIREITOS DAS MULHERES,"PROMOÇÃO, DEFESA E GARANTIA DOS DIREITOS DAS MULHERES",1206359,1235899,1266164,1297170
2024,1480,SECRETARIA DE ESTADO DE DESENVOLVIMENTO SOCIAL - SEDESE,1481,SECRETARIA DE ESTADO DE DESENVOLVIMENTO SOCIAL - SEDESE,14,422,86,4,415,4415,1,3,3,10,1,0,POLÍTICA DOS DIREITOS DAS MULHERES,"PROMOÇÃO, DEFESA E GARANTIA DOS DIREITOS DAS MULHERES",1787112,1873607,1964290,2059361
2024,1480,SECRETARIA DE ESTADO DE DESENVOLVIMENTO SOCIAL - SEDESE,1481,SECRETARIA DE ESTADO DE DESENVOLVIMENTO SOCIAL - SEDESE,14,422,86,4,415,4415,1,3,3,10,7,0,POLÍTICA DOS DIREITOS DAS MULHERES,"PROMOÇÃO, DEFESA E GARANTIA DOS DIREITOS DAS MULHERES",280626,287501,294545,301762
2024,1480,SECRETARIA DE ESTADO DE DESENVOLVIMENTO SOCIAL - SEDESE,1481,SECRETARIA DE ESTADO DE DESENVOLVIMENTO SOCIAL - SEDESE,16,122,73,4,184,4184,1,3,1,10,1,0,MORADAS GERAIS,APOIO AOS MUNICÍPIOS NA IMPLEMENTAÇÃO DA POLÍTICA HABITACIONAL E NA ELABORAÇÃO E REVISÃO DE PLANOS LOCAIS DE HABITAÇÃO DE INTERESSE SOCIAL (PLHIS),115585,118416,121315,124286
2024,1480,SECRETARIA DE ESTADO DE DESENVOLVIMENTO SOCIAL - SEDESE,1481,SECRETARIA DE ESTADO DE DESENVOLVIMENTO SOCIAL - SEDESE,16,122,73,4,184,4184,1,3,3,10,1,0,MORADAS GERAIS,APOIO AOS MUNICÍPIOS NA IMPLEMENTAÇÃO DA POLÍTICA HABITACIONAL E NA ELABORAÇÃO E REVISÃO DE PLANOS LOCAIS DE HABITAÇÃO DE INTERESSE SOCIAL (PLHIS),60804,63747,66832,70067
2024,1480,SECRETARIA DE ESTADO DE DESENVOLVIMENTO SOCIAL - SEDESE,1481,SECRETARIA DE ESTADO DE DESENVOLVIMENTO SOCIAL - SEDESE,16,122,73,4,184,4184,1,3,3,10,7,0,MORADAS GERAIS,APOIO AOS MUNICÍPIOS NA IMPLEMENTAÇÃO DA POLÍTICA HABITACIONAL E NA ELABORAÇÃO E REVISÃO DE PLANOS LOCAIS DE HABITAÇÃO DE INTERESSE SOCIAL (PLHIS),43173,44231,45315,46425
2024,1480,SECRETARIA DE ESTADO DE DESENVOLVIMENTO SOCIAL - SEDESE,1481,SECRETARIA DE ESTADO DE DESENVOLVIMENTO SOCIAL - SEDESE,16,122,73,4,184,4184,1,4,4,10,1,0,MORADAS GERAIS,APOIO AOS MUNICÍPIOS NA IMPLEMENTAÇÃO DA POLÍTICA HABITACIONAL E NA ELABORAÇÃO E REVISÃO DE PLANOS LOCAIS DE HABITAÇÃO DE INTERESSE SOCIAL (PLHIS),60000,60000,60000,60000
2024,1480,SECRETARIA DE ESTADO DE DESENVOLVIMENTO SOCIAL - SEDESE,1481,SECRETARIA DE ESTADO DE DESENVOLVIMENTO SOCIAL - SEDESE,16,244,73,4,185,4185,1,3,1,10,1,1,MORADAS GERAIS,APOIO À PRODUÇÃO E À AQUISIÇÃO DE UNIDADES HABITACIONAIS,530695,543691,557005,570645
2024,1480,SECRETARIA DE ESTADO DE DESENVOLVIMENTO SOCIAL - SEDESE,1481,SECRETARIA DE ESTADO DE DESENVOLVIMENTO SOCIAL - SEDESE,16,244,73,4,185,4185,1,3,3,10,1,1,MORADAS GERAIS,APOIO À PRODUÇÃO E À AQUISIÇÃO DE UNIDADES HABITACIONAIS,352125,369168,387036,405768
2024,1480,SECRETARIA DE ESTADO DE DESENVOLVIMENTO SOCIAL - SEDESE,1481,SECRETARIA DE ESTADO DE DESENVOLVIMENTO SOCIAL - SEDESE,16,244,73,4,185,4185,1,3,3,10,7,1,MORADAS GERAIS,APOIO À PRODUÇÃO E À AQUISIÇÃO DE UNIDADES HABITACIONAIS,43173,44231,45315,46425
2024,1480,SECRETARIA DE ESTADO DE DESENVOLVIMENTO SOCIAL - SEDESE,1481,SECRETARIA DE ESTADO DE DESENVOLVIMENTO SOCIAL - SEDESE,16,244,73,4,185,4185,1,4,4,10,1,1,MORADAS GERAIS,APOIO À PRODUÇÃO E À AQUISIÇÃO DE UNIDADES HABITACIONAIS,124980000,0,0,0
2024,1480,SECRETARIA DE ESTADO DE DESENVOLVIMENTO SOCIAL - SEDESE,1481,SECRETARIA DE ESTADO DE DESENVOLVIMENTO SOCIAL - SEDESE,16,244,83,4,418,4418,1,3,1,10,1,0,POLÍTICAS DE PROMOÇÃO AO DESENVOLVIMENTO SOCIAL NO CONTEXTO RURAL - PERCURSOS GERAIS: TRAJETÓRIA PARA AUTONOMIA,REFORMA E MELHORIAS DE UNIDADES HABITACIONAIS,40960,41963,42991,44043
2024,1480,SECRETARIA DE ESTADO DE DESENVOLVIMENTO SOCIAL - SEDESE,1481,SECRETARIA DE ESTADO DE DESENVOLVIMENTO SOCIAL - SEDESE,16,244,83,4,418,4418,1,3,3,10,1,0,POLÍTICAS DE PROMOÇÃO AO DESENVOLVIMENTO SOCIAL NO CONTEXTO RURAL - PERCURSOS GERAIS: TRAJETÓRIA PARA AUTONOMIA,REFORMA E MELHORIAS DE UNIDADES HABITACIONAIS,1000,1000,1000,1000
2024,1480,SECRETARIA DE ESTADO DE DESENVOLVIMENTO SOCIAL - SEDESE,1481,SECRETARIA DE ESTADO DE DESENVOLVIMENTO SOCIAL - SEDESE,16,244,83,4,418,4418,1,3,3,10,7,0,POLÍTICAS DE PROMOÇÃO AO DESENVOLVIMENTO SOCIAL NO CONTEXTO RURAL - PERCURSOS GERAIS: TRAJETÓRIA PARA AUTONOMIA,REFORMA E MELHORIAS DE UNIDADES HABITACIONAIS,21587,22115,22657,23212
2024,1480,SECRETARIA DE ESTADO DE DESENVOLVIMENTO SOCIAL - SEDESE,1481,SECRETARIA DE ESTADO DE DESENVOLVIMENTO SOCIAL - SEDESE,27,366,69,4,168,4168,1,3,1,10,1,0,"FOMENTO AO ESPORTE, À ATIVIDADE FÍSICA E AO LAZER",PROMOÇÃO DOS JOGOS ESCOLARES DE MINAS GERAIS,111493,0,0,0
2024,1480,SECRETARIA DE ESTADO DE DESENVOLVIMENTO SOCIAL - SEDESE,1481,SECRETARIA DE ESTADO DE DESENVOLVIMENTO SOCIAL - SEDESE,27,366,69,4,168,4168,1,3,3,10,7,0,"FOMENTO AO ESPORTE, À ATIVIDADE FÍSICA E AO LAZER",PROMOÇÃO DOS JOGOS ESCOLARES DE MINAS GERAIS,43173,0,0,0
2024,1480,SECRETARIA DE ESTADO DE DESENVOLVIMENTO SOCIAL - SEDESE,1481,SECRETARIA DE ESTADO DE DESENVOLVIMENTO SOCIAL - SEDESE,27,366,69,4,168,4168,1,3,3,38,1,0,"FOMENTO AO ESPORTE, À ATIVIDADE FÍSICA E AO LAZER",PROMOÇÃO DOS JOGOS ESCOLARES DE MINAS GERAIS,9843847,0,0,0
2024,1480,SECRETARIA DE ESTADO DE DESENVOLVIMENTO SOCIAL - SEDESE,1481,SECRETARIA DE ESTADO DE DESENVOLVIMENTO SOCIAL - SEDESE,27,366,69,4,168,4168,1,4,4,38,1,0,"FOMENTO AO ESPORTE, À ATIVIDADE FÍSICA E AO LAZER",PROMOÇÃO DOS JOGOS ESCOLARES DE MINAS GERAIS,520081,0,0,0
2024,1480,SECRETARIA DE ESTADO DE DESENVOLVIMENTO SOCIAL - SEDESE,1481,SECRETARIA DE ESTADO DE DESENVOLVIMENTO SOCIAL - SEDESE,27,811,69,4,169,4169,1,3,1,10,1,0,"FOMENTO AO ESPORTE, À ATIVIDADE FÍSICA E AO LAZER",BOLSA ATLETA E BOLSA TÉCNICO,664698,680975,697651,714735
2024,1480,SECRETARIA DE ESTADO DE DESENVOLVIMENTO SOCIAL - SEDESE,1481,SECRETARIA DE ESTADO DE DESENVOLVIMENTO SOCIAL - SEDESE,27,811,69,4,169,4169,1,3,3,10,1,0,"FOMENTO AO ESPORTE, À ATIVIDADE FÍSICA E AO LAZER",BOLSA ATLETA E BOLSA TÉCNICO,608170,637605,668466,700819
2024,1480,SECRETARIA DE ESTADO DE DESENVOLVIMENTO SOCIAL - SEDESE,1481,SECRETARIA DE ESTADO DE DESENVOLVIMENTO SOCIAL - SEDESE,27,811,69,4,169,4169,1,3,3,10,7,0,"FOMENTO AO ESPORTE, À ATIVIDADE FÍSICA E AO LAZER",BOLSA ATLETA E BOLSA TÉCNICO,21587,22115,22657,23212
2024,1480,SECRETARIA DE ESTADO DE DESENVOLVIMENTO SOCIAL - SEDESE,1481,SECRETARIA DE ESTADO DE DESENVOLVIMENTO SOCIAL - SEDESE,27,811,69,4,169,4169,1,3,3,38,1,0,"FOMENTO AO ESPORTE, À ATIVIDADE FÍSICA E AO LAZER",BOLSA ATLETA E BOLSA TÉCNICO,1581670,1581670,1581670,1581670
2024,1480,SECRETARIA DE ESTADO DE DESENVOLVIMENTO SOCIAL - SEDESE,1481,SECRETARIA DE ESTADO DE DESENVOLVIMENTO SOCIAL - SEDESE,27,812,69,4,163,4163,1,3,1,10,1,0,"FOMENTO AO ESPORTE, À ATIVIDADE FÍSICA E AO LAZER",PROMOÇÃO DOS JOGOS DO INTERIOR DE MINAS,356594,365326,374272,383437
2024,1480,SECRETARIA DE ESTADO DE DESENVOLVIMENTO SOCIAL - SEDESE,1481,SECRETARIA DE ESTADO DE DESENVOLVIMENTO SOCIAL - SEDESE,27,812,69,4,163,4163,1,3,3,10,1,0,"FOMENTO AO ESPORTE, À ATIVIDADE FÍSICA E AO LAZER",PROMOÇÃO DOS JOGOS DO INTERIOR DE MINAS,467000,467000,467000,467000
2024,1480,SECRETARIA DE ESTADO DE DESENVOLVIMENTO SOCIAL - SEDESE,1481,SECRETARIA DE ESTADO DE DESENVOLVIMENTO SOCIAL - SEDESE,27,812,69,4,163,4163,1,3,3,10,7,0,"FOMENTO AO ESPORTE, À ATIVIDADE FÍSICA E AO LAZER",PROMOÇÃO DOS JOGOS DO INTERIOR DE MINAS,43173,44231,45315,46425
2024,1480,SECRETARIA DE ESTADO DE DESENVOLVIMENTO SOCIAL - SEDESE,1481,SECRETARIA DE ESTADO DE DESENVOLVIMENTO SOCIAL - SEDESE,27,812,69,4,163,4163,1,3,3,38,1,0,"FOMENTO AO ESPORTE, À ATIVIDADE FÍSICA E AO LAZER",PROMOÇÃO DOS JOGOS DO INTERIOR DE MINAS,1075402,1075402,1075402,1075402
2024,1480,SECRETARIA DE ESTADO DE DESENVOLVIMENTO SOCIAL - SEDESE,1481,SECRETARIA DE ESTADO DE DESENVOLVIMENTO SOCIAL - SEDESE,27,812,69,4,166,4166,1,3,1,10,1,0,"FOMENTO AO ESPORTE, À ATIVIDADE FÍSICA E AO LAZER",PROMOÇÃO DO ESPORTE EDUCACIONAL COMO INSTRUMENTO DE DESENVOLVIMENTO SOCIAL,90617,0,0,0
2024,1480,SECRETARIA DE ESTADO DE DESENVOLVIMENTO SOCIAL - SEDESE,1481,SECRETARIA DE ESTADO DE DESENVOLVIMENTO SOCIAL - SEDESE,27,812,69,4,166,4166,1,3,3,10,1,0,"FOMENTO AO ESPORTE, À ATIVIDADE FÍSICA E AO LAZER",PROMOÇÃO DO ESPORTE EDUCACIONAL COMO INSTRUMENTO DE DESENVOLVIMENTO SOCIAL,15000,0,0,0
2024,1480,SECRETARIA DE ESTADO DE DESENVOLVIMENTO SOCIAL - SEDESE,1481,SECRETARIA DE ESTADO DE DESENVOLVIMENTO SOCIAL - SEDESE,27,812,69,4,166,4166,1,3,3,10,7,0,"FOMENTO AO ESPORTE, À ATIVIDADE FÍSICA E AO LAZER",PROMOÇÃO DO ESPORTE EDUCACIONAL COMO INSTRUMENTO DE DESENVOLVIMENTO SOCIAL,43173,0,0,0
2024,1480,SECRETARIA DE ESTADO DE DESENVOLVIMENTO SOCIAL - SEDESE,1481,SECRETARIA DE ESTADO DE DESENVOLVIMENTO SOCIAL - SEDESE,27,812,69,4,166,4166,1,3,3,24,1,0,"FOMENTO AO ESPORTE, À ATIVIDADE FÍSICA E AO LAZER",PROMOÇÃO DO ESPORTE EDUCACIONAL COMO INSTRUMENTO DE DESENVOLVIMENTO SOCIAL,595107,0,0,0
2024,1480,SECRETARIA DE ESTADO DE DESENVOLVIMENTO SOCIAL - SEDESE,1481,SECRETARIA DE ESTADO DE DESENVOLVIMENTO SOCIAL - SEDESE,27,812,69,4,166,4166,1,3,3,38,1,0,"FOMENTO AO ESPORTE, À ATIVIDADE FÍSICA E AO LAZER",PROMOÇÃO DO ESPORTE EDUCACIONAL COMO INSTRUMENTO DE DESENVOLVIMENTO SOCIAL,7205376,0,0,0
2024,1480,SECRETARIA DE ESTADO DE DESENVOLVIMENTO SOCIAL - SEDESE,1481,SECRETARIA DE ESTADO DE DESENVOLVIMENTO SOCIAL - SEDESE,27,812,69,4,167,4167,1,3,1,10,1,0,"FOMENTO AO ESPORTE, À ATIVIDADE FÍSICA E AO LAZER",APOIO À GESTÃO ESPORTIVA,1941021,1988552,2037248,2087136
2024,1480,SECRETARIA DE ESTADO DE DESENVOLVIMENTO SOCIAL - SEDESE,1481,SECRETARIA DE ESTADO DE DESENVOLVIMENTO SOCIAL - SEDESE,27,812,69,4,167,4167,1,3,3,10,1,0,"FOMENTO AO ESPORTE, À ATIVIDADE FÍSICA E AO LAZER",APOIO À GESTÃO ESPORTIVA,773134,810554,849784,890914
2024,1480,SECRETARIA DE ESTADO DE DESENVOLVIMENTO SOCIAL - SEDESE,1481,SECRETARIA DE ESTADO DE DESENVOLVIMENTO SOCIAL - SEDESE,27,812,69,4,167,4167,1,3,3,10,7,0,"FOMENTO AO ESPORTE, À ATIVIDADE FÍSICA E AO LAZER",APOIO À GESTÃO ESPORTIVA,259040,265386,271888,278549
2024,1480,SECRETARIA DE ESTADO DE DESENVOLVIMENTO SOCIAL - SEDESE,1481,SECRETARIA DE ESTADO DE DESENVOLVIMENTO SOCIAL - SEDESE,27,812,69,4,167,4167,1,3,3,38,1,0,"FOMENTO AO ESPORTE, À ATIVIDADE FÍSICA E AO LAZER",APOIO À GESTÃO ESPORTIVA,749500,749500,749500,749500
2024,1480,SECRETARIA DE ESTADO DE DESENVOLVIMENTO SOCIAL - SEDESE,1481,SECRETARIA DE ESTADO DE DESENVOLVIMENTO SOCIAL - SEDESE,27,812,69,4,167,4167,1,4,4,10,1,0,"FOMENTO AO ESPORTE, À ATIVIDADE FÍSICA E AO LAZER",APOIO À GESTÃO ESPORTIVA,79968,79968,79968,79968
2024,1480,SECRETARIA DE ESTADO DE DESENVOLVIMENTO SOCIAL - SEDESE,1481,SECRETARIA DE ESTADO DE DESENVOLVIMENTO SOCIAL - SEDESE,27,812,69,4,170,4170,1,3,1,10,1,0,"FOMENTO AO ESPORTE, À ATIVIDADE FÍSICA E AO LAZER",APOIO À REALIZAÇÃO DE AÇÕES ESPORTIVAS,186098,190655,195324,200107
2024,1480,SECRETARIA DE ESTADO DE DESENVOLVIMENTO SOCIAL - SEDESE,1481,SECRETARIA DE ESTADO DE DESENVOLVIMENTO SOCIAL - SEDESE,27,812,69,4,170,4170,1,3,3,10,1,0,"FOMENTO AO ESPORTE, À ATIVIDADE FÍSICA E AO LAZER",APOIO À REALIZAÇÃO DE AÇÕES ESPORTIVAS,19038,19959,20925,21938
2024,1480,SECRETARIA DE ESTADO DE DESENVOLVIMENTO SOCIAL - SEDESE,1481,SECRETARIA DE ESTADO DE DESENVOLVIMENTO SOCIAL - SEDESE,27,812,69,4,170,4170,1,3,3,10,7,0,"FOMENTO AO ESPORTE, À ATIVIDADE FÍSICA E AO LAZER",APOIO À REALIZAÇÃO DE AÇÕES ESPORTIVAS,43173,44231,45315,46425
2024,1480,SECRETARIA DE ESTADO DE DESENVOLVIMENTO SOCIAL - SEDESE,1481,SECRETARIA DE ESTADO DE DESENVOLVIMENTO SOCIAL - SEDESE,27,812,69,4,514,4514,1,3,1,10,1,0,"FOMENTO AO ESPORTE, À ATIVIDADE FÍSICA E AO LAZER",PROMOÇÃO DO ESPORTE DE PARTICIPAÇÃO E RENDIMENTO COMO INSTRUMENTO DE DESENVOLVIMENTO SOCIAL,606741,621600,636821,652416
2024,1480,SECRETARIA DE ESTADO DE DESENVOLVIMENTO SOCIAL - SEDESE,1481,SECRETARIA DE ESTADO DE DESENVOLVIMENTO SOCIAL - SEDESE,27,812,69,4,514,4514,1,3,3,10,7,0,"FOMENTO AO ESPORTE, À ATIVIDADE FÍSICA E AO LAZER",PROMOÇÃO DO ESPORTE DE PARTICIPAÇÃO E RENDIMENTO COMO INSTRUMENTO DE DESENVOLVIMENTO SOCIAL,151107,154808,158601,162487
2024,1480,SECRETARIA DE ESTADO DE DESENVOLVIMENTO SOCIAL - SEDESE,1481,SECRETARIA DE ESTADO DE DESENVOLVIMENTO SOCIAL - SEDESE,27,812,69,4,514,4514,1,3,3,24,1,0,"FOMENTO AO ESPORTE, À ATIVIDADE FÍSICA E AO LAZER",PROMOÇÃO DO ESPORTE DE PARTICIPAÇÃO E RENDIMENTO COMO INSTRUMENTO DE DESENVOLVIMENTO SOCIAL,1289529,0,0,0
2024,1480,SECRETARIA DE ESTADO DE DESENVOLVIMENTO SOCIAL - SEDESE,1481,SECRETARIA DE ESTADO DE DESENVOLVIMENTO SOCIAL - SEDESE,27,812,69,4,514,4514,1,3,3,38,1,0,"FOMENTO AO ESPORTE, À ATIVIDADE FÍSICA E AO LAZER",PROMOÇÃO DO ESPORTE DE PARTICIPAÇÃO E RENDIMENTO COMO INSTRUMENTO DE DESENVOLVIMENTO SOCIAL,1812670,1812670,1812670,1812670
2024,1480,SECRETARIA DE ESTADO DE DESENVOLVIMENTO SOCIAL - SEDESE,1481,SECRETARIA DE ESTADO DE DESENVOLVIMENTO SOCIAL - SEDESE,27,813,69,4,164,4164,1,3,1,10,1,0,"FOMENTO AO ESPORTE, À ATIVIDADE FÍSICA E AO LAZER",PROJETOS VIABILIZADOS PELA LEI ESTADUAL DE INCENTIVO AO ESPORTE,787204,806481,826230,846463
2024,1480,SECRETARIA DE ESTADO DE DESENVOLVIMENTO SOCIAL - SEDESE,1481,SECRETARIA DE ESTADO DE DESENVOLVIMENTO SOCIAL - SEDESE,27,813,69,4,164,4164,1,3,3,10,1,0,"FOMENTO AO ESPORTE, À ATIVIDADE FÍSICA E AO LAZER",PROJETOS VIABILIZADOS PELA LEI ESTADUAL DE INCENTIVO AO ESPORTE,24432,25615,26854,28154
2024,1480,SECRETARIA DE ESTADO DE DESENVOLVIMENTO SOCIAL - SEDESE,1481,SECRETARIA DE ESTADO DE DESENVOLVIMENTO SOCIAL - SEDESE,27,813,69,4,164,4164,1,3,3,10,7,0,"FOMENTO AO ESPORTE, À ATIVIDADE FÍSICA E AO LAZER",PROJETOS VIABILIZADOS PELA LEI ESTADUAL DE INCENTIVO AO ESPORTE,194280,199039,203916,208912
2024,1480,SECRETARIA DE ESTADO DE DESENVOLVIMENTO SOCIAL - SEDESE,1481,SECRETARIA DE ESTADO DE DESENVOLVIMENTO SOCIAL - SEDESE,27,813,69,4,164,4164,1,3,3,38,1,0,"FOMENTO AO ESPORTE, À ATIVIDADE FÍSICA E AO LAZER",PROJETOS VIABILIZADOS PELA LEI ESTADUAL DE INCENTIVO AO ESPORTE,1655039,1655039,1655039,1655039
2024,1480,SECRETARIA DE ESTADO DE DESENVOLVIMENTO SOCIAL - SEDESE,1481,SECRETARIA DE ESTADO DE DESENVOLVIMENTO SOCIAL - SEDESE,27,813,69,4,164,4164,1,3,3,59,1,0,"FOMENTO AO ESPORTE, À ATIVIDADE FÍSICA E AO LAZER",PROJETOS VIABILIZADOS PELA LEI ESTADUAL DE INCENTIVO AO ESPORTE,3900000,3900000,3900000,3900000
2024,1480,SECRETARIA DE ESTADO DE DESENVOLVIMENTO SOCIAL - SEDESE,1481,SECRETARIA DE ESTADO DE DESENVOLVIMENTO SOCIAL - SEDESE,27,813,69,4,165,4165,1,3,1,10,1,0,"FOMENTO AO ESPORTE, À ATIVIDADE FÍSICA E AO LAZER",GESTÃO DO ICMS ESPORTIVO,180770,185197,189732,194378
2024,1480,SECRETARIA DE ESTADO DE DESENVOLVIMENTO SOCIAL - SEDESE,1481,SECRETARIA DE ESTADO DE DESENVOLVIMENTO SOCIAL - SEDESE,27,813,69,4,165,4165,1,3,3,10,7,0,"FOMENTO AO ESPORTE, À ATIVIDADE FÍSICA E AO LAZER",GESTÃO DO ICMS ESPORTIVO,64760,66346,67972,69637
2024,1480,SECRETARIA DE ESTADO DE DESENVOLVIMENTO SOCIAL - SEDESE,2281,FUNDAÇÃO DE EDUCAÇÃO PARA O TRABALHO DE MINAS GERAIS - UTRAMIG,4,122,705,2,500,2500,1,3,1,10,1,0,APOIO ÀS POLÍTICAS PÚBLICAS,ASSESSORAMENTO E GERENCIAMENTO DE POLÍTICAS PÚBLICAS,1569331,1607790,1647165,1687502
2024,1480,SECRETARIA DE ESTADO DE DESENVOLVIMENTO SOCIAL - SEDESE,2281,FUNDAÇÃO DE EDUCAÇÃO PARA O TRABALHO DE MINAS GERAIS - UTRAMIG,4,122,705,2,500,2500,1,3,3,10,1,0,APOIO ÀS POLÍTICAS PÚBLICAS,ASSESSORAMENTO E GERENCIAMENTO DE POLÍTICAS PÚBLICAS,1605489,1683207,1764673,1850084
2024,1480,SECRETARIA DE ESTADO DE DESENVOLVIMENTO SOCIAL - SEDESE,2281,FUNDAÇÃO DE EDUCAÇÃO PARA O TRABALHO DE MINAS GERAIS - UTRAMIG,4,122,705,2,500,2500,1,3,3,10,7,0,APOIO ÀS POLÍTICAS PÚBLICAS,ASSESSORAMENTO E GERENCIAMENTO DE POLÍTICAS PÚBLICAS,399575,409362,419387,429658
2024,1480,SECRETARIA DE ESTADO DE DESENVOLVIMENTO SOCIAL - SEDESE,2281,FUNDAÇÃO DE EDUCAÇÃO PARA O TRABALHO DE MINAS GERAIS - UTRAMIG,4,122,705,2,500,2500,1,3,3,60,1,0,APOIO ÀS POLÍTICAS PÚBLICAS,ASSESSORAMENTO E GERENCIAMENTO DE POLÍTICAS PÚBLICAS,500,0,0,0
2024,1480,SECRETARIA DE ESTADO DE DESENVOLVIMENTO SOCIAL - SEDESE,2281,FUNDAÇÃO DE EDUCAÇÃO PARA O TRABALHO DE MINAS GERAIS - UTRAMIG,4,122,705,2,500,2500,1,4,4,10,1,0,APOIO ÀS POLÍTICAS PÚBLICAS,ASSESSORAMENTO E GERENCIAMENTO DE POLÍTICAS PÚBLICAS,52077,52077,52077,52077
2024,1480,SECRETARIA DE ESTADO DE DESENVOLVIMENTO SOCIAL - SEDESE,2281,FUNDAÇÃO DE EDUCAÇÃO PARA O TRABALHO DE MINAS GERAIS - UTRAMIG,4,122,705,2,500,2500,1,4,4,47,1,0,APOIO ÀS POLÍTICAS PÚBLICAS,ASSESSORAMENTO E GERENCIAMENTO DE POLÍTICAS PÚBLICAS,1000,0,0,0
2024,1480,SECRETARIA DE ESTADO DE DESENVOLVIMENTO SOCIAL - SEDESE,2281,FUNDAÇÃO DE EDUCAÇÃO PARA O TRABALHO DE MINAS GERAIS - UTRAMIG,12,333,67,4,300,4300,1,3,1,10,1,0,REDE DE DESENVOLVIMENTO DA EDUCAÇÃO PROFISSIONAL,EDUCAÇÃO PROFISSIONAL TÉCNICA DE NÍVEL MÉDIO E QUALIFICAÇÃO PROFISSIONAL,602223,616943,632051,647530
2024,1480,SECRETARIA DE ESTADO DE DESENVOLVIMENTO SOCIAL - SEDESE,2281,FUNDAÇÃO DE EDUCAÇÃO PARA O TRABALHO DE MINAS GERAIS - UTRAMIG,12,333,67,4,300,4300,1,3,3,10,1,0,REDE DE DESENVOLVIMENTO DA EDUCAÇÃO PROFISSIONAL,EDUCAÇÃO PROFISSIONAL TÉCNICA DE NÍVEL MÉDIO E QUALIFICAÇÃO PROFISSIONAL,2854845,2993007,3137870,3289742
2024,1480,SECRETARIA DE ESTADO DE DESENVOLVIMENTO SOCIAL - SEDESE,2281,FUNDAÇÃO DE EDUCAÇÃO PARA O TRABALHO DE MINAS GERAIS - UTRAMIG,12,333,67,4,300,4300,1,3,3,10,7,0,REDE DE DESENVOLVIMENTO DA EDUCAÇÃO PROFISSIONAL,EDUCAÇÃO PROFISSIONAL TÉCNICA DE NÍVEL MÉDIO E QUALIFICAÇÃO PROFISSIONAL,183842,188343,192956,197681
2024,1480,SECRETARIA DE ESTADO DE DESENVOLVIMENTO SOCIAL - SEDESE,2281,FUNDAÇÃO DE EDUCAÇÃO PARA O TRABALHO DE MINAS GERAIS - UTRAMIG,12,333,67,4,300,4300,1,3,3,36,1,0,REDE DE DESENVOLVIMENTO DA EDUCAÇÃO PROFISSIONAL,EDUCAÇÃO PROFISSIONAL TÉCNICA DE NÍVEL MÉDIO E QUALIFICAÇÃO PROFISSIONAL,290100,0,0,0
2024,1480,SECRETARIA DE ESTADO DE DESENVOLVIMENTO SOCIAL - SEDESE,2281,FUNDAÇÃO DE EDUCAÇÃO PARA O TRABALHO DE MINAS GERAIS - UTRAMIG,12,333,67,4,300,4300,1,4,4,10,1,0,REDE DE DESENVOLVIMENTO DA EDUCAÇÃO PROFISSIONAL,EDUCAÇÃO PROFISSIONAL TÉCNICA DE NÍVEL MÉDIO E QUALIFICAÇÃO PROFISSIONAL,167080,167080,167080,167080
2024,1480,SECRETARIA DE ESTADO DE DESENVOLVIMENTO SOCIAL - SEDESE,2281,FUNDAÇÃO DE EDUCAÇÃO PARA O TRABALHO DE MINAS GERAIS - UTRAMIG,28,846,705,7,4,7004,1,3,1,10,9,0,APOIO ÀS POLÍTICAS PÚBLICAS,PRECATÓRIOS E SENTENÇAS JUDICIÁRIAS,42998,1000,1000,1000
2024,1480,SECRETARIA DE ESTADO DE DESENVOLVIMENTO SOCIAL - SEDESE,2421,INSTITUTO DE DESENVOLVIMENTO DO NORTE E NORDESTE DE MINAS GERAIS - IDENE,4,122,705,2,500,2500,1,3,1,10,1,0,APOIO ÀS POLÍTICAS PÚBLICAS,ASSESSORAMENTO E GERENCIAMENTO DE POLÍTICAS PÚBLICAS,7669186,7856997,8050030,8247803
2024,1480,SECRETARIA DE ESTADO DE DESENVOLVIMENTO SOCIAL - SEDESE,2421,INSTITUTO DE DESENVOLVIMENTO DO NORTE E NORDESTE DE MINAS GERAIS - IDENE,4,122,705,2,500,2500,1,3,3,10,1,0,APOIO ÀS POLÍTICAS PÚBLICAS,ASSESSORAMENTO E GERENCIAMENTO DE POLÍTICAS PÚBLICAS,4165536,4405322,4656714,4920273
2024,1480,SECRETARIA DE ESTADO DE DESENVOLVIMENTO SOCIAL - SEDESE,2421,INSTITUTO DE DESENVOLVIMENTO DO NORTE E NORDESTE DE MINAS GERAIS - IDENE,4,122,705,2,500,2500,1,3,3,10,7,0,APOIO ÀS POLÍTICAS PÚBLICAS,ASSESSORAMENTO E GERENCIAMENTO DE POLÍTICAS PÚBLICAS,2115120,2166918,2220164,2274719
2024,1480,SECRETARIA DE ESTADO DE DESENVOLVIMENTO SOCIAL - SEDESE,2421,INSTITUTO DE DESENVOLVIMENTO DO NORTE E NORDESTE DE MINAS GERAIS - IDENE,17,511,56,1,25,1025,1,3,3,1,1,0,DESENVOLVIMENTO DA INFRAESTRUTURA DO NORTE E NORDESTE DE MINAS GERAIS,PROMOÇÃO DA SEGURANÇA HÍDRICA NO NORTE E NORDESTE DE MINAS GERAIS,2122277,2122277,2122277,2122277
2024,1480,SECRETARIA DE ESTADO DE DESENVOLVIMENTO SOCIAL - SEDESE,2421,INSTITUTO DE DESENVOLVIMENTO DO NORTE E NORDESTE DE MINAS GERAIS - IDENE,17,511,56,1,25,1025,1,3,3,10,1,0,DESENVOLVIMENTO DA INFRAESTRUTURA DO NORTE E NORDESTE DE MINAS GERAIS,PROMOÇÃO DA SEGURANÇA HÍDRICA NO NORTE E NORDESTE DE MINAS GERAIS,88186,88186,88186,88186
2024,1480,SECRETARIA DE ESTADO DE DESENVOLVIMENTO SOCIAL - SEDESE,2421,INSTITUTO DE DESENVOLVIMENTO DO NORTE E NORDESTE DE MINAS GERAIS - IDENE,17,511,56,1,26,1026,1,3,3,10,1,0,DESENVOLVIMENTO DA INFRAESTRUTURA DO NORTE E NORDESTE DE MINAS GERAIS,ENERGIZAÇÃO DE POÇOS E SISTEMAS DE ABASTECIMENTO DE ÁGUA,1000,1000,1000,1000
2024,1480,SECRETARIA DE ESTADO DE DESENVOLVIMENTO SOCIAL - SEDESE,2421,INSTITUTO DE DESENVOLVIMENTO DO NORTE E NORDESTE DE MINAS GERAIS - IDENE,17,511,56,1,27,1027,1,3,3,10,1,0,DESENVOLVIMENTO DA INFRAESTRUTURA DO NORTE E NORDESTE DE MINAS GERAIS,PROMOÇÃO DO SANEAMENTO BÁSICO POR MEIO DA INSTALAÇÃO DE MÓDULOS SANITÁRIOS,1000,1000,1000,1000
2024,1480,SECRETARIA DE ESTADO DE DESENVOLVIMENTO SOCIAL - SEDESE,2421,INSTITUTO DE DESENVOLVIMENTO DO NORTE E NORDESTE DE MINAS GERAIS - IDENE,17,511,56,1,28,1028,1,3,1,10,1,0,DESENVOLVIMENTO DA INFRAESTRUTURA DO NORTE E NORDESTE DE MINAS GERAIS,IMPLANTAÇÃO DE SISTEMA DE ABASTECIMENTO DE ÁGUA,594424,608980,623536,638440
2024,1480,SECRETARIA DE ESTADO DE DESENVOLVIMENTO SOCIAL - SEDESE,2421,INSTITUTO DE DESENVOLVIMENTO DO NORTE E NORDESTE DE MINAS GERAIS - IDENE,17,511,56,1,28,1028,1,3,3,10,1,0,DESENVOLVIMENTO DA INFRAESTRUTURA DO NORTE E NORDESTE DE MINAS GERAIS,IMPLANTAÇÃO DE SISTEMA DE ABASTECIMENTO DE ÁGUA,300000,300000,300000,300000
2024,1480,SECRETARIA DE ESTADO DE DESENVOLVIMENTO SOCIAL - SEDESE,2421,INSTITUTO DE DESENVOLVIMENTO DO NORTE E NORDESTE DE MINAS GERAIS - IDENE,17,511,56,1,28,1028,1,3,3,10,7,0,DESENVOLVIMENTO DA INFRAESTRUTURA DO NORTE E NORDESTE DE MINAS GERAIS,IMPLANTAÇÃO DE SISTEMA DE ABASTECIMENTO DE ÁGUA,136728,140076,143424,146852
2024,1480,SECRETARIA DE ESTADO DE DESENVOLVIMENTO SOCIAL - SEDESE,2421,INSTITUTO DE DESENVOLVIMENTO DO NORTE E NORDESTE DE MINAS GERAIS - IDENE,20,544,56,1,95,1095,1,3,3,24,1,0,DESENVOLVIMENTO DA INFRAESTRUTURA DO NORTE E NORDESTE DE MINAS GERAIS,IMPLANTAÇÃO DE BARRAGENS HIDROAGRÍCOLAS,1000,1000,1000,1000
2024,1480,SECRETARIA DE ESTADO DE DESENVOLVIMENTO SOCIAL - SEDESE,2421,INSTITUTO DE DESENVOLVIMENTO DO NORTE E NORDESTE DE MINAS GERAIS - IDENE,20,608,124,4,320,4320,1,3,3,10,1,0,PROMOÇÃO DO DESENVOLVIMENTO DO NORTE E NORDESTE DE MINAS GERAIS,"DISTRIBUIÇÃO DE LEITE ADQUIRIDO DA AGRICULTURA FAMILIAR, PARA BENEFICIÁRIOS EM INSEGURANÇA ALIMENTAR",40600,40600,40600,40600
2024,1480,SECRETARIA DE ESTADO DE DESENVOLVIMENTO SOCIAL - SEDESE,2421,INSTITUTO DE DESENVOLVIMENTO DO NORTE E NORDESTE DE MINAS GERAIS - IDENE,20,608,124,4,320,4320,1,3,3,24,1,0,PROMOÇÃO DO DESENVOLVIMENTO DO NORTE E NORDESTE DE MINAS GERAIS,"DISTRIBUIÇÃO DE LEITE ADQUIRIDO DA AGRICULTURA FAMILIAR, PARA BENEFICIÁRIOS EM INSEGURANÇA ALIMENTAR",20600034,20600034,20600034,20600034
2024,1480,SECRETARIA DE ESTADO DE DESENVOLVIMENTO SOCIAL - SEDESE,2421,INSTITUTO DE DESENVOLVIMENTO DO NORTE E NORDESTE DE MINAS GERAIS - IDENE,20,608,124,4,323,4323,1,3,3,10,1,0,PROMOÇÃO DO DESENVOLVIMENTO DO NORTE E NORDESTE DE MINAS GERAIS,APOIO ÀS FEIRAS LIVRES PARA AMPLIAR A GERAÇÃO DE RENDA E DESENVOLVIMENTO ECONÔMICO LOCAL,1000,1000,1000,1000
2024,1480,SECRETARIA DE ESTADO DE DESENVOLVIMENTO SOCIAL - SEDESE,2421,INSTITUTO DE DESENVOLVIMENTO DO NORTE E NORDESTE DE MINAS GERAIS - IDENE,20,608,124,4,325,4325,1,3,1,10,1,0,PROMOÇÃO DO DESENVOLVIMENTO DO NORTE E NORDESTE DE MINAS GERAIS,PROMOÇÃO DO DESENVOLVIMENTO SOCIOECONÔMICO DO NORTE E NORDESTE DE MINAS GERAIS,313883,321570,329257,337128
2024,1480,SECRETARIA DE ESTADO DE DESENVOLVIMENTO SOCIAL - SEDESE,2421,INSTITUTO DE DESENVOLVIMENTO DO NORTE E NORDESTE DE MINAS GERAIS - IDENE,20,608,124,4,325,4325,1,3,3,10,1,0,PROMOÇÃO DO DESENVOLVIMENTO DO NORTE E NORDESTE DE MINAS GERAIS,PROMOÇÃO DO DESENVOLVIMENTO SOCIOECONÔMICO DO NORTE E NORDESTE DE MINAS GERAIS,356943,356943,356943,356943
2024,1480,SECRETARIA DE ESTADO DE DESENVOLVIMENTO SOCIAL - SEDESE,2421,INSTITUTO DE DESENVOLVIMENTO DO NORTE E NORDESTE DE MINAS GERAIS - IDENE,20,608,124,4,325,4325,1,3,3,10,7,0,PROMOÇÃO DO DESENVOLVIMENTO DO NORTE E NORDESTE DE MINAS GERAIS,PROMOÇÃO DO DESENVOLVIMENTO SOCIOECONÔMICO DO NORTE E NORDESTE DE MINAS GERAIS,101196,103674,106152,108689
2024,1480,SECRETARIA DE ESTADO DE DESENVOLVIMENTO SOCIAL - SEDESE,2421,INSTITUTO DE DESENVOLVIMENTO DO NORTE E NORDESTE DE MINAS GERAIS - IDENE,20,608,124,4,325,4325,1,3,3,36,1,0,PROMOÇÃO DO DESENVOLVIMENTO DO NORTE E NORDESTE DE MINAS GERAIS,PROMOÇÃO DO DESENVOLVIMENTO SOCIOECONÔMICO DO NORTE E NORDESTE DE MINAS GERAIS,2000,2000,2000,2000
2024,1480,SECRETARIA DE ESTADO DE DESENVOLVIMENTO SOCIAL - SEDESE,2421,INSTITUTO DE DESENVOLVIMENTO DO NORTE E NORDESTE DE MINAS GERAIS - IDENE,20,608,124,4,516,4516,1,3,1,10,1,0,PROMOÇÃO DO DESENVOLVIMENTO DO NORTE E NORDESTE DE MINAS GERAIS,APOIO À MECANIZAÇÃO DA PRODUÇÃO AGRÍCOLA,127910,131042,134174,137381
2024,1480,SECRETARIA DE ESTADO DE DESENVOLVIMENTO SOCIAL - SEDESE,2421,INSTITUTO DE DESENVOLVIMENTO DO NORTE E NORDESTE DE MINAS GERAIS - IDENE,20,608,124,4,516,4516,1,3,3,10,7,0,PROMOÇÃO DO DESENVOLVIMENTO DO NORTE E NORDESTE DE MINAS GERAIS,APOIO À MECANIZAÇÃO DA PRODUÇÃO AGRÍCOLA,61236,62736,64236,65772
2024,1480,SECRETARIA DE ESTADO DE DESENVOLVIMENTO SOCIAL - SEDESE,2421,INSTITUTO DE DESENVOLVIMENTO DO NORTE E NORDESTE DE MINAS GERAIS - IDENE,20,608,124,4,516,4516,1,4,4,1,1,0,PROMOÇÃO DO DESENVOLVIMENTO DO NORTE E NORDESTE DE MINAS GERAIS,APOIO À MECANIZAÇÃO DA PRODUÇÃO AGRÍCOLA,5304192,5304192,5304192,5304192
2024,1480,SECRETARIA DE ESTADO DE DESENVOLVIMENTO SOCIAL - SEDESE,2421,INSTITUTO DE DESENVOLVIMENTO DO NORTE E NORDESTE DE MINAS GERAIS - IDENE,28,846,705,7,4,7004,1,3,1,10,9,0,APOIO ÀS POLÍTICAS PÚBLICAS,PRECATÓRIOS E SENTENÇAS JUDICIÁRIAS,1000,1000,1000,1000
2024,1480,SECRETARIA DE ESTADO DE DESENVOLVIMENTO SOCIAL - SEDESE,4091,FUNDO PARA A INFÂNCIA E A ADOLESCÊNCIA - FIA,14,243,70,4,411,4411,1,3,3,45,1,0,POLÍTICAS DE DIREITOS HUMANOS,PROJETOS ESPECIAIS DE PROMOÇÃO E PROTEÇÃO DOS DIREITOS DE CRIANÇAS E ADOLESCENTES,5000000,5000000,5000000,5000000
2024,1480,SECRETARIA DE ESTADO DE DESENVOLVIMENTO SOCIAL - SEDESE,4101,FUNDO ESTADUAL DE HABITAÇÃO - FEH,16,122,73,2,75,2075,1,3,3,60,1,0,MORADAS GERAIS,ADMINISTRAÇÃO DA CARTEIRA DE FINANCIAMENTOS NO ÂMBITO DO FUNDO ESTADUAL DE HABITAÇÃO - FEH,1390000,1390000,1390000,1390000
2024,1480,SECRETARIA DE ESTADO DE DESENVOLVIMENTO SOCIAL - SEDESE,4101,FUNDO ESTADUAL DE HABITAÇÃO - FEH,16,122,73,2,75,2075,1,4,5,60,1,0,MORADAS GERAIS,ADMINISTRAÇÃO DA CARTEIRA DE FINANCIAMENTOS NO ÂMBITO DO FUNDO ESTADUAL DE HABITAÇÃO - FEH,16823595,16823595,16823595,16823595
2024,1480,SECRETARIA DE ESTADO DE DESENVOLVIMENTO SOCIAL - SEDESE,4101,FUNDO ESTADUAL DE HABITAÇÃO - FEH,16,482,73,4,427,4427,1,3,3,60,1,0,MORADAS GERAIS,VIABILIZAÇÃO DO ACESSO À HABITAÇAÕ DE INTERESSE SOCIAL,1000,1000,1000,1000
2024,1480,SECRETARIA DE ESTADO DE DESENVOLVIMENTO SOCIAL - SEDESE,4251,FUNDO ESTADUAL DE ASSISTÊNCIA SOCIAL - FEAS,8,244,71,2,74,2074,1,4,4,5,1,0,FORTALECIMENTO DO SISTEMA ÚNICO DE ASSISTÊNCIA SOCIAL - SUAS,APRIMORAMENTO DA REDE SOCIOASSISTENCIAL,200000,200000,200000,200000
2024,1480,SECRETARIA DE ESTADO DE DESENVOLVIMENTO SOCIAL - SEDESE,4251,FUNDO ESTADUAL DE ASSISTÊNCIA SOCIAL - FEAS,8,244,71,2,74,2074,1,4,4,6,1,0,FORTALECIMENTO DO SISTEMA ÚNICO DE ASSISTÊNCIA SOCIAL - SUAS,APRIMORAMENTO DA REDE SOCIOASSISTENCIAL,200000,200000,200000,200000
2024,1480,SECRETARIA DE ESTADO DE DESENVOLVIMENTO SOCIAL - SEDESE,4251,FUNDO ESTADUAL DE ASSISTÊNCIA SOCIAL - FEAS,8,244,71,4,429,4429,1,3,3,10,1,0,FORTALECIMENTO DO SISTEMA ÚNICO DE ASSISTÊNCIA SOCIAL - SUAS,PROTEÇÃO SOCIAL ESPECIAL DE MÉDIA COMPLEXIDADE,5874738,9891303,14623643,19286931
2024,1480,SECRETARIA DE ESTADO DE DESENVOLVIMENTO SOCIAL - SEDESE,4251,FUNDO ESTADUAL DE ASSISTÊNCIA SOCIAL - FEAS,8,244,71,4,429,4429,1,3,3,56,1,0,FORTALECIMENTO DO SISTEMA ÚNICO DE ASSISTÊNCIA SOCIAL - SUAS,PROTEÇÃO SOCIAL ESPECIAL DE MÉDIA COMPLEXIDADE,3021311,3021311,3021311,3021311
2024,1480,SECRETARIA DE ESTADO DE DESENVOLVIMENTO SOCIAL - SEDESE,4251,FUNDO ESTADUAL DE ASSISTÊNCIA SOCIAL - FEAS,8,244,71,4,430,4430,1,3,3,10,1,0,FORTALECIMENTO DO SISTEMA ÚNICO DE ASSISTÊNCIA SOCIAL - SUAS,PROTEÇÃO SOCIAL ESPECIAL DE ALTA COMPLEXIDADE,12762747,13380464,14028079,14707037
2024,1480,SECRETARIA DE ESTADO DE DESENVOLVIMENTO SOCIAL - SEDESE,4251,FUNDO ESTADUAL DE ASSISTÊNCIA SOCIAL - FEAS,8,244,71,4,431,4431,1,3,3,10,1,0,FORTALECIMENTO DO SISTEMA ÚNICO DE ASSISTÊNCIA SOCIAL - SUAS,PISO MINEIRO DE ASSISTÊNCIA SOCIAL,81725261,81725261,81725261,81725261
2024,1480,SECRETARIA DE ESTADO DE DESENVOLVIMENTO SOCIAL - SEDESE,4251,FUNDO ESTADUAL DE ASSISTÊNCIA SOCIAL - FEAS,8,244,71,4,433,4433,1,3,1,10,1,0,FORTALECIMENTO DO SISTEMA ÚNICO DE ASSISTÊNCIA SOCIAL - SUAS,GESTÃO DA POLÍTICA ESTADUAL DE ASSISTÊNCIA SOCIAL,0,7012431,7184156,7360085
2024,1480,SECRETARIA DE ESTADO DE DESENVOLVIMENTO SOCIAL - SEDESE,4251,FUNDO ESTADUAL DE ASSISTÊNCIA SOCIAL - FEAS,8,244,71,4,433,4433,1,3,3,10,1,0,FORTALECIMENTO DO SISTEMA ÚNICO DE ASSISTÊNCIA SOCIAL - SUAS,GESTÃO DA POLÍTICA ESTADUAL DE ASSISTÊNCIA SOCIAL,376115,394319,413404,433413
2024,1480,SECRETARIA DE ESTADO DE DESENVOLVIMENTO SOCIAL - SEDESE,4251,FUNDO ESTADUAL DE ASSISTÊNCIA SOCIAL - FEAS,8,244,71,4,433,4433,1,3,3,10,7,0,FORTALECIMENTO DO SISTEMA ÚNICO DE ASSISTÊNCIA SOCIAL - SUAS,GESTÃO DA POLÍTICA ESTADUAL DE ASSISTÊNCIA SOCIAL,0,1548085,1586013,1624870
2024,1480,SECRETARIA DE ESTADO DE DESENVOLVIMENTO SOCIAL - SEDESE,4251,FUNDO ESTADUAL DE ASSISTÊNCIA SOCIAL - FEAS,8,244,71,4,433,4433,1,3,3,56,1,0,FORTALECIMENTO DO SISTEMA ÚNICO DE ASSISTÊNCIA SOCIAL - SUAS,GESTÃO DA POLÍTICA ESTADUAL DE ASSISTÊNCIA SOCIAL,867080,867080,867080,867080
2024,1480,SECRETARIA DE ESTADO DE DESENVOLVIMENTO SOCIAL - SEDESE,4251,FUNDO ESTADUAL DE ASSISTÊNCIA SOCIAL - FEAS,8,244,71,4,433,4433,1,4,4,10,1,0,FORTALECIMENTO DO SISTEMA ÚNICO DE ASSISTÊNCIA SOCIAL - SUAS,GESTÃO DA POLÍTICA ESTADUAL DE ASSISTÊNCIA SOCIAL,1923840,1923840,1923840,1923840
2024,1480,SECRETARIA DE ESTADO DE DESENVOLVIMENTO SOCIAL - SEDESE,4251,FUNDO ESTADUAL DE ASSISTÊNCIA SOCIAL - FEAS,8,244,71,4,434,4434,1,3,3,10,1,0,FORTALECIMENTO DO SISTEMA ÚNICO DE ASSISTÊNCIA SOCIAL - SUAS,FORTALECIMENTO DO CONTROLE SOCIAL DO SUAS,57244,0,0,0
2024,1480,SECRETARIA DE ESTADO DE DESENVOLVIMENTO SOCIAL - SEDESE,4251,FUNDO ESTADUAL DE ASSISTÊNCIA SOCIAL - FEAS,8,244,71,4,434,4434,1,3,3,29,1,0,FORTALECIMENTO DO SISTEMA ÚNICO DE ASSISTÊNCIA SOCIAL - SUAS,FORTALECIMENTO DO CONTROLE SOCIAL DO SUAS,0,0,0,0
2024,1480,SECRETARIA DE ESTADO DE DESENVOLVIMENTO SOCIAL - SEDESE,4251,FUNDO ESTADUAL DE ASSISTÊNCIA SOCIAL - FEAS,8,244,71,4,434,4434,1,3,3,56,1,0,FORTALECIMENTO DO SISTEMA ÚNICO DE ASSISTÊNCIA SOCIAL - SUAS,FORTALECIMENTO DO CONTROLE SOCIAL DO SUAS,754672,0,0,0
2024,1480,SECRETARIA DE ESTADO DE DESENVOLVIMENTO SOCIAL - SEDESE,4251,FUNDO ESTADUAL DE ASSISTÊNCIA SOCIAL - FEAS,8,244,71,4,435,4435,1,3,3,56,1,0,FORTALECIMENTO DO SISTEMA ÚNICO DE ASSISTÊNCIA SOCIAL - SUAS,EDUCAÇÃO PERMANENTE DO SUAS,48319,48319,48319,48319
2024,1480,SECRETARIA DE ESTADO DE DESENVOLVIMENTO SOCIAL - SEDESE,4251,FUNDO ESTADUAL DE ASSISTÊNCIA SOCIAL - FEAS,8,244,83,1,96,1096,1,3,3,10,1,0,POLÍTICAS DE PROMOÇÃO AO DESENVOLVIMENTO SOCIAL NO CONTEXTO RURAL - PERCURSOS GERAIS: TRAJETÓRIA PARA AUTONOMIA,APROXIMAÇÃO SUAS,1000,0,0,0
2024,1480,SECRETARIA DE ESTADO DE DESENVOLVIMENTO SOCIAL - SEDESE,4421,FUNDO ESTADUAL DE DEFESA DE DIREITOS DIFUSOS - FUNDIF,14,422,70,4,179,4179,1,3,3,39,1,0,POLÍTICAS DE DIREITOS HUMANOS,PROJETOS ESPECIAIS DE RECUPERAÇÃO DE DANOS AOS DIREITOS DIFUSOS,854555,854555,854555,854555
2024,1480,SECRETARIA DE ESTADO DE DESENVOLVIMENTO SOCIAL - SEDESE,4421,FUNDO ESTADUAL DE DEFESA DE DIREITOS DIFUSOS - FUNDIF,14,422,70,4,179,4179,1,4,4,39,1,0,POLÍTICAS DE DIREITOS HUMANOS,PROJETOS ESPECIAIS DE RECUPERAÇÃO DE DANOS AOS DIREITOS DIFUSOS,2500000,2500000,2500000,2500000
2024,1480,SECRETARIA DE ESTADO DE DESENVOLVIMENTO SOCIAL - SEDESE,4601,FUNDO ESTADUAL DOS DIREITOS DO IDOSO - FEI,14,241,70,4,180,4180,1,3,3,45,1,0,POLÍTICAS DE DIREITOS HUMANOS,PROJETOS ESPECIAIS DE PROMOÇÃO E PROTEÇÃO DOS DIREITOS DE PESSOAS IDOSAS,4925964,4925964,4925964,4925964
2024,1480,SECRETARIA DE ESTADO DE DESENVOLVIMENTO SOCIAL - SEDESE,4701,FUNDO ESTADUAL DO TRABALHO DE MINAS GERAIS - FET-MG,11,334,66,4,152,4152,1,3,3,57,1,0,POLÍTICAS DE TRABALHO E EMPREGO,FOMENTO ÀS UNIDADES DE ATENDIMENTO AO TRABALHADOR,2401290,2401290,2401290,2401290
2024,1480,SECRETARIA DE ESTADO DE DESENVOLVIMENTO SOCIAL - SEDESE,4701,FUNDO ESTADUAL DO TRABALHO DE MINAS GERAIS - FET-MG,12,363,67,4,159,4159,1,3,3,57,1,1,REDE DE DESENVOLVIMENTO DA EDUCAÇÃO PROFISSIONAL,FORMAÇÃO E ORIENTAÇÃO PARA A INSERÇÃO DO TRABALHADOR NO MERCADO DE TRABALHO,6295828,6295828,6295828,6295828
2024,1490,SECRETARIA DE ESTADO DE GOVERNO - SEGOV,1491,SECRETARIA DE ESTADO DE GOVERNO - SEGOV,4,122,115,2,42,2042,1,3,1,10,1,0,GESTÃO DO PROCESSO LEGISLATIVO ESTADUAL SOB A RESPONSABILIDADE DO PODER EXECUTIVO,ACOMPANHAMENTO DO PROCESSO LEGISLATIVO,3121022,3197451,3275753,3355971
2024,1490,SECRETARIA DE ESTADO DE GOVERNO - SEGOV,1491,SECRETARIA DE ESTADO DE GOVERNO - SEGOV,4,122,115,2,42,2042,1,3,3,10,1,0,GESTÃO DO PROCESSO LEGISLATIVO ESTADUAL SOB A RESPONSABILIDADE DO PODER EXECUTIVO,ACOMPANHAMENTO DO PROCESSO LEGISLATIVO,132869,139299,146041,153110
2024,1490,SECRETARIA DE ESTADO DE GOVERNO - SEGOV,1491,SECRETARIA DE ESTADO DE GOVERNO - SEGOV,4,122,115,2,42,2042,1,3,3,10,7,0,GESTÃO DO PROCESSO LEGISLATIVO ESTADUAL SOB A RESPONSABILIDADE DO PODER EXECUTIVO,ACOMPANHAMENTO DO PROCESSO LEGISLATIVO,303971,311415,319041,326855
2024,1490,SECRETARIA DE ESTADO DE GOVERNO - SEGOV,1491,SECRETARIA DE ESTADO DE GOVERNO - SEGOV,4,122,119,2,43,2043,1,3,1,10,1,0,APOIO AO DESENVOLVIMENTO MUNICIPAL E À COORDENAÇÃO DAS TRANSFERÊNCIAS ESTADUAIS DE RECURSOS FINANCEIROS,FISCALIZAÇÃO DOS INSTRUMENTOS DE REPASSES DE RECURSOS NO ÂMBITO DO PROGRAMA DE APOIO AO DESENVOLVIMENTO MUNICIPAL,1109359,1136526,1164358,1192871
2024,1490,SECRETARIA DE ESTADO DE GOVERNO - SEGOV,1491,SECRETARIA DE ESTADO DE GOVERNO - SEGOV,4,122,119,2,43,2043,1,3,3,10,1,0,APOIO AO DESENVOLVIMENTO MUNICIPAL E À COORDENAÇÃO DAS TRANSFERÊNCIAS ESTADUAIS DE RECURSOS FINANCEIROS,FISCALIZAÇÃO DOS INSTRUMENTOS DE REPASSES DE RECURSOS NO ÂMBITO DO PROGRAMA DE APOIO AO DESENVOLVIMENTO MUNICIPAL,1175947,1232864,1292534,1355093
2024,1490,SECRETARIA DE ESTADO DE GOVERNO - SEGOV,1491,SECRETARIA DE ESTADO DE GOVERNO - SEGOV,4,122,119,2,43,2043,1,3,3,10,7,0,APOIO AO DESENVOLVIMENTO MUNICIPAL E À COORDENAÇÃO DAS TRANSFERÊNCIAS ESTADUAIS DE RECURSOS FINANCEIROS,FISCALIZAÇÃO DOS INSTRUMENTOS DE REPASSES DE RECURSOS NO ÂMBITO DO PROGRAMA DE APOIO AO DESENVOLVIMENTO MUNICIPAL,220294,225689,231216,236878
2024,1490,SECRETARIA DE ESTADO DE GOVERNO - SEGOV,1491,SECRETARIA DE ESTADO DE GOVERNO - SEGOV,4,122,119,2,45,2045,1,3,1,10,1,0,APOIO AO DESENVOLVIMENTO MUNICIPAL E À COORDENAÇÃO DAS TRANSFERÊNCIAS ESTADUAIS DE RECURSOS FINANCEIROS,EXECUÇÃO DO PROGRAMA DE APOIO AO DESENVOLVIMENTO MUNICIPAL - PADEM,4554135,4665659,4779915,4896968
2024,1490,SECRETARIA DE ESTADO DE GOVERNO - SEGOV,1491,SECRETARIA DE ESTADO DE GOVERNO - SEGOV,4,122,119,2,45,2045,1,3,3,10,1,0,APOIO AO DESENVOLVIMENTO MUNICIPAL E À COORDENAÇÃO DAS TRANSFERÊNCIAS ESTADUAIS DE RECURSOS FINANCEIROS,EXECUÇÃO DO PROGRAMA DE APOIO AO DESENVOLVIMENTO MUNICIPAL - PADEM,2636619,2764327,2898219,3038589
2024,1490,SECRETARIA DE ESTADO DE GOVERNO - SEGOV,1491,SECRETARIA DE ESTADO DE GOVERNO - SEGOV,4,122,119,2,45,2045,1,3,3,10,7,0,APOIO AO DESENVOLVIMENTO MUNICIPAL E À COORDENAÇÃO DAS TRANSFERÊNCIAS ESTADUAIS DE RECURSOS FINANCEIROS,EXECUÇÃO DO PROGRAMA DE APOIO AO DESENVOLVIMENTO MUNICIPAL - PADEM,675121,691654,708592,725944
2024,1490,SECRETARIA DE ESTADO DE GOVERNO - SEGOV,1491,SECRETARIA DE ESTADO DE GOVERNO - SEGOV,4,122,119,2,45,2045,1,4,4,15,1,0,APOIO AO DESENVOLVIMENTO MUNICIPAL E À COORDENAÇÃO DAS TRANSFERÊNCIAS ESTADUAIS DE RECURSOS FINANCEIROS,EXECUÇÃO DO PROGRAMA DE APOIO AO DESENVOLVIMENTO MUNICIPAL - PADEM,140000000,0,0,0
2024,1490,SECRETARIA DE ESTADO DE GOVERNO - SEGOV,1491,SECRETARIA DE ESTADO DE GOVERNO - SEGOV,4,122,119,2,46,2046,1,3,3,10,1,0,APOIO AO DESENVOLVIMENTO MUNICIPAL E À COORDENAÇÃO DAS TRANSFERÊNCIAS ESTADUAIS DE RECURSOS FINANCEIROS,ATENDIMENTO ÀS DEMANDAS DA PARTICIPAÇÃO CIDADÃ,1000,1000,1000,1000
2024,1490,SECRETARIA DE ESTADO DE GOVERNO - SEGOV,1491,SECRETARIA DE ESTADO DE GOVERNO - SEGOV,4,122,119,2,48,2048,1,3,3,10,1,0,APOIO AO DESENVOLVIMENTO MUNICIPAL E À COORDENAÇÃO DAS TRANSFERÊNCIAS ESTADUAIS DE RECURSOS FINANCEIROS,TRANSFERÊNCIAS ESPECIAIS,1000,1000,1000,1000
2024,1490,SECRETARIA DE ESTADO DE GOVERNO - SEGOV,1491,SECRETARIA DE ESTADO DE GOVERNO - SEGOV,4,122,120,2,44,2044,1,3,1,10,1,0,PRODUÇÃO E VEICULAÇÃO DO DIÁRIO OFICIAL ELETRÔNICO MINAS GERAIS,"PRODUÇÃO, MODERNIZAÇÃO E AMPLIAÇÃO DO ACESSO AO ACERVO DO DOMG-E",3049904,3124591,3201109,3279499
2024,1490,SECRETARIA DE ESTADO DE GOVERNO - SEGOV,1491,SECRETARIA DE ESTADO DE GOVERNO - SEGOV,4,122,120,2,44,2044,1,3,3,10,1,0,PRODUÇÃO E VEICULAÇÃO DO DIÁRIO OFICIAL ELETRÔNICO MINAS GERAIS,"PRODUÇÃO, MODERNIZAÇÃO E AMPLIAÇÃO DO ACESSO AO ACERVO DO DOMG-E",1105902,1159427,1215544,1274376
2024,1490,SECRETARIA DE ESTADO DE GOVERNO - SEGOV,1491,SECRETARIA DE ESTADO DE GOVERNO - SEGOV,4,122,120,2,44,2044,1,3,3,10,7,0,PRODUÇÃO E VEICULAÇÃO DO DIÁRIO OFICIAL ELETRÔNICO MINAS GERAIS,"PRODUÇÃO, MODERNIZAÇÃO E AMPLIAÇÃO DO ACESSO AO ACERVO DO DOMG-E",489661,501653,513938,526523
2024,1490,SECRETARIA DE ESTADO DE GOVERNO - SEGOV,1491,SECRETARIA DE ESTADO DE GOVERNO - SEGOV,4,122,120,2,44,2044,1,4,4,10,1,0,PRODUÇÃO E VEICULAÇÃO DO DIÁRIO OFICIAL ELETRÔNICO MINAS GERAIS,"PRODUÇÃO, MODERNIZAÇÃO E AMPLIAÇÃO DO ACESSO AO ACERVO DO DOMG-E",1500000,1500000,1500000,1500000
2024,1490,SECRETARIA DE ESTADO DE GOVERNO - SEGOV,1491,SECRETARIA DE ESTADO DE GOVERNO - SEGOV,4,122,122,2,50,2050,1,3,1,10,1,0,FORTALECIMENTO DA GESTÃO DAS TRANSFERÊNCIAS ESTADUAIS,"GESTÃO, OTIMIZAÇÃO E MANUTENÇÃO DOS REGULAMENTOS E SISTEMAS DE COORDENAÇÃO E OPERACIONALIZAÇÃO DAS TRANSFERÊNCIAS DE RECURSOS PARA PARCEIROS ESTADUAIS",2754100,2821545,2890639,2961427
2024,1490,SECRETARIA DE ESTADO DE GOVERNO - SEGOV,1491,SECRETARIA DE ESTADO DE GOVERNO - SEGOV,4,122,122,2,50,2050,1,3,3,10,1,0,FORTALECIMENTO DA GESTÃO DAS TRANSFERÊNCIAS ESTADUAIS,"GESTÃO, OTIMIZAÇÃO E MANUTENÇÃO DOS REGULAMENTOS E SISTEMAS DE COORDENAÇÃO E OPERACIONALIZAÇÃO DAS TRANSFERÊNCIAS DE RECURSOS PARA PARCEIROS ESTADUAIS",1878542,1969463,2064786,2164721
2024,1490,SECRETARIA DE ESTADO DE GOVERNO - SEGOV,1491,SECRETARIA DE ESTADO DE GOVERNO - SEGOV,4,122,122,2,50,2050,1,3,3,10,7,0,FORTALECIMENTO DA GESTÃO DAS TRANSFERÊNCIAS ESTADUAIS,"GESTÃO, OTIMIZAÇÃO E MANUTENÇÃO DOS REGULAMENTOS E SISTEMAS DE COORDENAÇÃO E OPERACIONALIZAÇÃO DAS TRANSFERÊNCIAS DE RECURSOS PARA PARCEIROS ESTADUAIS",332291,340429,348765,357307
2024,1490,SECRETARIA DE ESTADO DE GOVERNO - SEGOV,1491,SECRETARIA DE ESTADO DE GOVERNO - SEGOV,4,122,122,2,50,2050,1,4,4,10,1,0,FORTALECIMENTO DA GESTÃO DAS TRANSFERÊNCIAS ESTADUAIS,"GESTÃO, OTIMIZAÇÃO E MANUTENÇÃO DOS REGULAMENTOS E SISTEMAS DE COORDENAÇÃO E OPERACIONALIZAÇÃO DAS TRANSFERÊNCIAS DE RECURSOS PARA PARCEIROS ESTADUAIS",5158296,5158296,5158296,5158296
2024,1490,SECRETARIA DE ESTADO DE GOVERNO - SEGOV,1491,SECRETARIA DE ESTADO DE GOVERNO - SEGOV,4,122,122,2,51,2051,1,3,1,10,1,0,FORTALECIMENTO DA GESTÃO DAS TRANSFERÊNCIAS ESTADUAIS,GESTÃO E OPERACIONALIZAÇÃO DE EMENDAS PARLAMENTARES ESTADUAIS,1492024,1528561,1565993,1604343
2024,1490,SECRETARIA DE ESTADO DE GOVERNO - SEGOV,1491,SECRETARIA DE ESTADO DE GOVERNO - SEGOV,4,122,122,2,51,2051,1,3,3,10,1,0,FORTALECIMENTO DA GESTÃO DAS TRANSFERÊNCIAS ESTADUAIS,GESTÃO E OPERACIONALIZAÇÃO DE EMENDAS PARLAMENTARES ESTADUAIS,1174595,1231445,1291047,1353533
2024,1490,SECRETARIA DE ESTADO DE GOVERNO - SEGOV,1491,SECRETARIA DE ESTADO DE GOVERNO - SEGOV,4,122,122,2,51,2051,1,3,3,10,7,0,FORTALECIMENTO DA GESTÃO DAS TRANSFERÊNCIAS ESTADUAIS,GESTÃO E OPERACIONALIZAÇÃO DE EMENDAS PARLAMENTARES ESTADUAIS,87592,89737,91935,94186
2024,1490,SECRETARIA DE ESTADO DE GOVERNO - SEGOV,1491,SECRETARIA DE ESTADO DE GOVERNO - SEGOV,4,122,122,2,51,2051,1,4,4,10,1,0,FORTALECIMENTO DA GESTÃO DAS TRANSFERÊNCIAS ESTADUAIS,GESTÃO E OPERACIONALIZAÇÃO DE EMENDAS PARLAMENTARES ESTADUAIS,2056104,2056104,2056104,2056104
2024,1490,SECRETARIA DE ESTADO DE GOVERNO - SEGOV,1491,SECRETARIA DE ESTADO DE GOVERNO - SEGOV,4,122,705,2,500,2500,1,3,1,10,1,0,APOIO ÀS POLÍTICAS PÚBLICAS,ASSESSORAMENTO E GERENCIAMENTO DE POLÍTICAS PÚBLICAS,22033019,22572578,23125347,23691653
2024,1490,SECRETARIA DE ESTADO DE GOVERNO - SEGOV,1491,SECRETARIA DE ESTADO DE GOVERNO - SEGOV,4,122,705,2,500,2500,1,3,3,10,1,0,APOIO ÀS POLÍTICAS PÚBLICAS,ASSESSORAMENTO E GERENCIAMENTO DE POLÍTICAS PÚBLICAS,11182840,11724094,12291536,12886447
2024,1490,SECRETARIA DE ESTADO DE GOVERNO - SEGOV,1491,SECRETARIA DE ESTADO DE GOVERNO - SEGOV,4,122,705,2,500,2500,1,3,3,10,7,0,APOIO ÀS POLÍTICAS PÚBLICAS,ASSESSORAMENTO E GERENCIAMENTO DE POLÍTICAS PÚBLICAS,3109831,3185986,3264008,3343942
2024,1490,SECRETARIA DE ESTADO DE GOVERNO - SEGOV,1491,SECRETARIA DE ESTADO DE GOVERNO - SEGOV,4,131,109,2,41,2041,1,3,1,10,1,0,GESTÃO DE CERIMONIAL E EVENTOS,CERIMONIAL E EVENTOS,1991711,2040485,2090454,2141646
2024,1490,SECRETARIA DE ESTADO DE GOVERNO - SEGOV,1491,SECRETARIA DE ESTADO DE GOVERNO - SEGOV,4,131,109,2,41,2041,1,3,3,10,1,0,GESTÃO DE CERIMONIAL E EVENTOS,CERIMONIAL E EVENTOS,24743974,25941580,27197154,28513497
2024,1490,SECRETARIA DE ESTADO DE GOVERNO - SEGOV,1491,SECRETARIA DE ESTADO DE GOVERNO - SEGOV,4,131,109,2,41,2041,1,3,3,10,7,0,GESTÃO DE CERIMONIAL E EVENTOS,CERIMONIAL E EVENTOS,489719,501712,513999,526585
2024,1490,SECRETARIA DE ESTADO DE GOVERNO - SEGOV,1491,SECRETARIA DE ESTADO DE GOVERNO - SEGOV,4,131,109,2,41,2041,1,4,4,10,1,0,GESTÃO DE CERIMONIAL E EVENTOS,CERIMONIAL E EVENTOS,22000,22000,22000,22000
2024,1500,SECRETARIA DE ESTADO DE PLANEJAMENTO E GESTÃO - SEPLAG,1501,SECRETARIA DE ESTADO DE PLANEJAMENTO E GESTÃO - SEPLAG,4,121,157,4,463,4463,1,3,1,10,1,0,GESTÃO DO PLANEJAMENTO ORÇAMENTÁRIO GOVERNAMENTAL,COORDENAÇÃO DO PROGRAMA DE DESCENTRALIZAÇÃO DA EXECUÇÃO DE SERVIÇOS EM PARCERIA COM AS ORGANIZAÇÕES DA SOCIEDADE CIVIL DE INTERESSE PÚBLICO - OSCIP - E AS ORGANIZAÇÕES SOCIAIS ¿ OS.,2127869,2171918,2216926,2261981
2024,1500,SECRETARIA DE ESTADO DE PLANEJAMENTO E GESTÃO - SEPLAG,1501,SECRETARIA DE ESTADO DE PLANEJAMENTO E GESTÃO - SEPLAG,4,121,157,4,463,4463,1,3,3,10,7,0,GESTÃO DO PLANEJAMENTO ORÇAMENTÁRIO GOVERNAMENTAL,COORDENAÇÃO DO PROGRAMA DE DESCENTRALIZAÇÃO DA EXECUÇÃO DE SERVIÇOS EM PARCERIA COM AS ORGANIZAÇÕES DA SOCIEDADE CIVIL DE INTERESSE PÚBLICO - OSCIP - E AS ORGANIZAÇÕES SOCIAIS ¿ OS.,71597,73350,75147,76987
2024,1500,SECRETARIA DE ESTADO DE PLANEJAMENTO E GESTÃO - SEPLAG,1501,SECRETARIA DE ESTADO DE PLANEJAMENTO E GESTÃO - SEPLAG,4,121,157,4,464,4464,1,3,1,10,1,0,GESTÃO DO PLANEJAMENTO ORÇAMENTÁRIO GOVERNAMENTAL,GESTÃO DO PROCESSO DE ELABORAÇÃO E ACOMPANHAMENTO DO PLANEJAMENTO E ORÇAMENTO ESTADUAL,4934154,5172967,5423339,5685828
2024,1500,SECRETARIA DE ESTADO DE PLANEJAMENTO E GESTÃO - SEPLAG,1501,SECRETARIA DE ESTADO DE PLANEJAMENTO E GESTÃO - SEPLAG,4,121,157,4,464,4464,1,3,3,10,1,0,GESTÃO DO PLANEJAMENTO ORÇAMENTÁRIO GOVERNAMENTAL,GESTÃO DO PROCESSO DE ELABORAÇÃO E ACOMPANHAMENTO DO PLANEJAMENTO E ORÇAMENTO ESTADUAL,925242,521812,547067,573545
2024,1500,SECRETARIA DE ESTADO DE PLANEJAMENTO E GESTÃO - SEPLAG,1501,SECRETARIA DE ESTADO DE PLANEJAMENTO E GESTÃO - SEPLAG,4,121,157,4,464,4464,1,3,3,10,7,0,GESTÃO DO PLANEJAMENTO ORÇAMENTÁRIO GOVERNAMENTAL,GESTÃO DO PROCESSO DE ELABORAÇÃO E ACOMPANHAMENTO DO PLANEJAMENTO E ORÇAMENTO ESTADUAL,244024,250000,256122,262394
2024,1500,SECRETARIA DE ESTADO DE PLANEJAMENTO E GESTÃO - SEPLAG,1501,SECRETARIA DE ESTADO DE PLANEJAMENTO E GESTÃO - SEPLAG,4,121,157,4,464,4464,1,4,4,10,1,0,GESTÃO DO PLANEJAMENTO ORÇAMENTÁRIO GOVERNAMENTAL,GESTÃO DO PROCESSO DE ELABORAÇÃO E ACOMPANHAMENTO DO PLANEJAMENTO E ORÇAMENTO ESTADUAL,2400000,2827520,2827520,2827520
2024,1500,SECRETARIA DE ESTADO DE PLANEJAMENTO E GESTÃO - SEPLAG,1501,SECRETARIA DE ESTADO DE PLANEJAMENTO E GESTÃO - SEPLAG,4,122,147,4,468,4468,1,3,1,10,1,0,GESTÃO DE PESSOAS,PROVISÃO DE CARGOS POR CONCURSO PÚBLICO,4324055,4413566,4505028,4596585
2024,1500,SECRETARIA DE ESTADO DE PLANEJAMENTO E GESTÃO - SEPLAG,1501,SECRETARIA DE ESTADO DE PLANEJAMENTO E GESTÃO - SEPLAG,4,122,147,4,468,4468,1,3,3,10,1,0,GESTÃO DE PESSOAS,PROVISÃO DE CARGOS POR CONCURSO PÚBLICO,266394,279287,292805,306977
2024,1500,SECRETARIA DE ESTADO DE PLANEJAMENTO E GESTÃO - SEPLAG,1501,SECRETARIA DE ESTADO DE PLANEJAMENTO E GESTÃO - SEPLAG,4,122,147,4,468,4468,1,3,3,10,7,0,GESTÃO DE PESSOAS,PROVISÃO DE CARGOS POR CONCURSO PÚBLICO,257051,263346,269795,276402
2024,1500,SECRETARIA DE ESTADO DE PLANEJAMENTO E GESTÃO - SEPLAG,1501,SECRETARIA DE ESTADO DE PLANEJAMENTO E GESTÃO - SEPLAG,4,122,147,4,468,4468,1,4,4,10,1,0,GESTÃO DE PESSOAS,PROVISÃO DE CARGOS POR CONCURSO PÚBLICO,273797,273797,273797,273797
2024,1500,SECRETARIA DE ESTADO DE PLANEJAMENTO E GESTÃO - SEPLAG,1501,SECRETARIA DE ESTADO DE PLANEJAMENTO E GESTÃO - SEPLAG,4,122,147,4,475,4475,1,3,1,10,1,0,GESTÃO DE PESSOAS,ADMINISTRAÇÃO DE PESSOAL,10938008,11164433,11395792,11627392
2024,1500,SECRETARIA DE ESTADO DE PLANEJAMENTO E GESTÃO - SEPLAG,1501,SECRETARIA DE ESTADO DE PLANEJAMENTO E GESTÃO - SEPLAG,4,122,147,4,475,4475,1,3,3,10,1,0,GESTÃO DE PESSOAS,ADMINISTRAÇÃO DE PESSOAL,5101695,5348617,5607490,5878893
2024,1500,SECRETARIA DE ESTADO DE PLANEJAMENTO E GESTÃO - SEPLAG,1501,SECRETARIA DE ESTADO DE PLANEJAMENTO E GESTÃO - SEPLAG,4,122,147,4,475,4475,1,3,3,10,7,0,GESTÃO DE PESSOAS,ADMINISTRAÇÃO DE PESSOAL,1258799,1289626,1321207,1353562
2024,1500,SECRETARIA DE ESTADO DE PLANEJAMENTO E GESTÃO - SEPLAG,1501,SECRETARIA DE ESTADO DE PLANEJAMENTO E GESTÃO - SEPLAG,4,122,147,4,475,4475,1,4,4,10,1,0,GESTÃO DE PESSOAS,ADMINISTRAÇÃO DE PESSOAL,14340403,14340403,14340403,14340403
2024,1500,SECRETARIA DE ESTADO DE PLANEJAMENTO E GESTÃO - SEPLAG,1501,SECRETARIA DE ESTADO DE PLANEJAMENTO E GESTÃO - SEPLAG,4,122,147,4,475,4475,1,4,4,25,1,0,GESTÃO DE PESSOAS,ADMINISTRAÇÃO DE PESSOAL,62632855,0,0,0
2024,1500,SECRETARIA DE ESTADO DE PLANEJAMENTO E GESTÃO - SEPLAG,1501,SECRETARIA DE ESTADO DE PLANEJAMENTO E GESTÃO - SEPLAG,4,122,147,4,475,4475,1,4,4,60,2,0,GESTÃO DE PESSOAS,ADMINISTRAÇÃO DE PESSOAL,78604,0,0,0
2024,1500,SECRETARIA DE ESTADO DE PLANEJAMENTO E GESTÃO - SEPLAG,1501,SECRETARIA DE ESTADO DE PLANEJAMENTO E GESTÃO - SEPLAG,4,122,147,4,476,4476,1,3,1,10,1,0,GESTÃO DE PESSOAS,SAÚDE DO SERVIDOR,33192341,33816820,34452140,35115969
2024,1500,SECRETARIA DE ESTADO DE PLANEJAMENTO E GESTÃO - SEPLAG,1501,SECRETARIA DE ESTADO DE PLANEJAMENTO E GESTÃO - SEPLAG,4,122,147,4,476,4476,1,3,3,10,1,0,GESTÃO DE PESSOAS,SAÚDE DO SERVIDOR,9450216,9907605,10387135,10889871
2024,1500,SECRETARIA DE ESTADO DE PLANEJAMENTO E GESTÃO - SEPLAG,1501,SECRETARIA DE ESTADO DE PLANEJAMENTO E GESTÃO - SEPLAG,4,122,147,4,476,4476,1,3,3,10,7,0,GESTÃO DE PESSOAS,SAÚDE DO SERVIDOR,2267026,2322092,2378510,2436295
2024,1500,SECRETARIA DE ESTADO DE PLANEJAMENTO E GESTÃO - SEPLAG,1501,SECRETARIA DE ESTADO DE PLANEJAMENTO E GESTÃO - SEPLAG,4,122,147,4,476,4476,1,4,4,10,1,0,GESTÃO DE PESSOAS,SAÚDE DO SERVIDOR,9931855,9931855,9931855,9931855
2024,1500,SECRETARIA DE ESTADO DE PLANEJAMENTO E GESTÃO - SEPLAG,1501,SECRETARIA DE ESTADO DE PLANEJAMENTO E GESTÃO - SEPLAG,4,122,147,4,477,4477,1,3,1,10,1,0,GESTÃO DE PESSOAS,"DESEMPENHO, DESENVOLVIMENTO E VALORIZAÇÃO DOS SERVIDORES PÚBLICOS",7818710,7980564,8145943,8311496
2024,1500,SECRETARIA DE ESTADO DE PLANEJAMENTO E GESTÃO - SEPLAG,1501,SECRETARIA DE ESTADO DE PLANEJAMENTO E GESTÃO - SEPLAG,4,122,147,4,477,4477,1,3,3,10,1,0,GESTÃO DE PESSOAS,"DESEMPENHO, DESENVOLVIMENTO E VALORIZAÇÃO DOS SERVIDORES PÚBLICOS",323527,339186,355602,372813
2024,1500,SECRETARIA DE ESTADO DE PLANEJAMENTO E GESTÃO - SEPLAG,1501,SECRETARIA DE ESTADO DE PLANEJAMENTO E GESTÃO - SEPLAG,4,122,147,4,477,4477,1,3,3,10,7,0,GESTÃO DE PESSOAS,"DESEMPENHO, DESENVOLVIMENTO E VALORIZAÇÃO DOS SERVIDORES PÚBLICOS",710329,727724,745545,763803
2024,1500,SECRETARIA DE ESTADO DE PLANEJAMENTO E GESTÃO - SEPLAG,1501,SECRETARIA DE ESTADO DE PLANEJAMENTO E GESTÃO - SEPLAG,4,122,147,4,477,4477,1,4,4,10,1,0,GESTÃO DE PESSOAS,"DESEMPENHO, DESENVOLVIMENTO E VALORIZAÇÃO DOS SERVIDORES PÚBLICOS",126202,126202,126202,126202
2024,1500,SECRETARIA DE ESTADO DE PLANEJAMENTO E GESTÃO - SEPLAG,1501,SECRETARIA DE ESTADO DE PLANEJAMENTO E GESTÃO - SEPLAG,4,122,147,4,478,4478,1,3,3,10,1,1,GESTÃO DE PESSOAS,TRANSFORMA MINAS,205000,214922,225324,236230
2024,1500,SECRETARIA DE ESTADO DE PLANEJAMENTO E GESTÃO - SEPLAG,1501,SECRETARIA DE ESTADO DE PLANEJAMENTO E GESTÃO - SEPLAG,4,122,149,4,452,4452,1,3,1,10,1,0,TRANSFORMAÇÃO DIGITAL E ATENDIMENTO AO CIDADÃO,GESTÃO DAS UNIDADES DE ATENDIMENTO INTEGRADO - UAI,1759870,1796301,1833526,1870789
2024,1500,SECRETARIA DE ESTADO DE PLANEJAMENTO E GESTÃO - SEPLAG,1501,SECRETARIA DE ESTADO DE PLANEJAMENTO E GESTÃO - SEPLAG,4,122,149,4,452,4452,1,3,3,10,1,0,TRANSFORMAÇÃO DIGITAL E ATENDIMENTO AO CIDADÃO,GESTÃO DAS UNIDADES DE ATENDIMENTO INTEGRADO - UAI,40221283,42167991,44208922,46348634
2024,1500,SECRETARIA DE ESTADO DE PLANEJAMENTO E GESTÃO - SEPLAG,1501,SECRETARIA DE ESTADO DE PLANEJAMENTO E GESTÃO - SEPLAG,4,122,149,4,452,4452,1,3,3,10,7,0,TRANSFORMAÇÃO DIGITAL E ATENDIMENTO AO CIDADÃO,GESTÃO DAS UNIDADES DE ATENDIMENTO INTEGRADO - UAI,116101,118944,121857,124841
2024,1500,SECRETARIA DE ESTADO DE PLANEJAMENTO E GESTÃO - SEPLAG,1501,SECRETARIA DE ESTADO DE PLANEJAMENTO E GESTÃO - SEPLAG,4,122,149,4,452,4452,1,4,4,10,1,0,TRANSFORMAÇÃO DIGITAL E ATENDIMENTO AO CIDADÃO,GESTÃO DAS UNIDADES DE ATENDIMENTO INTEGRADO - UAI,133000,133000,133000,133000
2024,1500,SECRETARIA DE ESTADO DE PLANEJAMENTO E GESTÃO - SEPLAG,1501,SECRETARIA DE ESTADO DE PLANEJAMENTO E GESTÃO - SEPLAG,4,122,151,4,453,4453,1,3,1,10,1,0,PROMOÇÃO DA INOVAÇÃO E DA GESTÃO ESTRATÉGICA,PROMOÇÃO DA INOVAÇÃO E DESBUROCRATIZAÇÃO NA GESTÃO PÚBLICA,1744366,1780476,1817373,1854307
2024,1500,SECRETARIA DE ESTADO DE PLANEJAMENTO E GESTÃO - SEPLAG,1501,SECRETARIA DE ESTADO DE PLANEJAMENTO E GESTÃO - SEPLAG,4,122,151,4,453,4453,1,3,3,10,1,0,PROMOÇÃO DA INOVAÇÃO E DA GESTÃO ESTRATÉGICA,PROMOÇÃO DA INOVAÇÃO E DESBUROCRATIZAÇÃO NA GESTÃO PÚBLICA,214446,224825,235707,247115
2024,1500,SECRETARIA DE ESTADO DE PLANEJAMENTO E GESTÃO - SEPLAG,1501,SECRETARIA DE ESTADO DE PLANEJAMENTO E GESTÃO - SEPLAG,4,122,151,4,453,4453,1,3,3,10,7,0,PROMOÇÃO DA INOVAÇÃO E DA GESTÃO ESTRATÉGICA,PROMOÇÃO DA INOVAÇÃO E DESBUROCRATIZAÇÃO NA GESTÃO PÚBLICA,127379,130498,133694,136968
2024,1500,SECRETARIA DE ESTADO DE PLANEJAMENTO E GESTÃO - SEPLAG,1501,SECRETARIA DE ESTADO DE PLANEJAMENTO E GESTÃO - SEPLAG,4,122,151,4,454,4454,1,3,1,10,1,0,PROMOÇÃO DA INOVAÇÃO E DA GESTÃO ESTRATÉGICA,GESTÃO DOS PROJETOS ESTRATÉGICOS,3052203,3115387,3179947,3244573
2024,1500,SECRETARIA DE ESTADO DE PLANEJAMENTO E GESTÃO - SEPLAG,1501,SECRETARIA DE ESTADO DE PLANEJAMENTO E GESTÃO - SEPLAG,4,122,151,4,454,4454,1,3,3,10,1,0,PROMOÇÃO DA INOVAÇÃO E DA GESTÃO ESTRATÉGICA,GESTÃO DOS PROJETOS ESTRATÉGICOS,335491,351729,368752,386600
2024,1500,SECRETARIA DE ESTADO DE PLANEJAMENTO E GESTÃO - SEPLAG,1501,SECRETARIA DE ESTADO DE PLANEJAMENTO E GESTÃO - SEPLAG,4,122,151,4,454,4454,1,3,3,10,7,0,PROMOÇÃO DA INOVAÇÃO E DA GESTÃO ESTRATÉGICA,GESTÃO DOS PROJETOS ESTRATÉGICOS,190118,194774,199544,204430
2024,1500,SECRETARIA DE ESTADO DE PLANEJAMENTO E GESTÃO - SEPLAG,1501,SECRETARIA DE ESTADO DE PLANEJAMENTO E GESTÃO - SEPLAG,4,122,155,4,461,4461,1,3,3,10,1,0,REPARAÇÃO DOS DANOS DOS ROMPIMENTOS EM BRUMADINHO E MARIANA,RECUPERAÇÃO E COMPENSAÇÃO DOS DANOS EM FUNÇÃO DO DESASTRE MINERÁRIO DA SAMARCO EM MARIANA,472253,495110,519073,544197
2024,1500,SECRETARIA DE ESTADO DE PLANEJAMENTO E GESTÃO - SEPLAG,1501,SECRETARIA DE ESTADO DE PLANEJAMENTO E GESTÃO - SEPLAG,4,122,155,4,462,4462,1,3,3,10,1,0,REPARAÇÃO DOS DANOS DOS ROMPIMENTOS EM BRUMADINHO E MARIANA,RECUPERAÇÃO E COMPENSAÇÃO DOS DANOS EM FUNÇÃO DO DESASTRE MINERÁRIO DA VALE S.A EM BRUMADINHO,98388,103150,108142,113377
2024,1500,SECRETARIA DE ESTADO DE PLANEJAMENTO E GESTÃO - SEPLAG,1501,SECRETARIA DE ESTADO DE PLANEJAMENTO E GESTÃO - SEPLAG,4,122,155,4,462,4462,1,3,3,95,1,0,REPARAÇÃO DOS DANOS DOS ROMPIMENTOS EM BRUMADINHO E MARIANA,RECUPERAÇÃO E COMPENSAÇÃO DOS DANOS EM FUNÇÃO DO DESASTRE MINERÁRIO DA VALE S.A EM BRUMADINHO,3132576,0,0,0
2024,1500,SECRETARIA DE ESTADO DE PLANEJAMENTO E GESTÃO - SEPLAG,1501,SECRETARIA DE ESTADO DE PLANEJAMENTO E GESTÃO - SEPLAG,4,122,156,1,85,1085,1,3,1,95,1,0,GESTÃO DA CIDADE ADMINISTRATIVA,ABRIGOS E CAMINHOS NA CA,877453,0,0,0
2024,1500,SECRETARIA DE ESTADO DE PLANEJAMENTO E GESTÃO - SEPLAG,1501,SECRETARIA DE ESTADO DE PLANEJAMENTO E GESTÃO - SEPLAG,4,122,156,1,85,1085,1,3,3,95,1,0,GESTÃO DA CIDADE ADMINISTRATIVA,ABRIGOS E CAMINHOS NA CA,5627,0,0,0
2024,1500,SECRETARIA DE ESTADO DE PLANEJAMENTO E GESTÃO - SEPLAG,1501,SECRETARIA DE ESTADO DE PLANEJAMENTO E GESTÃO - SEPLAG,4,122,156,1,85,1085,1,3,3,95,7,0,GESTÃO DA CIDADE ADMINISTRATIVA,ABRIGOS E CAMINHOS NA CA,5627,0,0,0
2024,1500,SECRETARIA DE ESTADO DE PLANEJAMENTO E GESTÃO - SEPLAG,1501,SECRETARIA DE ESTADO DE PLANEJAMENTO E GESTÃO - SEPLAG,4,122,156,1,85,1085,1,4,4,95,1,0,GESTÃO DA CIDADE ADMINISTRATIVA,ABRIGOS E CAMINHOS NA CA,4500000,0,0,0
2024,1500,SECRETARIA DE ESTADO DE PLANEJAMENTO E GESTÃO - SEPLAG,1501,SECRETARIA DE ESTADO DE PLANEJAMENTO E GESTÃO - SEPLAG,4,122,156,4,465,4465,1,3,1,10,1,0,GESTÃO DA CIDADE ADMINISTRATIVA,GESTÃO DA INFRAESTRUTURA DA CIDADE ADMINISTRATIVA,1468084,1539139,1613634,1691733
2024,1500,SECRETARIA DE ESTADO DE PLANEJAMENTO E GESTÃO - SEPLAG,1501,SECRETARIA DE ESTADO DE PLANEJAMENTO E GESTÃO - SEPLAG,4,122,156,4,465,4465,1,3,3,10,1,0,GESTÃO DA CIDADE ADMINISTRATIVA,GESTÃO DA INFRAESTRUTURA DA CIDADE ADMINISTRATIVA,55196248,57694762,60487189,63414769
2024,1500,SECRETARIA DE ESTADO DE PLANEJAMENTO E GESTÃO - SEPLAG,1501,SECRETARIA DE ESTADO DE PLANEJAMENTO E GESTÃO - SEPLAG,4,122,156,4,465,4465,1,3,3,10,7,0,GESTÃO DA CIDADE ADMINISTRATIVA,GESTÃO DA INFRAESTRUTURA DA CIDADE ADMINISTRATIVA,106483,109091,111762,114499
2024,1500,SECRETARIA DE ESTADO DE PLANEJAMENTO E GESTÃO - SEPLAG,1501,SECRETARIA DE ESTADO DE PLANEJAMENTO E GESTÃO - SEPLAG,4,122,156,4,465,4465,1,4,4,10,1,0,GESTÃO DA CIDADE ADMINISTRATIVA,GESTÃO DA INFRAESTRUTURA DA CIDADE ADMINISTRATIVA,3650000,3815000,3815000,3815000
2024,1500,SECRETARIA DE ESTADO DE PLANEJAMENTO E GESTÃO - SEPLAG,1501,SECRETARIA DE ESTADO DE PLANEJAMENTO E GESTÃO - SEPLAG,4,122,156,4,466,4466,1,3,1,10,1,0,GESTÃO DA CIDADE ADMINISTRATIVA,GESTÃO DE TECNOLOGIA DA INFORMAÇÃO E COMUNICAÇÃO (TIC) DA CIDADE ADMINISTRATIVA,680180,694260,708647,723049
2024,1500,SECRETARIA DE ESTADO DE PLANEJAMENTO E GESTÃO - SEPLAG,1501,SECRETARIA DE ESTADO DE PLANEJAMENTO E GESTÃO - SEPLAG,4,122,156,4,466,4466,1,3,3,10,1,0,GESTÃO DA CIDADE ADMINISTRATIVA,GESTÃO DE TECNOLOGIA DA INFORMAÇÃO E COMUNICAÇÃO (TIC) DA CIDADE ADMINISTRATIVA,47916943,50236123,52667551,55216661
2024,1500,SECRETARIA DE ESTADO DE PLANEJAMENTO E GESTÃO - SEPLAG,1501,SECRETARIA DE ESTADO DE PLANEJAMENTO E GESTÃO - SEPLAG,4,122,156,4,466,4466,1,3,3,10,7,0,GESTÃO DA CIDADE ADMINISTRATIVA,GESTÃO DE TECNOLOGIA DA INFORMAÇÃO E COMUNICAÇÃO (TIC) DA CIDADE ADMINISTRATIVA,99311,101743,104235,106787
2024,1500,SECRETARIA DE ESTADO DE PLANEJAMENTO E GESTÃO - SEPLAG,1501,SECRETARIA DE ESTADO DE PLANEJAMENTO E GESTÃO - SEPLAG,4,122,156,4,466,4466,1,3,3,52,2,0,GESTÃO DA CIDADE ADMINISTRATIVA,GESTÃO DE TECNOLOGIA DA INFORMAÇÃO E COMUNICAÇÃO (TIC) DA CIDADE ADMINISTRATIVA,1666102,0,0,0
2024,1500,SECRETARIA DE ESTADO DE PLANEJAMENTO E GESTÃO - SEPLAG,1501,SECRETARIA DE ESTADO DE PLANEJAMENTO E GESTÃO - SEPLAG,4,122,156,4,466,4466,1,3,3,59,2,0,GESTÃO DA CIDADE ADMINISTRATIVA,GESTÃO DE TECNOLOGIA DA INFORMAÇÃO E COMUNICAÇÃO (TIC) DA CIDADE ADMINISTRATIVA,1358703,0,0,0
2024,1500,SECRETARIA DE ESTADO DE PLANEJAMENTO E GESTÃO - SEPLAG,1501,SECRETARIA DE ESTADO DE PLANEJAMENTO E GESTÃO - SEPLAG,4,122,156,4,466,4466,1,3,3,60,2,0,GESTÃO DA CIDADE ADMINISTRATIVA,GESTÃO DE TECNOLOGIA DA INFORMAÇÃO E COMUNICAÇÃO (TIC) DA CIDADE ADMINISTRATIVA,7810654,0,0,0
2024,1500,SECRETARIA DE ESTADO DE PLANEJAMENTO E GESTÃO - SEPLAG,1501,SECRETARIA DE ESTADO DE PLANEJAMENTO E GESTÃO - SEPLAG,4,122,156,4,466,4466,1,3,3,91,2,0,GESTÃO DA CIDADE ADMINISTRATIVA,GESTÃO DE TECNOLOGIA DA INFORMAÇÃO E COMUNICAÇÃO (TIC) DA CIDADE ADMINISTRATIVA,1598748,0,0,0
2024,1500,SECRETARIA DE ESTADO DE PLANEJAMENTO E GESTÃO - SEPLAG,1501,SECRETARIA DE ESTADO DE PLANEJAMENTO E GESTÃO - SEPLAG,4,122,156,4,466,4466,1,3,3,94,1,0,GESTÃO DA CIDADE ADMINISTRATIVA,GESTÃO DE TECNOLOGIA DA INFORMAÇÃO E COMUNICAÇÃO (TIC) DA CIDADE ADMINISTRATIVA,5968398,6257268,6560120,6877630
2024,1500,SECRETARIA DE ESTADO DE PLANEJAMENTO E GESTÃO - SEPLAG,1501,SECRETARIA DE ESTADO DE PLANEJAMENTO E GESTÃO - SEPLAG,4,122,156,4,467,4467,1,3,1,10,1,0,GESTÃO DA CIDADE ADMINISTRATIVA,GESTÃO DOS SERVIÇOS OPERACIONAIS E LOGÍSTICOS DA CIDADE ADMINISTRATIVA,1262994,1289139,1315854,1342596
2024,1500,SECRETARIA DE ESTADO DE PLANEJAMENTO E GESTÃO - SEPLAG,1501,SECRETARIA DE ESTADO DE PLANEJAMENTO E GESTÃO - SEPLAG,4,122,156,4,467,4467,1,3,3,10,1,0,GESTÃO DA CIDADE ADMINISTRATIVA,GESTÃO DOS SERVIÇOS OPERACIONAIS E LOGÍSTICOS DA CIDADE ADMINISTRATIVA,19715259,20669478,21669880,22718702
2024,1500,SECRETARIA DE ESTADO DE PLANEJAMENTO E GESTÃO - SEPLAG,1501,SECRETARIA DE ESTADO DE PLANEJAMENTO E GESTÃO - SEPLAG,4,122,156,4,467,4467,1,3,3,10,7,0,GESTÃO DA CIDADE ADMINISTRATIVA,GESTÃO DOS SERVIÇOS OPERACIONAIS E LOGÍSTICOS DA CIDADE ADMINISTRATIVA,151063,154762,158552,162435
2024,1500,SECRETARIA DE ESTADO DE PLANEJAMENTO E GESTÃO - SEPLAG,1501,SECRETARIA DE ESTADO DE PLANEJAMENTO E GESTÃO - SEPLAG,4,122,156,4,467,4467,1,4,4,10,1,0,GESTÃO DA CIDADE ADMINISTRATIVA,GESTÃO DOS SERVIÇOS OPERACIONAIS E LOGÍSTICOS DA CIDADE ADMINISTRATIVA,70000,70000,70000,70000
2024,1500,SECRETARIA DE ESTADO DE PLANEJAMENTO E GESTÃO - SEPLAG,1501,SECRETARIA DE ESTADO DE PLANEJAMENTO E GESTÃO - SEPLAG,4,122,156,4,467,4467,1,4,4,25,1,0,GESTÃO DA CIDADE ADMINISTRATIVA,GESTÃO DOS SERVIÇOS OPERACIONAIS E LOGÍSTICOS DA CIDADE ADMINISTRATIVA,1438101,0,0,0
2024,1500,SECRETARIA DE ESTADO DE PLANEJAMENTO E GESTÃO - SEPLAG,1501,SECRETARIA DE ESTADO DE PLANEJAMENTO E GESTÃO - SEPLAG,4,122,159,4,470,4470,1,3,3,10,1,1,CENTRALIZAÇÃO DO PROCESSAMENTO DE COMPRAS PÚBLICAS,AMPLIAÇÃO DA CENTRALIZAÇÃO DAS COMPRAS E CONTRATAÇÕES,2706516,2837511,2974847,3118830
2024,1500,SECRETARIA DE ESTADO DE PLANEJAMENTO E GESTÃO - SEPLAG,1501,SECRETARIA DE ESTADO DE PLANEJAMENTO E GESTÃO - SEPLAG,4,122,159,4,473,4473,1,3,1,10,1,0,CENTRALIZAÇÃO DO PROCESSAMENTO DE COMPRAS PÚBLICAS,MODERNIZAÇÃO EM GESTÃO DE COMPRAS,3206712,3273093,3340921,3408820
2024,1500,SECRETARIA DE ESTADO DE PLANEJAMENTO E GESTÃO - SEPLAG,1501,SECRETARIA DE ESTADO DE PLANEJAMENTO E GESTÃO - SEPLAG,4,122,159,4,473,4473,1,3,3,10,1,0,CENTRALIZAÇÃO DO PROCESSAMENTO DE COMPRAS PÚBLICAS,MODERNIZAÇÃO EM GESTÃO DE COMPRAS,2788516,2923480,3064977,3213321
2024,1500,SECRETARIA DE ESTADO DE PLANEJAMENTO E GESTÃO - SEPLAG,1501,SECRETARIA DE ESTADO DE PLANEJAMENTO E GESTÃO - SEPLAG,4,122,159,4,473,4473,1,3,3,10,7,0,CENTRALIZAÇÃO DO PROCESSAMENTO DE COMPRAS PÚBLICAS,MODERNIZAÇÃO EM GESTÃO DE COMPRAS,374977,384160,393567,403205
2024,1500,SECRETARIA DE ESTADO DE PLANEJAMENTO E GESTÃO - SEPLAG,1501,SECRETARIA DE ESTADO DE PLANEJAMENTO E GESTÃO - SEPLAG,4,122,159,4,473,4473,1,4,4,10,1,0,CENTRALIZAÇÃO DO PROCESSAMENTO DE COMPRAS PÚBLICAS,MODERNIZAÇÃO EM GESTÃO DE COMPRAS,6336543,6336543,6336543,6336543
2024,1500,SECRETARIA DE ESTADO DE PLANEJAMENTO E GESTÃO - SEPLAG,1501,SECRETARIA DE ESTADO DE PLANEJAMENTO E GESTÃO - SEPLAG,4,122,159,4,473,4473,1,4,4,25,1,0,CENTRALIZAÇÃO DO PROCESSAMENTO DE COMPRAS PÚBLICAS,MODERNIZAÇÃO EM GESTÃO DE COMPRAS,11009872,0,0,0
2024,1500,SECRETARIA DE ESTADO DE PLANEJAMENTO E GESTÃO - SEPLAG,1501,SECRETARIA DE ESTADO DE PLANEJAMENTO E GESTÃO - SEPLAG,4,122,160,1,84,1084,1,3,3,10,1,1,MELHORIA DA GESTÃO LOGÍSTICA E PATRIMONIAL,MODERNIZAÇÃO DA GESTÃO DOS IMÓVEIS DO ESTADO DE MINAS GERAIS,4642050,4866725,5102275,5349225
2024,1500,SECRETARIA DE ESTADO DE PLANEJAMENTO E GESTÃO - SEPLAG,1501,SECRETARIA DE ESTADO DE PLANEJAMENTO E GESTÃO - SEPLAG,4,122,160,4,485,4485,1,3,1,10,1,0,MELHORIA DA GESTÃO LOGÍSTICA E PATRIMONIAL,GESTÃO DOS PROCESSOS DE LOGÍSTICA CORPORATIVA,5320873,5431019,5543565,5656229
2024,1500,SECRETARIA DE ESTADO DE PLANEJAMENTO E GESTÃO - SEPLAG,1501,SECRETARIA DE ESTADO DE PLANEJAMENTO E GESTÃO - SEPLAG,4,122,160,4,485,4485,1,3,3,10,1,0,MELHORIA DA GESTÃO LOGÍSTICA E PATRIMONIAL,GESTÃO DOS PROCESSOS DE LOGÍSTICA CORPORATIVA,21481872,22521595,23611640,24754443
2024,1500,SECRETARIA DE ESTADO DE PLANEJAMENTO E GESTÃO - SEPLAG,1501,SECRETARIA DE ESTADO DE PLANEJAMENTO E GESTÃO - SEPLAG,4,122,160,4,485,4485,1,3,3,10,7,0,MELHORIA DA GESTÃO LOGÍSTICA E PATRIMONIAL,GESTÃO DOS PROCESSOS DE LOGÍSTICA CORPORATIVA,633803,649324,665225,681516
2024,1500,SECRETARIA DE ESTADO DE PLANEJAMENTO E GESTÃO - SEPLAG,1501,SECRETARIA DE ESTADO DE PLANEJAMENTO E GESTÃO - SEPLAG,4,122,160,4,485,4485,1,3,3,60,2,0,MELHORIA DA GESTÃO LOGÍSTICA E PATRIMONIAL,GESTÃO DOS PROCESSOS DE LOGÍSTICA CORPORATIVA,1271932,0,0,0
2024,1500,SECRETARIA DE ESTADO DE PLANEJAMENTO E GESTÃO - SEPLAG,1501,SECRETARIA DE ESTADO DE PLANEJAMENTO E GESTÃO - SEPLAG,4,122,160,4,485,4485,1,4,4,10,1,0,MELHORIA DA GESTÃO LOGÍSTICA E PATRIMONIAL,GESTÃO DOS PROCESSOS DE LOGÍSTICA CORPORATIVA,715900,715900,715900,715900
2024,1500,SECRETARIA DE ESTADO DE PLANEJAMENTO E GESTÃO - SEPLAG,1501,SECRETARIA DE ESTADO DE PLANEJAMENTO E GESTÃO - SEPLAG,4,122,160,4,485,4485,1,4,4,25,1,0,MELHORIA DA GESTÃO LOGÍSTICA E PATRIMONIAL,GESTÃO DOS PROCESSOS DE LOGÍSTICA CORPORATIVA,14720195,0,0,0
2024,1500,SECRETARIA DE ESTADO DE PLANEJAMENTO E GESTÃO - SEPLAG,1501,SECRETARIA DE ESTADO DE PLANEJAMENTO E GESTÃO - SEPLAG,4,122,160,4,486,4486,1,3,1,10,1,0,MELHORIA DA GESTÃO LOGÍSTICA E PATRIMONIAL,GESTÃO DA DESTINAÇÃO DE IMÓVEIS,1026812,1048068,1069787,1091528
2024,1500,SECRETARIA DE ESTADO DE PLANEJAMENTO E GESTÃO - SEPLAG,1501,SECRETARIA DE ESTADO DE PLANEJAMENTO E GESTÃO - SEPLAG,4,122,160,4,486,4486,1,3,3,10,1,0,MELHORIA DA GESTÃO LOGÍSTICA E PATRIMONIAL,GESTÃO DA DESTINAÇÃO DE IMÓVEIS,1130883,1185618,1243002,1303163
2024,1500,SECRETARIA DE ESTADO DE PLANEJAMENTO E GESTÃO - SEPLAG,1501,SECRETARIA DE ESTADO DE PLANEJAMENTO E GESTÃO - SEPLAG,4,122,160,4,486,4486,1,3,3,10,7,0,MELHORIA DA GESTÃO LOGÍSTICA E PATRIMONIAL,GESTÃO DA DESTINAÇÃO DE IMÓVEIS,94317,96627,98993,101417
2024,1500,SECRETARIA DE ESTADO DE PLANEJAMENTO E GESTÃO - SEPLAG,1501,SECRETARIA DE ESTADO DE PLANEJAMENTO E GESTÃO - SEPLAG,4,122,160,4,487,4487,1,3,1,10,1,0,MELHORIA DA GESTÃO LOGÍSTICA E PATRIMONIAL,GESTÃO E DISPONIBILIZAÇÃO DOS SISTEMAS CORPORATIVOS DE GESTÃO LOGÍSTICA E PATRIMONIAL,3753265,3830961,3910349,3989820
2024,1500,SECRETARIA DE ESTADO DE PLANEJAMENTO E GESTÃO - SEPLAG,1501,SECRETARIA DE ESTADO DE PLANEJAMENTO E GESTÃO - SEPLAG,4,122,160,4,487,4487,1,3,3,10,1,0,MELHORIA DA GESTÃO LOGÍSTICA E PATRIMONIAL,GESTÃO E DISPONIBILIZAÇÃO DOS SISTEMAS CORPORATIVOS DE GESTÃO LOGÍSTICA E PATRIMONIAL,16362108,17154034,17984289,18854729
2024,1500,SECRETARIA DE ESTADO DE PLANEJAMENTO E GESTÃO - SEPLAG,1501,SECRETARIA DE ESTADO DE PLANEJAMENTO E GESTÃO - SEPLAG,4,122,160,4,487,4487,1,3,3,10,7,0,MELHORIA DA GESTÃO LOGÍSTICA E PATRIMONIAL,GESTÃO E DISPONIBILIZAÇÃO DOS SISTEMAS CORPORATIVOS DE GESTÃO LOGÍSTICA E PATRIMONIAL,291430,298567,305878,313369
2024,1500,SECRETARIA DE ESTADO DE PLANEJAMENTO E GESTÃO - SEPLAG,1501,SECRETARIA DE ESTADO DE PLANEJAMENTO E GESTÃO - SEPLAG,4,122,160,4,487,4487,1,4,4,10,1,0,MELHORIA DA GESTÃO LOGÍSTICA E PATRIMONIAL,GESTÃO E DISPONIBILIZAÇÃO DOS SISTEMAS CORPORATIVOS DE GESTÃO LOGÍSTICA E PATRIMONIAL,5776805,5776805,5776805,5776805
2024,1500,SECRETARIA DE ESTADO DE PLANEJAMENTO E GESTÃO - SEPLAG,1501,SECRETARIA DE ESTADO DE PLANEJAMENTO E GESTÃO - SEPLAG,4,122,161,4,494,4494,1,3,3,15,1,0,GESTÃO DE TRÂNSITO,REGISTRO DE CONDUTORES,71072640,73576273,78252540,82109943
2024,1500,SECRETARIA DE ESTADO DE PLANEJAMENTO E GESTÃO - SEPLAG,1501,SECRETARIA DE ESTADO DE PLANEJAMENTO E GESTÃO - SEPLAG,4,122,161,4,494,4494,1,3,3,82,1,0,GESTÃO DE TRÂNSITO,REGISTRO DE CONDUTORES,31721192,31721192,31721192,31721192
2024,1500,SECRETARIA DE ESTADO DE PLANEJAMENTO E GESTÃO - SEPLAG,1501,SECRETARIA DE ESTADO DE PLANEJAMENTO E GESTÃO - SEPLAG,4,122,161,4,494,4494,1,4,4,15,1,0,GESTÃO DE TRÂNSITO,REGISTRO DE CONDUTORES,634814,634814,634814,634814
2024,1500,SECRETARIA DE ESTADO DE PLANEJAMENTO E GESTÃO - SEPLAG,1501,SECRETARIA DE ESTADO DE PLANEJAMENTO E GESTÃO - SEPLAG,4,122,161,4,495,4495,1,3,3,15,1,0,GESTÃO DE TRÂNSITO,REGISTRO DE VEÍCULOS,378610,396783,415828,435788
2024,1500,SECRETARIA DE ESTADO DE PLANEJAMENTO E GESTÃO - SEPLAG,1501,SECRETARIA DE ESTADO DE PLANEJAMENTO E GESTÃO - SEPLAG,4,122,161,4,495,4495,1,3,3,82,1,0,GESTÃO DE TRÂNSITO,REGISTRO DE VEÍCULOS,31003175,31003175,31003175,31003175
2024,1500,SECRETARIA DE ESTADO DE PLANEJAMENTO E GESTÃO - SEPLAG,1501,SECRETARIA DE ESTADO DE PLANEJAMENTO E GESTÃO - SEPLAG,4,122,161,4,495,4495,1,4,4,15,1,0,GESTÃO DE TRÂNSITO,REGISTRO DE VEÍCULOS,3065045,3065045,3065045,3065045
2024,1500,SECRETARIA DE ESTADO DE PLANEJAMENTO E GESTÃO - SEPLAG,1501,SECRETARIA DE ESTADO DE PLANEJAMENTO E GESTÃO - SEPLAG,4,122,161,4,496,4496,1,3,3,15,1,0,GESTÃO DE TRÂNSITO,ATENDIMENTO E TRANSFORMAÇÃO DE SERVIÇOS DE TRÂNSITO,34013699,35646356,37357382,39150536
2024,1500,SECRETARIA DE ESTADO DE PLANEJAMENTO E GESTÃO - SEPLAG,1501,SECRETARIA DE ESTADO DE PLANEJAMENTO E GESTÃO - SEPLAG,4,122,161,4,496,4496,1,3,3,82,1,0,GESTÃO DE TRÂNSITO,ATENDIMENTO E TRANSFORMAÇÃO DE SERVIÇOS DE TRÂNSITO,11545707,11545707,11545707,11545707
2024,1500,SECRETARIA DE ESTADO DE PLANEJAMENTO E GESTÃO - SEPLAG,1501,SECRETARIA DE ESTADO DE PLANEJAMENTO E GESTÃO - SEPLAG,4,122,161,4,496,4496,1,4,4,15,1,0,GESTÃO DE TRÂNSITO,ATENDIMENTO E TRANSFORMAÇÃO DE SERVIÇOS DE TRÂNSITO,2142000,2142000,2142000,2142000
2024,1500,SECRETARIA DE ESTADO DE PLANEJAMENTO E GESTÃO - SEPLAG,1501,SECRETARIA DE ESTADO DE PLANEJAMENTO E GESTÃO - SEPLAG,4,122,705,2,500,2500,1,3,1,10,1,0,APOIO ÀS POLÍTICAS PÚBLICAS,ASSESSORAMENTO E GERENCIAMENTO DE POLÍTICAS PÚBLICAS,35616388,36291055,36977652,37692800
2024,1500,SECRETARIA DE ESTADO DE PLANEJAMENTO E GESTÃO - SEPLAG,1501,SECRETARIA DE ESTADO DE PLANEJAMENTO E GESTÃO - SEPLAG,4,122,705,2,500,2500,1,3,3,10,1,0,APOIO ÀS POLÍTICAS PÚBLICAS,ASSESSORAMENTO E GERENCIAMENTO DE POLÍTICAS PÚBLICAS,4902588,5707066,5983288,6272879
2024,1500,SECRETARIA DE ESTADO DE PLANEJAMENTO E GESTÃO - SEPLAG,1501,SECRETARIA DE ESTADO DE PLANEJAMENTO E GESTÃO - SEPLAG,4,122,705,2,500,2500,1,3,3,10,7,0,APOIO ÀS POLÍTICAS PÚBLICAS,ASSESSORAMENTO E GERENCIAMENTO DE POLÍTICAS PÚBLICAS,2314209,2370882,2428942,2488425
2024,1500,SECRETARIA DE ESTADO DE PLANEJAMENTO E GESTÃO - SEPLAG,1501,SECRETARIA DE ESTADO DE PLANEJAMENTO E GESTÃO - SEPLAG,4,122,705,2,500,2500,1,4,4,10,1,0,APOIO ÀS POLÍTICAS PÚBLICAS,ASSESSORAMENTO E GERENCIAMENTO DE POLÍTICAS PÚBLICAS,541008,0,0,0
2024,1500,SECRETARIA DE ESTADO DE PLANEJAMENTO E GESTÃO - SEPLAG,1501,SECRETARIA DE ESTADO DE PLANEJAMENTO E GESTÃO - SEPLAG,4,125,161,4,491,4491,1,3,1,10,1,0,GESTÃO DE TRÂNSITO,APREENSÃO E LIBERAÇÃO DE VEÍCULOS,100915130,102941525,105009305,107107085
2024,1500,SECRETARIA DE ESTADO DE PLANEJAMENTO E GESTÃO - SEPLAG,1501,SECRETARIA DE ESTADO DE PLANEJAMENTO E GESTÃO - SEPLAG,4,125,161,4,491,4491,1,3,3,10,7,0,GESTÃO DE TRÂNSITO,APREENSÃO E LIBERAÇÃO DE VEÍCULOS,11845178,12135254,12432432,12736888
2024,1500,SECRETARIA DE ESTADO DE PLANEJAMENTO E GESTÃO - SEPLAG,1501,SECRETARIA DE ESTADO DE PLANEJAMENTO E GESTÃO - SEPLAG,4,125,161,4,491,4491,1,3,3,15,1,0,GESTÃO DE TRÂNSITO,APREENSÃO E LIBERAÇÃO DE VEÍCULOS,122937357,129838350,135022590,141503675
2024,1500,SECRETARIA DE ESTADO DE PLANEJAMENTO E GESTÃO - SEPLAG,1501,SECRETARIA DE ESTADO DE PLANEJAMENTO E GESTÃO - SEPLAG,4,125,161,4,491,4491,1,3,3,82,1,0,GESTÃO DE TRÂNSITO,APREENSÃO E LIBERAÇÃO DE VEÍCULOS,294208,294208,294208,294208
2024,1500,SECRETARIA DE ESTADO DE PLANEJAMENTO E GESTÃO - SEPLAG,1501,SECRETARIA DE ESTADO DE PLANEJAMENTO E GESTÃO - SEPLAG,4,125,161,4,491,4491,1,4,4,15,1,0,GESTÃO DE TRÂNSITO,APREENSÃO E LIBERAÇÃO DE VEÍCULOS,29086,29086,29086,29086
2024,1500,SECRETARIA DE ESTADO DE PLANEJAMENTO E GESTÃO - SEPLAG,1501,SECRETARIA DE ESTADO DE PLANEJAMENTO E GESTÃO - SEPLAG,4,125,161,4,492,4492,1,3,3,15,1,0,GESTÃO DE TRÂNSITO,"FISCALIZAÇÃO, PREVENÇÃO E CONTROLE DE INFRAÇÕES DE TRÂNSITO",1961080,2055212,2153862,2257247
2024,1500,SECRETARIA DE ESTADO DE PLANEJAMENTO E GESTÃO - SEPLAG,1501,SECRETARIA DE ESTADO DE PLANEJAMENTO E GESTÃO - SEPLAG,4,125,161,4,492,4492,1,3,3,82,1,0,GESTÃO DE TRÂNSITO,"FISCALIZAÇÃO, PREVENÇÃO E CONTROLE DE INFRAÇÕES DE TRÂNSITO",14831426,14831426,14831426,14831426
2024,1500,SECRETARIA DE ESTADO DE PLANEJAMENTO E GESTÃO - SEPLAG,1501,SECRETARIA DE ESTADO DE PLANEJAMENTO E GESTÃO - SEPLAG,4,125,161,4,492,4492,1,3,3,82,2,0,GESTÃO DE TRÂNSITO,"FISCALIZAÇÃO, PREVENÇÃO E CONTROLE DE INFRAÇÕES DE TRÂNSITO",0,0,0,0
2024,1500,SECRETARIA DE ESTADO DE PLANEJAMENTO E GESTÃO - SEPLAG,1501,SECRETARIA DE ESTADO DE PLANEJAMENTO E GESTÃO - SEPLAG,4,125,161,4,492,4492,1,4,4,15,1,0,GESTÃO DE TRÂNSITO,"FISCALIZAÇÃO, PREVENÇÃO E CONTROLE DE INFRAÇÕES DE TRÂNSITO",2536055,2536055,2536055,2536055
2024,1500,SECRETARIA DE ESTADO DE PLANEJAMENTO E GESTÃO - SEPLAG,1501,SECRETARIA DE ESTADO DE PLANEJAMENTO E GESTÃO - SEPLAG,4,126,149,4,448,4448,1,3,1,10,1,1,TRANSFORMAÇÃO DIGITAL E ATENDIMENTO AO CIDADÃO,APRIMORAMENTO DA GOVERNANÇA DE TECNOLOGIA DA INFORMAÇÃO E COMUNICAÇÃO,1109448,1142954,1177243,1212561
2024,1500,SECRETARIA DE ESTADO DE PLANEJAMENTO E GESTÃO - SEPLAG,1501,SECRETARIA DE ESTADO DE PLANEJAMENTO E GESTÃO - SEPLAG,4,126,149,4,448,4448,1,3,3,10,1,1,TRANSFORMAÇÃO DIGITAL E ATENDIMENTO AO CIDADÃO,APRIMORAMENTO DA GOVERNANÇA DE TECNOLOGIA DA INFORMAÇÃO E COMUNICAÇÃO,521232,546460,572908,600636
2024,1500,SECRETARIA DE ESTADO DE PLANEJAMENTO E GESTÃO - SEPLAG,1501,SECRETARIA DE ESTADO DE PLANEJAMENTO E GESTÃO - SEPLAG,4,126,149,4,448,4448,1,3,3,10,7,1,TRANSFORMAÇÃO DIGITAL E ATENDIMENTO AO CIDADÃO,APRIMORAMENTO DA GOVERNANÇA DE TECNOLOGIA DA INFORMAÇÃO E COMUNICAÇÃO,78794,81174,83610,86119
2024,1500,SECRETARIA DE ESTADO DE PLANEJAMENTO E GESTÃO - SEPLAG,1501,SECRETARIA DE ESTADO DE PLANEJAMENTO E GESTÃO - SEPLAG,4,126,149,4,450,4450,1,3,3,10,1,0,TRANSFORMAÇÃO DIGITAL E ATENDIMENTO AO CIDADÃO,DISPONIBILIZAÇÃO DE PROCESSOS E DOCUMENTOS DIGITAIS NO ESTADO,7283670,7636200,8005792,8393272
2024,1500,SECRETARIA DE ESTADO DE PLANEJAMENTO E GESTÃO - SEPLAG,1501,SECRETARIA DE ESTADO DE PLANEJAMENTO E GESTÃO - SEPLAG,4,126,149,4,450,4450,1,4,4,10,1,0,TRANSFORMAÇÃO DIGITAL E ATENDIMENTO AO CIDADÃO,DISPONIBILIZAÇÃO DE PROCESSOS E DOCUMENTOS DIGITAIS NO ESTADO,180000,180000,180000,180000
2024,1500,SECRETARIA DE ESTADO DE PLANEJAMENTO E GESTÃO - SEPLAG,1501,SECRETARIA DE ESTADO DE PLANEJAMENTO E GESTÃO - SEPLAG,4,126,149,4,451,4451,1,3,1,10,1,0,TRANSFORMAÇÃO DIGITAL E ATENDIMENTO AO CIDADÃO,GESTÃO DOS CANAIS DIGITAIS DE ATENDIMENTO AO CIDADÃO,3197553,3263746,3331380,3399084
2024,1500,SECRETARIA DE ESTADO DE PLANEJAMENTO E GESTÃO - SEPLAG,1501,SECRETARIA DE ESTADO DE PLANEJAMENTO E GESTÃO - SEPLAG,4,126,149,4,451,4451,1,3,3,10,1,0,TRANSFORMAÇÃO DIGITAL E ATENDIMENTO AO CIDADÃO,GESTÃO DOS CANAIS DIGITAIS DE ATENDIMENTO AO CIDADÃO,6374892,6683437,7006915,7346050
2024,1500,SECRETARIA DE ESTADO DE PLANEJAMENTO E GESTÃO - SEPLAG,1501,SECRETARIA DE ESTADO DE PLANEJAMENTO E GESTÃO - SEPLAG,4,126,149,4,451,4451,1,3,3,10,7,0,TRANSFORMAÇÃO DIGITAL E ATENDIMENTO AO CIDADÃO,GESTÃO DOS CANAIS DIGITAIS DE ATENDIMENTO AO CIDADÃO,186798,191372,196059,200860
2024,1500,SECRETARIA DE ESTADO DE PLANEJAMENTO E GESTÃO - SEPLAG,1501,SECRETARIA DE ESTADO DE PLANEJAMENTO E GESTÃO - SEPLAG,4,126,149,4,451,4451,1,4,4,10,1,0,TRANSFORMAÇÃO DIGITAL E ATENDIMENTO AO CIDADÃO,GESTÃO DOS CANAIS DIGITAIS DE ATENDIMENTO AO CIDADÃO,240000,240000,240000,240000
2024,1500,SECRETARIA DE ESTADO DE PLANEJAMENTO E GESTÃO - SEPLAG,1501,SECRETARIA DE ESTADO DE PLANEJAMENTO E GESTÃO - SEPLAG,4,126,149,4,451,4451,1,4,4,25,1,0,TRANSFORMAÇÃO DIGITAL E ATENDIMENTO AO CIDADÃO,GESTÃO DOS CANAIS DIGITAIS DE ATENDIMENTO AO CIDADÃO,36468120,0,0,0
2024,1500,SECRETARIA DE ESTADO DE PLANEJAMENTO E GESTÃO - SEPLAG,2011,INSTITUTO DE PREVIDÊNCIA DOS SERVIDORES DO ESTADO DE MINAS GERAIS - IPSEMG,4,122,705,2,14,2014,1,3,1,49,1,0,APOIO ÀS POLÍTICAS PÚBLICAS,ASSESSORAMENTO E GESTÃO PREVIDENCIÁRIA,6005283,6177895,6355468,6538145
2024,1500,SECRETARIA DE ESTADO DE PLANEJAMENTO E GESTÃO - SEPLAG,2011,INSTITUTO DE PREVIDÊNCIA DOS SERVIDORES DO ESTADO DE MINAS GERAIS - IPSEMG,4,122,705,2,14,2014,1,3,3,10,1,0,APOIO ÀS POLÍTICAS PÚBLICAS,ASSESSORAMENTO E GESTÃO PREVIDENCIÁRIA,10059246,10546114,11056546,11591683
2024,1500,SECRETARIA DE ESTADO DE PLANEJAMENTO E GESTÃO - SEPLAG,2011,INSTITUTO DE PREVIDÊNCIA DOS SERVIDORES DO ESTADO DE MINAS GERAIS - IPSEMG,4,122,705,2,14,2014,1,3,3,49,7,0,APOIO ÀS POLÍTICAS PÚBLICAS,ASSESSORAMENTO E GESTÃO PREVIDENCIÁRIA,874071,895476,917405,939871
2024,1500,SECRETARIA DE ESTADO DE PLANEJAMENTO E GESTÃO - SEPLAG,2011,INSTITUTO DE PREVIDÊNCIA DOS SERVIDORES DO ESTADO DE MINAS GERAIS - IPSEMG,4,122,705,2,14,2014,1,4,4,10,1,0,APOIO ÀS POLÍTICAS PÚBLICAS,ASSESSORAMENTO E GESTÃO PREVIDENCIÁRIA,8757504,8757504,8757504,8757504
2024,1500,SECRETARIA DE ESTADO DE PLANEJAMENTO E GESTÃO - SEPLAG,2011,INSTITUTO DE PREVIDÊNCIA DOS SERVIDORES DO ESTADO DE MINAS GERAIS - IPSEMG,8,244,138,4,409,4409,1,3,3,60,1,0,"CONCESSÃO DE AUXÍLIO FINANCEIRO, SEGURO E PECÚLIO",AUXÍLIO FINANCEIRO AO SEGURADO,1004378,1052990,1103955,1157386
2024,1500,SECRETARIA DE ESTADO DE PLANEJAMENTO E GESTÃO - SEPLAG,2011,INSTITUTO DE PREVIDÊNCIA DOS SERVIDORES DO ESTADO DE MINAS GERAIS - IPSEMG,10,122,39,2,12,2012,1,3,1,49,1,0,GESTÃO DA ASSISTÊNCIA À SAÚDE,ASSESSORAMENTO E GESTÃO DA ASSISTÊNCIA À SAÚDE,11622410,11956477,12300146,12653693
2024,1500,SECRETARIA DE ESTADO DE PLANEJAMENTO E GESTÃO - SEPLAG,2011,INSTITUTO DE PREVIDÊNCIA DOS SERVIDORES DO ESTADO DE MINAS GERAIS - IPSEMG,10,122,39,2,12,2012,1,3,3,49,7,0,GESTÃO DA ASSISTÊNCIA À SAÚDE,ASSESSORAMENTO E GESTÃO DA ASSISTÊNCIA À SAÚDE,1691646,1733072,1775512,1818992
2024,1500,SECRETARIA DE ESTADO DE PLANEJAMENTO E GESTÃO - SEPLAG,2011,INSTITUTO DE PREVIDÊNCIA DOS SERVIDORES DO ESTADO DE MINAS GERAIS - IPSEMG,10,122,39,2,12,2012,1,3,3,50,1,0,GESTÃO DA ASSISTÊNCIA À SAÚDE,ASSESSORAMENTO E GESTÃO DA ASSISTÊNCIA À SAÚDE,8419623,8827133,9254366,9702277
2024,1500,SECRETARIA DE ESTADO DE PLANEJAMENTO E GESTÃO - SEPLAG,2011,INSTITUTO DE PREVIDÊNCIA DOS SERVIDORES DO ESTADO DE MINAS GERAIS - IPSEMG,10,122,39,2,12,2012,1,4,4,50,1,0,GESTÃO DA ASSISTÊNCIA À SAÚDE,ASSESSORAMENTO E GESTÃO DA ASSISTÊNCIA À SAÚDE,5052518,5052518,5052518,5052518
2024,1500,SECRETARIA DE ESTADO DE PLANEJAMENTO E GESTÃO - SEPLAG,2011,INSTITUTO DE PREVIDÊNCIA DOS SERVIDORES DO ESTADO DE MINAS GERAIS - IPSEMG,10,122,705,2,39,2039,1,3,1,49,1,0,APOIO ÀS POLÍTICAS PÚBLICAS,ASSESSORAMENTO E GESTÃO DAS UNIDADES REGIONAIS DO IPSEMG,12830743,13199542,13578941,13969245
2024,1500,SECRETARIA DE ESTADO DE PLANEJAMENTO E GESTÃO - SEPLAG,2011,INSTITUTO DE PREVIDÊNCIA DOS SERVIDORES DO ESTADO DE MINAS GERAIS - IPSEMG,10,122,705,2,39,2039,1,3,3,49,7,0,APOIO ÀS POLÍTICAS PÚBLICAS,ASSESSORAMENTO E GESTÃO DAS UNIDADES REGIONAIS DO IPSEMG,1867520,1913253,1960106,2008106
2024,1500,SECRETARIA DE ESTADO DE PLANEJAMENTO E GESTÃO - SEPLAG,2011,INSTITUTO DE PREVIDÊNCIA DOS SERVIDORES DO ESTADO DE MINAS GERAIS - IPSEMG,10,122,705,2,39,2039,1,3,3,50,1,0,APOIO ÀS POLÍTICAS PÚBLICAS,ASSESSORAMENTO E GESTÃO DAS UNIDADES REGIONAIS DO IPSEMG,20573119,21568859,22612792,23707251
2024,1500,SECRETARIA DE ESTADO DE PLANEJAMENTO E GESTÃO - SEPLAG,2011,INSTITUTO DE PREVIDÊNCIA DOS SERVIDORES DO ESTADO DE MINAS GERAIS - IPSEMG,10,122,705,2,39,2039,1,4,4,50,1,0,APOIO ÀS POLÍTICAS PÚBLICAS,ASSESSORAMENTO E GESTÃO DAS UNIDADES REGIONAIS DO IPSEMG,2151780,2151780,2151780,2151780
2024,1500,SECRETARIA DE ESTADO DE PLANEJAMENTO E GESTÃO - SEPLAG,2011,INSTITUTO DE PREVIDÊNCIA DOS SERVIDORES DO ESTADO DE MINAS GERAIS - IPSEMG,10,122,705,2,500,2500,1,3,1,49,1,0,APOIO ÀS POLÍTICAS PÚBLICAS,ASSESSORAMENTO E GERENCIAMENTO DE POLÍTICAS PÚBLICAS,21742209,22367153,23010060,23671446
2024,1500,SECRETARIA DE ESTADO DE PLANEJAMENTO E GESTÃO - SEPLAG,2011,INSTITUTO DE PREVIDÊNCIA DOS SERVIDORES DO ESTADO DE MINAS GERAIS - IPSEMG,10,122,705,2,500,2500,1,3,3,49,7,0,APOIO ÀS POLÍTICAS PÚBLICAS,ASSESSORAMENTO E GERENCIAMENTO DE POLÍTICAS PÚBLICAS,3164587,3242083,3321477,3402815
2024,1500,SECRETARIA DE ESTADO DE PLANEJAMENTO E GESTÃO - SEPLAG,2011,INSTITUTO DE PREVIDÊNCIA DOS SERVIDORES DO ESTADO DE MINAS GERAIS - IPSEMG,10,122,705,2,500,2500,1,3,3,50,1,0,APOIO ÀS POLÍTICAS PÚBLICAS,ASSESSORAMENTO E GERENCIAMENTO DE POLÍTICAS PÚBLICAS,43915101,46040594,48268959,50605177
2024,1500,SECRETARIA DE ESTADO DE PLANEJAMENTO E GESTÃO - SEPLAG,2011,INSTITUTO DE PREVIDÊNCIA DOS SERVIDORES DO ESTADO DE MINAS GERAIS - IPSEMG,10,122,705,2,500,2500,1,4,4,47,1,0,APOIO ÀS POLÍTICAS PÚBLICAS,ASSESSORAMENTO E GERENCIAMENTO DE POLÍTICAS PÚBLICAS,1000,1000,1000,1000
2024,1500,SECRETARIA DE ESTADO DE PLANEJAMENTO E GESTÃO - SEPLAG,2011,INSTITUTO DE PREVIDÊNCIA DOS SERVIDORES DO ESTADO DE MINAS GERAIS - IPSEMG,10,122,705,2,500,2500,1,4,4,50,1,0,APOIO ÀS POLÍTICAS PÚBLICAS,ASSESSORAMENTO E GERENCIAMENTO DE POLÍTICAS PÚBLICAS,2800000,2800000,2800000,2800000
2024,1500,SECRETARIA DE ESTADO DE PLANEJAMENTO E GESTÃO - SEPLAG,2011,INSTITUTO DE PREVIDÊNCIA DOS SERVIDORES DO ESTADO DE MINAS GERAIS - IPSEMG,10,302,39,4,68,4068,1,3,3,50,1,0,GESTÃO DA ASSISTÊNCIA À SAÚDE,REDE DE ASSISTÊNCIA À SAÚDE ODONTOLÓGICA CONTRATADA,10424845,10929408,11458391,12012977
2024,1500,SECRETARIA DE ESTADO DE PLANEJAMENTO E GESTÃO - SEPLAG,2011,INSTITUTO DE PREVIDÊNCIA DOS SERVIDORES DO ESTADO DE MINAS GERAIS - IPSEMG,10,302,39,4,73,4073,1,3,3,50,1,0,GESTÃO DA ASSISTÊNCIA À SAÚDE,REDE DE ASSISTÊNCIA À SAÚDE HOSPITALAR CONTRATADA,157116582,164721032,172693531,181051901
2024,1500,SECRETARIA DE ESTADO DE PLANEJAMENTO E GESTÃO - SEPLAG,2011,INSTITUTO DE PREVIDÊNCIA DOS SERVIDORES DO ESTADO DE MINAS GERAIS - IPSEMG,10,302,39,4,73,4073,1,3,3,60,1,0,GESTÃO DA ASSISTÊNCIA À SAÚDE,REDE DE ASSISTÊNCIA À SAÚDE HOSPITALAR CONTRATADA,173168565,181549932,190336950,199549262
2024,1500,SECRETARIA DE ESTADO DE PLANEJAMENTO E GESTÃO - SEPLAG,2011,INSTITUTO DE PREVIDÊNCIA DOS SERVIDORES DO ESTADO DE MINAS GERAIS - IPSEMG,10,302,39,4,74,4074,1,3,3,49,1,0,GESTÃO DA ASSISTÊNCIA À SAÚDE,REDE DE ASSISTÊNCIA À SAÚDE AMBULATORIAL CONTRATADA,109605084,114909975,120471619,126302447
2024,1500,SECRETARIA DE ESTADO DE PLANEJAMENTO E GESTÃO - SEPLAG,2011,INSTITUTO DE PREVIDÊNCIA DOS SERVIDORES DO ESTADO DE MINAS GERAIS - IPSEMG,10,302,39,4,74,4074,1,3,3,50,1,0,GESTÃO DA ASSISTÊNCIA À SAÚDE,REDE DE ASSISTÊNCIA À SAÚDE AMBULATORIAL CONTRATADA,150510410,157795121,165432406,173439337
2024,1500,SECRETARIA DE ESTADO DE PLANEJAMENTO E GESTÃO - SEPLAG,2011,INSTITUTO DE PREVIDÊNCIA DOS SERVIDORES DO ESTADO DE MINAS GERAIS - IPSEMG,10,302,39,4,410,4410,1,3,3,50,1,0,GESTÃO DA ASSISTÊNCIA À SAÚDE,ATENDIMENTO DE ORDENS JUDICIAIS PARA ASSISTÊNCIA À SAÚDE,38826415,40705615,42675767,44741275
2024,1500,SECRETARIA DE ESTADO DE PLANEJAMENTO E GESTÃO - SEPLAG,2011,INSTITUTO DE PREVIDÊNCIA DOS SERVIDORES DO ESTADO DE MINAS GERAIS - IPSEMG,10,302,88,4,229,4229,1,3,1,49,1,0,SERVIÇOS DE SAÚDE PRESTADOS PELO IPSEMG NA REDE PRÓPRIA,ATENÇÃO À SAÚDE AMBULATORIAL NA REDE PRÓPRIA,42018821,43226583,44469059,45747248
2024,1500,SECRETARIA DE ESTADO DE PLANEJAMENTO E GESTÃO - SEPLAG,2011,INSTITUTO DE PREVIDÊNCIA DOS SERVIDORES DO ESTADO DE MINAS GERAIS - IPSEMG,10,302,88,4,229,4229,1,3,3,49,7,0,SERVIÇOS DE SAÚDE PRESTADOS PELO IPSEMG NA REDE PRÓPRIA,ATENÇÃO À SAÚDE AMBULATORIAL NA REDE PRÓPRIA,6115856,6265624,6419060,6576253
2024,1500,SECRETARIA DE ESTADO DE PLANEJAMENTO E GESTÃO - SEPLAG,2011,INSTITUTO DE PREVIDÊNCIA DOS SERVIDORES DO ESTADO DE MINAS GERAIS - IPSEMG,10,302,88,4,229,4229,1,3,3,50,1,0,SERVIÇOS DE SAÚDE PRESTADOS PELO IPSEMG NA REDE PRÓPRIA,ATENÇÃO À SAÚDE AMBULATORIAL NA REDE PRÓPRIA,14509585,15211850,15948104,16719992
2024,1500,SECRETARIA DE ESTADO DE PLANEJAMENTO E GESTÃO - SEPLAG,2011,INSTITUTO DE PREVIDÊNCIA DOS SERVIDORES DO ESTADO DE MINAS GERAIS - IPSEMG,10,302,88,4,229,4229,1,4,4,50,1,0,SERVIÇOS DE SAÚDE PRESTADOS PELO IPSEMG NA REDE PRÓPRIA,ATENÇÃO À SAÚDE AMBULATORIAL NA REDE PRÓPRIA,369500,369500,369500,369500
2024,1500,SECRETARIA DE ESTADO DE PLANEJAMENTO E GESTÃO - SEPLAG,2011,INSTITUTO DE PREVIDÊNCIA DOS SERVIDORES DO ESTADO DE MINAS GERAIS - IPSEMG,10,302,88,4,230,4230,1,3,1,49,1,0,SERVIÇOS DE SAÚDE PRESTADOS PELO IPSEMG NA REDE PRÓPRIA,ATENÇÃO À SAÚDE ODONTOLÓGICA NA REDE PRÓPRIA,22488455,23134849,23799822,24483908
2024,1500,SECRETARIA DE ESTADO DE PLANEJAMENTO E GESTÃO - SEPLAG,2011,INSTITUTO DE PREVIDÊNCIA DOS SERVIDORES DO ESTADO DE MINAS GERAIS - IPSEMG,10,302,88,4,230,4230,1,3,3,49,7,0,SERVIÇOS DE SAÚDE PRESTADOS PELO IPSEMG NA REDE PRÓPRIA,ATENÇÃO À SAÚDE ODONTOLÓGICA NA REDE PRÓPRIA,3273203,3353359,3435478,3519608
2024,1500,SECRETARIA DE ESTADO DE PLANEJAMENTO E GESTÃO - SEPLAG,2011,INSTITUTO DE PREVIDÊNCIA DOS SERVIDORES DO ESTADO DE MINAS GERAIS - IPSEMG,10,302,88,4,230,4230,1,3,3,50,1,0,SERVIÇOS DE SAÚDE PRESTADOS PELO IPSEMG NA REDE PRÓPRIA,ATENÇÃO À SAÚDE ODONTOLÓGICA NA REDE PRÓPRIA,16600999,17404488,18246865,19130014
2024,1500,SECRETARIA DE ESTADO DE PLANEJAMENTO E GESTÃO - SEPLAG,2011,INSTITUTO DE PREVIDÊNCIA DOS SERVIDORES DO ESTADO DE MINAS GERAIS - IPSEMG,10,302,88,4,230,4230,1,4,4,50,1,0,SERVIÇOS DE SAÚDE PRESTADOS PELO IPSEMG NA REDE PRÓPRIA,ATENÇÃO À SAÚDE ODONTOLÓGICA NA REDE PRÓPRIA,294071,294071,294071,294071
2024,1500,SECRETARIA DE ESTADO DE PLANEJAMENTO E GESTÃO - SEPLAG,2011,INSTITUTO DE PREVIDÊNCIA DOS SERVIDORES DO ESTADO DE MINAS GERAIS - IPSEMG,10,302,88,4,231,4231,1,3,1,49,1,0,SERVIÇOS DE SAÚDE PRESTADOS PELO IPSEMG NA REDE PRÓPRIA,ATENÇÃO À SAÚDE HOSPITALAR NA REDE PRÓPRIA,151073573,155415932,159883106,164478680
2024,1500,SECRETARIA DE ESTADO DE PLANEJAMENTO E GESTÃO - SEPLAG,2011,INSTITUTO DE PREVIDÊNCIA DOS SERVIDORES DO ESTADO DE MINAS GERAIS - IPSEMG,10,302,88,4,231,4231,1,3,3,49,7,0,SERVIÇOS DE SAÚDE PRESTADOS PELO IPSEMG NA REDE PRÓPRIA,ATENÇÃO À SAÚDE HOSPITALAR NA REDE PRÓPRIA,21988817,22527289,23078947,23644113
2024,1500,SECRETARIA DE ESTADO DE PLANEJAMENTO E GESTÃO - SEPLAG,2011,INSTITUTO DE PREVIDÊNCIA DOS SERVIDORES DO ESTADO DE MINAS GERAIS - IPSEMG,10,302,88,4,231,4231,1,3,3,50,1,0,SERVIÇOS DE SAÚDE PRESTADOS PELO IPSEMG NA REDE PRÓPRIA,ATENÇÃO À SAÚDE HOSPITALAR NA REDE PRÓPRIA,295211147,309499382,324479156,340183953
2024,1500,SECRETARIA DE ESTADO DE PLANEJAMENTO E GESTÃO - SEPLAG,2011,INSTITUTO DE PREVIDÊNCIA DOS SERVIDORES DO ESTADO DE MINAS GERAIS - IPSEMG,10,302,88,4,231,4231,1,4,4,50,1,0,SERVIÇOS DE SAÚDE PRESTADOS PELO IPSEMG NA REDE PRÓPRIA,ATENÇÃO À SAÚDE HOSPITALAR NA REDE PRÓPRIA,13291944,13291944,13291944,13291944
2024,1500,SECRETARIA DE ESTADO DE PLANEJAMENTO E GESTÃO - SEPLAG,2011,INSTITUTO DE PREVIDÊNCIA DOS SERVIDORES DO ESTADO DE MINAS GERAIS - IPSEMG,28,846,705,7,4,7004,1,3,1,10,9,0,APOIO ÀS POLÍTICAS PÚBLICAS,PRECATÓRIOS E SENTENÇAS JUDICIÁRIAS,132054526,1000,1000,1000
2024,1500,SECRETARIA DE ESTADO DE PLANEJAMENTO E GESTÃO - SEPLAG,2011,INSTITUTO DE PREVIDÊNCIA DOS SERVIDORES DO ESTADO DE MINAS GERAIS - IPSEMG,28,846,705,7,4,7004,1,3,1,60,9,0,APOIO ÀS POLÍTICAS PÚBLICAS,PRECATÓRIOS E SENTENÇAS JUDICIÁRIAS,4900000,1000,1000,1000
2024,1500,SECRETARIA DE ESTADO DE PLANEJAMENTO E GESTÃO - SEPLAG,2011,INSTITUTO DE PREVIDÊNCIA DOS SERVIDORES DO ESTADO DE MINAS GERAIS - IPSEMG,28,846,705,7,4,7004,1,3,3,10,9,0,APOIO ÀS POLÍTICAS PÚBLICAS,PRECATÓRIOS E SENTENÇAS JUDICIÁRIAS,1235155,1000,1000,1000
2024,1500,SECRETARIA DE ESTADO DE PLANEJAMENTO E GESTÃO - SEPLAG,2011,INSTITUTO DE PREVIDÊNCIA DOS SERVIDORES DO ESTADO DE MINAS GERAIS - IPSEMG,28,846,705,7,4,7004,1,3,3,60,9,0,APOIO ÀS POLÍTICAS PÚBLICAS,PRECATÓRIOS E SENTENÇAS JUDICIÁRIAS,100000,0,0,0
2024,1500,SECRETARIA DE ESTADO DE PLANEJAMENTO E GESTÃO - SEPLAG,2061,FUNDAÇÃO JOÃO PINHEIRO - FJP,4,121,95,4,249,4249,1,3,1,10,1,0,ASSESSORIA E PESQUISA EM POLÍTICAS PÚBLICAS,ASSESSORAMENTO EM POLÍTICAS PÚBLICAS,3286193,3366667,3449113,3533577
2024,1500,SECRETARIA DE ESTADO DE PLANEJAMENTO E GESTÃO - SEPLAG,2061,FUNDAÇÃO JOÃO PINHEIRO - FJP,4,121,95,4,249,4249,1,3,3,10,1,0,ASSESSORIA E PESQUISA EM POLÍTICAS PÚBLICAS,ASSESSORAMENTO EM POLÍTICAS PÚBLICAS,314744,329978,345949,362692
2024,1500,SECRETARIA DE ESTADO DE PLANEJAMENTO E GESTÃO - SEPLAG,2061,FUNDAÇÃO JOÃO PINHEIRO - FJP,4,121,95,4,249,4249,1,3,3,10,7,0,ASSESSORIA E PESQUISA EM POLÍTICAS PÚBLICAS,ASSESSORAMENTO EM POLÍTICAS PÚBLICAS,223608,229084,234694,240442
2024,1500,SECRETARIA DE ESTADO DE PLANEJAMENTO E GESTÃO - SEPLAG,2061,FUNDAÇÃO JOÃO PINHEIRO - FJP,4,121,95,4,249,4249,1,3,3,60,1,0,ASSESSORIA E PESQUISA EM POLÍTICAS PÚBLICAS,ASSESSORAMENTO EM POLÍTICAS PÚBLICAS,484717,508177,532773,558559
2024,1500,SECRETARIA DE ESTADO DE PLANEJAMENTO E GESTÃO - SEPLAG,2061,FUNDAÇÃO JOÃO PINHEIRO - FJP,4,121,95,4,250,4250,1,3,1,10,1,0,ASSESSORIA E PESQUISA EM POLÍTICAS PÚBLICAS,FOMENTO À AVALIAÇÃO DE POLÍTICAS PÚBLICAS,6461300,6619528,6781632,6947705
2024,1500,SECRETARIA DE ESTADO DE PLANEJAMENTO E GESTÃO - SEPLAG,2061,FUNDAÇÃO JOÃO PINHEIRO - FJP,4,121,95,4,250,4250,1,3,3,10,1,0,ASSESSORIA E PESQUISA EM POLÍTICAS PÚBLICAS,FOMENTO À AVALIAÇÃO DE POLÍTICAS PÚBLICAS,630311,660818,692802,726333
2024,1500,SECRETARIA DE ESTADO DE PLANEJAMENTO E GESTÃO - SEPLAG,2061,FUNDAÇÃO JOÃO PINHEIRO - FJP,4,121,95,4,250,4250,1,3,3,10,7,0,ASSESSORIA E PESQUISA EM POLÍTICAS PÚBLICAS,FOMENTO À AVALIAÇÃO DE POLÍTICAS PÚBLICAS,441408,452218,463293,474638
2024,1500,SECRETARIA DE ESTADO DE PLANEJAMENTO E GESTÃO - SEPLAG,2061,FUNDAÇÃO JOÃO PINHEIRO - FJP,4,121,95,4,250,4250,1,3,3,60,1,0,ASSESSORIA E PESQUISA EM POLÍTICAS PÚBLICAS,FOMENTO À AVALIAÇÃO DE POLÍTICAS PÚBLICAS,233876,245196,257063,269505
2024,1500,SECRETARIA DE ESTADO DE PLANEJAMENTO E GESTÃO - SEPLAG,2061,FUNDAÇÃO JOÃO PINHEIRO - FJP,4,121,95,4,251,4251,1,3,1,10,1,0,ASSESSORIA E PESQUISA EM POLÍTICAS PÚBLICAS,PESQUISAS EM POLÍTICAS PÚBLICAS,4199329,4302165,4407519,4515453
2024,1500,SECRETARIA DE ESTADO DE PLANEJAMENTO E GESTÃO - SEPLAG,2061,FUNDAÇÃO JOÃO PINHEIRO - FJP,4,121,95,4,251,4251,1,3,3,10,1,0,ASSESSORIA E PESQUISA EM POLÍTICAS PÚBLICAS,PESQUISAS EM POLÍTICAS PÚBLICAS,564825,592163,620823,650871
2024,1500,SECRETARIA DE ESTADO DE PLANEJAMENTO E GESTÃO - SEPLAG,2061,FUNDAÇÃO JOÃO PINHEIRO - FJP,4,121,95,4,251,4251,1,3,3,10,7,0,ASSESSORIA E PESQUISA EM POLÍTICAS PÚBLICAS,PESQUISAS EM POLÍTICAS PÚBLICAS,380424,389740,399285,409063
2024,1500,SECRETARIA DE ESTADO DE PLANEJAMENTO E GESTÃO - SEPLAG,2061,FUNDAÇÃO JOÃO PINHEIRO - FJP,4,121,95,4,251,4251,1,3,3,60,1,0,ASSESSORIA E PESQUISA EM POLÍTICAS PÚBLICAS,PESQUISAS EM POLÍTICAS PÚBLICAS,218041,228594,239658,251258
2024,1500,SECRETARIA DE ESTADO DE PLANEJAMENTO E GESTÃO - SEPLAG,2061,FUNDAÇÃO JOÃO PINHEIRO - FJP,4,121,96,4,254,4254,1,3,1,10,1,0,PRODUÇÃO DE ESTATÍSTICAS E INFORMAÇÕES,"MANUTENÇÃO DA DIVISÃO TERRITORIAL, CONSTRUÇÃO DE MAPEAMENTO DE MINAS GERAIS E GESTÃO DA IEDE",3475357,3560464,3647655,3736981
2024,1500,SECRETARIA DE ESTADO DE PLANEJAMENTO E GESTÃO - SEPLAG,2061,FUNDAÇÃO JOÃO PINHEIRO - FJP,4,121,96,4,254,4254,1,3,3,10,1,0,PRODUÇÃO DE ESTATÍSTICAS E INFORMAÇÕES,"MANUTENÇÃO DA DIVISÃO TERRITORIAL, CONSTRUÇÃO DE MAPEAMENTO DE MINAS GERAIS E GESTÃO DA IEDE",356710,373975,392075,411052
2024,1500,SECRETARIA DE ESTADO DE PLANEJAMENTO E GESTÃO - SEPLAG,2061,FUNDAÇÃO JOÃO PINHEIRO - FJP,4,121,96,4,254,4254,1,3,3,10,7,0,PRODUÇÃO DE ESTATÍSTICAS E INFORMAÇÕES,"MANUTENÇÃO DA DIVISÃO TERRITORIAL, CONSTRUÇÃO DE MAPEAMENTO DE MINAS GERAIS E GESTÃO DA IEDE",325974,333957,342135,350514
2024,1500,SECRETARIA DE ESTADO DE PLANEJAMENTO E GESTÃO - SEPLAG,2061,FUNDAÇÃO JOÃO PINHEIRO - FJP,4,121,96,4,254,4254,1,3,3,60,1,0,PRODUÇÃO DE ESTATÍSTICAS E INFORMAÇÕES,"MANUTENÇÃO DA DIVISÃO TERRITORIAL, CONSTRUÇÃO DE MAPEAMENTO DE MINAS GERAIS E GESTÃO DA IEDE",224952,235840,247254,259221
2024,1500,SECRETARIA DE ESTADO DE PLANEJAMENTO E GESTÃO - SEPLAG,2061,FUNDAÇÃO JOÃO PINHEIRO - FJP,4,121,96,4,255,4255,1,3,1,10,1,0,PRODUÇÃO DE ESTATÍSTICAS E INFORMAÇÕES,SISTEMATIZAÇÃO DAS INFORMAÇÕES ESTATÍSTICAS E GEOINFORMAÇÕES DE MG,8789782,9005032,9225553,9514474
2024,1500,SECRETARIA DE ESTADO DE PLANEJAMENTO E GESTÃO - SEPLAG,2061,FUNDAÇÃO JOÃO PINHEIRO - FJP,4,121,96,4,255,4255,1,3,3,10,1,0,PRODUÇÃO DE ESTATÍSTICAS E INFORMAÇÕES,SISTEMATIZAÇÃO DAS INFORMAÇÕES ESTATÍSTICAS E GEOINFORMAÇÕES DE MG,760534,797344,835935,876395
2024,1500,SECRETARIA DE ESTADO DE PLANEJAMENTO E GESTÃO - SEPLAG,2061,FUNDAÇÃO JOÃO PINHEIRO - FJP,4,121,96,4,255,4255,1,3,3,10,7,0,PRODUÇÃO DE ESTATÍSTICAS E INFORMAÇÕES,SISTEMATIZAÇÃO DAS INFORMAÇÕES ESTATÍSTICAS E GEOINFORMAÇÕES DE MG,673728,690227,707131,724448
2024,1500,SECRETARIA DE ESTADO DE PLANEJAMENTO E GESTÃO - SEPLAG,2061,FUNDAÇÃO JOÃO PINHEIRO - FJP,4,121,96,4,255,4255,1,3,3,24,1,0,PRODUÇÃO DE ESTATÍSTICAS E INFORMAÇÕES,SISTEMATIZAÇÃO DAS INFORMAÇÕES ESTATÍSTICAS E GEOINFORMAÇÕES DE MG,2000,0,0,0
2024,1500,SECRETARIA DE ESTADO DE PLANEJAMENTO E GESTÃO - SEPLAG,2061,FUNDAÇÃO JOÃO PINHEIRO - FJP,4,121,96,4,255,4255,1,3,3,60,1,0,PRODUÇÃO DE ESTATÍSTICAS E INFORMAÇÕES,SISTEMATIZAÇÃO DAS INFORMAÇÕES ESTATÍSTICAS E GEOINFORMAÇÕES DE MG,461897,484253,507691,532263
2024,1500,SECRETARIA DE ESTADO DE PLANEJAMENTO E GESTÃO - SEPLAG,2061,FUNDAÇÃO JOÃO PINHEIRO - FJP,4,121,96,4,257,4257,1,3,1,10,1,0,PRODUÇÃO DE ESTATÍSTICAS E INFORMAÇÕES,TRANSFORMAÇÃO DIGITAL,920708,943225,966354,990019
2024,1500,SECRETARIA DE ESTADO DE PLANEJAMENTO E GESTÃO - SEPLAG,2061,FUNDAÇÃO JOÃO PINHEIRO - FJP,4,121,96,4,257,4257,1,3,3,10,1,0,PRODUÇÃO DE ESTATÍSTICAS E INFORMAÇÕES,TRANSFORMAÇÃO DIGITAL,167864,175989,184506,193437
2024,1500,SECRETARIA DE ESTADO DE PLANEJAMENTO E GESTÃO - SEPLAG,2061,FUNDAÇÃO JOÃO PINHEIRO - FJP,4,121,96,4,257,4257,1,3,3,10,7,0,PRODUÇÃO DE ESTATÍSTICAS E INFORMAÇÕES,TRANSFORMAÇÃO DIGITAL,117612,120492,123443,126466
2024,1500,SECRETARIA DE ESTADO DE PLANEJAMENTO E GESTÃO - SEPLAG,2061,FUNDAÇÃO JOÃO PINHEIRO - FJP,4,121,96,4,257,4257,1,3,3,60,1,0,PRODUÇÃO DE ESTATÍSTICAS E INFORMAÇÕES,TRANSFORMAÇÃO DIGITAL,247005,258960,271494,284634
2024,1500,SECRETARIA DE ESTADO DE PLANEJAMENTO E GESTÃO - SEPLAG,2061,FUNDAÇÃO JOÃO PINHEIRO - FJP,4,122,705,2,500,2500,1,3,1,10,1,0,APOIO ÀS POLÍTICAS PÚBLICAS,ASSESSORAMENTO E GERENCIAMENTO DE POLÍTICAS PÚBLICAS,12394682,12698241,13009173,13264750
2024,1500,SECRETARIA DE ESTADO DE PLANEJAMENTO E GESTÃO - SEPLAG,2061,FUNDAÇÃO JOÃO PINHEIRO - FJP,4,122,705,2,500,2500,1,3,3,10,1,0,APOIO ÀS POLÍTICAS PÚBLICAS,ASSESSORAMENTO E GERENCIAMENTO DE POLÍTICAS PÚBLICAS,932386,977511,1024826,1074426
2024,1500,SECRETARIA DE ESTADO DE PLANEJAMENTO E GESTÃO - SEPLAG,2061,FUNDAÇÃO JOÃO PINHEIRO - FJP,4,122,705,2,500,2500,1,3,3,10,7,0,APOIO ÀS POLÍTICAS PÚBLICAS,ASSESSORAMENTO E GERENCIAMENTO DE POLÍTICAS PÚBLICAS,1509354,1546317,1584186,1622983
2024,1500,SECRETARIA DE ESTADO DE PLANEJAMENTO E GESTÃO - SEPLAG,2061,FUNDAÇÃO JOÃO PINHEIRO - FJP,4,122,705,2,500,2500,1,3,3,60,1,0,APOIO ÀS POLÍTICAS PÚBLICAS,ASSESSORAMENTO E GERENCIAMENTO DE POLÍTICAS PÚBLICAS,458359,480543,503801,528187
2024,1500,SECRETARIA DE ESTADO DE PLANEJAMENTO E GESTÃO - SEPLAG,2061,FUNDAÇÃO JOÃO PINHEIRO - FJP,4,122,705,2,500,2500,1,3,3,60,2,0,APOIO ÀS POLÍTICAS PÚBLICAS,ASSESSORAMENTO E GERENCIAMENTO DE POLÍTICAS PÚBLICAS,0,0,0,0
2024,1500,SECRETARIA DE ESTADO DE PLANEJAMENTO E GESTÃO - SEPLAG,2061,FUNDAÇÃO JOÃO PINHEIRO - FJP,12,364,91,4,240,4240,1,3,1,10,1,0,APRIMORAMENTO DA GESTÃO PÚBLICA POR MEIO DE ENSINO DE EXCELÊNCIA,CAPACITAÇÃO DE PESSOAS,3592375,3680347,3770474,3862808
2024,1500,SECRETARIA DE ESTADO DE PLANEJAMENTO E GESTÃO - SEPLAG,2061,FUNDAÇÃO JOÃO PINHEIRO - FJP,12,364,91,4,240,4240,1,3,3,10,1,0,APRIMORAMENTO DA GESTÃO PÚBLICA POR MEIO DE ENSINO DE EXCELÊNCIA,CAPACITAÇÃO DE PESSOAS,417635,437849,459040,481258
2024,1500,SECRETARIA DE ESTADO DE PLANEJAMENTO E GESTÃO - SEPLAG,2061,FUNDAÇÃO JOÃO PINHEIRO - FJP,12,364,91,4,240,4240,1,3,3,10,7,0,APRIMORAMENTO DA GESTÃO PÚBLICA POR MEIO DE ENSINO DE EXCELÊNCIA,CAPACITAÇÃO DE PESSOAS,217074,222390,227836,233416
2024,1500,SECRETARIA DE ESTADO DE PLANEJAMENTO E GESTÃO - SEPLAG,2061,FUNDAÇÃO JOÃO PINHEIRO - FJP,12,364,91,4,240,4240,1,3,3,60,1,0,APRIMORAMENTO DA GESTÃO PÚBLICA POR MEIO DE ENSINO DE EXCELÊNCIA,CAPACITAÇÃO DE PESSOAS,383570,402135,421598,442004
2024,1500,SECRETARIA DE ESTADO DE PLANEJAMENTO E GESTÃO - SEPLAG,2061,FUNDAÇÃO JOÃO PINHEIRO - FJP,12,364,91,4,241,4241,1,3,1,10,1,0,APRIMORAMENTO DA GESTÃO PÚBLICA POR MEIO DE ENSINO DE EXCELÊNCIA,DESENVOLVIMENTO DE PESSOAS NO SETOR PÚBLICO,5890138,6034379,6182153,6333546
2024,1500,SECRETARIA DE ESTADO DE PLANEJAMENTO E GESTÃO - SEPLAG,2061,FUNDAÇÃO JOÃO PINHEIRO - FJP,12,364,91,4,241,4241,1,3,3,10,1,0,APRIMORAMENTO DA GESTÃO PÚBLICA POR MEIO DE ENSINO DE EXCELÊNCIA,DESENVOLVIMENTO DE PESSOAS NO SETOR PÚBLICO,1271852,1333410,1397947,1465607
2024,1500,SECRETARIA DE ESTADO DE PLANEJAMENTO E GESTÃO - SEPLAG,2061,FUNDAÇÃO JOÃO PINHEIRO - FJP,12,364,91,4,241,4241,1,3,3,10,7,0,APRIMORAMENTO DA GESTÃO PÚBLICA POR MEIO DE ENSINO DE EXCELÊNCIA,DESENVOLVIMENTO DE PESSOAS NO SETOR PÚBLICO,114708,117517,120395,123344
2024,1500,SECRETARIA DE ESTADO DE PLANEJAMENTO E GESTÃO - SEPLAG,2061,FUNDAÇÃO JOÃO PINHEIRO - FJP,12,364,91,4,241,4241,1,3,3,60,1,0,APRIMORAMENTO DA GESTÃO PÚBLICA POR MEIO DE ENSINO DE EXCELÊNCIA,DESENVOLVIMENTO DE PESSOAS NO SETOR PÚBLICO,516902,541920,568149,595647
2024,1500,SECRETARIA DE ESTADO DE PLANEJAMENTO E GESTÃO - SEPLAG,2061,FUNDAÇÃO JOÃO PINHEIRO - FJP,12,364,91,4,242,4242,1,3,3,10,1,0,APRIMORAMENTO DA GESTÃO PÚBLICA POR MEIO DE ENSINO DE EXCELÊNCIA,ESTUDOS E PESQUISAS NA ÁREA DE GESTÃO PÚBLICA,152229,159597,167321,175420
2024,1500,SECRETARIA DE ESTADO DE PLANEJAMENTO E GESTÃO - SEPLAG,2061,FUNDAÇÃO JOÃO PINHEIRO - FJP,12,364,91,4,242,4242,1,3,3,60,1,0,APRIMORAMENTO DA GESTÃO PÚBLICA POR MEIO DE ENSINO DE EXCELÊNCIA,ESTUDOS E PESQUISAS NA ÁREA DE GESTÃO PÚBLICA,67605,70877,74308,77904
2024,1500,SECRETARIA DE ESTADO DE PLANEJAMENTO E GESTÃO - SEPLAG,2061,FUNDAÇÃO JOÃO PINHEIRO - FJP,12,364,91,4,243,4243,1,3,1,10,1,0,APRIMORAMENTO DA GESTÃO PÚBLICA POR MEIO DE ENSINO DE EXCELÊNCIA,FORMAÇÃO DE PESSOAS NO NÍVEL DE GRADUAÇÃO,1734958,1777445,1820972,1865565
2024,1500,SECRETARIA DE ESTADO DE PLANEJAMENTO E GESTÃO - SEPLAG,2061,FUNDAÇÃO JOÃO PINHEIRO - FJP,12,364,91,4,243,4243,1,3,3,10,1,0,APRIMORAMENTO DA GESTÃO PÚBLICA POR MEIO DE ENSINO DE EXCELÊNCIA,FORMAÇÃO DE PESSOAS NO NÍVEL DE GRADUAÇÃO,3708394,3887880,4076054,4273335
2024,1500,SECRETARIA DE ESTADO DE PLANEJAMENTO E GESTÃO - SEPLAG,2061,FUNDAÇÃO JOÃO PINHEIRO - FJP,12,364,91,4,243,4243,1,3,3,10,7,0,APRIMORAMENTO DA GESTÃO PÚBLICA POR MEIO DE ENSINO DE EXCELÊNCIA,FORMAÇÃO DE PESSOAS NO NÍVEL DE GRADUAÇÃO,138666,142062,145541,149105
2024,1500,SECRETARIA DE ESTADO DE PLANEJAMENTO E GESTÃO - SEPLAG,2061,FUNDAÇÃO JOÃO PINHEIRO - FJP,12,364,91,4,244,4244,1,3,1,10,1,0,APRIMORAMENTO DA GESTÃO PÚBLICA POR MEIO DE ENSINO DE EXCELÊNCIA,FORMAÇÃO DE PESSOAS NO NÍVEL DE PÓS-GRADUAÇÃO (LATO SENSU),1669661,1710549,1752438,1795353
2024,1500,SECRETARIA DE ESTADO DE PLANEJAMENTO E GESTÃO - SEPLAG,2061,FUNDAÇÃO JOÃO PINHEIRO - FJP,12,364,91,4,244,4244,1,3,3,10,1,0,APRIMORAMENTO DA GESTÃO PÚBLICA POR MEIO DE ENSINO DE EXCELÊNCIA,FORMAÇÃO DE PESSOAS NO NÍVEL DE PÓS-GRADUAÇÃO (LATO SENSU),400552,419939,440264,461573
2024,1500,SECRETARIA DE ESTADO DE PLANEJAMENTO E GESTÃO - SEPLAG,2061,FUNDAÇÃO JOÃO PINHEIRO - FJP,12,364,91,4,244,4244,1,3,3,10,7,0,APRIMORAMENTO DA GESTÃO PÚBLICA POR MEIO DE ENSINO DE EXCELÊNCIA,FORMAÇÃO DE PESSOAS NO NÍVEL DE PÓS-GRADUAÇÃO (LATO SENSU),60258,61734,63246,64794
2024,1500,SECRETARIA DE ESTADO DE PLANEJAMENTO E GESTÃO - SEPLAG,2061,FUNDAÇÃO JOÃO PINHEIRO - FJP,12,364,91,4,244,4244,1,3,3,60,1,0,APRIMORAMENTO DA GESTÃO PÚBLICA POR MEIO DE ENSINO DE EXCELÊNCIA,FORMAÇÃO DE PESSOAS NO NÍVEL DE PÓS-GRADUAÇÃO (LATO SENSU),1472854,1544140,1618877,1697230
2024,1500,SECRETARIA DE ESTADO DE PLANEJAMENTO E GESTÃO - SEPLAG,2061,FUNDAÇÃO JOÃO PINHEIRO - FJP,12,364,91,4,245,4245,1,3,1,10,1,0,APRIMORAMENTO DA GESTÃO PÚBLICA POR MEIO DE ENSINO DE EXCELÊNCIA,FORMAÇÃO DE PESSOAS NO NÍVEL DE PÓS-GRADUAÇÃO (STRICTO SENSU),2723709,2790409,2858742,2928749
2024,1500,SECRETARIA DE ESTADO DE PLANEJAMENTO E GESTÃO - SEPLAG,2061,FUNDAÇÃO JOÃO PINHEIRO - FJP,12,364,91,4,245,4245,1,3,3,10,1,0,APRIMORAMENTO DA GESTÃO PÚBLICA POR MEIO DE ENSINO DE EXCELÊNCIA,FORMAÇÃO DE PESSOAS NO NÍVEL DE PÓS-GRADUAÇÃO (STRICTO SENSU),1050045,1100867,1154149,1210010
2024,1500,SECRETARIA DE ESTADO DE PLANEJAMENTO E GESTÃO - SEPLAG,2061,FUNDAÇÃO JOÃO PINHEIRO - FJP,12,364,91,4,245,4245,1,3,3,10,7,0,APRIMORAMENTO DA GESTÃO PÚBLICA POR MEIO DE ENSINO DE EXCELÊNCIA,FORMAÇÃO DE PESSOAS NO NÍVEL DE PÓS-GRADUAÇÃO (STRICTO SENSU),132858,136112,139445,142860
2024,1500,SECRETARIA DE ESTADO DE PLANEJAMENTO E GESTÃO - SEPLAG,2061,FUNDAÇÃO JOÃO PINHEIRO - FJP,12,364,91,4,245,4245,1,4,4,10,1,0,APRIMORAMENTO DA GESTÃO PÚBLICA POR MEIO DE ENSINO DE EXCELÊNCIA,FORMAÇÃO DE PESSOAS NO NÍVEL DE PÓS-GRADUAÇÃO (STRICTO SENSU),16000,16000,16000,16000
2024,1500,SECRETARIA DE ESTADO DE PLANEJAMENTO E GESTÃO - SEPLAG,2061,FUNDAÇÃO JOÃO PINHEIRO - FJP,12,364,91,4,246,4246,1,3,1,10,1,0,APRIMORAMENTO DA GESTÃO PÚBLICA POR MEIO DE ENSINO DE EXCELÊNCIA,PARTICIPAÇÃO EM EXTENSÃO ACADÊMICA,2581348,2644562,2709323,2775671
2024,1500,SECRETARIA DE ESTADO DE PLANEJAMENTO E GESTÃO - SEPLAG,2061,FUNDAÇÃO JOÃO PINHEIRO - FJP,12,364,91,4,246,4246,1,3,3,10,1,0,APRIMORAMENTO DA GESTÃO PÚBLICA POR MEIO DE ENSINO DE EXCELÊNCIA,PARTICIPAÇÃO EM EXTENSÃO ACADÊMICA,763685,800647,839399,880026
2024,1500,SECRETARIA DE ESTADO DE PLANEJAMENTO E GESTÃO - SEPLAG,2061,FUNDAÇÃO JOÃO PINHEIRO - FJP,12,364,91,4,246,4246,1,3,3,10,7,0,APRIMORAMENTO DA GESTÃO PÚBLICA POR MEIO DE ENSINO DE EXCELÊNCIA,PARTICIPAÇÃO EM EXTENSÃO ACADÊMICA,247566,253629,259840,266203
2024,1500,SECRETARIA DE ESTADO DE PLANEJAMENTO E GESTÃO - SEPLAG,2061,FUNDAÇÃO JOÃO PINHEIRO - FJP,12,364,91,4,246,4246,1,3,3,60,1,0,APRIMORAMENTO DA GESTÃO PÚBLICA POR MEIO DE ENSINO DE EXCELÊNCIA,PARTICIPAÇÃO EM EXTENSÃO ACADÊMICA,162617,170488,178739,187390
2024,1500,SECRETARIA DE ESTADO DE PLANEJAMENTO E GESTÃO - SEPLAG,2061,FUNDAÇÃO JOÃO PINHEIRO - FJP,12,364,91,4,247,4247,1,3,1,10,1,0,APRIMORAMENTO DA GESTÃO PÚBLICA POR MEIO DE ENSINO DE EXCELÊNCIA,PROMOÇÃO DA INOVAÇÃO NO SETOR PÚBLICO,307046,314565,322268,330160
2024,1500,SECRETARIA DE ESTADO DE PLANEJAMENTO E GESTÃO - SEPLAG,2061,FUNDAÇÃO JOÃO PINHEIRO - FJP,12,364,91,4,247,4247,1,3,3,10,1,0,APRIMORAMENTO DA GESTÃO PÚBLICA POR MEIO DE ENSINO DE EXCELÊNCIA,PROMOÇÃO DA INOVAÇÃO NO SETOR PÚBLICO,105549,110658,116013,121628
2024,1500,SECRETARIA DE ESTADO DE PLANEJAMENTO E GESTÃO - SEPLAG,2061,FUNDAÇÃO JOÃO PINHEIRO - FJP,12,364,91,4,247,4247,1,3,3,10,7,0,APRIMORAMENTO DA GESTÃO PÚBLICA POR MEIO DE ENSINO DE EXCELÊNCIA,PROMOÇÃO DA INOVAÇÃO NO SETOR PÚBLICO,42108,43139,44196,45278
2024,1500,SECRETARIA DE ESTADO DE PLANEJAMENTO E GESTÃO - SEPLAG,2061,FUNDAÇÃO JOÃO PINHEIRO - FJP,12,364,91,4,247,4247,1,3,3,60,1,0,APRIMORAMENTO DA GESTÃO PÚBLICA POR MEIO DE ENSINO DE EXCELÊNCIA,PROMOÇÃO DA INOVAÇÃO NO SETOR PÚBLICO,67605,70877,74308,77904
2024,1500,SECRETARIA DE ESTADO DE PLANEJAMENTO E GESTÃO - SEPLAG,2061,FUNDAÇÃO JOÃO PINHEIRO - FJP,12,364,91,4,247,4247,1,4,4,10,1,0,APRIMORAMENTO DA GESTÃO PÚBLICA POR MEIO DE ENSINO DE EXCELÊNCIA,PROMOÇÃO DA INOVAÇÃO NO SETOR PÚBLICO,33400,33400,33400,33400
2024,1500,SECRETARIA DE ESTADO DE PLANEJAMENTO E GESTÃO - SEPLAG,2061,FUNDAÇÃO JOÃO PINHEIRO - FJP,13,573,93,4,248,4248,1,3,1,10,1,0,PROMOÇÃO E PRESERVAÇÃO DA MEMÓRIA TÉCNICO-CIENTÍFICA DO ESTADO DE MINAS GERAIS,MANUTENÇÃO DA BIBLIOTECA DIGITAL DE MINAS GERAIS RAYMUNDO NONATO DE CASTRO,1153223,1181464,1210396,1240037
2024,1500,SECRETARIA DE ESTADO DE PLANEJAMENTO E GESTÃO - SEPLAG,2061,FUNDAÇÃO JOÃO PINHEIRO - FJP,13,573,93,4,248,4248,1,3,3,10,1,0,PROMOÇÃO E PRESERVAÇÃO DA MEMÓRIA TÉCNICO-CIENTÍFICA DO ESTADO DE MINAS GERAIS,MANUTENÇÃO DA BIBLIOTECA DIGITAL DE MINAS GERAIS RAYMUNDO NONATO DE CASTRO,474711,497687,521775,547029
2024,1500,SECRETARIA DE ESTADO DE PLANEJAMENTO E GESTÃO - SEPLAG,2061,FUNDAÇÃO JOÃO PINHEIRO - FJP,13,573,93,4,248,4248,1,3,3,10,7,0,PROMOÇÃO E PRESERVAÇÃO DA MEMÓRIA TÉCNICO-CIENTÍFICA DO ESTADO DE MINAS GERAIS,MANUTENÇÃO DA BIBLIOTECA DIGITAL DE MINAS GERAIS RAYMUNDO NONATO DE CASTRO,198924,203796,208786,213900
2024,1500,SECRETARIA DE ESTADO DE PLANEJAMENTO E GESTÃO - SEPLAG,2061,FUNDAÇÃO JOÃO PINHEIRO - FJP,28,846,705,7,4,7004,1,3,1,10,9,0,APOIO ÀS POLÍTICAS PÚBLICAS,PRECATÓRIOS E SENTENÇAS JUDICIÁRIAS,701975,1000,1000,1000
2024,1500,SECRETARIA DE ESTADO DE PLANEJAMENTO E GESTÃO - SEPLAG,2331,INSTITUTO DE METROLOGIA E QUALIDADE DO ESTADO DE MINAS GERAIS - IPEMMG,4,122,705,2,500,2500,1,3,1,10,1,0,APOIO ÀS POLÍTICAS PÚBLICAS,ASSESSORAMENTO E GERENCIAMENTO DE POLÍTICAS PÚBLICAS,23724,27000,30355,33793
2024,1500,SECRETARIA DE ESTADO DE PLANEJAMENTO E GESTÃO - SEPLAG,2331,INSTITUTO DE METROLOGIA E QUALIDADE DO ESTADO DE MINAS GERAIS - IPEMMG,4,122,705,2,500,2500,1,3,1,73,1,0,APOIO ÀS POLÍTICAS PÚBLICAS,ASSESSORAMENTO E GERENCIAMENTO DE POLÍTICAS PÚBLICAS,2916018,2768198,2960377,3060377
2024,1500,SECRETARIA DE ESTADO DE PLANEJAMENTO E GESTÃO - SEPLAG,2331,INSTITUTO DE METROLOGIA E QUALIDADE DO ESTADO DE MINAS GERAIS - IPEMMG,4,122,705,2,500,2500,1,3,3,73,1,0,APOIO ÀS POLÍTICAS PÚBLICAS,ASSESSORAMENTO E GERENCIAMENTO DE POLÍTICAS PÚBLICAS,6568328,6606328,6606328,6606328
2024,1500,SECRETARIA DE ESTADO DE PLANEJAMENTO E GESTÃO - SEPLAG,2331,INSTITUTO DE METROLOGIA E QUALIDADE DO ESTADO DE MINAS GERAIS - IPEMMG,4,122,705,2,500,2500,1,3,3,73,7,0,APOIO ÀS POLÍTICAS PÚBLICAS,ASSESSORAMENTO E GERENCIAMENTO DE POLÍTICAS PÚBLICAS,529547,529547,529547,529547
2024,1500,SECRETARIA DE ESTADO DE PLANEJAMENTO E GESTÃO - SEPLAG,2331,INSTITUTO DE METROLOGIA E QUALIDADE DO ESTADO DE MINAS GERAIS - IPEMMG,4,122,705,2,500,2500,1,4,4,73,1,0,APOIO ÀS POLÍTICAS PÚBLICAS,ASSESSORAMENTO E GERENCIAMENTO DE POLÍTICAS PÚBLICAS,400000,400000,400000,400000
2024,1500,SECRETARIA DE ESTADO DE PLANEJAMENTO E GESTÃO - SEPLAG,2331,INSTITUTO DE METROLOGIA E QUALIDADE DO ESTADO DE MINAS GERAIS - IPEMMG,23,125,12,4,24,4024,1,3,1,10,1,0,POLÍTICA PÚBLICA DE METROLOGIA E AVALIAÇÃO DA CONFORMIDADE,EXECUÇÃO DO CONTROLE METROLÓGICO NO ESTADO DE MINAS GERAIS,103917,104013,104112,104213
2024,1500,SECRETARIA DE ESTADO DE PLANEJAMENTO E GESTÃO - SEPLAG,2331,INSTITUTO DE METROLOGIA E QUALIDADE DO ESTADO DE MINAS GERAIS - IPEMMG,23,125,12,4,24,4024,1,3,1,73,1,0,POLÍTICA PÚBLICA DE METROLOGIA E AVALIAÇÃO DA CONFORMIDADE,EXECUÇÃO DO CONTROLE METROLÓGICO NO ESTADO DE MINAS GERAIS,9810486,10285262,10428045,10671208
2024,1500,SECRETARIA DE ESTADO DE PLANEJAMENTO E GESTÃO - SEPLAG,2331,INSTITUTO DE METROLOGIA E QUALIDADE DO ESTADO DE MINAS GERAIS - IPEMMG,23,125,12,4,24,4024,1,3,3,73,1,0,POLÍTICA PÚBLICA DE METROLOGIA E AVALIAÇÃO DA CONFORMIDADE,EXECUÇÃO DO CONTROLE METROLÓGICO NO ESTADO DE MINAS GERAIS,10903621,10890307,10880679,10870816
2024,1500,SECRETARIA DE ESTADO DE PLANEJAMENTO E GESTÃO - SEPLAG,2331,INSTITUTO DE METROLOGIA E QUALIDADE DO ESTADO DE MINAS GERAIS - IPEMMG,23,125,12,4,24,4024,1,3,3,73,7,0,POLÍTICA PÚBLICA DE METROLOGIA E AVALIAÇÃO DA CONFORMIDADE,EXECUÇÃO DO CONTROLE METROLÓGICO NO ESTADO DE MINAS GERAIS,2111464,2179054,2248300,2319241
2024,1500,SECRETARIA DE ESTADO DE PLANEJAMENTO E GESTÃO - SEPLAG,2331,INSTITUTO DE METROLOGIA E QUALIDADE DO ESTADO DE MINAS GERAIS - IPEMMG,23,125,12,4,24,4024,1,4,4,73,1,0,POLÍTICA PÚBLICA DE METROLOGIA E AVALIAÇÃO DA CONFORMIDADE,EXECUÇÃO DO CONTROLE METROLÓGICO NO ESTADO DE MINAS GERAIS,1000000,1000000,1000000,1000000
2024,1500,SECRETARIA DE ESTADO DE PLANEJAMENTO E GESTÃO - SEPLAG,2331,INSTITUTO DE METROLOGIA E QUALIDADE DO ESTADO DE MINAS GERAIS - IPEMMG,23,665,12,4,26,4026,1,3,1,10,1,0,POLÍTICA PÚBLICA DE METROLOGIA E AVALIAÇÃO DA CONFORMIDADE,AVALIAÇÃO DA CONFORMIDADE DE PRODUTOS E SERVIÇOS NO MERCADO MINEIRO (VISITAS),10000,10000,10000,10000
2024,1500,SECRETARIA DE ESTADO DE PLANEJAMENTO E GESTÃO - SEPLAG,2331,INSTITUTO DE METROLOGIA E QUALIDADE DO ESTADO DE MINAS GERAIS - IPEMMG,23,665,12,4,26,4026,1,3,1,73,1,0,POLÍTICA PÚBLICA DE METROLOGIA E AVALIAÇÃO DA CONFORMIDADE,AVALIAÇÃO DA CONFORMIDADE DE PRODUTOS E SERVIÇOS NO MERCADO MINEIRO (VISITAS),624788,624787,624787,624787
2024,1500,SECRETARIA DE ESTADO DE PLANEJAMENTO E GESTÃO - SEPLAG,2331,INSTITUTO DE METROLOGIA E QUALIDADE DO ESTADO DE MINAS GERAIS - IPEMMG,23,665,12,4,26,4026,1,3,3,73,1,0,POLÍTICA PÚBLICA DE METROLOGIA E AVALIAÇÃO DA CONFORMIDADE,AVALIAÇÃO DA CONFORMIDADE DE PRODUTOS E SERVIÇOS NO MERCADO MINEIRO (VISITAS),340000,340000,340000,340000
2024,1500,SECRETARIA DE ESTADO DE PLANEJAMENTO E GESTÃO - SEPLAG,2331,INSTITUTO DE METROLOGIA E QUALIDADE DO ESTADO DE MINAS GERAIS - IPEMMG,23,665,12,4,26,4026,1,3,3,73,7,0,POLÍTICA PÚBLICA DE METROLOGIA E AVALIAÇÃO DA CONFORMIDADE,AVALIAÇÃO DA CONFORMIDADE DE PRODUTOS E SERVIÇOS NO MERCADO MINEIRO (VISITAS),119025,119025,119025,119025
2024,1500,SECRETARIA DE ESTADO DE PLANEJAMENTO E GESTÃO - SEPLAG,2331,INSTITUTO DE METROLOGIA E QUALIDADE DO ESTADO DE MINAS GERAIS - IPEMMG,23,665,12,4,26,4026,1,4,4,73,1,0,POLÍTICA PÚBLICA DE METROLOGIA E AVALIAÇÃO DA CONFORMIDADE,AVALIAÇÃO DA CONFORMIDADE DE PRODUTOS E SERVIÇOS NO MERCADO MINEIRO (VISITAS),100000,100000,100000,100000
2024,1500,SECRETARIA DE ESTADO DE PLANEJAMENTO E GESTÃO - SEPLAG,2331,INSTITUTO DE METROLOGIA E QUALIDADE DO ESTADO DE MINAS GERAIS - IPEMMG,28,846,705,7,4,7004,1,3,1,73,9,0,APOIO ÀS POLÍTICAS PÚBLICAS,PRECATÓRIOS E SENTENÇAS JUDICIÁRIAS,423723,1000,1000,1000
2024,1500,SECRETARIA DE ESTADO DE PLANEJAMENTO E GESTÃO - SEPLAG,4551,FUNDO DE ASSISTÊNCIA AO PECÚLIO DOS SERVIDORES DO ESTADO DE MINAS GERAIS - FUNAPEC,9,272,138,4,404,4404,1,3,3,60,1,0,"CONCESSÃO DE AUXÍLIO FINANCEIRO, SEGURO E PECÚLIO",ASSISTÊNCIA AO SEGURO E PECÚLIO DOS SERVIDORES DO ESTADO DE MINAS GERAIS,71162817,74607097,78218081,82003836
2024,1500,SECRETARIA DE ESTADO DE PLANEJAMENTO E GESTÃO - SEPLAG,4551,FUNDO DE ASSISTÊNCIA AO PECÚLIO DOS SERVIDORES DO ESTADO DE MINAS GERAIS - FUNAPEC,28,846,705,7,4,7004,1,3,3,60,9,0,APOIO ÀS POLÍTICAS PÚBLICAS,PRECATÓRIOS E SENTENÇAS JUDICIÁRIAS,1000,1000,1000,1000
2024,1500,SECRETARIA DE ESTADO DE PLANEJAMENTO E GESTÃO - SEPLAG,4711,FUNDO FINANCEIRO DE PREVIDÊNCIA DO ESTADO DE MINAS GERAIS - FFP - MG,9,272,705,7,5,7005,1,3,1,10,1,0,APOIO ÀS POLÍTICAS PÚBLICAS,BENEFÍCIOS PREVIDENCIÁRIOS - SECOM,1000,1000,1000,1000
2024,1500,SECRETARIA DE ESTADO DE PLANEJAMENTO E GESTÃO - SEPLAG,4711,FUNDO FINANCEIRO DE PREVIDÊNCIA DO ESTADO DE MINAS GERAIS - FFP - MG,9,272,705,7,5,7005,1,3,3,10,1,0,APOIO ÀS POLÍTICAS PÚBLICAS,BENEFÍCIOS PREVIDENCIÁRIOS - SECOM,0,0,0,0
2024,1500,SECRETARIA DE ESTADO DE PLANEJAMENTO E GESTÃO - SEPLAG,4711,FUNDO FINANCEIRO DE PREVIDÊNCIA DO ESTADO DE MINAS GERAIS - FFP - MG,9,272,705,7,8,7008,1,3,1,10,1,0,APOIO ÀS POLÍTICAS PÚBLICAS,BENEFÍCIO PREVIDENCIÁRIO DE PENSÃO,22835542,24017714,25261085,26568824
2024,1500,SECRETARIA DE ESTADO DE PLANEJAMENTO E GESTÃO - SEPLAG,4711,FUNDO FINANCEIRO DE PREVIDÊNCIA DO ESTADO DE MINAS GERAIS - FFP - MG,9,272,705,7,8,7008,1,3,1,42,1,0,APOIO ÀS POLÍTICAS PÚBLICAS,BENEFÍCIO PREVIDENCIÁRIO DE PENSÃO,2688489322,2827669474,2974054830,3128018396
2024,1500,SECRETARIA DE ESTADO DE PLANEJAMENTO E GESTÃO - SEPLAG,4711,FUNDO FINANCEIRO DE PREVIDÊNCIA DO ESTADO DE MINAS GERAIS - FFP - MG,9,272,705,7,9,7009,1,3,1,10,1,0,APOIO ÀS POLÍTICAS PÚBLICAS,BENEFÍCIOS PREVIDENCIÁRIOS - CASA CIVIL,1000,1000,1000,1000
2024,1500,SECRETARIA DE ESTADO DE PLANEJAMENTO E GESTÃO - SEPLAG,4711,FUNDO FINANCEIRO DE PREVIDÊNCIA DO ESTADO DE MINAS GERAIS - FFP - MG,9,272,705,7,11,7011,1,3,1,10,1,0,APOIO ÀS POLÍTICAS PÚBLICAS,BENEFÍCIOS PREVIDENCIÁRIOS - ARMBH,1000,1000,1000,1000
2024,1500,SECRETARIA DE ESTADO DE PLANEJAMENTO E GESTÃO - SEPLAG,4711,FUNDO FINANCEIRO DE PREVIDÊNCIA DO ESTADO DE MINAS GERAIS - FFP - MG,9,272,705,7,12,7012,1,3,1,10,1,0,APOIO ÀS POLÍTICAS PÚBLICAS,BENEFÍCIOS PREVIDENCIÁRIOS - ESP-MG,1149689,1176274,1203473,1231301
2024,1500,SECRETARIA DE ESTADO DE PLANEJAMENTO E GESTÃO - SEPLAG,4711,FUNDO FINANCEIRO DE PREVIDÊNCIA DO ESTADO DE MINAS GERAIS - FFP - MG,9,272,705,7,14,7014,1,3,1,10,1,0,APOIO ÀS POLÍTICAS PÚBLICAS,BENEFÍCIOS PREVIDENCIÁRIOS - SEJUSP,61679286,63105458,64564607,66057494
2024,1500,SECRETARIA DE ESTADO DE PLANEJAMENTO E GESTÃO - SEPLAG,4711,FUNDO FINANCEIRO DE PREVIDÊNCIA DO ESTADO DE MINAS GERAIS - FFP - MG,9,272,705,7,15,7015,1,3,1,10,1,0,APOIO ÀS POLÍTICAS PÚBLICAS,BENEFÍCIOS PREVIDENCIÁRIOS - ARSAE-MG,1000,1000,1000,1000
2024,1500,SECRETARIA DE ESTADO DE PLANEJAMENTO E GESTÃO - SEPLAG,4711,FUNDO FINANCEIRO DE PREVIDÊNCIA DO ESTADO DE MINAS GERAIS - FFP - MG,9,272,705,7,16,7016,1,3,3,10,1,0,APOIO ÀS POLÍTICAS PÚBLICAS,COMPENSAÇÃO PREVIDENCIÁRIA FINANCEIRA ENTRE REGIMES DE PREVIDÊNCIA,1000000,1000000,1000000,1000000
2024,1500,SECRETARIA DE ESTADO DE PLANEJAMENTO E GESTÃO - SEPLAG,4711,FUNDO FINANCEIRO DE PREVIDÊNCIA DO ESTADO DE MINAS GERAIS - FFP - MG,9,272,705,7,17,7017,1,3,1,10,1,0,APOIO ÀS POLÍTICAS PÚBLICAS,BENEFÍCIOS PREVIDENCIÁRIOS - GABINETE MILITAR,4310568,4410240,4512216,4616550
2024,1500,SECRETARIA DE ESTADO DE PLANEJAMENTO E GESTÃO - SEPLAG,4711,FUNDO FINANCEIRO DE PREVIDÊNCIA DO ESTADO DE MINAS GERAIS - FFP - MG,9,272,705,7,18,7018,1,3,1,10,1,0,APOIO ÀS POLÍTICAS PÚBLICAS,BENEFÍCIOS PREVIDENCIÁRIOS - AGE,90531686,92624993,94766703,96957935
2024,1500,SECRETARIA DE ESTADO DE PLANEJAMENTO E GESTÃO - SEPLAG,4711,FUNDO FINANCEIRO DE PREVIDÊNCIA DO ESTADO DE MINAS GERAIS - FFP - MG,9,272,705,7,22,7022,1,3,1,42,1,0,APOIO ÀS POLÍTICAS PÚBLICAS,BENEFÍCIOS PREVIDENCIÁRIOS - FAPEMIG,543841,556416,569282,582446
2024,1500,SECRETARIA DE ESTADO DE PLANEJAMENTO E GESTÃO - SEPLAG,4711,FUNDO FINANCEIRO DE PREVIDÊNCIA DO ESTADO DE MINAS GERAIS - FFP - MG,9,272,705,7,22,7022,1,3,1,43,1,0,APOIO ÀS POLÍTICAS PÚBLICAS,BENEFÍCIOS PREVIDENCIÁRIOS - FAPEMIG,601372,615278,629505,644061
2024,1500,SECRETARIA DE ESTADO DE PLANEJAMENTO E GESTÃO - SEPLAG,4711,FUNDO FINANCEIRO DE PREVIDÊNCIA DO ESTADO DE MINAS GERAIS - FFP - MG,9,272,705,7,22,7022,1,3,1,60,2,0,APOIO ÀS POLÍTICAS PÚBLICAS,BENEFÍCIOS PREVIDENCIÁRIOS - FAPEMIG,11485,11752,12025,12304
2024,1500,SECRETARIA DE ESTADO DE PLANEJAMENTO E GESTÃO - SEPLAG,4711,FUNDO FINANCEIRO DE PREVIDÊNCIA DO ESTADO DE MINAS GERAIS - FFP - MG,9,272,705,7,23,7023,1,3,1,10,1,0,APOIO ÀS POLÍTICAS PÚBLICAS,PROVENTOS DE APOSENTADORIA E PENSÃO DE EXTINTOS CONVÊNIOS,11725684,12332711,12971163,13642667
2024,1500,SECRETARIA DE ESTADO DE PLANEJAMENTO E GESTÃO - SEPLAG,4711,FUNDO FINANCEIRO DE PREVIDÊNCIA DO ESTADO DE MINAS GERAIS - FFP - MG,9,272,705,7,23,7023,1,3,1,61,1,0,APOIO ÀS POLÍTICAS PÚBLICAS,PROVENTOS DE APOSENTADORIA E PENSÃO DE EXTINTOS CONVÊNIOS,71311821,75003556,78886409,82970273
2024,1500,SECRETARIA DE ESTADO DE PLANEJAMENTO E GESTÃO - SEPLAG,4711,FUNDO FINANCEIRO DE PREVIDÊNCIA DO ESTADO DE MINAS GERAIS - FFP - MG,9,272,705,7,27,7027,1,3,1,10,1,0,APOIO ÀS POLÍTICAS PÚBLICAS,BENEFÍCIOS PREVIDENCIÁRIOS - ALMG,1000,1000,1000,1000
2024,1500,SECRETARIA DE ESTADO DE PLANEJAMENTO E GESTÃO - SEPLAG,4711,FUNDO FINANCEIRO DE PREVIDÊNCIA DO ESTADO DE MINAS GERAIS - FFP - MG,9,272,705,7,28,7028,1,3,1,10,1,0,APOIO ÀS POLÍTICAS PÚBLICAS,BENEFÍCIOS PREVIDENCIÁRIOS - TJMG,1000,1000,1000,1000
2024,1500,SECRETARIA DE ESTADO DE PLANEJAMENTO E GESTÃO - SEPLAG,4711,FUNDO FINANCEIRO DE PREVIDÊNCIA DO ESTADO DE MINAS GERAIS - FFP - MG,9,272,705,7,31,7031,1,3,1,10,1,0,APOIO ÀS POLÍTICAS PÚBLICAS,BENEFÍCIOS PREVIDENCIÁRIOS - MPMG,1000,1000,1000,1000
2024,1500,SECRETARIA DE ESTADO DE PLANEJAMENTO E GESTÃO - SEPLAG,4711,FUNDO FINANCEIRO DE PREVIDÊNCIA DO ESTADO DE MINAS GERAIS - FFP - MG,9,272,705,7,32,7032,1,3,1,10,1,0,APOIO ÀS POLÍTICAS PÚBLICAS,BENEFÍCIOS PREVIDENCIÁRIOS - TJMMG,1000,1000,1000,1000
2024,1500,SECRETARIA DE ESTADO DE PLANEJAMENTO E GESTÃO - SEPLAG,4711,FUNDO FINANCEIRO DE PREVIDÊNCIA DO ESTADO DE MINAS GERAIS - FFP - MG,9,272,705,7,33,7033,1,3,1,10,1,0,APOIO ÀS POLÍTICAS PÚBLICAS,BENEFÍCIOS PREVIDENCIÁRIOS - TCEMG,1000,1000,1000,1000
2024,1500,SECRETARIA DE ESTADO DE PLANEJAMENTO E GESTÃO - SEPLAG,4711,FUNDO FINANCEIRO DE PREVIDÊNCIA DO ESTADO DE MINAS GERAIS - FFP - MG,9,272,705,7,34,7034,1,3,1,10,1,0,APOIO ÀS POLÍTICAS PÚBLICAS,BENEFÍCIOS PREVIDENCIÁRIOS - DEF PUB,1000,1000,1000,1000
2024,1500,SECRETARIA DE ESTADO DE PLANEJAMENTO E GESTÃO - SEPLAG,4711,FUNDO FINANCEIRO DE PREVIDÊNCIA DO ESTADO DE MINAS GERAIS - FFP - MG,9,272,705,7,37,7037,1,3,1,10,1,0,APOIO ÀS POLÍTICAS PÚBLICAS,BENEFÍCIOS PREVIDENCIÁRIOS - SEF,6647706,6801418,6958684,7119586
2024,1500,SECRETARIA DE ESTADO DE PLANEJAMENTO E GESTÃO - SEPLAG,4711,FUNDO FINANCEIRO DE PREVIDÊNCIA DO ESTADO DE MINAS GERAIS - FFP - MG,9,272,705,7,37,7037,1,3,1,43,1,0,APOIO ÀS POLÍTICAS PÚBLICAS,BENEFÍCIOS PREVIDENCIÁRIOS - SEF,1425749325,1458716021,1492444985,1526953842
2024,1500,SECRETARIA DE ESTADO DE PLANEJAMENTO E GESTÃO - SEPLAG,4711,FUNDO FINANCEIRO DE PREVIDÊNCIA DO ESTADO DE MINAS GERAIS - FFP - MG,9,272,705,7,39,7039,1,3,1,10,1,0,APOIO ÀS POLÍTICAS PÚBLICAS,BENEFÍCIOS PREVIDENCIÁRIOS - ARMVA,1000,1000,1000,1000
2024,1500,SECRETARIA DE ESTADO DE PLANEJAMENTO E GESTÃO - SEPLAG,4711,FUNDO FINANCEIRO DE PREVIDÊNCIA DO ESTADO DE MINAS GERAIS - FFP - MG,9,272,705,7,40,7040,1,3,1,10,1,0,APOIO ÀS POLÍTICAS PÚBLICAS,BENEFÍCIOS PREVIDENCIÁRIOS - SEC GERAL,1000,1000,1000,1000
2024,1500,SECRETARIA DE ESTADO DE PLANEJAMENTO E GESTÃO - SEPLAG,4711,FUNDO FINANCEIRO DE PREVIDÊNCIA DO ESTADO DE MINAS GERAIS - FFP - MG,9,272,705,7,44,7044,1,3,1,10,1,0,APOIO ÀS POLÍTICAS PÚBLICAS,BENEFÍCIOS PREVIDENCIÁRIOS - CGE,1721585,1761393,1802121,1843791
2024,1500,SECRETARIA DE ESTADO DE PLANEJAMENTO E GESTÃO - SEPLAG,4711,FUNDO FINANCEIRO DE PREVIDÊNCIA DO ESTADO DE MINAS GERAIS - FFP - MG,9,272,705,7,46,7046,1,3,1,10,1,0,APOIO ÀS POLÍTICAS PÚBLICAS,BENEFÍCIOS PREVIDENCIÁRIOS - UNIMONTES,39602004,40517697,41454563,42413092
2024,1500,SECRETARIA DE ESTADO DE PLANEJAMENTO E GESTÃO - SEPLAG,4711,FUNDO FINANCEIRO DE PREVIDÊNCIA DO ESTADO DE MINAS GERAIS - FFP - MG,9,272,705,7,47,7047,1,3,1,10,1,0,APOIO ÀS POLÍTICAS PÚBLICAS,BENEFÍCIOS PREVIDENCIÁRIOS - IPEM/MG,10239693,10476460,10718702,10966545
2024,1500,SECRETARIA DE ESTADO DE PLANEJAMENTO E GESTÃO - SEPLAG,4711,FUNDO FINANCEIRO DE PREVIDÊNCIA DO ESTADO DE MINAS GERAIS - FFP - MG,9,272,705,7,48,7048,1,3,1,10,1,0,APOIO ÀS POLÍTICAS PÚBLICAS,BENEFÍCIOS PREVIDENCIÁRIOS - PCMG,1905183972,1949236331,1994307285,2040420385
2024,1500,SECRETARIA DE ESTADO DE PLANEJAMENTO E GESTÃO - SEPLAG,4711,FUNDO FINANCEIRO DE PREVIDÊNCIA DO ESTADO DE MINAS GERAIS - FFP - MG,9,272,705,7,49,7049,1,3,1,10,1,0,APOIO ÀS POLÍTICAS PÚBLICAS,BENEFÍCIOS PREVIDENCIÁRIOS - SEPLAG,121271450,124075533,126944453,129879710
2024,1500,SECRETARIA DE ESTADO DE PLANEJAMENTO E GESTÃO - SEPLAG,4711,FUNDO FINANCEIRO DE PREVIDÊNCIA DO ESTADO DE MINAS GERAIS - FFP - MG,9,272,705,7,51,7051,1,3,1,10,1,0,APOIO ÀS POLÍTICAS PÚBLICAS,BENEFÍCIOS PREVIDENCIÁRIOS - SEGOV,72223815,73893801,75602401,77350508
2024,1500,SECRETARIA DE ESTADO DE PLANEJAMENTO E GESTÃO - SEPLAG,4711,FUNDO FINANCEIRO DE PREVIDÊNCIA DO ESTADO DE MINAS GERAIS - FFP - MG,9,272,705,7,52,7052,1,3,1,10,1,0,APOIO ÀS POLÍTICAS PÚBLICAS,BENEFÍCIOS PREVIDENCIÁRIOS - SEDESE,46909047,47993696,49103425,50238813
2024,1500,SECRETARIA DE ESTADO DE PLANEJAMENTO E GESTÃO - SEPLAG,4711,FUNDO FINANCEIRO DE PREVIDÊNCIA DO ESTADO DE MINAS GERAIS - FFP - MG,9,272,705,7,55,7055,1,3,1,10,1,0,APOIO ÀS POLÍTICAS PÚBLICAS,BENEFÍCIOS PREVIDENCIÁRIOS - OGE,116265,118954,121706,124521
2024,1500,SECRETARIA DE ESTADO DE PLANEJAMENTO E GESTÃO - SEPLAG,4711,FUNDO FINANCEIRO DE PREVIDÊNCIA DO ESTADO DE MINAS GERAIS - FFP - MG,9,272,705,7,56,7056,1,3,1,10,1,0,APOIO ÀS POLÍTICAS PÚBLICAS,BENEFÍCIOS PREVIDENCIÁRIOS - SEDE,30136163,30832983,31545916,32275333
2024,1500,SECRETARIA DE ESTADO DE PLANEJAMENTO E GESTÃO - SEPLAG,4711,FUNDO FINANCEIRO DE PREVIDÊNCIA DO ESTADO DE MINAS GERAIS - FFP - MG,9,272,705,7,58,7058,1,3,1,10,1,0,APOIO ÀS POLÍTICAS PÚBLICAS,BENEFÍCIOS PREVIDENCIÁRIOS - SEAPA,25987853,26588755,27203551,27832563
2024,1500,SECRETARIA DE ESTADO DE PLANEJAMENTO E GESTÃO - SEPLAG,4711,FUNDO FINANCEIRO DE PREVIDÊNCIA DO ESTADO DE MINAS GERAIS - FFP - MG,9,272,705,7,59,7059,1,3,1,10,1,0,APOIO ÀS POLÍTICAS PÚBLICAS,BENEFÍCIOS PREVIDENCIÁRIOS - SECULT,13623964,13938983,14261286,14591042
2024,1500,SECRETARIA DE ESTADO DE PLANEJAMENTO E GESTÃO - SEPLAG,4711,FUNDO FINANCEIRO DE PREVIDÊNCIA DO ESTADO DE MINAS GERAIS - FFP - MG,9,272,705,7,60,7060,1,3,1,10,1,0,APOIO ÀS POLÍTICAS PÚBLICAS,BENEFÍCIOS PREVIDENCIÁRIOS - UEMG,25194111,25776659,26372678,26982478
2024,1500,SECRETARIA DE ESTADO DE PLANEJAMENTO E GESTÃO - SEPLAG,4711,FUNDO FINANCEIRO DE PREVIDÊNCIA DO ESTADO DE MINAS GERAIS - FFP - MG,9,272,705,7,61,7061,1,3,1,10,1,0,APOIO ÀS POLÍTICAS PÚBLICAS,BENEFÍCIOS PREVIDENCIÁRIOS - SEINFRA,4792195,4903003,5016373,5132364
2024,1500,SECRETARIA DE ESTADO DE PLANEJAMENTO E GESTÃO - SEPLAG,4711,FUNDO FINANCEIRO DE PREVIDÊNCIA DO ESTADO DE MINAS GERAIS - FFP - MG,9,272,705,7,63,7063,1,3,1,10,1,0,APOIO ÀS POLÍTICAS PÚBLICAS,BENEFÍCIOS PREVIDENCIÁRIOS - SEMAD,1453934,1487553,1521950,1557142
2024,1500,SECRETARIA DE ESTADO DE PLANEJAMENTO E GESTÃO - SEPLAG,4711,FUNDO FINANCEIRO DE PREVIDÊNCIA DO ESTADO DE MINAS GERAIS - FFP - MG,9,272,705,7,64,7064,1,3,1,10,1,0,APOIO ÀS POLÍTICAS PÚBLICAS,BENEFÍCIOS PREVIDENCIÁRIOS - PMMG,22290267,22805671,23332993,23872507
2024,1500,SECRETARIA DE ESTADO DE PLANEJAMENTO E GESTÃO - SEPLAG,4711,FUNDO FINANCEIRO DE PREVIDÊNCIA DO ESTADO DE MINAS GERAIS - FFP - MG,9,272,705,7,65,7065,1,3,1,10,1,0,APOIO ÀS POLÍTICAS PÚBLICAS,BENEFÍCIOS PREVIDENCIÁRIOS - CBMMG,1000,1000,1000,1000
2024,1500,SECRETARIA DE ESTADO DE PLANEJAMENTO E GESTÃO - SEPLAG,4711,FUNDO FINANCEIRO DE PREVIDÊNCIA DO ESTADO DE MINAS GERAIS - FFP - MG,9,272,705,7,88,7088,1,3,1,10,1,0,APOIO ÀS POLÍTICAS PÚBLICAS,BENEFÍCIOS PREVIDENCIÁRIOS - IMA,53226034,54456747,55715917,57004202
2024,1500,SECRETARIA DE ESTADO DE PLANEJAMENTO E GESTÃO - SEPLAG,4711,FUNDO FINANCEIRO DE PREVIDÊNCIA DO ESTADO DE MINAS GERAIS - FFP - MG,9,272,705,7,89,7089,1,3,1,10,1,0,APOIO ÀS POLÍTICAS PÚBLICAS,BENEFÍCIOS PREVIDENCIÁRIOS - FHA,1962313,2007688,2054112,2101609
2024,1500,SECRETARIA DE ESTADO DE PLANEJAMENTO E GESTÃO - SEPLAG,4711,FUNDO FINANCEIRO DE PREVIDÊNCIA DO ESTADO DE MINAS GERAIS - FFP - MG,9,272,705,7,91,7091,1,3,1,10,1,0,APOIO ÀS POLÍTICAS PÚBLICAS,BENEFÍCIOS PREVIDENCIÁRIOS - FUCAM,2858264,2924355,2991974,3061157
2024,1500,SECRETARIA DE ESTADO DE PLANEJAMENTO E GESTÃO - SEPLAG,4711,FUNDO FINANCEIRO DE PREVIDÊNCIA DO ESTADO DE MINAS GERAIS - FFP - MG,9,272,705,7,94,7094,1,3,1,10,1,0,APOIO ÀS POLÍTICAS PÚBLICAS,BENEFÍCIOS PREVIDENCIÁRIOS - FAOP,107818,110312,112864,115474
2024,1500,SECRETARIA DE ESTADO DE PLANEJAMENTO E GESTÃO - SEPLAG,4711,FUNDO FINANCEIRO DE PREVIDÊNCIA DO ESTADO DE MINAS GERAIS - FFP - MG,9,272,705,7,96,7096,1,3,1,10,1,0,APOIO ÀS POLÍTICAS PÚBLICAS,BENEFÍCIOS PREVIDENCIÁRIOS - FCS,7456892,7629314,7805722,7986210
2024,1500,SECRETARIA DE ESTADO DE PLANEJAMENTO E GESTÃO - SEPLAG,4711,FUNDO FINANCEIRO DE PREVIDÊNCIA DO ESTADO DE MINAS GERAIS - FFP - MG,9,272,705,7,104,7104,1,3,1,10,1,0,APOIO ÀS POLÍTICAS PÚBLICAS,BENEFÍCIOS PREVIDENCIÁRIOS - IEPHA,4303709,4403222,4505036,4609204
2024,1500,SECRETARIA DE ESTADO DE PLANEJAMENTO E GESTÃO - SEPLAG,4711,FUNDO FINANCEIRO DE PREVIDÊNCIA DO ESTADO DE MINAS GERAIS - FFP - MG,9,272,705,7,105,7105,1,3,1,10,1,0,APOIO ÀS POLÍTICAS PÚBLICAS,BENEFÍCIOS PREVIDENCIÁRIOS - TV MINAS,1000,1000,1000,1000
2024,1500,SECRETARIA DE ESTADO DE PLANEJAMENTO E GESTÃO - SEPLAG,4711,FUNDO FINANCEIRO DE PREVIDÊNCIA DO ESTADO DE MINAS GERAIS - FFP - MG,9,272,705,7,205,7205,1,3,1,10,1,0,APOIO ÀS POLÍTICAS PÚBLICAS,BENEFÍCIOS PREVIDENCIÁRIOS - DEER,336003140,343772329,351721159,359853785
2024,1500,SECRETARIA DE ESTADO DE PLANEJAMENTO E GESTÃO - SEPLAG,4711,FUNDO FINANCEIRO DE PREVIDÊNCIA DO ESTADO DE MINAS GERAIS - FFP - MG,9,272,705,7,209,7209,1,3,1,60,2,0,APOIO ÀS POLÍTICAS PÚBLICAS,BENEFÍCIOS PREVIDENCIÁRIOS - FUNED,30860199,31573761,32303822,33050764
2024,1500,SECRETARIA DE ESTADO DE PLANEJAMENTO E GESTÃO - SEPLAG,4711,FUNDO FINANCEIRO DE PREVIDÊNCIA DO ESTADO DE MINAS GERAIS - FFP - MG,9,272,705,7,225,7225,1,3,1,60,2,0,APOIO ÀS POLÍTICAS PÚBLICAS,BENEFÍCIOS PREVIDENCIÁRIOS - FHEMIG,319867767,327263867,334830982,342573067
2024,1500,SECRETARIA DE ESTADO DE PLANEJAMENTO E GESTÃO - SEPLAG,4711,FUNDO FINANCEIRO DE PREVIDÊNCIA DO ESTADO DE MINAS GERAIS - FFP - MG,9,272,705,7,312,7312,1,3,1,60,2,0,APOIO ÀS POLÍTICAS PÚBLICAS,BENEFÍCIOS PREVIDENCIÁRIOS - HEMOMINAS,23179273,23715233,24263586,24824618
2024,1500,SECRETARIA DE ESTADO DE PLANEJAMENTO E GESTÃO - SEPLAG,4711,FUNDO FINANCEIRO DE PREVIDÊNCIA DO ESTADO DE MINAS GERAIS - FFP - MG,9,272,705,7,428,7428,1,3,1,42,1,0,APOIO ÀS POLÍTICAS PÚBLICAS,BENEFÍCIOS PREVIDENCIÁRIOS - FEAM,8139766,8327977,8520540,8717556
2024,1500,SECRETARIA DE ESTADO DE PLANEJAMENTO E GESTÃO - SEPLAG,4711,FUNDO FINANCEIRO DE PREVIDÊNCIA DO ESTADO DE MINAS GERAIS - FFP - MG,9,272,705,7,428,7428,1,3,1,43,1,0,APOIO ÀS POLÍTICAS PÚBLICAS,BENEFÍCIOS PREVIDENCIÁRIOS - FEAM,3134190,3206660,3280806,3356666
2024,1500,SECRETARIA DE ESTADO DE PLANEJAMENTO E GESTÃO - SEPLAG,4711,FUNDO FINANCEIRO DE PREVIDÊNCIA DO ESTADO DE MINAS GERAIS - FFP - MG,9,272,705,7,428,7428,1,3,1,52,2,0,APOIO ÀS POLÍTICAS PÚBLICAS,BENEFÍCIOS PREVIDENCIÁRIOS - FEAM,4795372,4906253,5019698,5135766
2024,1500,SECRETARIA DE ESTADO DE PLANEJAMENTO E GESTÃO - SEPLAG,4711,FUNDO FINANCEIRO DE PREVIDÊNCIA DO ESTADO DE MINAS GERAIS - FFP - MG,9,272,705,7,473,7473,1,3,1,10,1,0,APOIO ÀS POLÍTICAS PÚBLICAS,BENEFÍCIOS PREVIDENCIÁRIOS - IEF,30859452,31572997,32303041,33049965
2024,1500,SECRETARIA DE ESTADO DE PLANEJAMENTO E GESTÃO - SEPLAG,4711,FUNDO FINANCEIRO DE PREVIDÊNCIA DO ESTADO DE MINAS GERAIS - FFP - MG,9,272,705,7,484,7484,1,3,1,10,1,0,APOIO ÀS POLÍTICAS PÚBLICAS,BENEFÍCIOS PREVIDENCIÁRIOS - IGAM,3569604,3652143,3736590,3822989
2024,1500,SECRETARIA DE ESTADO DE PLANEJAMENTO E GESTÃO - SEPLAG,4711,FUNDO FINANCEIRO DE PREVIDÊNCIA DO ESTADO DE MINAS GERAIS - FFP - MG,9,272,705,7,529,7529,1,3,1,42,1,0,APOIO ÀS POLÍTICAS PÚBLICAS,BENEFÍCIOS PREVIDENCIÁRIOS - JUCEMG,3630642,3714592,3800483,3888360
2024,1500,SECRETARIA DE ESTADO DE PLANEJAMENTO E GESTÃO - SEPLAG,4711,FUNDO FINANCEIRO DE PREVIDÊNCIA DO ESTADO DE MINAS GERAIS - FFP - MG,9,272,705,7,529,7529,1,3,1,43,1,0,APOIO ÀS POLÍTICAS PÚBLICAS,BENEFÍCIOS PREVIDENCIÁRIOS - JUCEMG,1040647,1064710,1089329,1114517
2024,1500,SECRETARIA DE ESTADO DE PLANEJAMENTO E GESTÃO - SEPLAG,4711,FUNDO FINANCEIRO DE PREVIDÊNCIA DO ESTADO DE MINAS GERAIS - FFP - MG,9,272,705,7,529,7529,1,3,1,60,2,0,APOIO ÀS POLÍTICAS PÚBLICAS,BENEFÍCIOS PREVIDENCIÁRIOS - JUCEMG,3497298,3578165,3660901,3745551
2024,1500,SECRETARIA DE ESTADO DE PLANEJAMENTO E GESTÃO - SEPLAG,4711,FUNDO FINANCEIRO DE PREVIDÊNCIA DO ESTADO DE MINAS GERAIS - FFP - MG,9,272,705,7,586,7586,1,3,1,10,1,0,APOIO ÀS POLÍTICAS PÚBLICAS,BENEFÍCIOS PREVIDENCIÁRIOS - UTRAMIG,1144696,1171166,1198247,1225954
2024,1500,SECRETARIA DE ESTADO DE PLANEJAMENTO E GESTÃO - SEPLAG,4711,FUNDO FINANCEIRO DE PREVIDÊNCIA DO ESTADO DE MINAS GERAIS - FFP - MG,9,272,705,7,617,7617,1,3,1,42,1,0,APOIO ÀS POLÍTICAS PÚBLICAS,BENEFÍCIOS PREVIDENCIÁRIOS - LEMG,312226,319446,326833,334391
2024,1500,SECRETARIA DE ESTADO DE PLANEJAMENTO E GESTÃO - SEPLAG,4711,FUNDO FINANCEIRO DE PREVIDÊNCIA DO ESTADO DE MINAS GERAIS - FFP - MG,9,272,705,7,617,7617,1,3,1,43,1,0,APOIO ÀS POLÍTICAS PÚBLICAS,BENEFÍCIOS PREVIDENCIÁRIOS - LEMG,132639,135706,138844,142055
2024,1500,SECRETARIA DE ESTADO DE PLANEJAMENTO E GESTÃO - SEPLAG,4711,FUNDO FINANCEIRO DE PREVIDÊNCIA DO ESTADO DE MINAS GERAIS - FFP - MG,9,272,705,7,617,7617,1,3,1,60,2,0,APOIO ÀS POLÍTICAS PÚBLICAS,BENEFÍCIOS PREVIDENCIÁRIOS - LEMG,1851070,1893872,1937664,1982468
2024,1500,SECRETARIA DE ESTADO DE PLANEJAMENTO E GESTÃO - SEPLAG,4711,FUNDO FINANCEIRO DE PREVIDÊNCIA DO ESTADO DE MINAS GERAIS - FFP - MG,9,272,705,7,722,7722,1,3,1,10,1,0,APOIO ÀS POLÍTICAS PÚBLICAS,BENEFÍCIOS PREVIDENCIÁRIOS - FJP,25967650,26568085,27182403,27810925
2024,1500,SECRETARIA DE ESTADO DE PLANEJAMENTO E GESTÃO - SEPLAG,4711,FUNDO FINANCEIRO DE PREVIDÊNCIA DO ESTADO DE MINAS GERAIS - FFP - MG,9,272,705,7,725,7725,1,3,1,10,1,0,APOIO ÀS POLÍTICAS PÚBLICAS,BENEFÍCIOS PREVIDENCIÁRIOS - IPSEMG,224775885,229973236,235290762,240731241
2024,1500,SECRETARIA DE ESTADO DE PLANEJAMENTO E GESTÃO - SEPLAG,4711,FUNDO FINANCEIRO DE PREVIDÊNCIA DO ESTADO DE MINAS GERAIS - FFP - MG,9,272,705,7,840,7840,1,3,1,42,1,0,APOIO ÀS POLÍTICAS PÚBLICAS,BENEFÍCIOS PREVIDENCIÁRIOS - IPSM,1487061,1521446,1556626,1592619
2024,1500,SECRETARIA DE ESTADO DE PLANEJAMENTO E GESTÃO - SEPLAG,4711,FUNDO FINANCEIRO DE PREVIDÊNCIA DO ESTADO DE MINAS GERAIS - FFP - MG,9,272,705,7,840,7840,1,3,1,43,1,0,APOIO ÀS POLÍTICAS PÚBLICAS,BENEFÍCIOS PREVIDENCIÁRIOS - IPSM,597150,610958,625085,639539
2024,1500,SECRETARIA DE ESTADO DE PLANEJAMENTO E GESTÃO - SEPLAG,4711,FUNDO FINANCEIRO DE PREVIDÊNCIA DO ESTADO DE MINAS GERAIS - FFP - MG,9,272,705,7,840,7840,1,3,1,60,2,0,APOIO ÀS POLÍTICAS PÚBLICAS,BENEFÍCIOS PREVIDENCIÁRIOS - IPSM,1043510,1067640,1092327,1117585
2024,1500,SECRETARIA DE ESTADO DE PLANEJAMENTO E GESTÃO - SEPLAG,4711,FUNDO FINANCEIRO DE PREVIDÊNCIA DO ESTADO DE MINAS GERAIS - FFP - MG,9,272,705,7,939,7939,1,3,1,10,1,0,APOIO ÀS POLÍTICAS PÚBLICAS,BENEFÍCIOS PREVIDENCIÁRIOS - IDENE,2470955,2528091,2586547,2646355
2024,1500,SECRETARIA DE ESTADO DE PLANEJAMENTO E GESTÃO - SEPLAG,4711,FUNDO FINANCEIRO DE PREVIDÊNCIA DO ESTADO DE MINAS GERAIS - FFP - MG,9,272,705,7,957,7957,1,3,1,10,1,0,APOIO ÀS POLÍTICAS PÚBLICAS,BENEFÍCIOS PREVIDENCIÁRIOS - SEE,4860374560,4972757913,5087739834,5205380409
2024,1500,SECRETARIA DE ESTADO DE PLANEJAMENTO E GESTÃO - SEPLAG,4711,FUNDO FINANCEIRO DE PREVIDÊNCIA DO ESTADO DE MINAS GERAIS - FFP - MG,9,272,705,7,957,7957,1,3,1,15,1,0,APOIO ÀS POLÍTICAS PÚBLICAS,BENEFÍCIOS PREVIDENCIÁRIOS - SEE,2172954589,2223198437,2274604042,2327198266
2024,1500,SECRETARIA DE ESTADO DE PLANEJAMENTO E GESTÃO - SEPLAG,4711,FUNDO FINANCEIRO DE PREVIDÊNCIA DO ESTADO DE MINAS GERAIS - FFP - MG,9,272,705,7,957,7957,1,3,1,42,1,0,APOIO ÀS POLÍTICAS PÚBLICAS,BENEFÍCIOS PREVIDENCIÁRIOS - SEE,2293512902,2346544344,2400801998,2456314217
2024,1500,SECRETARIA DE ESTADO DE PLANEJAMENTO E GESTÃO - SEPLAG,4711,FUNDO FINANCEIRO DE PREVIDÊNCIA DO ESTADO DE MINAS GERAIS - FFP - MG,9,272,705,7,957,7957,1,3,1,43,1,0,APOIO ÀS POLÍTICAS PÚBLICAS,BENEFÍCIOS PREVIDENCIÁRIOS - SEE,771890081,789738005,807998615,826681454
2024,1500,SECRETARIA DE ESTADO DE PLANEJAMENTO E GESTÃO - SEPLAG,4711,FUNDO FINANCEIRO DE PREVIDÊNCIA DO ESTADO DE MINAS GERAIS - FFP - MG,9,272,705,7,957,7957,1,3,1,44,1,0,APOIO ÀS POLÍTICAS PÚBLICAS,BENEFÍCIOS PREVIDENCIÁRIOS - SEE,37732510,38604975,39497614,40410893
2024,1500,SECRETARIA DE ESTADO DE PLANEJAMENTO E GESTÃO - SEPLAG,4711,FUNDO FINANCEIRO DE PREVIDÊNCIA DO ESTADO DE MINAS GERAIS - FFP - MG,9,272,705,7,959,7959,1,3,1,10,1,0,APOIO ÀS POLÍTICAS PÚBLICAS,BENEFÍCIOS PREVIDENCIÁRIOS - SES,407952339,417385163,427036096,436910181
2024,1500,SECRETARIA DE ESTADO DE PLANEJAMENTO E GESTÃO - SEPLAG,4711,FUNDO FINANCEIRO DE PREVIDÊNCIA DO ESTADO DE MINAS GERAIS - FFP - MG,28,846,705,7,4,7004,1,3,1,60,9,0,APOIO ÀS POLÍTICAS PÚBLICAS,PRECATÓRIOS E SENTENÇAS JUDICIÁRIAS,1000,1000,1000,1000
2024,1510,POLÍCIA CIVIL DO ESTADO DE MINAS GERAIS - PCMG,1511,POLÍCIA CIVIL DO ESTADO DE MINAS GERAIS - PCMG,6,122,705,2,500,2500,1,3,1,10,1,0,APOIO ÀS POLÍTICAS PÚBLICAS,ASSESSORAMENTO E GERENCIAMENTO DE POLÍTICAS PÚBLICAS,144856155,163024077,165801603,168636491
2024,1510,POLÍCIA CIVIL DO ESTADO DE MINAS GERAIS - PCMG,1511,POLÍCIA CIVIL DO ESTADO DE MINAS GERAIS - PCMG,6,122,705,2,500,2500,1,3,3,10,1,0,APOIO ÀS POLÍTICAS PÚBLICAS,ASSESSORAMENTO E GERENCIAMENTO DE POLÍTICAS PÚBLICAS,8617170,9034241,9471498,9929919
2024,1510,POLÍCIA CIVIL DO ESTADO DE MINAS GERAIS - PCMG,1511,POLÍCIA CIVIL DO ESTADO DE MINAS GERAIS - PCMG,6,122,705,2,500,2500,1,3,3,10,7,0,APOIO ÀS POLÍTICAS PÚBLICAS,ASSESSORAMENTO E GERENCIAMENTO DE POLÍTICAS PÚBLICAS,6829047,6996280,7167608,7343131
2024,1510,POLÍCIA CIVIL DO ESTADO DE MINAS GERAIS - PCMG,1511,POLÍCIA CIVIL DO ESTADO DE MINAS GERAIS - PCMG,6,122,705,2,500,2500,1,4,4,10,1,0,APOIO ÀS POLÍTICAS PÚBLICAS,ASSESSORAMENTO E GERENCIAMENTO DE POLÍTICAS PÚBLICAS,18000,18000,18000,18000
2024,1510,POLÍCIA CIVIL DO ESTADO DE MINAS GERAIS - PCMG,1511,POLÍCIA CIVIL DO ESTADO DE MINAS GERAIS - PCMG,6,122,705,7,10,7010,1,3,3,10,7,0,APOIO ÀS POLÍTICAS PÚBLICAS,BENEFÍCIOS ASSISTENCIAIS,4144071,4245552,4349519,4456032
2024,1510,POLÍCIA CIVIL DO ESTADO DE MINAS GERAIS - PCMG,1511,POLÍCIA CIVIL DO ESTADO DE MINAS GERAIS - PCMG,6,128,37,4,66,4066,1,3,1,10,1,0,VALORIZAÇÃO E SAÚDE DO SERVIDOR,FORMAÇÃO E CAPACITAÇÃO,77356519,90489752,92113364,93773772
2024,1510,POLÍCIA CIVIL DO ESTADO DE MINAS GERAIS - PCMG,1511,POLÍCIA CIVIL DO ESTADO DE MINAS GERAIS - PCMG,6,128,37,4,66,4066,1,3,3,10,1,0,VALORIZAÇÃO E SAÚDE DO SERVIDOR,FORMAÇÃO E CAPACITAÇÃO,5848611,7180084,7527600,7891936
2024,1510,POLÍCIA CIVIL DO ESTADO DE MINAS GERAIS - PCMG,1511,POLÍCIA CIVIL DO ESTADO DE MINAS GERAIS - PCMG,6,128,37,4,66,4066,1,3,3,10,7,0,VALORIZAÇÃO E SAÚDE DO SERVIDOR,FORMAÇÃO E CAPACITAÇÃO,4696713,4811728,4929560,5050277
2024,1510,POLÍCIA CIVIL DO ESTADO DE MINAS GERAIS - PCMG,1511,POLÍCIA CIVIL DO ESTADO DE MINAS GERAIS - PCMG,6,128,37,4,66,4066,1,4,4,10,1,0,VALORIZAÇÃO E SAÚDE DO SERVIDOR,FORMAÇÃO E CAPACITAÇÃO,580818,580818,580818,580818
2024,1510,POLÍCIA CIVIL DO ESTADO DE MINAS GERAIS - PCMG,1511,POLÍCIA CIVIL DO ESTADO DE MINAS GERAIS - PCMG,6,181,32,1,3,1003,1,3,3,10,1,1,INVESTIGAÇÃO,PROCEDIMENTO DE POLÍCIA JUDICIÁRIA ELETRÔNICO - PPJ-E,1000,1049,1099,1152
2024,1510,POLÍCIA CIVIL DO ESTADO DE MINAS GERAIS - PCMG,1511,POLÍCIA CIVIL DO ESTADO DE MINAS GERAIS - PCMG,6,181,32,1,5,1005,1,3,3,10,1,0,INVESTIGAÇÃO,PROJETO DELEGACIA RURAL,1000,1000,1000,1000
2024,1510,POLÍCIA CIVIL DO ESTADO DE MINAS GERAIS - PCMG,1511,POLÍCIA CIVIL DO ESTADO DE MINAS GERAIS - PCMG,6,181,32,1,6,1006,1,3,3,10,1,0,INVESTIGAÇÃO,ENFRENTAMENTO À VIOLÊNCIA CONTRA A MULHER,761000,1000,1000,1000
2024,1510,POLÍCIA CIVIL DO ESTADO DE MINAS GERAIS - PCMG,1511,POLÍCIA CIVIL DO ESTADO DE MINAS GERAIS - PCMG,6,181,32,1,7,1007,1,3,3,10,1,0,INVESTIGAÇÃO,MODERNIZAÇÃO DA POLÍCIA JUDICIÁRIA,1000,1000,1000,1000
2024,1510,POLÍCIA CIVIL DO ESTADO DE MINAS GERAIS - PCMG,1511,POLÍCIA CIVIL DO ESTADO DE MINAS GERAIS - PCMG,6,181,32,1,51,1051,1,3,3,10,1,0,INVESTIGAÇÃO,IMPLEMENTAÇÃO DA CADEIA DE CUSTÓDIA DA PROVA EM MINAS GERAIS,1000,1000,1000,1000
2024,1510,POLÍCIA CIVIL DO ESTADO DE MINAS GERAIS - PCMG,1511,POLÍCIA CIVIL DO ESTADO DE MINAS GERAIS - PCMG,6,181,32,1,52,1052,1,3,3,10,1,0,INVESTIGAÇÃO,APRIMORAMENTO DA INVESTIGAÇÃO DE HOMICÍDIOS,1000,1000,1000,1000
2024,1510,POLÍCIA CIVIL DO ESTADO DE MINAS GERAIS - PCMG,1511,POLÍCIA CIVIL DO ESTADO DE MINAS GERAIS - PCMG,6,181,32,4,60,4060,1,3,1,10,1,0,INVESTIGAÇÃO,GESTÃO DAS UNIDADES POLICIAIS,2061770089,2016479429,2044311226,2072466747
2024,1510,POLÍCIA CIVIL DO ESTADO DE MINAS GERAIS - PCMG,1511,POLÍCIA CIVIL DO ESTADO DE MINAS GERAIS - PCMG,6,181,32,4,60,4060,1,3,3,1,1,0,INVESTIGAÇÃO,GESTÃO DAS UNIDADES POLICIAIS,0,0,0,0
2024,1510,POLÍCIA CIVIL DO ESTADO DE MINAS GERAIS - PCMG,1511,POLÍCIA CIVIL DO ESTADO DE MINAS GERAIS - PCMG,6,181,32,4,60,4060,1,3,3,2,1,0,INVESTIGAÇÃO,GESTÃO DAS UNIDADES POLICIAIS,0,0,0,0
2024,1510,POLÍCIA CIVIL DO ESTADO DE MINAS GERAIS - PCMG,1511,POLÍCIA CIVIL DO ESTADO DE MINAS GERAIS - PCMG,6,181,32,4,60,4060,1,3,3,10,1,0,INVESTIGAÇÃO,GESTÃO DAS UNIDADES POLICIAIS,100594574,105211026,110303579,115642611
2024,1510,POLÍCIA CIVIL DO ESTADO DE MINAS GERAIS - PCMG,1511,POLÍCIA CIVIL DO ESTADO DE MINAS GERAIS - PCMG,6,181,32,4,60,4060,1,3,3,10,7,0,INVESTIGAÇÃO,GESTÃO DAS UNIDADES POLICIAIS,84413450,86480603,88598378,90768013
2024,1510,POLÍCIA CIVIL DO ESTADO DE MINAS GERAIS - PCMG,1511,POLÍCIA CIVIL DO ESTADO DE MINAS GERAIS - PCMG,6,181,32,4,60,4060,1,3,3,24,1,0,INVESTIGAÇÃO,GESTÃO DAS UNIDADES POLICIAIS,901000,0,0,0
2024,1510,POLÍCIA CIVIL DO ESTADO DE MINAS GERAIS - PCMG,1511,POLÍCIA CIVIL DO ESTADO DE MINAS GERAIS - PCMG,6,181,32,4,60,4060,1,3,3,70,1,0,INVESTIGAÇÃO,GESTÃO DAS UNIDADES POLICIAIS,241000,0,0,0
2024,1510,POLÍCIA CIVIL DO ESTADO DE MINAS GERAIS - PCMG,1511,POLÍCIA CIVIL DO ESTADO DE MINAS GERAIS - PCMG,6,181,32,4,60,4060,1,3,3,95,1,0,INVESTIGAÇÃO,GESTÃO DAS UNIDADES POLICIAIS,2371499,0,0,0
2024,1510,POLÍCIA CIVIL DO ESTADO DE MINAS GERAIS - PCMG,1511,POLÍCIA CIVIL DO ESTADO DE MINAS GERAIS - PCMG,6,181,32,4,60,4060,1,4,4,1,1,0,INVESTIGAÇÃO,GESTÃO DAS UNIDADES POLICIAIS,11390512,0,0,0
2024,1510,POLÍCIA CIVIL DO ESTADO DE MINAS GERAIS - PCMG,1511,POLÍCIA CIVIL DO ESTADO DE MINAS GERAIS - PCMG,6,181,32,4,60,4060,1,4,4,2,1,0,INVESTIGAÇÃO,GESTÃO DAS UNIDADES POLICIAIS,22201000,0,0,0
2024,1510,POLÍCIA CIVIL DO ESTADO DE MINAS GERAIS - PCMG,1511,POLÍCIA CIVIL DO ESTADO DE MINAS GERAIS - PCMG,6,181,32,4,60,4060,1,4,4,10,1,0,INVESTIGAÇÃO,GESTÃO DAS UNIDADES POLICIAIS,26081498,26081498,26081498,26081498
2024,1510,POLÍCIA CIVIL DO ESTADO DE MINAS GERAIS - PCMG,1511,POLÍCIA CIVIL DO ESTADO DE MINAS GERAIS - PCMG,6,181,32,4,60,4060,1,4,4,24,1,0,INVESTIGAÇÃO,GESTÃO DAS UNIDADES POLICIAIS,6000000,0,0,0
2024,1510,POLÍCIA CIVIL DO ESTADO DE MINAS GERAIS - PCMG,1511,POLÍCIA CIVIL DO ESTADO DE MINAS GERAIS - PCMG,6,181,32,4,60,4060,1,4,4,70,1,0,INVESTIGAÇÃO,GESTÃO DAS UNIDADES POLICIAIS,1000000,0,0,0
2024,1510,POLÍCIA CIVIL DO ESTADO DE MINAS GERAIS - PCMG,1511,POLÍCIA CIVIL DO ESTADO DE MINAS GERAIS - PCMG,6,181,32,4,60,4060,1,4,4,74,1,0,INVESTIGAÇÃO,GESTÃO DAS UNIDADES POLICIAIS,2000,0,0,0
2024,1510,POLÍCIA CIVIL DO ESTADO DE MINAS GERAIS - PCMG,1511,POLÍCIA CIVIL DO ESTADO DE MINAS GERAIS - PCMG,6,181,32,4,60,4060,1,4,4,95,1,0,INVESTIGAÇÃO,GESTÃO DAS UNIDADES POLICIAIS,7643425,0,0,0
2024,1510,POLÍCIA CIVIL DO ESTADO DE MINAS GERAIS - PCMG,1511,POLÍCIA CIVIL DO ESTADO DE MINAS GERAIS - PCMG,6,181,32,4,61,4061,1,3,1,10,1,0,INVESTIGAÇÃO,PERÍCIAS TÉCNICO-CIENTÍFICAS,272227239,295271978,300030041,304875405
2024,1510,POLÍCIA CIVIL DO ESTADO DE MINAS GERAIS - PCMG,1511,POLÍCIA CIVIL DO ESTADO DE MINAS GERAIS - PCMG,6,181,32,4,61,4061,1,3,3,10,1,0,INVESTIGAÇÃO,PERÍCIAS TÉCNICO-CIENTÍFICAS,10937518,11466894,12021892,12603751
2024,1510,POLÍCIA CIVIL DO ESTADO DE MINAS GERAIS - PCMG,1511,POLÍCIA CIVIL DO ESTADO DE MINAS GERAIS - PCMG,6,181,32,4,61,4061,1,3,3,10,7,0,INVESTIGAÇÃO,PERÍCIAS TÉCNICO-CIENTÍFICAS,9754809,9993689,10238419,10489142
2024,1510,POLÍCIA CIVIL DO ESTADO DE MINAS GERAIS - PCMG,1511,POLÍCIA CIVIL DO ESTADO DE MINAS GERAIS - PCMG,6,181,32,4,61,4061,1,4,4,10,1,0,INVESTIGAÇÃO,PERÍCIAS TÉCNICO-CIENTÍFICAS,119103,119103,119103,119103
2024,1510,POLÍCIA CIVIL DO ESTADO DE MINAS GERAIS - PCMG,1511,POLÍCIA CIVIL DO ESTADO DE MINAS GERAIS - PCMG,6,181,32,4,62,4062,1,3,3,10,1,0,INVESTIGAÇÃO,MODERNIZAÇÃO E AMPLIAÇÃO DO BANCO DE PERFIS GENÉTICOS,460552,482843,506212,530713
2024,1510,POLÍCIA CIVIL DO ESTADO DE MINAS GERAIS - PCMG,1511,POLÍCIA CIVIL DO ESTADO DE MINAS GERAIS - PCMG,6,181,32,4,63,4063,1,3,3,10,1,0,INVESTIGAÇÃO,CONSTRUÇÃO NÚCLEO INTEGRADO DE PERÍCIAS,1000,1000,1000,1000
2024,1510,POLÍCIA CIVIL DO ESTADO DE MINAS GERAIS - PCMG,1511,POLÍCIA CIVIL DO ESTADO DE MINAS GERAIS - PCMG,6,181,32,4,63,4063,1,4,4,95,1,0,INVESTIGAÇÃO,CONSTRUÇÃO NÚCLEO INTEGRADO DE PERÍCIAS,6000000,0,0,0
2024,1510,POLÍCIA CIVIL DO ESTADO DE MINAS GERAIS - PCMG,1511,POLÍCIA CIVIL DO ESTADO DE MINAS GERAIS - PCMG,6,181,32,4,67,4067,1,3,3,10,1,1,INVESTIGAÇÃO,IMPLANTAÇÃO DO PLANTÃO DIGITAL,1000,1048,1099,1152
2024,1510,POLÍCIA CIVIL DO ESTADO DE MINAS GERAIS - PCMG,1511,POLÍCIA CIVIL DO ESTADO DE MINAS GERAIS - PCMG,6,183,36,1,4,1004,1,3,3,10,1,0,IDENTIFICAÇÃO CIVIL E CRIMINAL,MODERNIZAÇÃO DA IDENTIFICAÇÃO CIVIL E CRIMINAL,0,1000,1000,1000
2024,1510,POLÍCIA CIVIL DO ESTADO DE MINAS GERAIS - PCMG,1511,POLÍCIA CIVIL DO ESTADO DE MINAS GERAIS - PCMG,6,183,36,1,4,1004,1,3,3,95,1,0,IDENTIFICAÇÃO CIVIL E CRIMINAL,MODERNIZAÇÃO DA IDENTIFICAÇÃO CIVIL E CRIMINAL,19624800,0,0,0
2024,1510,POLÍCIA CIVIL DO ESTADO DE MINAS GERAIS - PCMG,1511,POLÍCIA CIVIL DO ESTADO DE MINAS GERAIS - PCMG,6,422,36,4,65,4065,1,3,1,10,1,0,IDENTIFICAÇÃO CIVIL E CRIMINAL,IDENTIFICAÇÃO CIVIL E CRIMINAL,30061861,55715692,57331008,59008014
2024,1510,POLÍCIA CIVIL DO ESTADO DE MINAS GERAIS - PCMG,1511,POLÍCIA CIVIL DO ESTADO DE MINAS GERAIS - PCMG,6,422,36,4,65,4065,1,3,3,10,1,0,IDENTIFICAÇÃO CIVIL E CRIMINAL,IDENTIFICAÇÃO CIVIL E CRIMINAL,21853295,22910994,24019887,25182449
2024,1510,POLÍCIA CIVIL DO ESTADO DE MINAS GERAIS - PCMG,1511,POLÍCIA CIVIL DO ESTADO DE MINAS GERAIS - PCMG,6,422,36,4,65,4065,1,3,3,10,7,0,IDENTIFICAÇÃO CIVIL E CRIMINAL,IDENTIFICAÇÃO CIVIL E CRIMINAL,2244303,2299262,2355568,2413252
2024,1510,POLÍCIA CIVIL DO ESTADO DE MINAS GERAIS - PCMG,1511,POLÍCIA CIVIL DO ESTADO DE MINAS GERAIS - PCMG,6,422,36,4,65,4065,1,4,4,10,1,0,IDENTIFICAÇÃO CIVIL E CRIMINAL,IDENTIFICAÇÃO CIVIL E CRIMINAL,3733646,3733646,3733646,3733646
2024,1510,POLÍCIA CIVIL DO ESTADO DE MINAS GERAIS - PCMG,1511,POLÍCIA CIVIL DO ESTADO DE MINAS GERAIS - PCMG,10,302,37,2,8,2008,1,3,1,10,1,0,VALORIZAÇÃO E SAÚDE DO SERVIDOR,SAÚDE DO SERVIDOR,17679499,20593085,20945219,21304486
2024,1510,POLÍCIA CIVIL DO ESTADO DE MINAS GERAIS - PCMG,1511,POLÍCIA CIVIL DO ESTADO DE MINAS GERAIS - PCMG,10,302,37,2,8,2008,1,3,3,10,1,0,VALORIZAÇÃO E SAÚDE DO SERVIDOR,SAÚDE DO SERVIDOR,895764,939119,984572,1032226
2024,1510,POLÍCIA CIVIL DO ESTADO DE MINAS GERAIS - PCMG,1511,POLÍCIA CIVIL DO ESTADO DE MINAS GERAIS - PCMG,10,302,37,2,8,2008,1,3,3,10,7,0,VALORIZAÇÃO E SAÚDE DO SERVIDOR,SAÚDE DO SERVIDOR,1672642,1713602,1755565,1798557
2024,1510,POLÍCIA CIVIL DO ESTADO DE MINAS GERAIS - PCMG,1511,POLÍCIA CIVIL DO ESTADO DE MINAS GERAIS - PCMG,10,302,37,2,8,2008,1,4,4,10,1,0,VALORIZAÇÃO E SAÚDE DO SERVIDOR,SAÚDE DO SERVIDOR,35561,35561,35561,35561
2024,1510,POLÍCIA CIVIL DO ESTADO DE MINAS GERAIS - PCMG,1511,POLÍCIA CIVIL DO ESTADO DE MINAS GERAIS - PCMG,12,368,37,2,11,2011,1,3,1,10,1,0,VALORIZAÇÃO E SAÚDE DO SERVIDOR,COLÉGIO ORDEM E PROGRESSO,5586640,6468623,6582959,6699819
2024,1510,POLÍCIA CIVIL DO ESTADO DE MINAS GERAIS - PCMG,1511,POLÍCIA CIVIL DO ESTADO DE MINAS GERAIS - PCMG,12,368,37,2,11,2011,1,3,3,10,1,0,VALORIZAÇÃO E SAÚDE DO SERVIDOR,COLÉGIO ORDEM E PROGRESSO,443080,464525,487008,510579
2024,1510,POLÍCIA CIVIL DO ESTADO DE MINAS GERAIS - PCMG,1511,POLÍCIA CIVIL DO ESTADO DE MINAS GERAIS - PCMG,12,368,37,2,11,2011,1,3,3,10,7,0,VALORIZAÇÃO E SAÚDE DO SERVIDOR,COLÉGIO ORDEM E PROGRESSO,327014,335022,343226,351631
2024,1510,POLÍCIA CIVIL DO ESTADO DE MINAS GERAIS - PCMG,1511,POLÍCIA CIVIL DO ESTADO DE MINAS GERAIS - PCMG,12,368,37,2,11,2011,1,4,4,10,1,0,VALORIZAÇÃO E SAÚDE DO SERVIDOR,COLÉGIO ORDEM E PROGRESSO,12827,12827,12827,12827
2024,1520,CONTROLADORIA-GERAL DO ESTADO - CGE,1521,CONTROLADORIA-GERAL DO ESTADO - CGE,4,122,705,2,500,2500,1,3,1,10,1,0,APOIO ÀS POLÍTICAS PÚBLICAS,ASSESSORAMENTO E GERENCIAMENTO DE POLÍTICAS PÚBLICAS,7738745,7920000,8172000,8360000
2024,1520,CONTROLADORIA-GERAL DO ESTADO - CGE,1521,CONTROLADORIA-GERAL DO ESTADO - CGE,4,122,705,2,500,2500,1,3,3,10,1,0,APOIO ÀS POLÍTICAS PÚBLICAS,ASSESSORAMENTO E GERENCIAMENTO DE POLÍTICAS PÚBLICAS,677137,710994,742160,777871
2024,1520,CONTROLADORIA-GERAL DO ESTADO - CGE,1521,CONTROLADORIA-GERAL DO ESTADO - CGE,4,122,705,2,500,2500,1,3,3,10,7,0,APOIO ÀS POLÍTICAS PÚBLICAS,ASSESSORAMENTO E GERENCIAMENTO DE POLÍTICAS PÚBLICAS,792052,824534,858073,892699
2024,1520,CONTROLADORIA-GERAL DO ESTADO - CGE,1521,CONTROLADORIA-GERAL DO ESTADO - CGE,4,124,1,4,304,4304,1,3,1,10,1,0,MINAS ÍNTEGRA E TRANSPARENTE,PROMOÇÃO DO ACESSO À INFORMAÇÃO E DA TRANSPARÊNCIA,3874715,3952211,4051256,4111881
2024,1520,CONTROLADORIA-GERAL DO ESTADO - CGE,1521,CONTROLADORIA-GERAL DO ESTADO - CGE,4,124,1,4,304,4304,1,3,3,10,1,0,MINAS ÍNTEGRA E TRANSPARENTE,PROMOÇÃO DO ACESSO À INFORMAÇÃO E DA TRANSPARÊNCIA,595849,621257,652111,670828
2024,1520,CONTROLADORIA-GERAL DO ESTADO - CGE,1521,CONTROLADORIA-GERAL DO ESTADO - CGE,4,124,1,4,304,4304,1,3,3,10,7,0,MINAS ÍNTEGRA E TRANSPARENTE,PROMOÇÃO DO ACESSO À INFORMAÇÃO E DA TRANSPARÊNCIA,173662,177135,180678,184292
2024,1520,CONTROLADORIA-GERAL DO ESTADO - CGE,1521,CONTROLADORIA-GERAL DO ESTADO - CGE,4,124,1,4,304,4304,1,4,4,10,1,0,MINAS ÍNTEGRA E TRANSPARENTE,PROMOÇÃO DO ACESSO À INFORMAÇÃO E DA TRANSPARÊNCIA,603200,603200,603200,603200
2024,1520,CONTROLADORIA-GERAL DO ESTADO - CGE,1521,CONTROLADORIA-GERAL DO ESTADO - CGE,4,124,1,4,304,4304,1,4,4,95,1,0,MINAS ÍNTEGRA E TRANSPARENTE,PROMOÇÃO DO ACESSO À INFORMAÇÃO E DA TRANSPARÊNCIA,394291,0,0,0
2024,1520,CONTROLADORIA-GERAL DO ESTADO - CGE,1521,CONTROLADORIA-GERAL DO ESTADO - CGE,4,124,1,4,305,4305,1,3,1,10,1,0,MINAS ÍNTEGRA E TRANSPARENTE,FORTALECIMENTO DA INTEGRIDADE PÚBLICA E PRIVADA,2947972,3006930,3067069,3128410
2024,1520,CONTROLADORIA-GERAL DO ESTADO - CGE,1521,CONTROLADORIA-GERAL DO ESTADO - CGE,4,124,1,4,305,4305,1,3,3,10,1,0,MINAS ÍNTEGRA E TRANSPARENTE,FORTALECIMENTO DA INTEGRIDADE PÚBLICA E PRIVADA,72776,76415,80236,84247
2024,1520,CONTROLADORIA-GERAL DO ESTADO - CGE,1521,CONTROLADORIA-GERAL DO ESTADO - CGE,4,124,1,4,305,4305,1,3,3,10,7,0,MINAS ÍNTEGRA E TRANSPARENTE,FORTALECIMENTO DA INTEGRIDADE PÚBLICA E PRIVADA,127775,130331,132937,135596
2024,1520,CONTROLADORIA-GERAL DO ESTADO - CGE,1521,CONTROLADORIA-GERAL DO ESTADO - CGE,4,124,2,4,307,4307,1,3,1,10,1,0,AUDITORIA INTERNA PARA O FUTURO,FORTALECIMENTO DE SERVIÇOS DE AUDITORIA INTERNA PARA AGREGAR VALOR À GESTÃO PÚBLICA ESTADUAL,11627154,12000839,12296890,12672697
2024,1520,CONTROLADORIA-GERAL DO ESTADO - CGE,1521,CONTROLADORIA-GERAL DO ESTADO - CGE,4,124,2,4,307,4307,1,3,3,10,1,0,AUDITORIA INTERNA PARA O FUTURO,FORTALECIMENTO DE SERVIÇOS DE AUDITORIA INTERNA PARA AGREGAR VALOR À GESTÃO PÚBLICA ESTADUAL,280793,294833,309574,335524
2024,1520,CONTROLADORIA-GERAL DO ESTADO - CGE,1521,CONTROLADORIA-GERAL DO ESTADO - CGE,4,124,2,4,307,4307,1,3,3,10,7,0,AUDITORIA INTERNA PARA O FUTURO,FORTALECIMENTO DE SERVIÇOS DE AUDITORIA INTERNA PARA AGREGAR VALOR À GESTÃO PÚBLICA ESTADUAL,938863,957641,976794,996330
2024,1520,CONTROLADORIA-GERAL DO ESTADO - CGE,1521,CONTROLADORIA-GERAL DO ESTADO - CGE,4,124,2,4,308,4308,1,3,1,10,1,0,AUDITORIA INTERNA PARA O FUTURO,APRIMORAMENTO DA CAPACIDADE DE AUDITORIA INTERNA NOS PADRÕES INTERNACIONAIS,1793437,1829306,1865892,1903210
2024,1520,CONTROLADORIA-GERAL DO ESTADO - CGE,1521,CONTROLADORIA-GERAL DO ESTADO - CGE,4,124,2,4,308,4308,1,3,3,10,1,0,AUDITORIA INTERNA PARA O FUTURO,APRIMORAMENTO DA CAPACIDADE DE AUDITORIA INTERNA NOS PADRÕES INTERNACIONAIS,10000,10500,11025,11576
2024,1520,CONTROLADORIA-GERAL DO ESTADO - CGE,1521,CONTROLADORIA-GERAL DO ESTADO - CGE,4,124,2,4,308,4308,1,3,3,10,7,0,AUDITORIA INTERNA PARA O FUTURO,APRIMORAMENTO DA CAPACIDADE DE AUDITORIA INTERNA NOS PADRÕES INTERNACIONAIS,119197,121581,124013,126493
2024,1520,CONTROLADORIA-GERAL DO ESTADO - CGE,1521,CONTROLADORIA-GERAL DO ESTADO - CGE,4,124,2,4,309,4309,1,3,1,10,1,0,AUDITORIA INTERNA PARA O FUTURO,ESTRUTURAÇÃO TECNOLÓGICA E INSTITUCIONALIZAÇÃO DA AUDITORIA CONTÍNUA,1535036,1565737,1597051,1658992
2024,1520,CONTROLADORIA-GERAL DO ESTADO - CGE,1521,CONTROLADORIA-GERAL DO ESTADO - CGE,4,124,2,4,309,4309,1,3,3,10,1,0,AUDITORIA INTERNA PARA O FUTURO,ESTRUTURAÇÃO TECNOLÓGICA E INSTITUCIONALIZAÇÃO DA AUDITORIA CONTÍNUA,110000,115500,121275,127339
2024,1520,CONTROLADORIA-GERAL DO ESTADO - CGE,1521,CONTROLADORIA-GERAL DO ESTADO - CGE,4,124,2,4,309,4309,1,3,3,10,7,0,AUDITORIA INTERNA PARA O FUTURO,ESTRUTURAÇÃO TECNOLÓGICA E INSTITUCIONALIZAÇÃO DA AUDITORIA CONTÍNUA,118553,120924,123343,125809
2024,1520,CONTROLADORIA-GERAL DO ESTADO - CGE,1521,CONTROLADORIA-GERAL DO ESTADO - CGE,4,124,2,4,309,4309,1,3,3,95,1,0,AUDITORIA INTERNA PARA O FUTURO,ESTRUTURAÇÃO TECNOLÓGICA E INSTITUCIONALIZAÇÃO DA AUDITORIA CONTÍNUA,41105,0,0,0
2024,1520,CONTROLADORIA-GERAL DO ESTADO - CGE,1521,CONTROLADORIA-GERAL DO ESTADO - CGE,4,124,2,4,309,4309,1,4,4,95,1,0,AUDITORIA INTERNA PARA O FUTURO,ESTRUTURAÇÃO TECNOLÓGICA E INSTITUCIONALIZAÇÃO DA AUDITORIA CONTÍNUA,259074,0,0,0
2024,1520,CONTROLADORIA-GERAL DO ESTADO - CGE,1521,CONTROLADORIA-GERAL DO ESTADO - CGE,4,124,3,4,303,4303,1,3,1,10,1,0,ENFRENTAMENTO DA CORRUPÇÃO E RECUPERAÇÃO DE ATIVOS,EXECUÇÃO DE AÇÕES INVESTIGATIVAS E RECUPERAÇÃO DE ATIVOS,4647087,4740029,4834829,4971526
2024,1520,CONTROLADORIA-GERAL DO ESTADO - CGE,1521,CONTROLADORIA-GERAL DO ESTADO - CGE,4,124,3,4,303,4303,1,3,3,10,1,0,ENFRENTAMENTO DA CORRUPÇÃO E RECUPERAÇÃO DE ATIVOS,EXECUÇÃO DE AÇÕES INVESTIGATIVAS E RECUPERAÇÃO DE ATIVOS,378964,397912,417808,438698
2024,1520,CONTROLADORIA-GERAL DO ESTADO - CGE,1521,CONTROLADORIA-GERAL DO ESTADO - CGE,4,124,3,4,303,4303,1,3,3,10,7,0,ENFRENTAMENTO DA CORRUPÇÃO E RECUPERAÇÃO DE ATIVOS,EXECUÇÃO DE AÇÕES INVESTIGATIVAS E RECUPERAÇÃO DE ATIVOS,167188,170532,173942,177421
2024,1520,CONTROLADORIA-GERAL DO ESTADO - CGE,1521,CONTROLADORIA-GERAL DO ESTADO - CGE,4,124,3,4,310,4310,1,3,1,10,1,0,ENFRENTAMENTO DA CORRUPÇÃO E RECUPERAÇÃO DE ATIVOS,FORTALECIMENTO DA PREVENÇÃO A ILÍCITOS ADMINISTRATIVOS,3571171,3692000,3800000,3910000
2024,1520,CONTROLADORIA-GERAL DO ESTADO - CGE,1521,CONTROLADORIA-GERAL DO ESTADO - CGE,4,124,3,4,310,4310,1,3,3,10,1,0,ENFRENTAMENTO DA CORRUPÇÃO E RECUPERAÇÃO DE ATIVOS,FORTALECIMENTO DA PREVENÇÃO A ILÍCITOS ADMINISTRATIVOS,197036,206888,217232,228094
2024,1520,CONTROLADORIA-GERAL DO ESTADO - CGE,1521,CONTROLADORIA-GERAL DO ESTADO - CGE,4,124,3,4,310,4310,1,3,3,10,7,0,ENFRENTAMENTO DA CORRUPÇÃO E RECUPERAÇÃO DE ATIVOS,FORTALECIMENTO DA PREVENÇÃO A ILÍCITOS ADMINISTRATIVOS,309454,315643,321956,328395
2024,1520,CONTROLADORIA-GERAL DO ESTADO - CGE,1521,CONTROLADORIA-GERAL DO ESTADO - CGE,4,124,3,4,311,4311,1,3,1,10,1,0,ENFRENTAMENTO DA CORRUPÇÃO E RECUPERAÇÃO DE ATIVOS,APURAÇÃO DE RESPONSABILIDADE DE AGENTES PÚBLICOS E PESSOAS JURÍDICAS,6635417,6800124,6946461,7100557
2024,1520,CONTROLADORIA-GERAL DO ESTADO - CGE,1521,CONTROLADORIA-GERAL DO ESTADO - CGE,4,124,3,4,311,4311,1,3,3,10,1,0,ENFRENTAMENTO DA CORRUPÇÃO E RECUPERAÇÃO DE ATIVOS,APURAÇÃO DE RESPONSABILIDADE DE AGENTES PÚBLICOS E PESSOAS JURÍDICAS,130920,137466,144339,151556
2024,1520,CONTROLADORIA-GERAL DO ESTADO - CGE,1521,CONTROLADORIA-GERAL DO ESTADO - CGE,4,124,3,4,311,4311,1,3,3,10,7,0,ENFRENTAMENTO DA CORRUPÇÃO E RECUPERAÇÃO DE ATIVOS,APURAÇÃO DE RESPONSABILIDADE DE AGENTES PÚBLICOS E PESSOAS JURÍDICAS,619665,632058,644699,657593
2024,1520,CONTROLADORIA-GERAL DO ESTADO - CGE,1521,CONTROLADORIA-GERAL DO ESTADO - CGE,4,124,3,4,311,4311,1,4,4,95,1,0,ENFRENTAMENTO DA CORRUPÇÃO E RECUPERAÇÃO DE ATIVOS,APURAÇÃO DE RESPONSABILIDADE DE AGENTES PÚBLICOS E PESSOAS JURÍDICAS,459240,0,0,0
2024,1520,CONTROLADORIA-GERAL DO ESTADO - CGE,1521,CONTROLADORIA-GERAL DO ESTADO - CGE,4,124,4,4,312,4312,1,3,1,10,1,0,CGE INTEGRADA E EFICIENTE,FORTALECIMENTO DO CONTROLE INTERNO E DAS REDES DE CONTROLE,2046010,2086929,2128668,2171241
2024,1520,CONTROLADORIA-GERAL DO ESTADO - CGE,1521,CONTROLADORIA-GERAL DO ESTADO - CGE,4,124,4,4,312,4312,1,3,3,10,1,0,CGE INTEGRADA E EFICIENTE,FORTALECIMENTO DO CONTROLE INTERNO E DAS REDES DE CONTROLE,185150,194408,204128,214334
2024,1520,CONTROLADORIA-GERAL DO ESTADO - CGE,1521,CONTROLADORIA-GERAL DO ESTADO - CGE,4,124,4,4,313,4313,1,3,1,10,1,0,CGE INTEGRADA E EFICIENTE,COORDENAÇÃO DAS UNIDADES DESCENTRALIZADAS DA CGE,8707491,8881642,9100275,9290460
2024,1520,CONTROLADORIA-GERAL DO ESTADO - CGE,1521,CONTROLADORIA-GERAL DO ESTADO - CGE,4,124,4,4,313,4313,1,3,3,10,1,0,CGE INTEGRADA E EFICIENTE,COORDENAÇÃO DAS UNIDADES DESCENTRALIZADAS DA CGE,10152,10660,11193,11752
2024,1520,CONTROLADORIA-GERAL DO ESTADO - CGE,1521,CONTROLADORIA-GERAL DO ESTADO - CGE,4,124,4,4,313,4313,1,3,3,10,7,0,CGE INTEGRADA E EFICIENTE,COORDENAÇÃO DAS UNIDADES DESCENTRALIZADAS DA CGE,228327,232894,237551,242302
2024,1520,CONTROLADORIA-GERAL DO ESTADO - CGE,1521,CONTROLADORIA-GERAL DO ESTADO - CGE,4,126,4,4,314,4314,1,3,3,10,1,0,CGE INTEGRADA E EFICIENTE,GOVERNANÇA TIC PARA O CONTROLE INTERNO,72830,76472,80295,84310
2024,1520,CONTROLADORIA-GERAL DO ESTADO - CGE,1521,CONTROLADORIA-GERAL DO ESTADO - CGE,14,422,1,4,306,4306,1,3,1,10,1,0,MINAS ÍNTEGRA E TRANSPARENTE,FOMENTO AO CONTROLE SOCIAL,356126,363249,370513,377924
2024,1520,CONTROLADORIA-GERAL DO ESTADO - CGE,1521,CONTROLADORIA-GERAL DO ESTADO - CGE,14,422,1,4,306,4306,1,3,3,10,1,0,MINAS ÍNTEGRA E TRANSPARENTE,FOMENTO AO CONTROLE SOCIAL,16971,17820,18711,19646
2024,1520,CONTROLADORIA-GERAL DO ESTADO - CGE,1521,CONTROLADORIA-GERAL DO ESTADO - CGE,14,422,1,4,306,4306,1,3,3,10,7,0,MINAS ÍNTEGRA E TRANSPARENTE,FOMENTO AO CONTROLE SOCIAL,111549,113780,116056,118377
2024,1540,ESCOLA DE SAÚDE PÚBLICA DO ESTADO DE MINAS GERAIS - ESP MG,1541,ESCOLA DE SAÚDE PÚBLICA DO ESTADO DE MINAS GERAIS - ESP MG,10,122,705,2,500,2500,1,3,1,10,1,0,APOIO ÀS POLÍTICAS PÚBLICAS,ASSESSORAMENTO E GERENCIAMENTO DE POLÍTICAS PÚBLICAS,3262101,3355863,3452323,3551555
2024,1540,ESCOLA DE SAÚDE PÚBLICA DO ESTADO DE MINAS GERAIS - ESP MG,1541,ESCOLA DE SAÚDE PÚBLICA DO ESTADO DE MINAS GERAIS - ESP MG,10,122,705,2,500,2500,1,3,3,10,1,0,APOIO ÀS POLÍTICAS PÚBLICAS,ASSESSORAMENTO E GERENCIAMENTO DE POLÍTICAS PÚBLICAS,1968044,2063297,2163161,2267858
2024,1540,ESCOLA DE SAÚDE PÚBLICA DO ESTADO DE MINAS GERAIS - ESP MG,1541,ESCOLA DE SAÚDE PÚBLICA DO ESTADO DE MINAS GERAIS - ESP MG,10,122,705,2,500,2500,1,3,3,10,7,0,APOIO ÀS POLÍTICAS PÚBLICAS,ASSESSORAMENTO E GERENCIAMENTO DE POLÍTICAS PÚBLICAS,214999,220264,225659,231185
2024,1540,ESCOLA DE SAÚDE PÚBLICA DO ESTADO DE MINAS GERAIS - ESP MG,1541,ESCOLA DE SAÚDE PÚBLICA DO ESTADO DE MINAS GERAIS - ESP MG,10,122,705,2,500,2500,1,4,4,10,1,0,APOIO ÀS POLÍTICAS PÚBLICAS,ASSESSORAMENTO E GERENCIAMENTO DE POLÍTICAS PÚBLICAS,338840,338840,338840,338840
2024,1540,ESCOLA DE SAÚDE PÚBLICA DO ESTADO DE MINAS GERAIS - ESP MG,1541,ESCOLA DE SAÚDE PÚBLICA DO ESTADO DE MINAS GERAIS - ESP MG,10,128,28,4,49,4049,1,3,1,10,1,0,DESENVOLVIMENTO DE AÇÕES DE EDUCAÇÃO E PESQUISA PARA O SISTEMA ÚNICO DE SAÚDE,AÇÕES EDUCACIONAIS NA ÁREA DA SAÚDE,8371035,8611649,8859177,9113821
2024,1540,ESCOLA DE SAÚDE PÚBLICA DO ESTADO DE MINAS GERAIS - ESP MG,1541,ESCOLA DE SAÚDE PÚBLICA DO ESTADO DE MINAS GERAIS - ESP MG,10,128,28,4,49,4049,1,3,3,10,1,0,DESENVOLVIMENTO DE AÇÕES DE EDUCAÇÃO E PESQUISA PARA O SISTEMA ÚNICO DE SAÚDE,AÇÕES EDUCACIONAIS NA ÁREA DA SAÚDE,2327706,2440367,2558481,2682311
2024,1540,ESCOLA DE SAÚDE PÚBLICA DO ESTADO DE MINAS GERAIS - ESP MG,1541,ESCOLA DE SAÚDE PÚBLICA DO ESTADO DE MINAS GERAIS - ESP MG,10,128,28,4,49,4049,1,3,3,10,7,0,DESENVOLVIMENTO DE AÇÕES DE EDUCAÇÃO E PESQUISA PARA O SISTEMA ÚNICO DE SAÚDE,AÇÕES EDUCACIONAIS NA ÁREA DA SAÚDE,895827,917765,940241,963267
2024,1540,ESCOLA DE SAÚDE PÚBLICA DO ESTADO DE MINAS GERAIS - ESP MG,1541,ESCOLA DE SAÚDE PÚBLICA DO ESTADO DE MINAS GERAIS - ESP MG,10,128,28,4,49,4049,1,4,4,10,1,0,DESENVOLVIMENTO DE AÇÕES DE EDUCAÇÃO E PESQUISA PARA O SISTEMA ÚNICO DE SAÚDE,AÇÕES EDUCACIONAIS NA ÁREA DA SAÚDE,400000,400000,400000,400000
2024,1540,ESCOLA DE SAÚDE PÚBLICA DO ESTADO DE MINAS GERAIS - ESP MG,1541,ESCOLA DE SAÚDE PÚBLICA DO ESTADO DE MINAS GERAIS - ESP MG,10,128,28,4,50,4050,1,3,1,10,1,0,DESENVOLVIMENTO DE AÇÕES DE EDUCAÇÃO E PESQUISA PARA O SISTEMA ÚNICO DE SAÚDE,PRODUÇÃO CIENTÍFICA NO CAMPO DA SAÚDE,3257168,3350792,3447106,3546188
2024,1540,ESCOLA DE SAÚDE PÚBLICA DO ESTADO DE MINAS GERAIS - ESP MG,1541,ESCOLA DE SAÚDE PÚBLICA DO ESTADO DE MINAS GERAIS - ESP MG,10,128,28,4,50,4050,1,3,3,10,1,0,DESENVOLVIMENTO DE AÇÕES DE EDUCAÇÃO E PESQUISA PARA O SISTEMA ÚNICO DE SAÚDE,PRODUÇÃO CIENTÍFICA NO CAMPO DA SAÚDE,1166829,1223304,1282511,1344585
2024,1540,ESCOLA DE SAÚDE PÚBLICA DO ESTADO DE MINAS GERAIS - ESP MG,1541,ESCOLA DE SAÚDE PÚBLICA DO ESTADO DE MINAS GERAIS - ESP MG,10,128,28,4,50,4050,1,3,3,10,7,0,DESENVOLVIMENTO DE AÇÕES DE EDUCAÇÃO E PESQUISA PARA O SISTEMA ÚNICO DE SAÚDE,PRODUÇÃO CIENTÍFICA NO CAMPO DA SAÚDE,340414,348751,357291,366041
2024,1630,GOVERNADORIA DO ESTADO - GOVERNADORIA,1631,SECRETARIA-GERAL - SEC. GERAL,4,122,11,4,7,4007,1,3,1,10,1,0,ASSESSORAMENTO TÉCNICO E ADMINISTRATIVO AO GOVERNADOR E VICE-GOVERNADOR,"INFORMAÇÃO, COORDENAÇÃO E SUPORTE À GOVERNADORIA E VICE-GOVERNADORIA",2869801,2940076,3012072,3085831
2024,1630,GOVERNADORIA DO ESTADO - GOVERNADORIA,1631,SECRETARIA-GERAL - SEC. GERAL,4,122,11,4,7,4007,1,3,3,10,1,0,ASSESSORAMENTO TÉCNICO E ADMINISTRATIVO AO GOVERNADOR E VICE-GOVERNADOR,"INFORMAÇÃO, COORDENAÇÃO E SUPORTE À GOVERNADORIA E VICE-GOVERNADORIA",1309977,1373380,1441295,1512567
2024,1630,GOVERNADORIA DO ESTADO - GOVERNADORIA,1631,SECRETARIA-GERAL - SEC. GERAL,4,122,11,4,7,4007,1,3,3,10,7,0,ASSESSORAMENTO TÉCNICO E ADMINISTRATIVO AO GOVERNADOR E VICE-GOVERNADOR,"INFORMAÇÃO, COORDENAÇÃO E SUPORTE À GOVERNADORIA E VICE-GOVERNADORIA",531911,544936,558280,571951
2024,1630,GOVERNADORIA DO ESTADO - GOVERNADORIA,1631,SECRETARIA-GERAL - SEC. GERAL,4,122,705,2,500,2500,1,3,1,10,1,0,APOIO ÀS POLÍTICAS PÚBLICAS,ASSESSORAMENTO E GERENCIAMENTO DE POLÍTICAS PÚBLICAS,5057096,5180939,5307815,5437798
2024,1630,GOVERNADORIA DO ESTADO - GOVERNADORIA,1631,SECRETARIA-GERAL - SEC. GERAL,4,122,705,2,500,2500,1,3,3,10,1,0,APOIO ÀS POLÍTICAS PÚBLICAS,ASSESSORAMENTO E GERENCIAMENTO DE POLÍTICAS PÚBLICAS,6882389,7215497,7563284,7927834
2024,1630,GOVERNADORIA DO ESTADO - GOVERNADORIA,1631,SECRETARIA-GERAL - SEC. GERAL,4,122,705,2,500,2500,1,3,3,10,7,0,APOIO ÀS POLÍTICAS PÚBLICAS,ASSESSORAMENTO E GERENCIAMENTO DE POLÍTICAS PÚBLICAS,390000,399551,409336,419361
2024,1710,SECRETARIA DE ESTADO DE COMUNICAÇÃO SOCIAL - SECOM,1711,SECRETARIA DE ESTADO DE COMUNICAÇÃO SOCIAL - SECOM,4,122,705,2,500,2500,1,3,1,10,1,0,APOIO ÀS POLÍTICAS PÚBLICAS,ASSESSORAMENTO E GERENCIAMENTO DE POLÍTICAS PÚBLICAS,6337086,6491928,6650910,6813777
2024,1710,SECRETARIA DE ESTADO DE COMUNICAÇÃO SOCIAL - SECOM,1711,SECRETARIA DE ESTADO DE COMUNICAÇÃO SOCIAL - SECOM,4,122,705,2,500,2500,1,3,3,10,1,0,APOIO ÀS POLÍTICAS PÚBLICAS,ASSESSORAMENTO E GERENCIAMENTO DE POLÍTICAS PÚBLICAS,1760176,1845369,1934685,2028324
2024,1710,SECRETARIA DE ESTADO DE COMUNICAÇÃO SOCIAL - SECOM,1711,SECRETARIA DE ESTADO DE COMUNICAÇÃO SOCIAL - SECOM,4,122,705,2,500,2500,1,3,3,10,7,0,APOIO ÀS POLÍTICAS PÚBLICAS,ASSESSORAMENTO E GERENCIAMENTO DE POLÍTICAS PÚBLICAS,711216,728634,746481,764763
2024,1710,SECRETARIA DE ESTADO DE COMUNICAÇÃO SOCIAL - SECOM,1711,SECRETARIA DE ESTADO DE COMUNICAÇÃO SOCIAL - SECOM,4,131,18,2,1,2001,1,3,1,10,1,0,COMUNICAÇÃO INSTITUCIONAL E DE UTILIDADE PÚBLICA,ASSESSORIA DE PUBLICIDADE,2515424,2576800,2639901,2704549
2024,1710,SECRETARIA DE ESTADO DE COMUNICAÇÃO SOCIAL - SECOM,1711,SECRETARIA DE ESTADO DE COMUNICAÇÃO SOCIAL - SECOM,4,131,18,2,1,2001,1,3,3,10,1,0,COMUNICAÇÃO INSTITUCIONAL E DE UTILIDADE PÚBLICA,ASSESSORIA DE PUBLICIDADE,125366878,131434635,137796071,144465401
2024,1710,SECRETARIA DE ESTADO DE COMUNICAÇÃO SOCIAL - SECOM,1711,SECRETARIA DE ESTADO DE COMUNICAÇÃO SOCIAL - SECOM,4,131,18,2,1,2001,1,3,3,10,7,0,COMUNICAÇÃO INSTITUCIONAL E DE UTILIDADE PÚBLICA,ASSESSORIA DE PUBLICIDADE,389600,399140,408914,418927
2024,1710,SECRETARIA DE ESTADO DE COMUNICAÇÃO SOCIAL - SECOM,1711,SECRETARIA DE ESTADO DE COMUNICAÇÃO SOCIAL - SECOM,4,131,18,2,2,2002,1,3,1,10,1,0,COMUNICAÇÃO INSTITUCIONAL E DE UTILIDADE PÚBLICA,ASSESSORIA DE IMPRENSA,2503302,2564382,2627179,2691520
2024,1710,SECRETARIA DE ESTADO DE COMUNICAÇÃO SOCIAL - SECOM,1711,SECRETARIA DE ESTADO DE COMUNICAÇÃO SOCIAL - SECOM,4,131,18,2,2,2002,1,3,3,10,1,0,COMUNICAÇÃO INSTITUCIONAL E DE UTILIDADE PÚBLICA,ASSESSORIA DE IMPRENSA,3179421,3333305,3494637,3663777
2024,1710,SECRETARIA DE ESTADO DE COMUNICAÇÃO SOCIAL - SECOM,1711,SECRETARIA DE ESTADO DE COMUNICAÇÃO SOCIAL - SECOM,4,131,18,2,2,2002,1,3,3,10,7,0,COMUNICAÇÃO INSTITUCIONAL E DE UTILIDADE PÚBLICA,ASSESSORIA DE IMPRENSA,525800,538676,551867,565381
2024,1710,SECRETARIA DE ESTADO DE COMUNICAÇÃO SOCIAL - SECOM,1711,SECRETARIA DE ESTADO DE COMUNICAÇÃO SOCIAL - SECOM,4,131,18,2,2,2002,1,4,4,10,1,0,COMUNICAÇÃO INSTITUCIONAL E DE UTILIDADE PÚBLICA,ASSESSORIA DE IMPRENSA,486236,486236,486236,486236
2024,1710,SECRETARIA DE ESTADO DE COMUNICAÇÃO SOCIAL - SECOM,1711,SECRETARIA DE ESTADO DE COMUNICAÇÃO SOCIAL - SECOM,4,131,18,2,3,2003,1,3,1,10,1,0,COMUNICAÇÃO INSTITUCIONAL E DE UTILIDADE PÚBLICA,ASSESSORIA DE COMUNICAÇÃO DIGITAL,2380283,2439362,2499097,2560295
2024,1710,SECRETARIA DE ESTADO DE COMUNICAÇÃO SOCIAL - SECOM,1711,SECRETARIA DE ESTADO DE COMUNICAÇÃO SOCIAL - SECOM,4,131,18,2,3,2003,1,3,3,10,1,0,COMUNICAÇÃO INSTITUCIONAL E DE UTILIDADE PÚBLICA,ASSESSORIA DE COMUNICAÇÃO DIGITAL,429741,450540,472346,495208
2024,1710,SECRETARIA DE ESTADO DE COMUNICAÇÃO SOCIAL - SECOM,1711,SECRETARIA DE ESTADO DE COMUNICAÇÃO SOCIAL - SECOM,4,131,18,2,3,2003,1,3,3,10,7,0,COMUNICAÇÃO INSTITUCIONAL E DE UTILIDADE PÚBLICA,ASSESSORIA DE COMUNICAÇÃO DIGITAL,277400,284193,291152,298282
2024,1710,SECRETARIA DE ESTADO DE COMUNICAÇÃO SOCIAL - SECOM,1711,SECRETARIA DE ESTADO DE COMUNICAÇÃO SOCIAL - SECOM,4,131,18,2,3,2003,1,4,4,10,1,0,COMUNICAÇÃO INSTITUCIONAL E DE UTILIDADE PÚBLICA,ASSESSORIA DE COMUNICAÇÃO DIGITAL,203582,203582,203582,203582
2024,1710,SECRETARIA DE ESTADO DE COMUNICAÇÃO SOCIAL - SECOM,2211,FUNDAÇÃO TV MINAS CULTURAL E EDUCATIVA - TV MINAS,4,122,705,2,500,2500,1,3,1,10,1,0,APOIO ÀS POLÍTICAS PÚBLICAS,ASSESSORAMENTO E GERENCIAMENTO DE POLÍTICAS PÚBLICAS,3691398,3741398,3811398,3856314
2024,1710,SECRETARIA DE ESTADO DE COMUNICAÇÃO SOCIAL - SECOM,2211,FUNDAÇÃO TV MINAS CULTURAL E EDUCATIVA - TV MINAS,4,122,705,2,500,2500,1,3,1,90,1,0,APOIO ÀS POLÍTICAS PÚBLICAS,ASSESSORAMENTO E GERENCIAMENTO DE POLÍTICAS PÚBLICAS,0,743978,743978,743978
2024,1710,SECRETARIA DE ESTADO DE COMUNICAÇÃO SOCIAL - SECOM,2211,FUNDAÇÃO TV MINAS CULTURAL E EDUCATIVA - TV MINAS,4,122,705,2,500,2500,1,3,1,91,1,0,APOIO ÀS POLÍTICAS PÚBLICAS,ASSESSORAMENTO E GERENCIAMENTO DE POLÍTICAS PÚBLICAS,0,38254,38254,38254
2024,1710,SECRETARIA DE ESTADO DE COMUNICAÇÃO SOCIAL - SECOM,2211,FUNDAÇÃO TV MINAS CULTURAL E EDUCATIVA - TV MINAS,4,122,705,2,500,2500,1,3,3,10,1,0,APOIO ÀS POLÍTICAS PÚBLICAS,ASSESSORAMENTO E GERENCIAMENTO DE POLÍTICAS PÚBLICAS,3160634,3275931,3391648,3538290
2024,1710,SECRETARIA DE ESTADO DE COMUNICAÇÃO SOCIAL - SECOM,2211,FUNDAÇÃO TV MINAS CULTURAL E EDUCATIVA - TV MINAS,4,122,705,2,500,2500,1,3,3,10,7,0,APOIO ÀS POLÍTICAS PÚBLICAS,ASSESSORAMENTO E GERENCIAMENTO DE POLÍTICAS PÚBLICAS,359119,379119,412098,432098
2024,1710,SECRETARIA DE ESTADO DE COMUNICAÇÃO SOCIAL - SECOM,2211,FUNDAÇÃO TV MINAS CULTURAL E EDUCATIVA - TV MINAS,4,122,705,2,500,2500,1,3,3,60,1,0,APOIO ÀS POLÍTICAS PÚBLICAS,ASSESSORAMENTO E GERENCIAMENTO DE POLÍTICAS PÚBLICAS,2400000,2516160,2637942,2765618
2024,1710,SECRETARIA DE ESTADO DE COMUNICAÇÃO SOCIAL - SECOM,2211,FUNDAÇÃO TV MINAS CULTURAL E EDUCATIVA - TV MINAS,4,122,705,2,500,2500,1,3,3,90,1,0,APOIO ÀS POLÍTICAS PÚBLICAS,ASSESSORAMENTO E GERENCIAMENTO DE POLÍTICAS PÚBLICAS,0,6251615,6251615,6251615
2024,1710,SECRETARIA DE ESTADO DE COMUNICAÇÃO SOCIAL - SECOM,2211,FUNDAÇÃO TV MINAS CULTURAL E EDUCATIVA - TV MINAS,13,131,121,4,302,4302,1,3,1,10,1,0,ACESSO E ALCANCE À COMUNICAÇÃO DE INTERESSE PÚBLICO,"PRODUÇÃO E VEICULAÇÃO TELEVISIVA DE PROGRAMAÇÃO DE CARÁTER CULTURAL, INFORMATIVO, EDUCATIVO E DE ENTRETENIMENTO",2229480,2279480,2330382,2390382
2024,1710,SECRETARIA DE ESTADO DE COMUNICAÇÃO SOCIAL - SECOM,2211,FUNDAÇÃO TV MINAS CULTURAL E EDUCATIVA - TV MINAS,13,131,121,4,302,4302,1,3,3,10,1,0,ACESSO E ALCANCE À COMUNICAÇÃO DE INTERESSE PÚBLICO,"PRODUÇÃO E VEICULAÇÃO TELEVISIVA DE PROGRAMAÇÃO DE CARÁTER CULTURAL, INFORMATIVO, EDUCATIVO E DE ENTRETENIMENTO",376709,406709,456709,486709
2024,1710,SECRETARIA DE ESTADO DE COMUNICAÇÃO SOCIAL - SECOM,2211,FUNDAÇÃO TV MINAS CULTURAL E EDUCATIVA - TV MINAS,13,131,121,4,302,4302,1,3,3,10,7,0,ACESSO E ALCANCE À COMUNICAÇÃO DE INTERESSE PÚBLICO,"PRODUÇÃO E VEICULAÇÃO TELEVISIVA DE PROGRAMAÇÃO DE CARÁTER CULTURAL, INFORMATIVO, EDUCATIVO E DE ENTRETENIMENTO",2206014,2239433,2266014,2297768
2024,1710,SECRETARIA DE ESTADO DE COMUNICAÇÃO SOCIAL - SECOM,2211,FUNDAÇÃO TV MINAS CULTURAL E EDUCATIVA - TV MINAS,13,722,121,4,298,4298,1,3,1,10,1,0,ACESSO E ALCANCE À COMUNICAÇÃO DE INTERESSE PÚBLICO,DISPONIBILIZAÇÃO E MANUTENÇÃO DO SINAL DE RETRANSMISSÃO DE TV NO INTERIOR DO ESTADO E REGIÃO METROPOLITANA DE BH,63567,83567,103567,143567
2024,1710,SECRETARIA DE ESTADO DE COMUNICAÇÃO SOCIAL - SECOM,2211,FUNDAÇÃO TV MINAS CULTURAL E EDUCATIVA - TV MINAS,13,722,121,4,298,4298,1,3,3,10,1,0,ACESSO E ALCANCE À COMUNICAÇÃO DE INTERESSE PÚBLICO,DISPONIBILIZAÇÃO E MANUTENÇÃO DO SINAL DE RETRANSMISSÃO DE TV NO INTERIOR DO ESTADO E REGIÃO METROPOLITANA DE BH,470890,500890,540890,570890
2024,1710,SECRETARIA DE ESTADO DE COMUNICAÇÃO SOCIAL - SECOM,2211,FUNDAÇÃO TV MINAS CULTURAL E EDUCATIVA - TV MINAS,13,722,121,4,298,4298,1,3,3,10,7,0,ACESSO E ALCANCE À COMUNICAÇÃO DE INTERESSE PÚBLICO,DISPONIBILIZAÇÃO E MANUTENÇÃO DO SINAL DE RETRANSMISSÃO DE TV NO INTERIOR DO ESTADO E REGIÃO METROPOLITANA DE BH,85330,99330,109330,129330
2024,1710,SECRETARIA DE ESTADO DE COMUNICAÇÃO SOCIAL - SECOM,2211,FUNDAÇÃO TV MINAS CULTURAL E EDUCATIVA - TV MINAS,13,722,121,4,299,4299,1,3,1,10,1,0,ACESSO E ALCANCE À COMUNICAÇÃO DE INTERESSE PÚBLICO,GESTÃO E MANUTENÇÃO DOS SISTEMAS DE TRANSMISSÃO VIA SATÉLITE E OPERAÇÃO DE TV,548477,588461,611461,634461
2024,1710,SECRETARIA DE ESTADO DE COMUNICAÇÃO SOCIAL - SECOM,2211,FUNDAÇÃO TV MINAS CULTURAL E EDUCATIVA - TV MINAS,13,722,121,4,299,4299,1,3,3,10,1,0,ACESSO E ALCANCE À COMUNICAÇÃO DE INTERESSE PÚBLICO,GESTÃO E MANUTENÇÃO DOS SISTEMAS DE TRANSMISSÃO VIA SATÉLITE E OPERAÇÃO DE TV,440049,480049,500049,530049
2024,1710,SECRETARIA DE ESTADO DE COMUNICAÇÃO SOCIAL - SECOM,2211,FUNDAÇÃO TV MINAS CULTURAL E EDUCATIVA - TV MINAS,13,722,121,4,299,4299,1,3,3,10,7,0,ACESSO E ALCANCE À COMUNICAÇÃO DE INTERESSE PÚBLICO,GESTÃO E MANUTENÇÃO DOS SISTEMAS DE TRANSMISSÃO VIA SATÉLITE E OPERAÇÃO DE TV,919308,939308,959308,979308
2024,1710,SECRETARIA DE ESTADO DE COMUNICAÇÃO SOCIAL - SECOM,2211,FUNDAÇÃO TV MINAS CULTURAL E EDUCATIVA - TV MINAS,28,846,705,7,4,7004,1,3,1,10,9,0,APOIO ÀS POLÍTICAS PÚBLICAS,PRECATÓRIOS E SENTENÇAS JUDICIÁRIAS,860933,1000,1000,1000
2024,1710,SECRETARIA DE ESTADO DE COMUNICAÇÃO SOCIAL - SECOM,3151,EMPRESA MINEIRA DE COMUNICAÇÃO - EMC,4,122,705,2,500,2500,1,3,1,10,1,0,APOIO ÀS POLÍTICAS PÚBLICAS,ASSESSORAMENTO E GERENCIAMENTO DE POLÍTICAS PÚBLICAS,2715717,1500000,1586371,2915717
2024,1710,SECRETARIA DE ESTADO DE COMUNICAÇÃO SOCIAL - SECOM,3151,EMPRESA MINEIRA DE COMUNICAÇÃO - EMC,4,122,705,2,500,2500,1,3,3,10,1,0,APOIO ÀS POLÍTICAS PÚBLICAS,ASSESSORAMENTO E GERENCIAMENTO DE POLÍTICAS PÚBLICAS,2368230,1545415,1545415,2743121
2024,1710,SECRETARIA DE ESTADO DE COMUNICAÇÃO SOCIAL - SECOM,3151,EMPRESA MINEIRA DE COMUNICAÇÃO - EMC,4,122,705,2,500,2500,1,3,3,60,1,0,APOIO ÀS POLÍTICAS PÚBLICAS,ASSESSORAMENTO E GERENCIAMENTO DE POLÍTICAS PÚBLICAS,71801,73000,73000,71801
2024,1710,SECRETARIA DE ESTADO DE COMUNICAÇÃO SOCIAL - SECOM,3151,EMPRESA MINEIRA DE COMUNICAÇÃO - EMC,13,131,121,2,52,2052,1,3,3,10,1,0,ACESSO E ALCANCE À COMUNICAÇÃO DE INTERESSE PÚBLICO,GESTÃO E OPERAÇÃO DO CENTRO DE CULTURA PRESIDENTE ITAMAR FRANCO,4717225,5000222,5392150,5396236
2024,1710,SECRETARIA DE ESTADO DE COMUNICAÇÃO SOCIAL - SECOM,3151,EMPRESA MINEIRA DE COMUNICAÇÃO - EMC,13,131,121,4,294,4294,1,3,1,10,1,0,ACESSO E ALCANCE À COMUNICAÇÃO DE INTERESSE PÚBLICO,DISPONIBILIZAÇÃO E DISTRIBUIÇÃO DE CONTEÚDO MULTIPLATAFORMA EM PRODUTOS DIGITAIS ONLINE,254749,505589,517438,420438
2024,1710,SECRETARIA DE ESTADO DE COMUNICAÇÃO SOCIAL - SECOM,3151,EMPRESA MINEIRA DE COMUNICAÇÃO - EMC,13,131,121,4,294,4294,1,3,3,10,1,0,ACESSO E ALCANCE À COMUNICAÇÃO DE INTERESSE PÚBLICO,DISPONIBILIZAÇÃO E DISTRIBUIÇÃO DE CONTEÚDO MULTIPLATAFORMA EM PRODUTOS DIGITAIS ONLINE,1016801,1149381,1229381,1229381
2024,1710,SECRETARIA DE ESTADO DE COMUNICAÇÃO SOCIAL - SECOM,3151,EMPRESA MINEIRA DE COMUNICAÇÃO - EMC,13,131,121,4,294,4294,1,3,3,60,1,0,ACESSO E ALCANCE À COMUNICAÇÃO DE INTERESSE PÚBLICO,DISPONIBILIZAÇÃO E DISTRIBUIÇÃO DE CONTEÚDO MULTIPLATAFORMA EM PRODUTOS DIGITAIS ONLINE,842,842,842,842
2024,1710,SECRETARIA DE ESTADO DE COMUNICAÇÃO SOCIAL - SECOM,3151,EMPRESA MINEIRA DE COMUNICAÇÃO - EMC,13,131,121,4,295,4295,1,3,1,10,1,0,ACESSO E ALCANCE À COMUNICAÇÃO DE INTERESSE PÚBLICO,ATUALIZAÇÃO DE PLATAFORMA DE STREAMING E VOD COM CONTEÚDO INÉDITO,254749,545354,545354,405354
2024,1710,SECRETARIA DE ESTADO DE COMUNICAÇÃO SOCIAL - SECOM,3151,EMPRESA MINEIRA DE COMUNICAÇÃO - EMC,13,131,121,4,295,4295,1,3,3,10,1,0,ACESSO E ALCANCE À COMUNICAÇÃO DE INTERESSE PÚBLICO,ATUALIZAÇÃO DE PLATAFORMA DE STREAMING E VOD COM CONTEÚDO INÉDITO,690000,820000,900000,762216
2024,1710,SECRETARIA DE ESTADO DE COMUNICAÇÃO SOCIAL - SECOM,3151,EMPRESA MINEIRA DE COMUNICAÇÃO - EMC,13,131,121,4,316,4316,1,3,1,10,1,0,ACESSO E ALCANCE À COMUNICAÇÃO DE INTERESSE PÚBLICO,"PRODUÇÃO E VEICULAÇÃO DE CONTEÚDO EM ÁUDIO COM ÊNFASE NA CULTURA, EDUCAÇÃO, INFORMAÇÃO, PRESTAÇÃO DE SERVIÇO E ENTRETENIMENTO.",6364434,6999434,7106434,6528006
2024,1710,SECRETARIA DE ESTADO DE COMUNICAÇÃO SOCIAL - SECOM,3151,EMPRESA MINEIRA DE COMUNICAÇÃO - EMC,13,131,121,4,316,4316,1,3,3,10,1,0,ACESSO E ALCANCE À COMUNICAÇÃO DE INTERESSE PÚBLICO,"PRODUÇÃO E VEICULAÇÃO DE CONTEÚDO EM ÁUDIO COM ÊNFASE NA CULTURA, EDUCAÇÃO, INFORMAÇÃO, PRESTAÇÃO DE SERVIÇO E ENTRETENIMENTO.",3048716,3695127,3746855,3746855
2024,1710,SECRETARIA DE ESTADO DE COMUNICAÇÃO SOCIAL - SECOM,3151,EMPRESA MINEIRA DE COMUNICAÇÃO - EMC,13,131,121,4,316,4316,1,3,3,60,1,0,ACESSO E ALCANCE À COMUNICAÇÃO DE INTERESSE PÚBLICO,"PRODUÇÃO E VEICULAÇÃO DE CONTEÚDO EM ÁUDIO COM ÊNFASE NA CULTURA, EDUCAÇÃO, INFORMAÇÃO, PRESTAÇÃO DE SERVIÇO E ENTRETENIMENTO.",12212,12212,12212,12212
2024,1710,SECRETARIA DE ESTADO DE COMUNICAÇÃO SOCIAL - SECOM,3151,EMPRESA MINEIRA DE COMUNICAÇÃO - EMC,13,131,121,4,333,4333,1,3,3,10,1,0,ACESSO E ALCANCE À COMUNICAÇÃO DE INTERESSE PÚBLICO,"PRODUÇÃO E VEICULAÇÃO TELEVISIVA DE PROGRAMAÇÃO DE CARÁTER CULTURAL, INFORMATIVO, EDUCATIVO E DE ENTRETENIMENTO",429232,526401,586257,522827
2024,1710,SECRETARIA DE ESTADO DE COMUNICAÇÃO SOCIAL - SECOM,3151,EMPRESA MINEIRA DE COMUNICAÇÃO - EMC,13,722,121,4,296,4296,1,3,3,10,1,0,ACESSO E ALCANCE À COMUNICAÇÃO DE INTERESSE PÚBLICO,GESTÃO E MANUTENÇÃO DOS SISTEMAS DE TRANSMISSÃO VIA SATÉLITE E OPERAÇÃO DE TV,143448,199185,289409,289409
2024,1710,SECRETARIA DE ESTADO DE COMUNICAÇÃO SOCIAL - SECOM,3151,EMPRESA MINEIRA DE COMUNICAÇÃO - EMC,13,722,121,4,297,4297,1,3,3,10,1,0,ACESSO E ALCANCE À COMUNICAÇÃO DE INTERESSE PÚBLICO,DISPONIBILIZAÇÃO E MANUTENÇÃO DO SINAL DE RETRANSMISSÃO DE TV NO INTERIOR DO ESTADO E REGIÃO METROPOLITANA DE BH,3004392,3304392,3394392,3395659
2024,1710,SECRETARIA DE ESTADO DE COMUNICAÇÃO SOCIAL - SECOM,3151,EMPRESA MINEIRA DE COMUNICAÇÃO - EMC,13,722,121,4,297,4297,1,3,3,60,1,0,ACESSO E ALCANCE À COMUNICAÇÃO DE INTERESSE PÚBLICO,DISPONIBILIZAÇÃO E MANUTENÇÃO DO SINAL DE RETRANSMISSÃO DE TV NO INTERIOR DO ESTADO E REGIÃO METROPOLITANA DE BH,492000,462824,472824,482824
2024,1710,SECRETARIA DE ESTADO DE COMUNICAÇÃO SOCIAL - SECOM,3151,EMPRESA MINEIRA DE COMUNICAÇÃO - EMC,13,722,121,4,315,4315,1,3,1,10,1,0,ACESSO E ALCANCE À COMUNICAÇÃO DE INTERESSE PÚBLICO,GESTÃO E MANUTENÇÃO DOS SISTEMAS DE TRANSMISSÃO E OPERAÇÃO DE RÁDIO,4569155,4955155,5105155,4955155
2024,1710,SECRETARIA DE ESTADO DE COMUNICAÇÃO SOCIAL - SECOM,3151,EMPRESA MINEIRA DE COMUNICAÇÃO - EMC,13,722,121,4,315,4315,1,3,3,10,1,0,ACESSO E ALCANCE À COMUNICAÇÃO DE INTERESSE PÚBLICO,GESTÃO E MANUTENÇÃO DOS SISTEMAS DE TRANSMISSÃO E OPERAÇÃO DE RÁDIO,2704735,2915278,2998663,2968812
2024,1710,SECRETARIA DE ESTADO DE COMUNICAÇÃO SOCIAL - SECOM,3151,EMPRESA MINEIRA DE COMUNICAÇÃO - EMC,13,722,121,4,315,4315,1,3,3,60,1,0,ACESSO E ALCANCE À COMUNICAÇÃO DE INTERESSE PÚBLICO,GESTÃO E MANUTENÇÃO DOS SISTEMAS DE TRANSMISSÃO E OPERAÇÃO DE RÁDIO,523145,604362,650179,699896
2024,1710,SECRETARIA DE ESTADO DE COMUNICAÇÃO SOCIAL - SECOM,3151,EMPRESA MINEIRA DE COMUNICAÇÃO - EMC,28,846,705,7,4,7004,1,3,1,10,9,0,APOIO ÀS POLÍTICAS PÚBLICAS,PRECATÓRIOS E SENTENÇAS JUDICIÁRIAS,1000,1000,1000,1000
2024,1720,SECRETARIA DE ESTADO DA CASA CIVIL - SCC,1721,SECRETARIA DE ESTADO DA CASA CIVIL - SCC,4,121,131,2,70,2070,1,3,1,10,1,0,"ARTICULAÇÃO, ATRAÇÃO DE INVESTIMENTOS E CAPTAÇÃO DE RECURSOS E PARCERIAS","COORDENAÇÃO DO PROCESSO DE CAPTAÇÃO DE RECURSOS E PARCERIAS, MONITORAMENTO DE CONVÊNIOS DE ENTRADA, INSTRUMENTOS CONGÊNERES E OPERAÇÕES DE CRÉDITO",3295436,3376136,3458813,3543513
2024,1720,SECRETARIA DE ESTADO DA CASA CIVIL - SCC,1721,SECRETARIA DE ESTADO DA CASA CIVIL - SCC,4,121,131,2,70,2070,1,3,3,10,1,0,"ARTICULAÇÃO, ATRAÇÃO DE INVESTIMENTOS E CAPTAÇÃO DE RECURSOS E PARCERIAS","COORDENAÇÃO DO PROCESSO DE CAPTAÇÃO DE RECURSOS E PARCERIAS, MONITORAMENTO DE CONVÊNIOS DE ENTRADA, INSTRUMENTOS CONGÊNERES E OPERAÇÕES DE CRÉDITO",516477,541475,567683,595155
2024,1720,SECRETARIA DE ESTADO DA CASA CIVIL - SCC,1721,SECRETARIA DE ESTADO DA CASA CIVIL - SCC,4,121,131,2,70,2070,1,3,3,10,7,0,"ARTICULAÇÃO, ATRAÇÃO DE INVESTIMENTOS E CAPTAÇÃO DE RECURSOS E PARCERIAS","COORDENAÇÃO DO PROCESSO DE CAPTAÇÃO DE RECURSOS E PARCERIAS, MONITORAMENTO DE CONVÊNIOS DE ENTRADA, INSTRUMENTOS CONGÊNERES E OPERAÇÕES DE CRÉDITO",179547,183944,188449,193064
2024,1720,SECRETARIA DE ESTADO DA CASA CIVIL - SCC,1721,SECRETARIA DE ESTADO DA CASA CIVIL - SCC,4,121,131,2,70,2070,1,4,4,10,1,0,"ARTICULAÇÃO, ATRAÇÃO DE INVESTIMENTOS E CAPTAÇÃO DE RECURSOS E PARCERIAS","COORDENAÇÃO DO PROCESSO DE CAPTAÇÃO DE RECURSOS E PARCERIAS, MONITORAMENTO DE CONVÊNIOS DE ENTRADA, INSTRUMENTOS CONGÊNERES E OPERAÇÕES DE CRÉDITO",120152,120152,120152,120152
2024,1720,SECRETARIA DE ESTADO DA CASA CIVIL - SCC,1721,SECRETARIA DE ESTADO DA CASA CIVIL - SCC,4,122,131,2,62,2062,1,3,1,10,1,0,"ARTICULAÇÃO, ATRAÇÃO DE INVESTIMENTOS E CAPTAÇÃO DE RECURSOS E PARCERIAS",REPRESENTAÇÃO E DEFESA DOS INTERESSES DO ESTADO DE MINAS GERAIS EM BRASILIA,390433,399995,409790,419825
2024,1720,SECRETARIA DE ESTADO DA CASA CIVIL - SCC,1721,SECRETARIA DE ESTADO DA CASA CIVIL - SCC,4,122,131,2,62,2062,1,3,3,10,1,0,"ARTICULAÇÃO, ATRAÇÃO DE INVESTIMENTOS E CAPTAÇÃO DE RECURSOS E PARCERIAS",REPRESENTAÇÃO E DEFESA DOS INTERESSES DO ESTADO DE MINAS GERAIS EM BRASILIA,484331,507773,532349,558115
2024,1720,SECRETARIA DE ESTADO DA CASA CIVIL - SCC,1721,SECRETARIA DE ESTADO DA CASA CIVIL - SCC,4,122,131,2,62,2062,1,3,3,10,7,0,"ARTICULAÇÃO, ATRAÇÃO DE INVESTIMENTOS E CAPTAÇÃO DE RECURSOS E PARCERIAS",REPRESENTAÇÃO E DEFESA DOS INTERESSES DO ESTADO DE MINAS GERAIS EM BRASILIA,21272,21793,22327,22874
2024,1720,SECRETARIA DE ESTADO DA CASA CIVIL - SCC,1721,SECRETARIA DE ESTADO DA CASA CIVIL - SCC,4,122,131,2,62,2062,1,4,4,10,1,0,"ARTICULAÇÃO, ATRAÇÃO DE INVESTIMENTOS E CAPTAÇÃO DE RECURSOS E PARCERIAS",REPRESENTAÇÃO E DEFESA DOS INTERESSES DO ESTADO DE MINAS GERAIS EM BRASILIA,48500,48500,48500,48500
2024,1720,SECRETARIA DE ESTADO DA CASA CIVIL - SCC,1721,SECRETARIA DE ESTADO DA CASA CIVIL - SCC,4,122,705,2,500,2500,1,3,1,10,1,0,APOIO ÀS POLÍTICAS PÚBLICAS,ASSESSORAMENTO E GERENCIAMENTO DE POLÍTICAS PÚBLICAS,3513903,3599953,3688112,3778431
2024,1720,SECRETARIA DE ESTADO DA CASA CIVIL - SCC,1721,SECRETARIA DE ESTADO DA CASA CIVIL - SCC,4,122,705,2,500,2500,1,3,3,10,1,0,APOIO ÀS POLÍTICAS PÚBLICAS,ASSESSORAMENTO E GERENCIAMENTO DE POLÍTICAS PÚBLICAS,1866877,1957233,2051963,2151281
2024,1720,SECRETARIA DE ESTADO DA CASA CIVIL - SCC,1721,SECRETARIA DE ESTADO DA CASA CIVIL - SCC,4,122,705,2,500,2500,1,3,3,10,7,0,APOIO ÀS POLÍTICAS PÚBLICAS,ASSESSORAMENTO E GERENCIAMENTO DE POLÍTICAS PÚBLICAS,191450,196139,200942,205863
2024,1720,SECRETARIA DE ESTADO DA CASA CIVIL - SCC,1721,SECRETARIA DE ESTADO DA CASA CIVIL - SCC,4,122,705,2,500,2500,1,4,4,10,1,0,APOIO ÀS POLÍTICAS PÚBLICAS,ASSESSORAMENTO E GERENCIAMENTO DE POLÍTICAS PÚBLICAS,66699,66699,66699,66699
2024,1720,SECRETARIA DE ESTADO DA CASA CIVIL - SCC,1721,SECRETARIA DE ESTADO DA CASA CIVIL - SCC,7,212,131,2,66,2066,1,3,1,10,1,0,"ARTICULAÇÃO, ATRAÇÃO DE INVESTIMENTOS E CAPTAÇÃO DE RECURSOS E PARCERIAS",MINAS INTERNACIONAL,2259263,2314590,2371271,2429341
2024,1720,SECRETARIA DE ESTADO DA CASA CIVIL - SCC,1721,SECRETARIA DE ESTADO DA CASA CIVIL - SCC,7,212,131,2,66,2066,1,3,3,10,1,0,"ARTICULAÇÃO, ATRAÇÃO DE INVESTIMENTOS E CAPTAÇÃO DE RECURSOS E PARCERIAS",MINAS INTERNACIONAL,750580,786908,824994,864924
2024,1720,SECRETARIA DE ESTADO DA CASA CIVIL - SCC,1721,SECRETARIA DE ESTADO DA CASA CIVIL - SCC,7,212,131,2,66,2066,1,3,3,10,7,0,"ARTICULAÇÃO, ATRAÇÃO DE INVESTIMENTOS E CAPTAÇÃO DE RECURSOS E PARCERIAS",MINAS INTERNACIONAL,123093,126107,129196,132360
2024,1720,SECRETARIA DE ESTADO DA CASA CIVIL - SCC,1721,SECRETARIA DE ESTADO DA CASA CIVIL - SCC,7,212,131,2,66,2066,1,4,4,10,1,0,"ARTICULAÇÃO, ATRAÇÃO DE INVESTIMENTOS E CAPTAÇÃO DE RECURSOS E PARCERIAS",MINAS INTERNACIONAL,36245,36245,36245,36245
2024,1910,ENCARGOS GERAIS DO ESTADO - SECRETARIA DE ESTADO DE FAZENDA - EGE SEF,1911,EGE SEC.FAZENDA-ENCARGOS DIVERSOS - EGE - SEF,4,123,705,2,49,2049,1,3,3,10,1,0,APOIO ÀS POLÍTICAS PÚBLICAS,ENCARGOS DA ADMINISTRAÇÃO FINANCEIRA CENTRAL,20000000,0,0,0
2024,1910,ENCARGOS GERAIS DO ESTADO - SECRETARIA DE ESTADO DE FAZENDA - EGE SEF,1911,EGE SEC.FAZENDA-ENCARGOS DIVERSOS - EGE - SEF,28,846,705,7,663,7663,1,3,3,10,1,0,APOIO ÀS POLÍTICAS PÚBLICAS,CAPTAÇÃO DE RECURSOS PARA FORMAÇÃO DO PROGRAMA DE FORMAÇÃO DO PATRIMÔNIO DO SERVIDOR PÚBLICO - PASEP,802749929,0,0,0
2024,1910,ENCARGOS GERAIS DO ESTADO - SECRETARIA DE ESTADO DE FAZENDA - EGE SEF,1915,PARTICIPAÇÃO NO AUMENTO DO CAPITAL SOCIAL DE EMPRESAS - PARTICIPAÇÃO EMPRESAS,4,122,705,7,707,7707,1,4,5,10,1,0,APOIO ÀS POLÍTICAS PÚBLICAS,PROGRAMAÇÃO A CARGO DO ESTADO PARA A MINAS GERAIS ADMINISTRAÇÃO E SERVIÇOS S/A - MGS,1000,1000,1000,1000
2024,1910,ENCARGOS GERAIS DO ESTADO - SECRETARIA DE ESTADO DE FAZENDA - EGE SEF,1915,PARTICIPAÇÃO NO AUMENTO DO CAPITAL SOCIAL DE EMPRESAS - PARTICIPAÇÃO EMPRESAS,4,123,705,7,700,7700,1,4,5,10,1,0,APOIO ÀS POLÍTICAS PÚBLICAS,PROGRAMAÇÃO A CARGO DO ESTADO PARA A MINAS GERAIS PARTICIPAÇÕES S/A - MGI,1000,1000,1000,1000
2024,1910,ENCARGOS GERAIS DO ESTADO - SECRETARIA DE ESTADO DE FAZENDA - EGE SEF,1915,PARTICIPAÇÃO NO AUMENTO DO CAPITAL SOCIAL DE EMPRESAS - PARTICIPAÇÃO EMPRESAS,4,126,705,7,723,7723,1,4,5,10,1,0,APOIO ÀS POLÍTICAS PÚBLICAS,PROGRAMAÇÃO A CARGO DO ESTADO PARA A COMPANHIA DE TECNOLOGIA DA INFORMAÇÃO DO ESTADO DE MINAS GERAIS - PRODEMGE,1000,1000,1000,1000
2024,1910,ENCARGOS GERAIS DO ESTADO - SECRETARIA DE ESTADO DE FAZENDA - EGE SEF,1915,PARTICIPAÇÃO NO AUMENTO DO CAPITAL SOCIAL DE EMPRESAS - PARTICIPAÇÃO EMPRESAS,16,482,705,7,734,7734,1,4,5,10,1,0,APOIO ÀS POLÍTICAS PÚBLICAS,PROGRAMAÇÃO A CARGO DO ESTADO PARA COMPANHIA DE HABITAÇÃO DO ESTADO DE MINAS GERAIS - COHAB,1000,1000,1000,1000
2024,1910,ENCARGOS GERAIS DO ESTADO - SECRETARIA DE ESTADO DE FAZENDA - EGE SEF,1915,PARTICIPAÇÃO NO AUMENTO DO CAPITAL SOCIAL DE EMPRESAS - PARTICIPAÇÃO EMPRESAS,17,512,705,7,737,7737,1,4,5,10,1,0,APOIO ÀS POLÍTICAS PÚBLICAS,PROGRAMAÇÃO A CARGO DO ESTADO PARA A COMPANHIA DE SANEAMENTO DE MINAS GERAIS - COPASA,1000,1000,1000,1000
2024,1910,ENCARGOS GERAIS DO ESTADO - SECRETARIA DE ESTADO DE FAZENDA - EGE SEF,1915,PARTICIPAÇÃO NO AUMENTO DO CAPITAL SOCIAL DE EMPRESAS - PARTICIPAÇÃO EMPRESAS,22,662,705,7,54,7054,1,4,5,10,1,0,APOIO ÀS POLÍTICAS PÚBLICAS,PROGRAMAÇÃO A CARGO DO ESTADO PARA A COMPANHIA DE DESENVOLVIMENTO DE MINAS GERAIS - CODEMGE,1000,1000,1000,1000
2024,1910,ENCARGOS GERAIS DO ESTADO - SECRETARIA DE ESTADO DE FAZENDA - EGE SEF,1915,PARTICIPAÇÃO NO AUMENTO DO CAPITAL SOCIAL DE EMPRESAS - PARTICIPAÇÃO EMPRESAS,22,662,705,7,541,7541,1,4,5,10,1,0,APOIO ÀS POLÍTICAS PÚBLICAS,PROGRAMAÇÃO A CARGO DO ESTADO PARA A COMPANHIA DE DESENVOLVIMENTO DO ESTADO DE MINAS GERAIS - CODEMIG,1000,1000,1000,1000
2024,1910,ENCARGOS GERAIS DO ESTADO - SECRETARIA DE ESTADO DE FAZENDA - EGE SEF,1915,PARTICIPAÇÃO NO AUMENTO DO CAPITAL SOCIAL DE EMPRESAS - PARTICIPAÇÃO EMPRESAS,23,694,705,7,752,7752,1,4,5,61,2,0,APOIO ÀS POLÍTICAS PÚBLICAS,PROGRAMAÇÃO A CARGO DO ESTADO PARA O BANCO DE DESENVOLVIMENTO DE MINAS GERAIS - BDMG,130000,71000,151000,161000
2024,1910,ENCARGOS GERAIS DO ESTADO - SECRETARIA DE ESTADO DE FAZENDA - EGE SEF,1915,PARTICIPAÇÃO NO AUMENTO DO CAPITAL SOCIAL DE EMPRESAS - PARTICIPAÇÃO EMPRESAS,25,752,705,7,758,7758,1,4,5,10,1,0,APOIO ÀS POLÍTICAS PÚBLICAS,PROGRAMAÇÃO A CARGO DO ESTADO PARA A COMPANHIA ENEGÉTICA DE MINAS GERAIS - CEMIG,1000,1000,1000,1000
2024,1910,ENCARGOS GERAIS DO ESTADO - SECRETARIA DE ESTADO DE FAZENDA - EGE SEF,1915,PARTICIPAÇÃO NO AUMENTO DO CAPITAL SOCIAL DE EMPRESAS - PARTICIPAÇÃO EMPRESAS,26,783,705,7,759,7759,1,4,5,10,1,0,APOIO ÀS POLÍTICAS PÚBLICAS,PROGRAMAÇÃO A CARGO DO ESTADO PARA TREM METROPOLITANO DE BELO HORIZONTE S/A,1000,1000,1000,1000
2024,1910,ENCARGOS GERAIS DO ESTADO - SECRETARIA DE ESTADO DE FAZENDA - EGE SEF,1916,GESTÃO DA DÍVIDA PÚBLICA ESTADUAL - GDPE - SEF,28,843,705,7,886,7886,1,3,2,10,1,0,APOIO ÀS POLÍTICAS PÚBLICAS,GESTÃO DA DÍVIDA FUNDADA CONTRATUAL INTERNA,2421728446,4559481703,6041931214,7545149835
2024,1910,ENCARGOS GERAIS DO ESTADO - SECRETARIA DE ESTADO DE FAZENDA - EGE SEF,1916,GESTÃO DA DÍVIDA PÚBLICA ESTADUAL - GDPE - SEF,28,843,705,7,886,7886,1,4,6,10,1,0,APOIO ÀS POLÍTICAS PÚBLICAS,GESTÃO DA DÍVIDA FUNDADA CONTRATUAL INTERNA,1032344502,1314404859,1609538774,2005349259
2024,1910,ENCARGOS GERAIS DO ESTADO - SECRETARIA DE ESTADO DE FAZENDA - EGE SEF,1916,GESTÃO DA DÍVIDA PÚBLICA ESTADUAL - GDPE - SEF,28,844,705,7,896,7896,1,3,2,10,1,0,APOIO ÀS POLÍTICAS PÚBLICAS,GESTÃO DA DÍVIDA FUNDADA CONTRATUAL EXTERNA,215837832,315504454,378412950,394615722
2024,1910,ENCARGOS GERAIS DO ESTADO - SECRETARIA DE ESTADO DE FAZENDA - EGE SEF,1916,GESTÃO DA DÍVIDA PÚBLICA ESTADUAL - GDPE - SEF,28,844,705,7,896,7896,1,4,6,10,1,0,APOIO ÀS POLÍTICAS PÚBLICAS,GESTÃO DA DÍVIDA FUNDADA CONTRATUAL EXTERNA,1877034,97800390,218235602,369837395
2024,1910,ENCARGOS GERAIS DO ESTADO - SECRETARIA DE ESTADO DE FAZENDA - EGE SEF,1916,GESTÃO DA DÍVIDA PÚBLICA ESTADUAL - GDPE - SEF,28,846,705,7,3,7003,1,4,6,10,1,0,APOIO ÀS POLÍTICAS PÚBLICAS,RESTITUIÇÃO AO TJMG DOS DEPÓSITOS JUDICIAIS,1379645434,1379645434,1379645434,1296518928
2024,1910,ENCARGOS GERAIS DO ESTADO - SECRETARIA DE ESTADO DE FAZENDA - EGE SEF,1916,GESTÃO DA DÍVIDA PÚBLICA ESTADUAL - GDPE - SEF,28,846,705,7,30,7030,1,3,2,10,1,0,APOIO ÀS POLÍTICAS PÚBLICAS,ENCARGOS DEVIDOS POR FINANCIAMENTO JUNTO AO INSTITUTO NACIONAL DA SEGURIDADE SOCIAL - INSS,103694212,119163783,146697513,178310934
2024,1910,ENCARGOS GERAIS DO ESTADO - SECRETARIA DE ESTADO DE FAZENDA - EGE SEF,1916,GESTÃO DA DÍVIDA PÚBLICA ESTADUAL - GDPE - SEF,28,846,705,7,30,7030,1,4,6,10,1,0,APOIO ÀS POLÍTICAS PÚBLICAS,ENCARGOS DEVIDOS POR FINANCIAMENTO JUNTO AO INSTITUTO NACIONAL DA SEGURIDADE SOCIAL - INSS,163039751,133852860,133446930,133446929
2024,1910,ENCARGOS GERAIS DO ESTADO - SECRETARIA DE ESTADO DE FAZENDA - EGE SEF,1916,GESTÃO DA DÍVIDA PÚBLICA ESTADUAL - GDPE - SEF,28,846,705,7,43,7043,1,3,2,10,1,0,APOIO ÀS POLÍTICAS PÚBLICAS,ENCARGOS DEVIDOS POR FINANCIAMENTO JUNTO AO PROGRAMA DE FORMAÇÃO DO PATRIMÔNIO DO SERVIDOR PÚBLICO - PASEP,31215747,36107838,40839646,45707079
2024,1910,ENCARGOS GERAIS DO ESTADO - SECRETARIA DE ESTADO DE FAZENDA - EGE SEF,1916,GESTÃO DA DÍVIDA PÚBLICA ESTADUAL - GDPE - SEF,28,846,705,7,43,7043,1,4,6,10,1,0,APOIO ÀS POLÍTICAS PÚBLICAS,ENCARGOS DEVIDOS POR FINANCIAMENTO JUNTO AO PROGRAMA DE FORMAÇÃO DO PATRIMÔNIO DO SERVIDOR PÚBLICO - PASEP,44569094,44569094,44569094,44569094
2024,1910,ENCARGOS GERAIS DO ESTADO - SECRETARIA DE ESTADO DE FAZENDA - EGE SEF,1916,GESTÃO DA DÍVIDA PÚBLICA ESTADUAL - GDPE - SEF,28,846,705,7,658,7658,1,3,2,10,1,0,APOIO ÀS POLÍTICAS PÚBLICAS,ENCARGOS DEVIDOS POR FINANCIAMENTO JUNTO AOS INSTITUTOS DE PREVIDÊNCIA DOS SERVIDORES MILITARES DO ESTADO DE MINAS GERAIS - IPSM,58339670,57616259,56579051,55209215
2024,1910,ENCARGOS GERAIS DO ESTADO - SECRETARIA DE ESTADO DE FAZENDA - EGE SEF,1916,GESTÃO DA DÍVIDA PÚBLICA ESTADUAL - GDPE - SEF,28,846,705,7,658,7658,1,4,6,10,1,0,APOIO ÀS POLÍTICAS PÚBLICAS,ENCARGOS DEVIDOS POR FINANCIAMENTO JUNTO AOS INSTITUTOS DE PREVIDÊNCIA DOS SERVIDORES MILITARES DO ESTADO DE MINAS GERAIS - IPSM,10013068,15243040,20786810,26663207
2024,1940,ENCARGOS GERAIS DO ESTADO - SECRETARIA DE ESTADO DE PLANEJAMENTO E GESTÃO - EGE SEPLAG,1941,EGE-SECRETARIA DE ESTADO DE PLANEJAMENTO E GESTÃO - EGE-SEPLAG,4,122,160,4,488,4488,1,3,3,10,1,0,MELHORIA DA GESTÃO LOGÍSTICA E PATRIMONIAL,IMPLANTAÇÃO E OPERAÇÃO DO ALMOXARIFADO VIRTUAL,1000,1048,1099,1152
2024,1940,ENCARGOS GERAIS DO ESTADO - SECRETARIA DE ESTADO DE PLANEJAMENTO E GESTÃO - EGE SEPLAG,1941,EGE-SECRETARIA DE ESTADO DE PLANEJAMENTO E GESTÃO - EGE-SEPLAG,4,122,160,4,489,4489,1,3,3,10,1,0,MELHORIA DA GESTÃO LOGÍSTICA E PATRIMONIAL,APRIMORAMENTO DA REDE DE POSTOS PRÓPRIOS QUE ATENDE A FROTA ESTADUAL,2339000,2452208,2570895,2695327
2024,1940,ENCARGOS GERAIS DO ESTADO - SECRETARIA DE ESTADO DE PLANEJAMENTO E GESTÃO - EGE SEPLAG,1941,EGE-SECRETARIA DE ESTADO DE PLANEJAMENTO E GESTÃO - EGE-SEPLAG,4,274,705,7,24,7024,1,3,1,10,1,0,APOIO ÀS POLÍTICAS PÚBLICAS,PAGAMENTOS MENSAIS DE PROVENTOS AOS ASSISTIDOS E PENSIONISTAS DO PLANO DE PREVIDÊNCIA COMPLEMENTAR MINASCAIXA RP-2,26176323,27531443,28956716,30455773
2024,1940,ENCARGOS GERAIS DO ESTADO - SECRETARIA DE ESTADO DE PLANEJAMENTO E GESTÃO - EGE SEPLAG,1941,EGE-SECRETARIA DE ESTADO DE PLANEJAMENTO E GESTÃO - EGE-SEPLAG,4,274,705,7,441,7441,1,3,1,10,1,0,APOIO ÀS POLÍTICAS PÚBLICAS,PENSÕES ESPECIAIS DE RESPONSABILIDADE DO PODER EXECUTIVO ESTADUAL,183774460,193288264,203294587,213818928
2024,1950,ENCARGOS GERAIS DO ESTADO - INSTRUMENTOS DE ENTRADA DE RECURSOS - EGE - CASA CIVIL,1951,ENCARGOS GERAIS DO ESTADO - INSTRUMENTOS DE ENTRADA DE RECURSOS - EGE - CASA CIVIL,4,122,705,2,131,2131,1,3,3,97,1,0,APOIO ÀS POLÍTICAS PÚBLICAS,RECURSOS DE TRANSFERÊNCIAS ESPECIAIS DA UNIÃO,100000000,100000000,100000000,100000000
2024,1950,ENCARGOS GERAIS DO ESTADO - INSTRUMENTOS DE ENTRADA DE RECURSOS - EGE - CASA CIVIL,1951,ENCARGOS GERAIS DO ESTADO - INSTRUMENTOS DE ENTRADA DE RECURSOS - EGE - CASA CIVIL,4,122,705,2,132,2132,1,3,3,10,3,0,APOIO ÀS POLÍTICAS PÚBLICAS,RECURSOS PARA CONTRAPARTIDA A CONVÊNIOS E CONGÊNERES,18134743,19012465,19932668,20897409
2024,1950,ENCARGOS GERAIS DO ESTADO - INSTRUMENTOS DE ENTRADA DE RECURSOS - EGE - CASA CIVIL,1951,ENCARGOS GERAIS DO ESTADO - INSTRUMENTOS DE ENTRADA DE RECURSOS - EGE - CASA CIVIL,4,122,705,2,132,2132,1,4,4,10,3,0,APOIO ÀS POLÍTICAS PÚBLICAS,RECURSOS PARA CONTRAPARTIDA A CONVÊNIOS E CONGÊNERES,14540008,14540008,14540008,14540008
2024,1090,MINISTÉRIO PÚBLICO DO ESTADO DE MINAS GERAIS - MPMG,4441,FUNDO ESPECIAL DO MINISTÉRIO PÚBLICO DO ESTADO DE MINAS GERAIS - FUNEMP,3,122,737,1,9,1009,1,3,3,60,1,0,MODERNIZAÇÃO INSTITUCIONAL,REAPARELHAMENTO E APERFEIÇOAMENTO INSTITUICIONAL,39600000,39600000,39600000,39600000
2024,1090,MINISTÉRIO PÚBLICO DO ESTADO DE MINAS GERAIS - MPMG,4441,FUNDO ESPECIAL DO MINISTÉRIO PÚBLICO DO ESTADO DE MINAS GERAIS - FUNEMP,3,122,737,1,9,1009,1,4,4,47,1,0,MODERNIZAÇÃO INSTITUCIONAL,REAPARELHAMENTO E APERFEIÇOAMENTO INSTITUICIONAL,100000,100000,100000,100000
2024,1090,MINISTÉRIO PÚBLICO DO ESTADO DE MINAS GERAIS - MPMG,4441,FUNDO ESPECIAL DO MINISTÉRIO PÚBLICO DO ESTADO DE MINAS GERAIS - FUNEMP,3,122,737,1,9,1009,1,4,4,60,1,0,MODERNIZAÇÃO INSTITUCIONAL,REAPARELHAMENTO E APERFEIÇOAMENTO INSTITUICIONAL,26300000,26300000,26300000,26300000
2024,1090,MINISTÉRIO PÚBLICO DO ESTADO DE MINAS GERAIS - MPMG,4451,FUNDO ESTADUAL DE PROTEÇÃO E DEFESA DO CONSUMIDOR - FEPDC,3,61,738,4,256,4256,1,3,3,60,1,0,PROTEÇÃO E DEFESA DO CONSUMIDOR,APOIO ÀS AÇÕES DE PROTEÇÃO E DEFESA AO CONSUMIDOR,28200000,28200000,28200000,28200000
2024,1090,MINISTÉRIO PÚBLICO DO ESTADO DE MINAS GERAIS - MPMG,4451,FUNDO ESTADUAL DE PROTEÇÃO E DEFESA DO CONSUMIDOR - FEPDC,3,61,738,4,256,4256,1,4,4,47,1,0,PROTEÇÃO E DEFESA DO CONSUMIDOR,APOIO ÀS AÇÕES DE PROTEÇÃO E DEFESA AO CONSUMIDOR,100000,100000,100000,100000
2024,1090,MINISTÉRIO PÚBLICO DO ESTADO DE MINAS GERAIS - MPMG,4451,FUNDO ESTADUAL DE PROTEÇÃO E DEFESA DO CONSUMIDOR - FEPDC,3,61,738,4,256,4256,1,4,4,60,1,0,PROTEÇÃO E DEFESA DO CONSUMIDOR,APOIO ÀS AÇÕES DE PROTEÇÃO E DEFESA AO CONSUMIDOR,18700000,18700000,18700000,18700000
