COD_UO_REPASSADORA,UO_REPASSADORA,COD_PROGRAMA_DE_TRABALHO,ACAO,COD_NATUREZA_DE_DESPESA,ELEMENTO_ITEM,VALOR_REPASSADO,COD_UO_BENEFICIADA,UO_BENEFICIADA
1031,TJMG,1 03 1 02 122 706 2 053 0001,REMUNERAÇÃO DE MAGISTRADOS DA ATIVA E ENCARGOS SOCIAIS,3 1 91 13 5,OBRIGAÇÃO PATRONAL - PESSOAL ATIVO - PREVIDÊNCIA,146145927,4711,FFP - MG
1031,TJMG,1 03 1 02 122 706 2 053 0001,REMUNERAÇÃO DE MAGISTRADOS DA ATIVA E ENCARGOS SOCIAIS,3 1 91 92 3,DESPESAS DE EXERCÍCIOS ANTERIORES – OBRIGAÇÕES PATRONAIS,26219967,4711,FFP - MG
1031,TJMG,1 03 1 02 122 706 2 054 0001,REMUNERAÇÃO DE SERVIDORES DA ATIVA E ENCARGOS SOCIAIS,3 1 91 13 5,OBRIGAÇÃO PATRONAL - PESSOAL ATIVO - PREVIDÊNCIA,859688739,4711,FFP - MG
1031,TJMG,1 03 1 02 122 706 2 054 0001,REMUNERAÇÃO DE SERVIDORES DA ATIVA E ENCARGOS SOCIAIS,3 1 91 92 3,DESPESAS DE EXERCÍCIOS ANTERIORES – OBRIGAÇÕES PATRONAIS,71515268,4711,FFP - MG
1051,TJMMG,1 05 1 02 122 734 2 077 0001,REMUNERAÇÃO DE MAGISTRADOS DA ATIVA E ENCARGOS SOCIAIS,3 1 91 13 5,OBRIGAÇÃO PATRONAL - PESSOAL ATIVO - PREVIDÊNCIA,2238392,,
1051,TJMMG,1 05 1 02 122 734 2 078 0001,REMUNERAÇÃO DE SERVIDORES DA ATIVA E ENCARGOS SOCIAIS,3 1 91 13 5,OBRIGAÇÃO PATRONAL - PESSOAL ATIVO - PREVIDÊNCIA,7361646,,
1051,TJMMG,1 05 1 09 272 705 7 006 0001,PROVENTOS DE INATIVOS CIVIS E PENSIONISTAS,3 1 91 13 6,OBRIGAÇÃO PATRONAL - PESSOAL INATIVO - PREVIDÊNCIA,168993,,
1051,TJMMG,1 05 1 09 272 705 7 006 0001,PROVENTOS DE INATIVOS CIVIS E PENSIONISTAS,3 1 91 13 8,OBRIGAÇÃO PATRONAL - PENSIONISTAS - PREVIDÊNCIA,1879,,
1071,GABINETE MILITAR,1 07 1 04 122 049 4 354 0001,"GESTÃO DE BENS,SERVIÇOS E LOGISTICA DOS PRÉDIOS GOVERNAMENTAIS",3 1 91 13 5,OBRIGAÇÃO PATRONAL - PESSOAL ATIVO - PREVIDÊNCIA,47551,4711,FFP - MG
1071,GABINETE MILITAR,1 07 1 04 122 049 4 354 0001,"GESTÃO DE BENS,SERVIÇOS E LOGISTICA DOS PRÉDIOS GOVERNAMENTAIS",3 1 91 13 21,OBRIGAÇÃO PATRONAL - PESSOAL ATIVO - ASSISTÊNCIA À SAÚDE,9416,2011,IPSEMG
1071,GABINETE MILITAR,1 07 1 04 122 049 4 354 0001,"GESTÃO DE BENS,SERVIÇOS E LOGISTICA DOS PRÉDIOS GOVERNAMENTAIS",3 1 91 13 26,OBRIGAÇÃO PATRONAL SUPLEMENTAR – PESSOAL ATIVO,1000,4711,FFP - MG
1071,GABINETE MILITAR,1 07 1 04 122 705 2 500 0001,ASSESSORAMENTO E GERENCIAMENTO DE POLÍTICAS PÚBLICAS,3 1 91 13 5,OBRIGAÇÃO PATRONAL - PESSOAL ATIVO - PREVIDÊNCIA,35000,4711,FFP - MG
1071,GABINETE MILITAR,1 07 1 04 122 705 2 500 0001,ASSESSORAMENTO E GERENCIAMENTO DE POLÍTICAS PÚBLICAS,3 1 91 13 21,OBRIGAÇÃO PATRONAL - PESSOAL ATIVO - ASSISTÊNCIA À SAÚDE,13601,2011,IPSEMG
1071,GABINETE MILITAR,1 07 1 04 122 705 2 500 0001,ASSESSORAMENTO E GERENCIAMENTO DE POLÍTICAS PÚBLICAS,3 1 91 13 26,OBRIGAÇÃO PATRONAL SUPLEMENTAR – PESSOAL ATIVO,2851,4711,FFP - MG
1071,GABINETE MILITAR,1 07 1 06 182 048 4 356 0001,GESTÃO DE DESASTRE,3 1 91 13 5,OBRIGAÇÃO PATRONAL - PESSOAL ATIVO - PREVIDÊNCIA,108003,4711,FFP - MG
1071,GABINETE MILITAR,1 07 1 06 182 048 4 356 0001,GESTÃO DE DESASTRE,3 1 91 13 21,OBRIGAÇÃO PATRONAL - PESSOAL ATIVO - ASSISTÊNCIA À SAÚDE,13122,2011,IPSEMG
1071,GABINETE MILITAR,1 07 1 06 182 048 4 356 0001,GESTÃO DE DESASTRE,3 1 91 13 26,OBRIGAÇÃO PATRONAL SUPLEMENTAR – PESSOAL ATIVO,1444,4711,FFP - MG
1071,GABINETE MILITAR,1 07 1 06 182 048 4 390 0001,GESTÃO DO RISCO DE DESASTRES,3 1 91 13 5,OBRIGAÇÃO PATRONAL - PESSOAL ATIVO - PREVIDÊNCIA,58334,4711,FFP - MG
1071,GABINETE MILITAR,1 07 1 06 182 048 4 390 0001,GESTÃO DO RISCO DE DESASTRES,3 1 91 13 21,OBRIGAÇÃO PATRONAL - PESSOAL ATIVO - ASSISTÊNCIA À SAÚDE,2856,2011,IPSEMG
1071,GABINETE MILITAR,1 07 1 06 182 048 4 390 0001,GESTÃO DO RISCO DE DESASTRES,3 1 91 13 26,OBRIGAÇÃO PATRONAL SUPLEMENTAR – PESSOAL ATIVO,1703,4711,FFP - MG
1071,GABINETE MILITAR,1 07 1 06 781 046 4 426 0001,GESTÃO DA AVIAÇÃO DO GABINETE MILITAR DO GOVERNADOR,3 1 91 13 5,OBRIGAÇÃO PATRONAL - PESSOAL ATIVO - PREVIDÊNCIA,47082,4711,FFP - MG
1071,GABINETE MILITAR,1 07 1 06 781 046 4 426 0001,GESTÃO DA AVIAÇÃO DO GABINETE MILITAR DO GOVERNADOR,3 1 91 13 21,OBRIGAÇÃO PATRONAL - PESSOAL ATIVO - ASSISTÊNCIA À SAÚDE,19991,2011,IPSEMG
1071,GABINETE MILITAR,1 07 1 06 781 046 4 426 0001,GESTÃO DA AVIAÇÃO DO GABINETE MILITAR DO GOVERNADOR,3 1 91 13 26,OBRIGAÇÃO PATRONAL SUPLEMENTAR – PESSOAL ATIVO,1939,4711,FFP - MG
1071,GABINETE MILITAR,1 07 1 06 782 034 4 341 0001,GESTÃO DO TRANSPORTE RODOVIÁRIO,3 1 91 13 5,OBRIGAÇÃO PATRONAL - PESSOAL ATIVO - PREVIDÊNCIA,77383,4711,FFP - MG
1071,GABINETE MILITAR,1 07 1 06 782 034 4 341 0001,GESTÃO DO TRANSPORTE RODOVIÁRIO,3 1 91 13 21,OBRIGAÇÃO PATRONAL - PESSOAL ATIVO - ASSISTÊNCIA À SAÚDE,12167,2011,IPSEMG
1071,GABINETE MILITAR,1 07 1 06 782 034 4 341 0001,GESTÃO DO TRANSPORTE RODOVIÁRIO,3 1 91 13 26,OBRIGAÇÃO PATRONAL SUPLEMENTAR – PESSOAL ATIVO,33905,4711,FFP - MG
1081,AGE,1 08 1 03 092 044 1 013 0001,"REPRESENTAÇÃO JUDICIAL, COBRANÇA DA DÍVIDA ATIVA E ASSESSORAMENTO JURÍDICO AO ESTADO E ENTIDADES",3 1 91 13 5,OBRIGAÇÃO PATRONAL - PESSOAL ATIVO - PREVIDÊNCIA,181519,2011,IPSEMG
1081,AGE,1 08 1 03 092 044 1 013 0001,"REPRESENTAÇÃO JUDICIAL, COBRANÇA DA DÍVIDA ATIVA E ASSESSORAMENTO JURÍDICO AO ESTADO E ENTIDADES",3 1 91 13 5,OBRIGAÇÃO PATRONAL - PESSOAL ATIVO - PREVIDÊNCIA,90577740,4711,FFP - MG
1081,AGE,1 08 1 04 122 705 2 500 0001,ASSESSORAMENTO E GERENCIAMENTO DE POLÍTICAS PÚBLICAS,3 1 91 13 5,OBRIGAÇÃO PATRONAL - PESSOAL ATIVO - PREVIDÊNCIA,95357,2011,IPSEMG
1081,AGE,1 08 1 04 122 705 2 500 0001,ASSESSORAMENTO E GERENCIAMENTO DE POLÍTICAS PÚBLICAS,3 1 91 13 5,OBRIGAÇÃO PATRONAL - PESSOAL ATIVO - PREVIDÊNCIA,8573450,4711,FFP - MG
1101,OGE,1 10 1 14 122 054 4 104 0001,APRESENTAÇÃO DE RELATÓRIOS DE GESTÃO,3 1 91 13 5,OBRIGAÇÃO PATRONAL - PESSOAL ATIVO - PREVIDÊNCIA,18139,4711,FFP - MG
1101,OGE,1 10 1 14 122 054 4 104 0001,APRESENTAÇÃO DE RELATÓRIOS DE GESTÃO,3 1 91 13 21,OBRIGAÇÃO PATRONAL - PESSOAL ATIVO - ASSISTÊNCIA À SAÚDE,1421,2011,IPSEMG
1101,OGE,1 10 1 14 122 054 4 104 0001,APRESENTAÇÃO DE RELATÓRIOS DE GESTÃO,3 1 91 13 26,OBRIGAÇÃO PATRONAL SUPLEMENTAR – PESSOAL ATIVO,17345,4711,FFP - MG
1101,OGE,1 10 1 14 122 054 4 108 0001,QUALIDADE TOTAL E SEGURANÇA DE DADOS,3 1 91 13 5,OBRIGAÇÃO PATRONAL - PESSOAL ATIVO - PREVIDÊNCIA,8839,4711,FFP - MG
1101,OGE,1 10 1 14 122 054 4 108 0001,QUALIDADE TOTAL E SEGURANÇA DE DADOS,3 1 91 13 21,OBRIGAÇÃO PATRONAL - PESSOAL ATIVO - ASSISTÊNCIA À SAÚDE,1965,2011,IPSEMG
1101,OGE,1 10 1 14 122 054 4 108 0001,QUALIDADE TOTAL E SEGURANÇA DE DADOS,3 1 91 13 26,OBRIGAÇÃO PATRONAL SUPLEMENTAR – PESSOAL ATIVO,8839,4711,FFP - MG
1101,OGE,1 10 1 14 126 055 1 017 0001,"MANUTENÇÃO, DIVERSIFICAÇÃO E EVOLUÇÃO DOS CANAIS DE ATENDIMENTO",3 1 91 13 5,OBRIGAÇÃO PATRONAL - PESSOAL ATIVO - PREVIDÊNCIA,79584,4711,FFP - MG
1101,OGE,1 10 1 14 126 055 1 017 0001,"MANUTENÇÃO, DIVERSIFICAÇÃO E EVOLUÇÃO DOS CANAIS DE ATENDIMENTO",3 1 91 13 26,OBRIGAÇÃO PATRONAL SUPLEMENTAR – PESSOAL ATIVO,58734,4711,FFP - MG
1101,OGE,1 10 1 14 131 055 4 102 0001,DIVULGAÇÃO DOS CANAIS E AÇÕES DA OUVIDORIA,3 1 91 13 21,OBRIGAÇÃO PATRONAL - PESSOAL ATIVO - ASSISTÊNCIA À SAÚDE,1302,2011,IPSEMG
1101,OGE,1 10 1 14 422 055 4 101 0001,OUVIDORIA MÓVEL,3 1 91 13 5,OBRIGAÇÃO PATRONAL - PESSOAL ATIVO - PREVIDÊNCIA,13190,4711,FFP - MG
1101,OGE,1 10 1 14 422 055 4 101 0001,OUVIDORIA MÓVEL,3 1 91 13 21,OBRIGAÇÃO PATRONAL - PESSOAL ATIVO - ASSISTÊNCIA À SAÚDE,1317,2011,IPSEMG
1101,OGE,1 10 1 14 422 055 4 101 0001,OUVIDORIA MÓVEL,3 1 91 13 26,OBRIGAÇÃO PATRONAL SUPLEMENTAR – PESSOAL ATIVO,12146,4711,FFP - MG
1101,OGE,1 10 1 14 422 055 4 110 0001,"RECEBIMENTO, ANÁLISE E TRATAMENTO DE MANIFESTAÇÕES",3 1 91 13 5,OBRIGAÇÃO PATRONAL - PESSOAL ATIVO - PREVIDÊNCIA,904291,4711,FFP - MG
1101,OGE,1 10 1 14 422 055 4 110 0001,"RECEBIMENTO, ANÁLISE E TRATAMENTO DE MANIFESTAÇÕES",3 1 91 13 21,OBRIGAÇÃO PATRONAL - PESSOAL ATIVO - ASSISTÊNCIA À SAÚDE,41923,2011,IPSEMG
1101,OGE,1 10 1 14 422 055 4 110 0001,"RECEBIMENTO, ANÁLISE E TRATAMENTO DE MANIFESTAÇÕES",3 1 91 13 26,OBRIGAÇÃO PATRONAL SUPLEMENTAR – PESSOAL ATIVO,746639,4711,FFP - MG
1101,OGE,1 10 1 14 422 705 2 500 0001,ASSESSORAMENTO E GERENCIAMENTO DE POLÍTICAS PÚBLICAS,3 1 91 13 5,OBRIGAÇÃO PATRONAL - PESSOAL ATIVO - PREVIDÊNCIA,393287,4711,FFP - MG
1101,OGE,1 10 1 14 422 705 2 500 0001,ASSESSORAMENTO E GERENCIAMENTO DE POLÍTICAS PÚBLICAS,3 1 91 13 21,OBRIGAÇÃO PATRONAL - PESSOAL ATIVO - ASSISTÊNCIA À SAÚDE,15558,2011,IPSEMG
1101,OGE,1 10 1 14 422 705 2 500 0001,ASSESSORAMENTO E GERENCIAMENTO DE POLÍTICAS PÚBLICAS,3 1 91 13 26,OBRIGAÇÃO PATRONAL SUPLEMENTAR – PESSOAL ATIVO,315107,4711,FFP - MG
1191,SEF,1 19 1 04 122 705 2 500 0001,ASSESSORAMENTO E GERENCIAMENTO DE POLÍTICAS PÚBLICAS,3 1 91 13 5,OBRIGAÇÃO PATRONAL - PESSOAL ATIVO - PREVIDÊNCIA,13169215,4711,FFP - MG
1191,SEF,1 19 1 04 122 705 2 500 0001,ASSESSORAMENTO E GERENCIAMENTO DE POLÍTICAS PÚBLICAS,3 1 91 13 21,OBRIGAÇÃO PATRONAL - PESSOAL ATIVO - ASSISTÊNCIA À SAÚDE,208894,2011,IPSEMG
1191,SEF,1 19 1 04 122 705 2 500 0001,ASSESSORAMENTO E GERENCIAMENTO DE POLÍTICAS PÚBLICAS,3 1 91 13 26,OBRIGAÇÃO PATRONAL SUPLEMENTAR – PESSOAL ATIVO,9163479,4711,FFP - MG
1191,SEF,1 19 1 04 123 038 4 095 0001,CONTROLE E OPERAÇÕES FINANCEIRAS DOS RECURSOS ESTADUAIS.,3 1 91 13 5,OBRIGAÇÃO PATRONAL - PESSOAL ATIVO - PREVIDÊNCIA,1698799,4711,FFP - MG
1191,SEF,1 19 1 04 123 038 4 095 0001,CONTROLE E OPERAÇÕES FINANCEIRAS DOS RECURSOS ESTADUAIS.,3 1 91 13 21,OBRIGAÇÃO PATRONAL - PESSOAL ATIVO - ASSISTÊNCIA À SAÚDE,30942,2011,IPSEMG
1191,SEF,1 19 1 04 123 038 4 095 0001,CONTROLE E OPERAÇÕES FINANCEIRAS DOS RECURSOS ESTADUAIS.,3 1 91 13 26,OBRIGAÇÃO PATRONAL SUPLEMENTAR – PESSOAL ATIVO,1235640,4711,FFP - MG
1191,SEF,1 19 1 04 123 038 4 096 0001,GESTÃO ESTRATÉGICA E PLANEJAMENTO FINANCEIRO,3 1 91 13 5,OBRIGAÇÃO PATRONAL - PESSOAL ATIVO - PREVIDÊNCIA,242841,4711,FFP - MG
1191,SEF,1 19 1 04 123 038 4 096 0001,GESTÃO ESTRATÉGICA E PLANEJAMENTO FINANCEIRO,3 1 91 13 21,OBRIGAÇÃO PATRONAL - PESSOAL ATIVO - ASSISTÊNCIA À SAÚDE,7714,2011,IPSEMG
1191,SEF,1 19 1 04 123 038 4 096 0001,GESTÃO ESTRATÉGICA E PLANEJAMENTO FINANCEIRO,3 1 91 13 26,OBRIGAÇÃO PATRONAL SUPLEMENTAR – PESSOAL ATIVO,183336,4711,FFP - MG
1191,SEF,1 19 1 04 123 038 4 097 0001,CONTADORIA TRANSPARENTE,3 1 91 13 5,OBRIGAÇÃO PATRONAL - PESSOAL ATIVO - PREVIDÊNCIA,641951,4711,FFP - MG
1191,SEF,1 19 1 04 123 038 4 097 0001,CONTADORIA TRANSPARENTE,3 1 91 13 21,OBRIGAÇÃO PATRONAL - PESSOAL ATIVO - ASSISTÊNCIA À SAÚDE,19232,2011,IPSEMG
1191,SEF,1 19 1 04 123 038 4 097 0001,CONTADORIA TRANSPARENTE,3 1 91 13 26,OBRIGAÇÃO PATRONAL SUPLEMENTAR – PESSOAL ATIVO,438561,4711,FFP - MG
1191,SEF,1 19 1 04 123 038 4 098 0001,CONTADORIA LEGAL,3 1 91 13 5,OBRIGAÇÃO PATRONAL - PESSOAL ATIVO - PREVIDÊNCIA,543327,4711,FFP - MG
1191,SEF,1 19 1 04 123 038 4 098 0001,CONTADORIA LEGAL,3 1 91 13 21,OBRIGAÇÃO PATRONAL - PESSOAL ATIVO - ASSISTÊNCIA À SAÚDE,9134,2011,IPSEMG
1191,SEF,1 19 1 04 123 038 4 098 0001,CONTADORIA LEGAL,3 1 91 13 26,OBRIGAÇÃO PATRONAL SUPLEMENTAR – PESSOAL ATIVO,355833,4711,FFP - MG
1191,SEF,1 19 1 04 123 038 4 103 0001,"GOVERNANÇA DO SISTEMA INTEGRADO UTILIZADO PARA A EXECUÇÃO ORÇAMENTÁRIA, FINANCEIRA, PATRIMONIAL E CONTÁBIL",3 1 91 13 5,OBRIGAÇÃO PATRONAL - PESSOAL ATIVO - PREVIDÊNCIA,113260,4711,FFP - MG
1191,SEF,1 19 1 04 123 038 4 103 0001,"GOVERNANÇA DO SISTEMA INTEGRADO UTILIZADO PARA A EXECUÇÃO ORÇAMENTÁRIA, FINANCEIRA, PATRIMONIAL E CONTÁBIL",3 1 91 13 21,OBRIGAÇÃO PATRONAL - PESSOAL ATIVO - ASSISTÊNCIA À SAÚDE,4842,2011,IPSEMG
1191,SEF,1 19 1 04 123 038 4 103 0001,"GOVERNANÇA DO SISTEMA INTEGRADO UTILIZADO PARA A EXECUÇÃO ORÇAMENTÁRIA, FINANCEIRA, PATRIMONIAL E CONTÁBIL",3 1 91 13 26,OBRIGAÇÃO PATRONAL SUPLEMENTAR – PESSOAL ATIVO,80306,4711,FFP - MG
1191,SEF,1 19 1 04 123 038 4 105 0001,GESTÃO DE ATIVOS E HAVERES,3 1 91 13 5,OBRIGAÇÃO PATRONAL - PESSOAL ATIVO - PREVIDÊNCIA,1075813,4711,FFP - MG
1191,SEF,1 19 1 04 123 038 4 105 0001,GESTÃO DE ATIVOS E HAVERES,3 1 91 13 21,OBRIGAÇÃO PATRONAL - PESSOAL ATIVO - ASSISTÊNCIA À SAÚDE,6985,2011,IPSEMG
1191,SEF,1 19 1 04 123 038 4 105 0001,GESTÃO DE ATIVOS E HAVERES,3 1 91 13 26,OBRIGAÇÃO PATRONAL SUPLEMENTAR – PESSOAL ATIVO,821155,4711,FFP - MG
1191,SEF,1 19 1 04 123 038 4 106 0001,ENDIVIDAMENTO SUSTENTÁVEL,3 1 91 13 5,OBRIGAÇÃO PATRONAL - PESSOAL ATIVO - PREVIDÊNCIA,339328,4711,FFP - MG
1191,SEF,1 19 1 04 123 038 4 106 0001,ENDIVIDAMENTO SUSTENTÁVEL,3 1 91 13 21,OBRIGAÇÃO PATRONAL - PESSOAL ATIVO - ASSISTÊNCIA À SAÚDE,6313,2011,IPSEMG
1191,SEF,1 19 1 04 123 038 4 106 0001,ENDIVIDAMENTO SUSTENTÁVEL,3 1 91 13 26,OBRIGAÇÃO PATRONAL SUPLEMENTAR – PESSOAL ATIVO,234431,4711,FFP - MG
1191,SEF,1 19 1 04 126 033 2 006 0001,"PROPOSIÇÃO, AMPLIAÇÃO E SUSTENTAÇÃO DE SOLUÇÕES E ATENDIMENTO AOS USUÁRIOS DE TIC",3 1 91 13 5,OBRIGAÇÃO PATRONAL - PESSOAL ATIVO - PREVIDÊNCIA,3567020,4711,FFP - MG
1191,SEF,1 19 1 04 126 033 2 006 0001,"PROPOSIÇÃO, AMPLIAÇÃO E SUSTENTAÇÃO DE SOLUÇÕES E ATENDIMENTO AOS USUÁRIOS DE TIC",3 1 91 13 21,OBRIGAÇÃO PATRONAL - PESSOAL ATIVO - ASSISTÊNCIA À SAÚDE,17415,2011,IPSEMG
1191,SEF,1 19 1 04 126 033 2 006 0001,"PROPOSIÇÃO, AMPLIAÇÃO E SUSTENTAÇÃO DE SOLUÇÕES E ATENDIMENTO AOS USUÁRIOS DE TIC",3 1 91 13 26,OBRIGAÇÃO PATRONAL SUPLEMENTAR – PESSOAL ATIVO,2406696,4711,FFP - MG
1191,SEF,1 19 1 04 129 045 4 079 0001,GESTÃO EFICENTE E TRANSPARÊNCIA DO CONTENCIOSO ADMINISTRATIVO TRIBUTÁRIO,3 1 91 13 5,OBRIGAÇÃO PATRONAL - PESSOAL ATIVO - PREVIDÊNCIA,2866478,4711,FFP - MG
1191,SEF,1 19 1 04 129 045 4 079 0001,GESTÃO EFICENTE E TRANSPARÊNCIA DO CONTENCIOSO ADMINISTRATIVO TRIBUTÁRIO,3 1 91 13 21,OBRIGAÇÃO PATRONAL - PESSOAL ATIVO - ASSISTÊNCIA À SAÚDE,13631,2011,IPSEMG
1191,SEF,1 19 1 04 129 045 4 079 0001,GESTÃO EFICENTE E TRANSPARÊNCIA DO CONTENCIOSO ADMINISTRATIVO TRIBUTÁRIO,3 1 91 13 26,OBRIGAÇÃO PATRONAL SUPLEMENTAR – PESSOAL ATIVO,1974165,4711,FFP - MG
1191,SEF,1 19 1 04 129 045 4 082 0001,RECEITA ESTADUAL EFICIENTE,3 1 91 13 5,OBRIGAÇÃO PATRONAL - PESSOAL ATIVO - PREVIDÊNCIA,187599737,4711,FFP - MG
1191,SEF,1 19 1 04 129 045 4 082 0001,RECEITA ESTADUAL EFICIENTE,3 1 91 13 21,OBRIGAÇÃO PATRONAL - PESSOAL ATIVO - ASSISTÊNCIA À SAÚDE,1465113,2011,IPSEMG
1191,SEF,1 19 1 04 129 045 4 082 0001,RECEITA ESTADUAL EFICIENTE,3 1 91 13 26,OBRIGAÇÃO PATRONAL SUPLEMENTAR – PESSOAL ATIVO,126783710,4711,FFP - MG
1191,SEF,1 19 1 04 129 045 4 083 0001,RECEITA ESTADUAL DIGITAL,3 1 91 13 5,OBRIGAÇÃO PATRONAL - PESSOAL ATIVO - PREVIDÊNCIA,32484029,4711,FFP - MG
1191,SEF,1 19 1 04 129 045 4 083 0001,RECEITA ESTADUAL DIGITAL,3 1 91 13 21,OBRIGAÇÃO PATRONAL - PESSOAL ATIVO - ASSISTÊNCIA À SAÚDE,89610,2011,IPSEMG
1191,SEF,1 19 1 04 129 045 4 083 0001,RECEITA ESTADUAL DIGITAL,3 1 91 13 26,OBRIGAÇÃO PATRONAL SUPLEMENTAR – PESSOAL ATIVO,22356941,4711,FFP - MG
1221,SEDE,1 22 1 04 122 133 1 090 0001,IMPLEMENTAÇÃO DA POLÍTICA DE DESESTATIZAÇÃO,3 1 91 13 5,OBRIGAÇÃO PATRONAL - PESSOAL ATIVO - PREVIDÊNCIA,119623,4711,FFP - MG
1221,SEDE,1 22 1 04 122 133 1 090 0001,IMPLEMENTAÇÃO DA POLÍTICA DE DESESTATIZAÇÃO,3 1 91 13 21,OBRIGAÇÃO PATRONAL - PESSOAL ATIVO - ASSISTÊNCIA À SAÚDE,4984,2011,IPSEMG
1221,SEDE,1 22 1 04 122 705 2 500 0001,ASSESSORAMENTO E GERENCIAMENTO DE POLÍTICAS PÚBLICAS,3 1 91 13 5,OBRIGAÇÃO PATRONAL - PESSOAL ATIVO - PREVIDÊNCIA,1609862,4711,FFP - MG
1221,SEDE,1 22 1 04 122 705 2 500 0001,ASSESSORAMENTO E GERENCIAMENTO DE POLÍTICAS PÚBLICAS,3 1 91 13 21,OBRIGAÇÃO PATRONAL - PESSOAL ATIVO - ASSISTÊNCIA À SAÚDE,67646,2011,IPSEMG
1221,SEDE,1 22 1 04 123 125 4 482 0001,GESTÃO DE ATIVOS IMOBILIÁRIOS ALIENÁVEIS - SEDE,3 1 91 13 5,OBRIGAÇÃO PATRONAL - PESSOAL ATIVO - PREVIDÊNCIA,103488,4711,FFP - MG
1221,SEDE,1 22 1 04 123 125 4 482 0001,GESTÃO DE ATIVOS IMOBILIÁRIOS ALIENÁVEIS - SEDE,3 1 91 13 21,OBRIGAÇÃO PATRONAL - PESSOAL ATIVO - ASSISTÊNCIA À SAÚDE,4312,2011,IPSEMG
1221,SEDE,1 22 1 04 123 133 4 499 0001,GOVERNANÇA DAS EMPRESAS ESTATAIS,3 1 91 13 5,OBRIGAÇÃO PATRONAL - PESSOAL ATIVO - PREVIDÊNCIA,51744,4711,FFP - MG
1221,SEDE,1 22 1 04 123 133 4 499 0001,GOVERNANÇA DAS EMPRESAS ESTATAIS,3 1 91 13 21,OBRIGAÇÃO PATRONAL - PESSOAL ATIVO - ASSISTÊNCIA À SAÚDE,2156,2011,IPSEMG
1221,SEDE,1 22 1 04 125 132 1 071 0001,MINAS LIVRE PARA CRESCER,3 1 91 13 5,OBRIGAÇÃO PATRONAL - PESSOAL ATIVO - PREVIDÊNCIA,613,4711,FFP - MG
1221,SEDE,1 22 1 04 125 132 1 071 0001,MINAS LIVRE PARA CRESCER,3 1 91 13 21,OBRIGAÇÃO PATRONAL - PESSOAL ATIVO - ASSISTÊNCIA À SAÚDE,25,2011,IPSEMG
1221,SEDE,1 22 1 04 127 125 1 082 0001,MINAS REURB SEDE,3 1 91 13 5,OBRIGAÇÃO PATRONAL - PESSOAL ATIVO - PREVIDÊNCIA,69925,4711,FFP - MG
1221,SEDE,1 22 1 04 127 125 1 082 0001,MINAS REURB SEDE,3 1 91 13 21,OBRIGAÇÃO PATRONAL - PESSOAL ATIVO - ASSISTÊNCIA À SAÚDE,5106,2011,IPSEMG
1221,SEDE,1 22 1 04 127 125 4 544 0001,REGULARIZAÇÃO FUNDIÁRIA DE TERRITÓRIOS COLETIVOS,3 1 91 13 5,OBRIGAÇÃO PATRONAL - PESSOAL ATIVO - PREVIDÊNCIA,51744,4711,FFP - MG
1221,SEDE,1 22 1 04 127 125 4 544 0001,REGULARIZAÇÃO FUNDIÁRIA DE TERRITÓRIOS COLETIVOS,3 1 91 13 21,OBRIGAÇÃO PATRONAL - PESSOAL ATIVO - ASSISTÊNCIA À SAÚDE,2156,2011,IPSEMG
1221,SEDE,1 22 1 04 129 125 1 083 0001,DISCRIMINAÇÃO E ARRECADAÇÃO DE TERRAS E GESTÃO DOS ARRENDAMENTOS,3 1 91 13 5,OBRIGAÇÃO PATRONAL - PESSOAL ATIVO - PREVIDÊNCIA,51744,4711,FFP - MG
1221,SEDE,1 22 1 04 129 125 1 083 0001,DISCRIMINAÇÃO E ARRECADAÇÃO DE TERRAS E GESTÃO DOS ARRENDAMENTOS,3 1 91 13 21,OBRIGAÇÃO PATRONAL - PESSOAL ATIVO - ASSISTÊNCIA À SAÚDE,2156,2011,IPSEMG
1221,SEDE,1 22 1 19 571 143 4 472 0001,APOIO À GESTÃO DE PROJETOS DE PESQUISA E TECNOLOGIA,3 1 91 13 5,OBRIGAÇÃO PATRONAL - PESSOAL ATIVO - PREVIDÊNCIA,135328,4711,FFP - MG
1221,SEDE,1 22 1 19 571 143 4 472 0001,APOIO À GESTÃO DE PROJETOS DE PESQUISA E TECNOLOGIA,3 1 91 13 21,OBRIGAÇÃO PATRONAL - PESSOAL ATIVO - ASSISTÊNCIA À SAÚDE,6767,2011,IPSEMG
1221,SEDE,1 22 1 19 573 143 4 449 0001,APOIO À GESTÃO DE PROJETOS DE INOVAÇÃO TECNOLÓGICA,3 1 91 13 5,OBRIGAÇÃO PATRONAL - PESSOAL ATIVO - PREVIDÊNCIA,135467,4711,FFP - MG
1221,SEDE,1 22 1 19 573 143 4 449 0001,APOIO À GESTÃO DE PROJETOS DE INOVAÇÃO TECNOLÓGICA,3 1 91 13 21,OBRIGAÇÃO PATRONAL - PESSOAL ATIVO - ASSISTÊNCIA À SAÚDE,7075,2011,IPSEMG
1221,SEDE,1 22 1 22 661 132 1 072 0001,DESENVOLVIMENTO DOS ARRANJOS PRODUTIVOS LOCAIS,3 1 91 13 5,OBRIGAÇÃO PATRONAL - PESSOAL ATIVO - PREVIDÊNCIA,88635,4711,FFP - MG
1221,SEDE,1 22 1 22 661 132 1 072 0001,DESENVOLVIMENTO DOS ARRANJOS PRODUTIVOS LOCAIS,3 1 91 13 21,OBRIGAÇÃO PATRONAL - PESSOAL ATIVO - ASSISTÊNCIA À SAÚDE,4573,2011,IPSEMG
1221,SEDE,1 22 1 22 663 133 1 077 0001,GESTÃO DA POLÍTICA MINERÁRIA,3 1 91 13 5,OBRIGAÇÃO PATRONAL - PESSOAL ATIVO - PREVIDÊNCIA,353434,4711,FFP - MG
1221,SEDE,1 22 1 22 663 133 1 077 0001,GESTÃO DA POLÍTICA MINERÁRIA,3 1 91 13 21,OBRIGAÇÃO PATRONAL - PESSOAL ATIVO - ASSISTÊNCIA À SAÚDE,19187,2011,IPSEMG
1221,SEDE,1 22 1 23 691 132 1 073 0001,FOMENTO AOS PEQUENOS NEGÓCIOS,3 1 91 13 5,OBRIGAÇÃO PATRONAL - PESSOAL ATIVO - PREVIDÊNCIA,109764,4711,FFP - MG
1221,SEDE,1 22 1 23 691 132 1 073 0001,FOMENTO AOS PEQUENOS NEGÓCIOS,3 1 91 13 21,OBRIGAÇÃO PATRONAL - PESSOAL ATIVO - ASSISTÊNCIA À SAÚDE,4573,2011,IPSEMG
1221,SEDE,1 22 1 23 691 132 4 474 0001,ARTESANATO EMPREENDEDOR,3 1 91 13 5,OBRIGAÇÃO PATRONAL - PESSOAL ATIVO - PREVIDÊNCIA,24745,4711,FFP - MG
1221,SEDE,1 22 1 23 691 132 4 474 0001,ARTESANATO EMPREENDEDOR,3 1 91 13 21,OBRIGAÇÃO PATRONAL - PESSOAL ATIVO - ASSISTÊNCIA À SAÚDE,1031,2011,IPSEMG
1221,SEDE,1 22 1 23 691 133 1 078 0001,LOGÍSTICA E MOBILIDADE DO FUTURO,3 1 91 13 5,OBRIGAÇÃO PATRONAL - PESSOAL ATIVO - PREVIDÊNCIA,12957,4711,FFP - MG
1221,SEDE,1 22 1 23 691 133 1 078 0001,LOGÍSTICA E MOBILIDADE DO FUTURO,3 1 91 13 21,OBRIGAÇÃO PATRONAL - PESSOAL ATIVO - ASSISTÊNCIA À SAÚDE,539,2011,IPSEMG
1221,SEDE,1 22 1 23 691 133 1 091 0001,INTEGRAÇÃO DAS CADEIAS PRODUTIVAS,3 1 91 13 5,OBRIGAÇÃO PATRONAL - PESSOAL ATIVO - PREVIDÊNCIA,765,4711,FFP - MG
1221,SEDE,1 22 1 23 691 133 1 091 0001,INTEGRAÇÃO DAS CADEIAS PRODUTIVAS,3 1 91 13 21,OBRIGAÇÃO PATRONAL - PESSOAL ATIVO - ASSISTÊNCIA À SAÚDE,31,2011,IPSEMG
1221,SEDE,1 22 1 23 693 133 1 079 0001,PROMOÇÃO DO COMÉRCIO EXTERIOR MINEIRO,3 1 91 13 5,OBRIGAÇÃO PATRONAL - PESSOAL ATIVO - PREVIDÊNCIA,30937,4711,FFP - MG
1221,SEDE,1 22 1 23 693 133 1 079 0001,PROMOÇÃO DO COMÉRCIO EXTERIOR MINEIRO,3 1 91 13 21,OBRIGAÇÃO PATRONAL - PESSOAL ATIVO - ASSISTÊNCIA À SAÚDE,1854,2011,IPSEMG
1221,SEDE,1 22 1 25 754 133 1 075 0001,FONTES RENOVÁVEIS DE ENERGIA,3 1 91 13 5,OBRIGAÇÃO PATRONAL - PESSOAL ATIVO - PREVIDÊNCIA,167278,4711,FFP - MG
1221,SEDE,1 22 1 25 754 133 1 075 0001,FONTES RENOVÁVEIS DE ENERGIA,3 1 91 13 21,OBRIGAÇÃO PATRONAL - PESSOAL ATIVO - ASSISTÊNCIA À SAÚDE,6969,2011,IPSEMG
1231,SEAPA,1 23 1 04 122 705 2 500 0001,ASSESSORAMENTO E GERENCIAMENTO DE POLÍTICAS PÚBLICAS,3 1 91 13 5,OBRIGAÇÃO PATRONAL - PESSOAL ATIVO - PREVIDÊNCIA,1474668,4711,FFP - MG
1231,SEAPA,1 23 1 04 122 705 2 500 0001,ASSESSORAMENTO E GERENCIAMENTO DE POLÍTICAS PÚBLICAS,3 1 91 13 21,OBRIGAÇÃO PATRONAL - PESSOAL ATIVO - ASSISTÊNCIA À SAÚDE,114764,2011,IPSEMG
1231,SEAPA,1 23 1 04 122 705 2 500 0001,ASSESSORAMENTO E GERENCIAMENTO DE POLÍTICAS PÚBLICAS,3 1 91 13 26,OBRIGAÇÃO PATRONAL SUPLEMENTAR – PESSOAL ATIVO,1283364,4711,FFP - MG
1231,SEAPA,1 23 1 20 544 114 4 393 0001,GESTÃO DE BARRAGENS,3 1 91 13 5,OBRIGAÇÃO PATRONAL - PESSOAL ATIVO - PREVIDÊNCIA,11895,4711,FFP - MG
1231,SEAPA,1 23 1 20 544 114 4 393 0001,GESTÃO DE BARRAGENS,3 1 91 13 26,OBRIGAÇÃO PATRONAL SUPLEMENTAR – PESSOAL ATIVO,11197,4711,FFP - MG
1231,SEAPA,1 23 1 20 544 114 4 394 0001,PROJETO JAÍBA,3 1 91 13 5,OBRIGAÇÃO PATRONAL - PESSOAL ATIVO - PREVIDÊNCIA,47007,4711,FFP - MG
1231,SEAPA,1 23 1 20 544 114 4 394 0001,PROJETO JAÍBA,3 1 91 13 21,OBRIGAÇÃO PATRONAL - PESSOAL ATIVO - ASSISTÊNCIA À SAÚDE,7430,2011,IPSEMG
1231,SEAPA,1 23 1 20 544 114 4 394 0001,PROJETO JAÍBA,3 1 91 13 26,OBRIGAÇÃO PATRONAL SUPLEMENTAR – PESSOAL ATIVO,40684,4711,FFP - MG
1231,SEAPA,1 23 1 20 607 114 4 398 0001,IRRIGA MINAS ¿ AGRICULTURA IRRIGADA SUSTENTÁVEL,3 1 91 13 5,OBRIGAÇÃO PATRONAL - PESSOAL ATIVO - PREVIDÊNCIA,18458,4711,FFP - MG
1231,SEAPA,1 23 1 20 607 114 4 398 0001,IRRIGA MINAS ¿ AGRICULTURA IRRIGADA SUSTENTÁVEL,3 1 91 13 21,OBRIGAÇÃO PATRONAL - PESSOAL ATIVO - ASSISTÊNCIA À SAÚDE,2176,2011,IPSEMG
1231,SEAPA,1 23 1 20 607 114 4 398 0001,IRRIGA MINAS ¿ AGRICULTURA IRRIGADA SUSTENTÁVEL,3 1 91 13 26,OBRIGAÇÃO PATRONAL SUPLEMENTAR – PESSOAL ATIVO,16473,4711,FFP - MG
1231,SEAPA,1 23 1 20 608 111 4 384 0001,FORTALECIMENTO E DESENVOLVIMENTO FLORESTAL,3 1 91 13 21,OBRIGAÇÃO PATRONAL - PESSOAL ATIVO - ASSISTÊNCIA À SAÚDE,849,2011,IPSEMG
1231,SEAPA,1 23 1 20 608 116 4 386 0001,AGRODADOS,3 1 91 13 5,OBRIGAÇÃO PATRONAL - PESSOAL ATIVO - PREVIDÊNCIA,14813,4711,FFP - MG
1231,SEAPA,1 23 1 20 608 116 4 386 0001,AGRODADOS,3 1 91 13 21,OBRIGAÇÃO PATRONAL - PESSOAL ATIVO - ASSISTÊNCIA À SAÚDE,4027,2011,IPSEMG
1231,SEAPA,1 23 1 20 608 116 4 386 0001,AGRODADOS,3 1 91 13 26,OBRIGAÇÃO PATRONAL SUPLEMENTAR – PESSOAL ATIVO,14630,4711,FFP - MG
1231,SEAPA,1 23 1 20 608 118 4 405 0001,APOIO AO JOVEM RURAL,3 1 91 13 21,OBRIGAÇÃO PATRONAL - PESSOAL ATIVO - ASSISTÊNCIA À SAÚDE,1783,2011,IPSEMG
1231,SEAPA,1 23 1 21 605 110 4 363 0001,REGULARIZAÇÃO FUNDIÁRIA DE IMÓVEIS RURAIS,3 1 91 13 5,OBRIGAÇÃO PATRONAL - PESSOAL ATIVO - PREVIDÊNCIA,180106,4711,FFP - MG
1231,SEAPA,1 23 1 21 605 110 4 363 0001,REGULARIZAÇÃO FUNDIÁRIA DE IMÓVEIS RURAIS,3 1 91 13 21,OBRIGAÇÃO PATRONAL - PESSOAL ATIVO - ASSISTÊNCIA À SAÚDE,14707,2011,IPSEMG
1231,SEAPA,1 23 1 21 605 110 4 363 0001,REGULARIZAÇÃO FUNDIÁRIA DE IMÓVEIS RURAIS,3 1 91 13 26,OBRIGAÇÃO PATRONAL SUPLEMENTAR – PESSOAL ATIVO,141490,4711,FFP - MG
1251,PMMG,1 25 1 06 122 705 2 500 0001,ASSESSORAMENTO E GERENCIAMENTO DE POLÍTICAS PÚBLICAS,3 1 91 13 5,OBRIGAÇÃO PATRONAL - PESSOAL ATIVO - PREVIDÊNCIA,99569,2011,IPSEMG
1251,PMMG,1 25 1 06 122 705 2 500 0001,ASSESSORAMENTO E GERENCIAMENTO DE POLÍTICAS PÚBLICAS,3 1 91 13 5,OBRIGAÇÃO PATRONAL - PESSOAL ATIVO - PREVIDÊNCIA,545650,4711,FFP - MG
1251,PMMG,1 25 1 06 181 046 4 372 0001,SUPORTE AÉREO AOS SERVIÇOS DE SEGURANÇA PÚBLICA,3 1 91 13 5,OBRIGAÇÃO PATRONAL - PESSOAL ATIVO - PREVIDÊNCIA,1827,2011,IPSEMG
1251,PMMG,1 25 1 06 181 046 4 372 0001,SUPORTE AÉREO AOS SERVIÇOS DE SEGURANÇA PÚBLICA,3 1 91 13 5,OBRIGAÇÃO PATRONAL - PESSOAL ATIVO - PREVIDÊNCIA,31667,4711,FFP - MG
1251,PMMG,1 25 1 06 181 137 2 061 0001,EDUCAÇÃO PROFISSIONAL DE SEGURANÇA PÚBLICA,3 1 91 13 5,OBRIGAÇÃO PATRONAL - PESSOAL ATIVO - PREVIDÊNCIA,13398,2011,IPSEMG
1251,PMMG,1 25 1 06 181 137 2 061 0001,EDUCAÇÃO PROFISSIONAL DE SEGURANÇA PÚBLICA,3 1 91 13 5,OBRIGAÇÃO PATRONAL - PESSOAL ATIVO - PREVIDÊNCIA,170515,4711,FFP - MG
1251,PMMG,1 25 1 06 181 137 4 365 0001,POLICIAMENTO OSTENSIVO GERAL,3 1 91 13 5,OBRIGAÇÃO PATRONAL - PESSOAL ATIVO - PREVIDÊNCIA,2341240,2011,IPSEMG
1251,PMMG,1 25 1 06 181 137 4 365 0001,POLICIAMENTO OSTENSIVO GERAL,3 1 91 13 5,OBRIGAÇÃO PATRONAL - PESSOAL ATIVO - PREVIDÊNCIA,17414518,4711,FFP - MG
1251,PMMG,1 25 1 06 181 137 4 374 0001,POLICIAMENTO ESPECIALIZADO,3 1 91 13 5,OBRIGAÇÃO PATRONAL - PESSOAL ATIVO - PREVIDÊNCIA,45065,2011,IPSEMG
1251,PMMG,1 25 1 06 181 137 4 374 0001,POLICIAMENTO ESPECIALIZADO,3 1 91 13 5,OBRIGAÇÃO PATRONAL - PESSOAL ATIVO - PREVIDÊNCIA,516419,4711,FFP - MG
1251,PMMG,1 25 1 06 272 705 7 007 0001,PROVENTOS DE INATIVOS MILITARES,3 1 91 13 6,OBRIGAÇÃO PATRONAL - PESSOAL INATIVO - PREVIDÊNCIA,6428168,2121,IPSM
1251,PMMG,1 25 1 10 302 135 2 060 0001,ASSISTÊNCIA À SAÚDE,3 1 91 13 5,OBRIGAÇÃO PATRONAL - PESSOAL ATIVO - PREVIDÊNCIA,51459,2011,IPSEMG
1251,PMMG,1 25 1 10 302 135 2 060 0001,ASSISTÊNCIA À SAÚDE,3 1 91 13 5,OBRIGAÇÃO PATRONAL - PESSOAL ATIVO - PREVIDÊNCIA,623600,4711,FFP - MG
1251,PMMG,1 25 1 12 361 136 2 058 0001,ENSINO FUNDAMENTAL,3 1 91 13 5,OBRIGAÇÃO PATRONAL - PESSOAL ATIVO - PREVIDÊNCIA,469527,2011,IPSEMG
1251,PMMG,1 25 1 12 361 136 2 058 0001,ENSINO FUNDAMENTAL,3 1 91 13 5,OBRIGAÇÃO PATRONAL - PESSOAL ATIVO - PREVIDÊNCIA,4523536,4711,FFP - MG
1251,PMMG,1 25 1 12 362 136 2 059 0001,ENSINO MÉDIO,3 1 91 13 5,OBRIGAÇÃO PATRONAL - PESSOAL ATIVO - PREVIDÊNCIA,22837,2011,IPSEMG
1251,PMMG,1 25 1 12 362 136 2 059 0001,ENSINO MÉDIO,3 1 91 13 5,OBRIGAÇÃO PATRONAL - PESSOAL ATIVO - PREVIDÊNCIA,533470,4711,FFP - MG
1261,SEE,1 26 1 12 122 162 2 096 0001,PROFISSIONAIS DO ÓRGÃO CENTRAL,3 1 91 13 5,OBRIGAÇÃO PATRONAL - PESSOAL ATIVO - PREVIDÊNCIA,828212,2011,IPSEMG
1261,SEE,1 26 1 12 122 162 2 096 0001,PROFISSIONAIS DO ÓRGÃO CENTRAL,3 1 91 13 5,OBRIGAÇÃO PATRONAL - PESSOAL ATIVO - PREVIDÊNCIA,16074068,4711,FFP - MG
1261,SEE,1 26 1 12 122 162 2 097 0001,PROFISSIONAIS DAS SUPERINTENDÊNCIAS REGIONAIS DE ENSINO ¿ SRE,3 1 91 13 5,OBRIGAÇÃO PATRONAL - PESSOAL ATIVO - PREVIDÊNCIA,5542648,2011,IPSEMG
1261,SEE,1 26 1 12 122 162 2 097 0001,PROFISSIONAIS DAS SUPERINTENDÊNCIAS REGIONAIS DE ENSINO ¿ SRE,3 1 91 13 5,OBRIGAÇÃO PATRONAL - PESSOAL ATIVO - PREVIDÊNCIA,107572607,4711,FFP - MG
1261,SEE,1 26 1 12 122 162 2 098 0001,PROFISSIONAIS DO CONSELHO ESTADUAL DE EDUCAÇÃO,3 1 91 13 5,OBRIGAÇÃO PATRONAL - PESSOAL ATIVO - PREVIDÊNCIA,80428,2011,IPSEMG
1261,SEE,1 26 1 12 122 162 2 098 0001,PROFISSIONAIS DO CONSELHO ESTADUAL DE EDUCAÇÃO,3 1 91 13 5,OBRIGAÇÃO PATRONAL - PESSOAL ATIVO - PREVIDÊNCIA,7231210,4711,FFP - MG
1261,SEE,1 26 1 12 361 162 2 080 0001,EDUCAÇÃO INTEGRAL ¿ ENSINO FUNDAMENTAL,3 1 91 13 5,OBRIGAÇÃO PATRONAL - PESSOAL ATIVO - PREVIDÊNCIA,1251770,2011,IPSEMG
1261,SEE,1 26 1 12 361 162 2 080 0001,EDUCAÇÃO INTEGRAL ¿ ENSINO FUNDAMENTAL,3 1 91 13 5,OBRIGAÇÃO PATRONAL - PESSOAL ATIVO - PREVIDÊNCIA,5942310,4711,FFP - MG
1261,SEE,1 26 1 12 361 162 2 081 0001,ENSINO FUNDAMENTAL ¿ APOIO ADMINISTRATIVO,3 1 91 13 5,OBRIGAÇÃO PATRONAL - PESSOAL ATIVO - PREVIDÊNCIA,28507813,2011,IPSEMG
1261,SEE,1 26 1 12 361 162 2 081 0001,ENSINO FUNDAMENTAL ¿ APOIO ADMINISTRATIVO,3 1 91 13 5,OBRIGAÇÃO PATRONAL - PESSOAL ATIVO - PREVIDÊNCIA,166751179,4711,FFP - MG
1261,SEE,1 26 1 12 361 162 2 085 0001,ENSINO FUNDAMENTAL - PROFISSIONAIS DO MAGISTÉRIO,3 1 91 13 5,OBRIGAÇÃO PATRONAL - PESSOAL ATIVO - PREVIDÊNCIA,22884227,2011,IPSEMG
1261,SEE,1 26 1 12 361 162 2 085 0001,ENSINO FUNDAMENTAL - PROFISSIONAIS DO MAGISTÉRIO,3 1 91 13 5,OBRIGAÇÃO PATRONAL - PESSOAL ATIVO - PREVIDÊNCIA,933281079,4711,FFP - MG
1261,SEE,1 26 1 12 362 162 2 086 0001,ENSINO MÉDIO ¿ APOIO ADMINISTRATIVO,3 1 91 13 5,OBRIGAÇÃO PATRONAL - PESSOAL ATIVO - PREVIDÊNCIA,11898752,2011,IPSEMG
1261,SEE,1 26 1 12 362 162 2 086 0001,ENSINO MÉDIO ¿ APOIO ADMINISTRATIVO,3 1 91 13 5,OBRIGAÇÃO PATRONAL - PESSOAL ATIVO - PREVIDÊNCIA,43963934,4711,FFP - MG
1261,SEE,1 26 1 12 362 162 2 090 0001,ENSINO MÉDIO - PROFISSIONAIS DO MAGISTÉRIO,3 1 91 13 5,OBRIGAÇÃO PATRONAL - PESSOAL ATIVO - PREVIDÊNCIA,33196362,2011,IPSEMG
1261,SEE,1 26 1 12 362 162 2 090 0001,ENSINO MÉDIO - PROFISSIONAIS DO MAGISTÉRIO,3 1 91 13 5,OBRIGAÇÃO PATRONAL - PESSOAL ATIVO - PREVIDÊNCIA,570373859,4711,FFP - MG
1261,SEE,1 26 1 12 362 162 2 093 0001,EDUCAÇÃO INTEGRAL ¿ ENSINO MÉDIO,3 1 91 13 5,OBRIGAÇÃO PATRONAL - PESSOAL ATIVO - PREVIDÊNCIA,758771,2011,IPSEMG
1261,SEE,1 26 1 12 362 162 2 093 0001,EDUCAÇÃO INTEGRAL ¿ ENSINO MÉDIO,3 1 91 13 5,OBRIGAÇÃO PATRONAL - PESSOAL ATIVO - PREVIDÊNCIA,8167948,4711,FFP - MG
1261,SEE,1 26 1 12 363 162 2 094 0001,EDUCAÇÃO PROFISSIONAL,3 1 91 13 5,OBRIGAÇÃO PATRONAL - PESSOAL ATIVO - PREVIDÊNCIA,668429,2011,IPSEMG
1261,SEE,1 26 1 12 363 162 2 094 0001,EDUCAÇÃO PROFISSIONAL,3 1 91 13 5,OBRIGAÇÃO PATRONAL - PESSOAL ATIVO - PREVIDÊNCIA,1780030,4711,FFP - MG
1261,SEE,1 26 1 12 365 162 2 092 0001,EDUCAÇÃO INFANTIL,3 1 91 13 5,OBRIGAÇÃO PATRONAL - PESSOAL ATIVO - PREVIDÊNCIA,6723,2011,IPSEMG
1261,SEE,1 26 1 12 365 162 2 092 0001,EDUCAÇÃO INFANTIL,3 1 91 13 5,OBRIGAÇÃO PATRONAL - PESSOAL ATIVO - PREVIDÊNCIA,161345,4711,FFP - MG
1261,SEE,1 26 1 12 366 162 2 082 0001,ENSINO FUNDAMENTAL ¿ EDUCAÇÃO DE JOVENS E ADULTOS - EJA,3 1 91 13 5,OBRIGAÇÃO PATRONAL - PESSOAL ATIVO - PREVIDÊNCIA,1232611,2011,IPSEMG
1261,SEE,1 26 1 12 366 162 2 082 0001,ENSINO FUNDAMENTAL ¿ EDUCAÇÃO DE JOVENS E ADULTOS - EJA,3 1 91 13 5,OBRIGAÇÃO PATRONAL - PESSOAL ATIVO - PREVIDÊNCIA,13618121,4711,FFP - MG
1261,SEE,1 26 1 12 366 162 2 088 0001,ENSINO MÉDIO ¿ EDUCAÇÃO DE JOVENS E ADULTOS - EJA,3 1 91 13 5,OBRIGAÇÃO PATRONAL - PESSOAL ATIVO - PREVIDÊNCIA,3212910,2011,IPSEMG
1261,SEE,1 26 1 12 366 162 2 088 0001,ENSINO MÉDIO ¿ EDUCAÇÃO DE JOVENS E ADULTOS - EJA,3 1 91 13 5,OBRIGAÇÃO PATRONAL - PESSOAL ATIVO - PREVIDÊNCIA,41410835,4711,FFP - MG
1261,SEE,1 26 1 12 367 162 2 083 0001,ENSINO FUNDAMENTAL - EDUCAÇÃO ESPECIAL,3 1 91 13 5,OBRIGAÇÃO PATRONAL - PESSOAL ATIVO - PREVIDÊNCIA,10848879,2011,IPSEMG
1261,SEE,1 26 1 12 367 162 2 083 0001,ENSINO FUNDAMENTAL - EDUCAÇÃO ESPECIAL,3 1 91 13 5,OBRIGAÇÃO PATRONAL - PESSOAL ATIVO - PREVIDÊNCIA,23812075,4711,FFP - MG
1261,SEE,1 26 1 12 367 162 2 089 0001,ENSINO MÉDIO - EDUCAÇÃO ESPECIAL,3 1 91 13 5,OBRIGAÇÃO PATRONAL - PESSOAL ATIVO - PREVIDÊNCIA,3593943,2011,IPSEMG
1261,SEE,1 26 1 12 367 162 2 089 0001,ENSINO MÉDIO - EDUCAÇÃO ESPECIAL,3 1 91 13 5,OBRIGAÇÃO PATRONAL - PESSOAL ATIVO - PREVIDÊNCIA,6529840,4711,FFP - MG
1271,SECULT,1 27 1 04 122 705 2 500 0001,ASSESSORAMENTO E GERENCIAMENTO DE POLÍTICAS PÚBLICAS,3 1 91 13 5,OBRIGAÇÃO PATRONAL - PESSOAL ATIVO - PREVIDÊNCIA,1672335,4711,FFP - MG
1271,SECULT,1 27 1 04 122 705 2 500 0001,ASSESSORAMENTO E GERENCIAMENTO DE POLÍTICAS PÚBLICAS,3 1 91 13 21,OBRIGAÇÃO PATRONAL - PESSOAL ATIVO - ASSISTÊNCIA À SAÚDE,62929,2011,IPSEMG
1271,SECULT,1 27 1 13 391 106 4 338 0001,"CONSERVAÇÃO PREVENTIVA E CURATIVA, RESTAURAÇÃO, AQUISIÇÃO E GESTÃO TÉCNICA DE ACERVOS",3 1 91 13 5,OBRIGAÇÃO PATRONAL - PESSOAL ATIVO - PREVIDÊNCIA,277576,4711,FFP - MG
1271,SECULT,1 27 1 13 391 106 4 338 0001,"CONSERVAÇÃO PREVENTIVA E CURATIVA, RESTAURAÇÃO, AQUISIÇÃO E GESTÃO TÉCNICA DE ACERVOS",3 1 91 13 21,OBRIGAÇÃO PATRONAL - PESSOAL ATIVO - ASSISTÊNCIA À SAÚDE,16579,2011,IPSEMG
1271,SECULT,1 27 1 13 391 106 4 342 0001,"ASSESSORIAS TÉCNICAS EM GESTÃO DE DOCUMENTOS, CRIAÇÃO E MANUTENÇÃO DE ARQUIVOS PÚBLICOS",3 1 91 13 5,OBRIGAÇÃO PATRONAL - PESSOAL ATIVO - PREVIDÊNCIA,20713,4711,FFP - MG
1271,SECULT,1 27 1 13 391 106 4 342 0001,"ASSESSORIAS TÉCNICAS EM GESTÃO DE DOCUMENTOS, CRIAÇÃO E MANUTENÇÃO DE ARQUIVOS PÚBLICOS",3 1 91 13 21,OBRIGAÇÃO PATRONAL - PESSOAL ATIVO - ASSISTÊNCIA À SAÚDE,2838,2011,IPSEMG
1271,SECULT,1 27 1 13 392 102 4 331 0001,PROMOÇÃO DE ATIVIDADES ARTÍSTICO-CULTURAIS,3 1 91 13 5,OBRIGAÇÃO PATRONAL - PESSOAL ATIVO - PREVIDÊNCIA,474625,4711,FFP - MG
1271,SECULT,1 27 1 13 392 102 4 331 0001,PROMOÇÃO DE ATIVIDADES ARTÍSTICO-CULTURAIS,3 1 91 13 21,OBRIGAÇÃO PATRONAL - PESSOAL ATIVO - ASSISTÊNCIA À SAÚDE,30953,2011,IPSEMG
1271,SECULT,1 27 1 13 392 102 4 332 0001,APOIO A PROJETOS CULTURAIS E TURÍSTICOS REALIZADOS POR INTERMÉDIO DE PARCERIAS,3 1 91 4 4,OBRIGAÇÃO PATRONAL – CONTRATOS POR TEMPO DETERMINADO – ASSISTÊNCIA À SAÚDE,182,2011,IPSEMG
1271,SECULT,1 27 1 13 392 102 4 343 0001,GESTÃO DO FOMENTO E MUNICIPALIZAÇÃO DA CULTURA,3 1 91 13 5,OBRIGAÇÃO PATRONAL - PESSOAL ATIVO - PREVIDÊNCIA,870725,4711,FFP - MG
1271,SECULT,1 27 1 13 392 102 4 343 0001,GESTÃO DO FOMENTO E MUNICIPALIZAÇÃO DA CULTURA,3 1 91 13 21,OBRIGAÇÃO PATRONAL - PESSOAL ATIVO - ASSISTÊNCIA À SAÚDE,45405,2011,IPSEMG
1271,SECULT,1 27 1 13 392 103 4 322 0001,"GESTÃO, MANUTENÇÃO E MODERNIZAÇÃO DE EQUIPAMENTOS CULTURAIS PARA ATENDIMENTO AO PÚBLICO",3 1 91 13 5,OBRIGAÇÃO PATRONAL - PESSOAL ATIVO - PREVIDÊNCIA,1024699,4711,FFP - MG
1271,SECULT,1 27 1 13 392 103 4 322 0001,"GESTÃO, MANUTENÇÃO E MODERNIZAÇÃO DE EQUIPAMENTOS CULTURAIS PARA ATENDIMENTO AO PÚBLICO",3 1 91 13 21,OBRIGAÇÃO PATRONAL - PESSOAL ATIVO - ASSISTÊNCIA À SAÚDE,37149,2011,IPSEMG
1271,SECULT,1 27 1 13 392 105 4 336 0001,ASSESSORIAS TÉCNICAS PARA GESTÃO DE BIBLIOTECAS E MUSEUS,3 1 91 13 5,OBRIGAÇÃO PATRONAL - PESSOAL ATIVO - PREVIDÊNCIA,137914,4711,FFP - MG
1271,SECULT,1 27 1 13 392 105 4 336 0001,ASSESSORIAS TÉCNICAS PARA GESTÃO DE BIBLIOTECAS E MUSEUS,3 1 91 13 21,OBRIGAÇÃO PATRONAL - PESSOAL ATIVO - ASSISTÊNCIA À SAÚDE,5144,2011,IPSEMG
1271,SECULT,1 27 1 23 695 100 4 324 0001,DIVULGAÇÃO TURÍSTICA DE MINAS GERAIS,3 1 91 13 5,OBRIGAÇÃO PATRONAL - PESSOAL ATIVO - PREVIDÊNCIA,81525,4711,FFP - MG
1271,SECULT,1 27 1 23 695 100 4 324 0001,DIVULGAÇÃO TURÍSTICA DE MINAS GERAIS,3 1 91 13 21,OBRIGAÇÃO PATRONAL - PESSOAL ATIVO - ASSISTÊNCIA À SAÚDE,5859,2011,IPSEMG
1271,SECULT,1 27 1 23 695 100 4 327 0001,"MINAS FORMA, MINAS TRANSFORMA",3 1 91 13 5,OBRIGAÇÃO PATRONAL - PESSOAL ATIVO - PREVIDÊNCIA,141406,4711,FFP - MG
1271,SECULT,1 27 1 23 695 100 4 327 0001,"MINAS FORMA, MINAS TRANSFORMA",3 1 91 13 21,OBRIGAÇÃO PATRONAL - PESSOAL ATIVO - ASSISTÊNCIA À SAÚDE,1809,2011,IPSEMG
1271,SECULT,1 27 1 23 695 100 4 328 0001,ESTRUTURAÇÃO DE PRODUTOS TURÍSTICOS,3 1 91 13 5,OBRIGAÇÃO PATRONAL - PESSOAL ATIVO - PREVIDÊNCIA,15445,4711,FFP - MG
1271,SECULT,1 27 1 23 695 100 4 328 0001,ESTRUTURAÇÃO DE PRODUTOS TURÍSTICOS,3 1 91 13 21,OBRIGAÇÃO PATRONAL - PESSOAL ATIVO - ASSISTÊNCIA À SAÚDE,3035,2011,IPSEMG
1271,SECULT,1 27 1 23 695 100 4 479 0001,DESENVOLVIMENTO DA POLÍTICA DE REGIONALIZAÇÃO DO TURISMO,3 1 91 13 5,OBRIGAÇÃO PATRONAL - PESSOAL ATIVO - PREVIDÊNCIA,20681,4711,FFP - MG
1271,SECULT,1 27 1 23 695 100 4 479 0001,DESENVOLVIMENTO DA POLÍTICA DE REGIONALIZAÇÃO DO TURISMO,3 1 91 13 21,OBRIGAÇÃO PATRONAL - PESSOAL ATIVO - ASSISTÊNCIA À SAÚDE,990,2011,IPSEMG
1301,SEINFRA,1 30 1 04 122 705 2 500 0001,ASSESSORAMENTO E GERENCIAMENTO DE POLÍTICAS PÚBLICAS,3 1 91 13 5,OBRIGAÇÃO PATRONAL - PESSOAL ATIVO - PREVIDÊNCIA,2173588,4711,FFP - MG
1301,SEINFRA,1 30 1 04 122 705 2 500 0001,ASSESSORAMENTO E GERENCIAMENTO DE POLÍTICAS PÚBLICAS,3 1 91 13 21,OBRIGAÇÃO PATRONAL - PESSOAL ATIVO - ASSISTÊNCIA À SAÚDE,26194,2011,IPSEMG
1301,SEINFRA,1 30 1 04 130 085 4 205 0001,"ESTRUTURAÇÃO, MODELAGEM E GESTÃO DE CONCESSÕES E PARCERIAS",3 1 91 13 5,OBRIGAÇÃO PATRONAL - PESSOAL ATIVO - PREVIDÊNCIA,622139,4711,FFP - MG
1301,SEINFRA,1 30 1 04 130 085 4 205 0001,"ESTRUTURAÇÃO, MODELAGEM E GESTÃO DE CONCESSÕES E PARCERIAS",3 1 91 13 21,OBRIGAÇÃO PATRONAL - PESSOAL ATIVO - ASSISTÊNCIA À SAÚDE,26194,2011,IPSEMG
1301,SEINFRA,1 30 1 04 130 085 4 208 0001,"GESTÃO DE CONCESSÕES E PARCERIAS DE MOBILIDADE, TRANSPORTES E LOGÍSTICA",3 1 91 13 5,OBRIGAÇÃO PATRONAL - PESSOAL ATIVO - PREVIDÊNCIA,798859,4711,FFP - MG
1301,SEINFRA,1 30 1 04 130 085 4 208 0001,"GESTÃO DE CONCESSÕES E PARCERIAS DE MOBILIDADE, TRANSPORTES E LOGÍSTICA",3 1 91 13 21,OBRIGAÇÃO PATRONAL - PESSOAL ATIVO - ASSISTÊNCIA À SAÚDE,26193,2011,IPSEMG
1301,SEINFRA,1 30 1 15 451 099 4 261 0001,DESENVOLVIMENTO DA INFRAESTRUTURA PÚBLICA NO ESTADO DE MINAS GERAIS,3 1 91 13 5,OBRIGAÇÃO PATRONAL - PESSOAL ATIVO - PREVIDÊNCIA,1173022,4711,FFP - MG
1301,SEINFRA,1 30 1 15 451 099 4 261 0001,DESENVOLVIMENTO DA INFRAESTRUTURA PÚBLICA NO ESTADO DE MINAS GERAIS,3 1 91 13 21,OBRIGAÇÃO PATRONAL - PESSOAL ATIVO - ASSISTÊNCIA À SAÚDE,26193,2011,IPSEMG
1301,SEINFRA,1 30 1 15 451 099 4 265 0001,DESENVOLVIMENTO DA INFRAESTRUTURA GOVERNAMENTAL,3 1 91 13 5,OBRIGAÇÃO PATRONAL - PESSOAL ATIVO - PREVIDÊNCIA,1097505,4711,FFP - MG
1301,SEINFRA,1 30 1 15 451 099 4 265 0001,DESENVOLVIMENTO DA INFRAESTRUTURA GOVERNAMENTAL,3 1 91 13 21,OBRIGAÇÃO PATRONAL - PESSOAL ATIVO - ASSISTÊNCIA À SAÚDE,26193,2011,IPSEMG
1301,SEINFRA,1 30 1 26 453 117 4 290 0001,MELHORIA DA MOBILIDADE E INFRAESTRUTURA DE TRANSPORTES EM MINAS GERAIS,3 1 91 13 5,OBRIGAÇÃO PATRONAL - PESSOAL ATIVO - PREVIDÊNCIA,1173022,4711,FFP - MG
1301,SEINFRA,1 30 1 26 453 117 4 290 0001,MELHORIA DA MOBILIDADE E INFRAESTRUTURA DE TRANSPORTES EM MINAS GERAIS,3 1 91 13 21,OBRIGAÇÃO PATRONAL - PESSOAL ATIVO - ASSISTÊNCIA À SAÚDE,26193,2011,IPSEMG
1371,SEMAD,1 37 1 04 122 705 2 500 0001,ASSESSORAMENTO E GERENCIAMENTO DE POLÍTICAS PÚBLICAS,3 1 91 13 5,OBRIGAÇÃO PATRONAL - PESSOAL ATIVO - PREVIDÊNCIA,200969,2011,IPSEMG
1371,SEMAD,1 37 1 04 122 705 2 500 0001,ASSESSORAMENTO E GERENCIAMENTO DE POLÍTICAS PÚBLICAS,3 1 91 13 5,OBRIGAÇÃO PATRONAL - PESSOAL ATIVO - PREVIDÊNCIA,12359565,4711,FFP - MG
1371,SEMAD,1 37 1 17 512 021 4 028 0001,"PROMOÇÃO DAS POLÍTICAS PÚBLICAS DE ABASTECIMENTO DE ÁGUA, ESGOTAMENTO SANITÁRIO E DRENAGEM DE ÁGUAS PLUVIAIS",3 1 91 13 5,OBRIGAÇÃO PATRONAL - PESSOAL ATIVO - PREVIDÊNCIA,1026,2011,IPSEMG
1371,SEMAD,1 37 1 17 512 021 4 028 0001,"PROMOÇÃO DAS POLÍTICAS PÚBLICAS DE ABASTECIMENTO DE ÁGUA, ESGOTAMENTO SANITÁRIO E DRENAGEM DE ÁGUAS PLUVIAIS",3 1 91 13 5,OBRIGAÇÃO PATRONAL - PESSOAL ATIVO - PREVIDÊNCIA,63103,4711,FFP - MG
1371,SEMAD,1 37 1 18 541 027 4 045 0001,GESTÃO E PLANEJAMENTO AMBIENTAL,3 1 91 13 5,OBRIGAÇÃO PATRONAL - PESSOAL ATIVO - PREVIDÊNCIA,10316,2011,IPSEMG
1371,SEMAD,1 37 1 18 541 027 4 045 0001,GESTÃO E PLANEJAMENTO AMBIENTAL,3 1 91 13 5,OBRIGAÇÃO PATRONAL - PESSOAL ATIVO - PREVIDÊNCIA,634435,4711,FFP - MG
1371,SEMAD,1 37 1 18 541 027 4 046 0001,MUDANÇAS CLIMÁTICAS E QUALIDADE AMBIENTAL,3 1 91 13 5,OBRIGAÇÃO PATRONAL - PESSOAL ATIVO - PREVIDÊNCIA,223067,2011,IPSEMG
1371,SEMAD,1 37 1 18 541 027 4 046 0001,MUDANÇAS CLIMÁTICAS E QUALIDADE AMBIENTAL,3 1 91 13 5,OBRIGAÇÃO PATRONAL - PESSOAL ATIVO - PREVIDÊNCIA,13718644,4711,FFP - MG
1371,SEMAD,1 37 1 18 542 025 4 038 0001,FISCALIZAÇÃO AMBIENTAL,3 1 91 13 5,OBRIGAÇÃO PATRONAL - PESSOAL ATIVO - PREVIDÊNCIA,85967,2011,IPSEMG
1371,SEMAD,1 37 1 18 542 025 4 038 0001,FISCALIZAÇÃO AMBIENTAL,3 1 91 13 5,OBRIGAÇÃO PATRONAL - PESSOAL ATIVO - PREVIDÊNCIA,5286979,4711,FFP - MG
1371,SEMAD,1 37 1 18 542 025 4 039 0001,ATENDIMENTO DE DENÚNCIAS E DE REQUISIÇÕES,3 1 91 13 5,OBRIGAÇÃO PATRONAL - PESSOAL ATIVO - PREVIDÊNCIA,13404,2011,IPSEMG
1371,SEMAD,1 37 1 18 542 025 4 039 0001,ATENDIMENTO DE DENÚNCIAS E DE REQUISIÇÕES,3 1 91 13 5,OBRIGAÇÃO PATRONAL - PESSOAL ATIVO - PREVIDÊNCIA,824371,4711,FFP - MG
1401,CBMMG,1 40 1 06 122 705 2 500 0001,ASSESSORAMENTO E GERENCIAMENTO DE POLÍTICAS PÚBLICAS,3 1 91 13 5,OBRIGAÇÃO PATRONAL - PESSOAL ATIVO - PREVIDÊNCIA,13104,2011,IPSEMG
1401,CBMMG,1 40 1 06 122 705 2 500 0001,ASSESSORAMENTO E GERENCIAMENTO DE POLÍTICAS PÚBLICAS,3 1 91 13 5,OBRIGAÇÃO PATRONAL - PESSOAL ATIVO - PREVIDÊNCIA,79223,4711,FFP - MG
1451,SEJUSP,1 45 1 06 122 705 2 500 0001,ASSESSORAMENTO E GERENCIAMENTO DE POLÍTICAS PÚBLICAS,3 1 91 4 4,OBRIGAÇÃO PATRONAL – CONTRATOS POR TEMPO DETERMINADO – ASSISTÊNCIA À SAÚDE,4281,2011,IPSEMG
1451,SEJUSP,1 45 1 06 122 705 2 500 0001,ASSESSORAMENTO E GERENCIAMENTO DE POLÍTICAS PÚBLICAS,3 1 91 13 5,OBRIGAÇÃO PATRONAL - PESSOAL ATIVO - PREVIDÊNCIA,10771037,4711,FFP - MG
1451,SEJUSP,1 45 1 06 122 705 2 500 0001,ASSESSORAMENTO E GERENCIAMENTO DE POLÍTICAS PÚBLICAS,3 1 91 13 21,OBRIGAÇÃO PATRONAL - PESSOAL ATIVO - ASSISTÊNCIA À SAÚDE,583368,2011,IPSEMG
1451,SEJUSP,1 45 1 06 122 705 2 500 0001,ASSESSORAMENTO E GERENCIAMENTO DE POLÍTICAS PÚBLICAS,3 1 91 13 26,OBRIGAÇÃO PATRONAL SUPLEMENTAR – PESSOAL ATIVO,9821635,4711,FFP - MG
1451,SEJUSP,1 45 1 06 181 134 4 378 0001,OPERACIONALIZAÇÃO DA POLÍTICA DE INTEGRAÇÃO DA SEGURANÇA PÚBLICA DE MINAS GERAIS,3 1 91 13 5,OBRIGAÇÃO PATRONAL - PESSOAL ATIVO - PREVIDÊNCIA,2328673,4711,FFP - MG
1451,SEJUSP,1 45 1 06 181 134 4 378 0001,OPERACIONALIZAÇÃO DA POLÍTICA DE INTEGRAÇÃO DA SEGURANÇA PÚBLICA DE MINAS GERAIS,3 1 91 13 21,OBRIGAÇÃO PATRONAL - PESSOAL ATIVO - ASSISTÊNCIA À SAÚDE,113337,2011,IPSEMG
1451,SEJUSP,1 45 1 06 181 134 4 378 0001,OPERACIONALIZAÇÃO DA POLÍTICA DE INTEGRAÇÃO DA SEGURANÇA PÚBLICA DE MINAS GERAIS,3 1 91 13 26,OBRIGAÇÃO PATRONAL SUPLEMENTAR – PESSOAL ATIVO,1986837,4711,FFP - MG
1451,SEJUSP,1 45 1 06 243 146 4 441 0001,"ADEQUAÇÃO, MANUTENÇÃO E DESENVOLVIMENTO DO ATENDIMENTO SOCIOEDUCATIVO",3 1 91 4 4,OBRIGAÇÃO PATRONAL – CONTRATOS POR TEMPO DETERMINADO – ASSISTÊNCIA À SAÚDE,28481,2011,IPSEMG
1451,SEJUSP,1 45 1 06 243 146 4 441 0001,"ADEQUAÇÃO, MANUTENÇÃO E DESENVOLVIMENTO DO ATENDIMENTO SOCIOEDUCATIVO",3 1 91 13 5,OBRIGAÇÃO PATRONAL - PESSOAL ATIVO - PREVIDÊNCIA,25875653,4711,FFP - MG
1451,SEJUSP,1 45 1 06 243 146 4 441 0001,"ADEQUAÇÃO, MANUTENÇÃO E DESENVOLVIMENTO DO ATENDIMENTO SOCIOEDUCATIVO",3 1 91 13 21,OBRIGAÇÃO PATRONAL - PESSOAL ATIVO - ASSISTÊNCIA À SAÚDE,1247668,2011,IPSEMG
1451,SEJUSP,1 45 1 06 243 146 4 441 0001,"ADEQUAÇÃO, MANUTENÇÃO E DESENVOLVIMENTO DO ATENDIMENTO SOCIOEDUCATIVO",3 1 91 13 26,OBRIGAÇÃO PATRONAL SUPLEMENTAR – PESSOAL ATIVO,22256234,4711,FFP - MG
1451,SEJUSP,1 45 1 06 421 129 4 344 0001,PREVENÇÃO SOCIAL ÀS VIOLÊNCIAS E CRIMINALIDADES,3 1 91 13 5,OBRIGAÇÃO PATRONAL - PESSOAL ATIVO - PREVIDÊNCIA,326004,4711,FFP - MG
1451,SEJUSP,1 45 1 06 421 129 4 344 0001,PREVENÇÃO SOCIAL ÀS VIOLÊNCIAS E CRIMINALIDADES,3 1 91 13 21,OBRIGAÇÃO PATRONAL - PESSOAL ATIVO - ASSISTÊNCIA À SAÚDE,14334,2011,IPSEMG
1451,SEJUSP,1 45 1 06 421 129 4 344 0001,PREVENÇÃO SOCIAL ÀS VIOLÊNCIAS E CRIMINALIDADES,3 1 91 13 26,OBRIGAÇÃO PATRONAL SUPLEMENTAR – PESSOAL ATIVO,286693,4711,FFP - MG
1451,SEJUSP,1 45 1 06 421 130 4 348 0001,CUSTÓDIA E RESSOCIALIZAÇÃO DE PRESOS,3 1 91 4 1,CONTRATAÇÃO POR TEMPO DETERMINADO,1,2011,IPSEMG
1451,SEJUSP,1 45 1 06 421 130 4 348 0001,CUSTÓDIA E RESSOCIALIZAÇÃO DE PRESOS,3 1 91 4 3,OBRIGAÇÃO PATRONAL – CONTRATOS POR TEMPO DETERMINADO - INSS,1,2011,IPSEMG
1451,SEJUSP,1 45 1 06 421 130 4 348 0001,CUSTÓDIA E RESSOCIALIZAÇÃO DE PRESOS,3 1 91 4 4,OBRIGAÇÃO PATRONAL – CONTRATOS POR TEMPO DETERMINADO – ASSISTÊNCIA À SAÚDE,1073305,2011,IPSEMG
1451,SEJUSP,1 45 1 06 421 130 4 348 0001,CUSTÓDIA E RESSOCIALIZAÇÃO DE PRESOS,3 1 91 13 4,INSS,1,4711,FFP - MG
1451,SEJUSP,1 45 1 06 421 130 4 348 0001,CUSTÓDIA E RESSOCIALIZAÇÃO DE PRESOS,3 1 91 13 5,OBRIGAÇÃO PATRONAL - PESSOAL ATIVO - PREVIDÊNCIA,298814410,4711,FFP - MG
1451,SEJUSP,1 45 1 06 421 130 4 348 0001,CUSTÓDIA E RESSOCIALIZAÇÃO DE PRESOS,3 1 91 13 21,OBRIGAÇÃO PATRONAL - PESSOAL ATIVO - ASSISTÊNCIA À SAÚDE,13626387,2011,IPSEMG
1451,SEJUSP,1 45 1 06 421 130 4 348 0001,CUSTÓDIA E RESSOCIALIZAÇÃO DE PRESOS,3 1 91 13 26,OBRIGAÇÃO PATRONAL SUPLEMENTAR – PESSOAL ATIVO,258135573,4711,FFP - MG
1451,SEJUSP,1 45 1 06 422 141 4 438 0001,DESCENTRALIZAÇÃO DA POLÍTICA SOBRE DROGAS,3 1 91 13 5,OBRIGAÇÃO PATRONAL - PESSOAL ATIVO - PREVIDÊNCIA,939,4711,FFP - MG
1451,SEJUSP,1 45 1 06 422 141 4 438 0001,DESCENTRALIZAÇÃO DA POLÍTICA SOBRE DROGAS,3 1 91 13 26,OBRIGAÇÃO PATRONAL SUPLEMENTAR – PESSOAL ATIVO,936,4711,FFP - MG
1451,SEJUSP,1 45 1 10 243 146 4 443 0001,ATENDIMENTO À SAÚDE DO ADOLESCENTE EM CONFLITO COM A LEI,3 1 91 13 5,OBRIGAÇÃO PATRONAL - PESSOAL ATIVO - PREVIDÊNCIA,2675229,4711,FFP - MG
1451,SEJUSP,1 45 1 10 243 146 4 443 0001,ATENDIMENTO À SAÚDE DO ADOLESCENTE EM CONFLITO COM A LEI,3 1 91 13 21,OBRIGAÇÃO PATRONAL - PESSOAL ATIVO - ASSISTÊNCIA À SAÚDE,104454,2011,IPSEMG
1451,SEJUSP,1 45 1 10 243 146 4 443 0001,ATENDIMENTO À SAÚDE DO ADOLESCENTE EM CONFLITO COM A LEI,3 1 91 13 26,OBRIGAÇÃO PATRONAL SUPLEMENTAR – PESSOAL ATIVO,2361553,4711,FFP - MG
1451,SEJUSP,1 45 1 10 421 130 4 353 0001,UNIDADES DE SAÚDE DO SISTEMA PRISIONAL,3 1 91 4 4,OBRIGAÇÃO PATRONAL – CONTRATOS POR TEMPO DETERMINADO – ASSISTÊNCIA À SAÚDE,5648,2011,IPSEMG
1451,SEJUSP,1 45 1 10 421 130 4 353 0001,UNIDADES DE SAÚDE DO SISTEMA PRISIONAL,3 1 91 13 5,OBRIGAÇÃO PATRONAL - PESSOAL ATIVO - PREVIDÊNCIA,15279933,4711,FFP - MG
1451,SEJUSP,1 45 1 10 421 130 4 353 0001,UNIDADES DE SAÚDE DO SISTEMA PRISIONAL,3 1 91 13 21,OBRIGAÇÃO PATRONAL - PESSOAL ATIVO - ASSISTÊNCIA À SAÚDE,779329,2011,IPSEMG
1451,SEJUSP,1 45 1 10 421 130 4 353 0001,UNIDADES DE SAÚDE DO SISTEMA PRISIONAL,3 1 91 13 26,OBRIGAÇÃO PATRONAL SUPLEMENTAR – PESSOAL ATIVO,12834299,4711,FFP - MG
1451,SEJUSP,1 45 1 12 243 146 4 442 0001,FORMAÇÃO EDUCACIONAL E PROFISSIONAL DO ADOLESCENTE EM CUMPRIMENTO DE MEDIDA SOCIOEDUCATIVA,3 1 91 4 4,OBRIGAÇÃO PATRONAL – CONTRATOS POR TEMPO DETERMINADO – ASSISTÊNCIA À SAÚDE,2298,2011,IPSEMG
1451,SEJUSP,1 45 1 12 243 146 4 442 0001,FORMAÇÃO EDUCACIONAL E PROFISSIONAL DO ADOLESCENTE EM CUMPRIMENTO DE MEDIDA SOCIOEDUCATIVA,3 1 91 13 5,OBRIGAÇÃO PATRONAL - PESSOAL ATIVO - PREVIDÊNCIA,1778164,4711,FFP - MG
1451,SEJUSP,1 45 1 12 243 146 4 442 0001,FORMAÇÃO EDUCACIONAL E PROFISSIONAL DO ADOLESCENTE EM CUMPRIMENTO DE MEDIDA SOCIOEDUCATIVA,3 1 91 13 21,OBRIGAÇÃO PATRONAL - PESSOAL ATIVO - ASSISTÊNCIA À SAÚDE,120671,2011,IPSEMG
1451,SEJUSP,1 45 1 12 243 146 4 442 0001,FORMAÇÃO EDUCACIONAL E PROFISSIONAL DO ADOLESCENTE EM CUMPRIMENTO DE MEDIDA SOCIOEDUCATIVA,3 1 91 13 26,OBRIGAÇÃO PATRONAL SUPLEMENTAR – PESSOAL ATIVO,1629201,4711,FFP - MG
1481,SEDESE,1 48 1 04 122 084 2 037 0001,FOMENTO A INOVAÇÃO E APRIMORAMENTO DE PROJETOS DE DESENVOLVIMENTO SOCIAL,3 1 91 13 5,OBRIGAÇÃO PATRONAL - PESSOAL ATIVO - PREVIDÊNCIA,15947,,
1481,SEDESE,1 48 1 04 122 084 2 037 0001,FOMENTO A INOVAÇÃO E APRIMORAMENTO DE PROJETOS DE DESENVOLVIMENTO SOCIAL,3 1 91 13 21,OBRIGAÇÃO PATRONAL - PESSOAL ATIVO - ASSISTÊNCIA À SAÚDE,682,,
1481,SEDESE,1 48 1 04 122 148 2 076 0001,GESTÃO E MONITORAMENTO DE CONVÊNIOS E PARCERIAS,3 1 91 13 5,OBRIGAÇÃO PATRONAL - PESSOAL ATIVO - PREVIDÊNCIA,189830,,
1481,SEDESE,1 48 1 04 122 148 2 076 0001,GESTÃO E MONITORAMENTO DE CONVÊNIOS E PARCERIAS,3 1 91 13 21,OBRIGAÇÃO PATRONAL - PESSOAL ATIVO - ASSISTÊNCIA À SAÚDE,8115,,
1481,SEDESE,1 48 1 04 122 148 2 079 0001,APOIO FINANCEIRO E MATERIAL ÀS INSTITUIÇÕES NA PROMOÇÃO DO DESENVOLVIMENTO SOCIAL,3 1 91 13 5,OBRIGAÇÃO PATRONAL - PESSOAL ATIVO - PREVIDÊNCIA,161707,,
1481,SEDESE,1 48 1 04 122 148 2 079 0001,APOIO FINANCEIRO E MATERIAL ÀS INSTITUIÇÕES NA PROMOÇÃO DO DESENVOLVIMENTO SOCIAL,3 1 91 13 21,OBRIGAÇÃO PATRONAL - PESSOAL ATIVO - ASSISTÊNCIA À SAÚDE,6913,,
1481,SEDESE,1 48 1 04 122 705 2 500 0001,ASSESSORAMENTO E GERENCIAMENTO DE POLÍTICAS PÚBLICAS,3 1 91 4 4,OBRIGAÇÃO PATRONAL – CONTRATOS POR TEMPO DETERMINADO – ASSISTÊNCIA À SAÚDE,1294,,
1481,SEDESE,1 48 1 04 122 705 2 500 0001,ASSESSORAMENTO E GERENCIAMENTO DE POLÍTICAS PÚBLICAS,3 1 91 13 5,OBRIGAÇÃO PATRONAL - PESSOAL ATIVO - PREVIDÊNCIA,3058832,,
1481,SEDESE,1 48 1 04 122 705 2 500 0001,ASSESSORAMENTO E GERENCIAMENTO DE POLÍTICAS PÚBLICAS,3 1 91 13 21,OBRIGAÇÃO PATRONAL - PESSOAL ATIVO - ASSISTÊNCIA À SAÚDE,130774,,
1481,SEDESE,1 48 1 04 128 084 4 204 0001,APOIO TÉCNICO AOS MUNICÍPIOS PARA PROMOÇÃO DO DESENVOLVIMENTO REGIONAL,3 1 91 13 5,OBRIGAÇÃO PATRONAL - PESSOAL ATIVO - PREVIDÊNCIA,1792312,,
1481,SEDESE,1 48 1 04 128 084 4 204 0001,APOIO TÉCNICO AOS MUNICÍPIOS PARA PROMOÇÃO DO DESENVOLVIMENTO REGIONAL,3 1 91 13 21,OBRIGAÇÃO PATRONAL - PESSOAL ATIVO - ASSISTÊNCIA À SAÚDE,76626,,
1481,SEDESE,1 48 1 08 244 071 2 134 0001,ASSESSORAMENTO À POLÍTICA ESTADUAL DE ASSISTÊNCIA SOCIAL,3 1 91 13 5,OBRIGAÇÃO PATRONAL - PESSOAL ATIVO - PREVIDÊNCIA,1379088,,
1481,SEDESE,1 48 1 08 244 071 2 134 0001,ASSESSORAMENTO À POLÍTICA ESTADUAL DE ASSISTÊNCIA SOCIAL,3 1 91 13 21,OBRIGAÇÃO PATRONAL - PESSOAL ATIVO - ASSISTÊNCIA À SAÚDE,58960,,
1481,SEDESE,1 48 1 11 334 066 4 153 0001,ASSESSORAMENTO DAS UNIDADES DE ATENDIMENTO AO TRABALHADOR,3 1 91 13 5,OBRIGAÇÃO PATRONAL - PESSOAL ATIVO - PREVIDÊNCIA,878130,,
1481,SEDESE,1 48 1 11 334 066 4 153 0001,ASSESSORAMENTO DAS UNIDADES DE ATENDIMENTO AO TRABALHADOR,3 1 91 13 21,OBRIGAÇÃO PATRONAL - PESSOAL ATIVO - ASSISTÊNCIA À SAÚDE,37542,,
1481,SEDESE,1 48 1 11 334 066 4 154 0001,FOMENTO PARA ECONOMIA POPULAR SOLIDÁRIA E PROMOÇÃO DA INCLUSÃO PRODUTIVA,3 1 91 13 5,OBRIGAÇÃO PATRONAL - PESSOAL ATIVO - PREVIDÊNCIA,222147,,
1481,SEDESE,1 48 1 11 334 066 4 154 0001,FOMENTO PARA ECONOMIA POPULAR SOLIDÁRIA E PROMOÇÃO DA INCLUSÃO PRODUTIVA,3 1 91 13 21,OBRIGAÇÃO PATRONAL - PESSOAL ATIVO - ASSISTÊNCIA À SAÚDE,9497,,
1481,SEDESE,1 48 1 12 363 067 4 158 0001,QUALIFICAÇÃO PROFISSIONAL,3 1 91 13 5,OBRIGAÇÃO PATRONAL - PESSOAL ATIVO - PREVIDÊNCIA,461298,,
1481,SEDESE,1 48 1 12 363 067 4 158 0001,QUALIFICAÇÃO PROFISSIONAL,3 1 91 13 21,OBRIGAÇÃO PATRONAL - PESSOAL ATIVO - ASSISTÊNCIA À SAÚDE,19722,,
1481,SEDESE,1 48 1 14 306 074 2 033 0001,DESENVOLVIMENTO DO SISTEMA DE SEGURANÇA ALIMENTAR E NUTRICIONAL EM MINAS GERAIS - SISAN MG,3 1 91 13 5,OBRIGAÇÃO PATRONAL - PESSOAL ATIVO - PREVIDÊNCIA,234805,,
1481,SEDESE,1 48 1 14 306 074 2 033 0001,DESENVOLVIMENTO DO SISTEMA DE SEGURANÇA ALIMENTAR E NUTRICIONAL EM MINAS GERAIS - SISAN MG,3 1 91 13 21,OBRIGAÇÃO PATRONAL - PESSOAL ATIVO - ASSISTÊNCIA À SAÚDE,10038,,
1481,SEDESE,1 48 1 14 306 074 4 196 0001,"APOIO, FOMENTO E ARTICULAÇÃO DE AÇÕES, PROJETOS E PROGRAMAS RELATIVOS À TEMÁTICA DE SEGURANÇA ALIMENTAR E NUTRICIONAL SUSTENTÁVEL",3 1 91 13 5,OBRIGAÇÃO PATRONAL - PESSOAL ATIVO - PREVIDÊNCIA,181307,,
1481,SEDESE,1 48 1 14 306 074 4 196 0001,"APOIO, FOMENTO E ARTICULAÇÃO DE AÇÕES, PROJETOS E PROGRAMAS RELATIVOS À TEMÁTICA DE SEGURANÇA ALIMENTAR E NUTRICIONAL SUSTENTÁVEL",3 1 91 13 21,OBRIGAÇÃO PATRONAL - PESSOAL ATIVO - ASSISTÊNCIA À SAÚDE,7751,,
1481,SEDESE,1 48 1 14 306 074 4 197 0001,APOIO À POLÍTICA ESTADUAL DE SEGURANÇA ALIMENTAR E NUTRICIONAL SUSTENTÁVEL VOLTADA ÀS AÇÕES DESENVOLVIDAS PELO CONSELHO DE SEGURANÇA ALIMENTAR E NUTRICIONAL SUSTENTÁVEL - CONSEA/MG,3 1 91 13 5,OBRIGAÇÃO PATRONAL - PESSOAL ATIVO - PREVIDÊNCIA,1759,,
1481,SEDESE,1 48 1 14 306 074 4 197 0001,APOIO À POLÍTICA ESTADUAL DE SEGURANÇA ALIMENTAR E NUTRICIONAL SUSTENTÁVEL VOLTADA ÀS AÇÕES DESENVOLVIDAS PELO CONSELHO DE SEGURANÇA ALIMENTAR E NUTRICIONAL SUSTENTÁVEL - CONSEA/MG,3 1 91 13 21,OBRIGAÇÃO PATRONAL - PESSOAL ATIVO - ASSISTÊNCIA À SAÚDE,75,,
1481,SEDESE,1 48 1 14 422 070 4 178 0001,MANUTENÇÃO E APOIO AOS ÓRGÃOS COLEGIADOS DE DIREITOS HUMANOS,3 1 91 13 5,OBRIGAÇÃO PATRONAL - PESSOAL ATIVO - PREVIDÊNCIA,506648,,
1481,SEDESE,1 48 1 14 422 070 4 178 0001,MANUTENÇÃO E APOIO AOS ÓRGÃOS COLEGIADOS DE DIREITOS HUMANOS,3 1 91 13 21,OBRIGAÇÃO PATRONAL - PESSOAL ATIVO - ASSISTÊNCIA À SAÚDE,21660,,
1481,SEDESE,1 48 1 14 422 070 4 182 0001,MANUTENÇÃO DE EQUIPAMENTOS E POLÍTICAS DE DIREITOS HUMANOS,3 1 91 13 5,OBRIGAÇÃO PATRONAL - PESSOAL ATIVO - PREVIDÊNCIA,2964303,,
1481,SEDESE,1 48 1 14 422 070 4 182 0001,MANUTENÇÃO DE EQUIPAMENTOS E POLÍTICAS DE DIREITOS HUMANOS,3 1 91 13 21,OBRIGAÇÃO PATRONAL - PESSOAL ATIVO - ASSISTÊNCIA À SAÚDE,126732,,
1481,SEDESE,1 48 1 14 422 070 4 182 0001,MANUTENÇÃO DE EQUIPAMENTOS E POLÍTICAS DE DIREITOS HUMANOS,3 3 91 39 20,LOCAÇÃO DE BENS IMÓVEIS,403821,,
1481,SEDESE,1 48 1 14 422 086 4 414 0001,ENFRENTAMENTO À VIOLÊNCIA DOMÉSTICA E INTRAFAMILIAR CONTRA AS MULHERES,3 1 91 13 5,OBRIGAÇÃO PATRONAL - PESSOAL ATIVO - PREVIDÊNCIA,101920,,
1481,SEDESE,1 48 1 14 422 086 4 414 0001,ENFRENTAMENTO À VIOLÊNCIA DOMÉSTICA E INTRAFAMILIAR CONTRA AS MULHERES,3 1 91 13 21,OBRIGAÇÃO PATRONAL - PESSOAL ATIVO - ASSISTÊNCIA À SAÚDE,4357,,
1481,SEDESE,1 48 1 14 422 086 4 415 0001,"PROMOÇÃO, DEFESA E GARANTIA DOS DIREITOS DAS MULHERES",3 1 91 13 5,OBRIGAÇÃO PATRONAL - PESSOAL ATIVO - PREVIDÊNCIA,200678,,
1481,SEDESE,1 48 1 14 422 086 4 415 0001,"PROMOÇÃO, DEFESA E GARANTIA DOS DIREITOS DAS MULHERES",3 1 91 13 21,OBRIGAÇÃO PATRONAL - PESSOAL ATIVO - ASSISTÊNCIA À SAÚDE,8580,,
1481,SEDESE,1 48 1 16 244 073 4 185 0001,APOIO À PRODUÇÃO E À AQUISIÇÃO DE UNIDADES HABITACIONAIS,3 1 91 13 5,OBRIGAÇÃO PATRONAL - PESSOAL ATIVO - PREVIDÊNCIA,103107,,
1481,SEDESE,1 48 1 16 244 073 4 185 0001,APOIO À PRODUÇÃO E À AQUISIÇÃO DE UNIDADES HABITACIONAIS,3 1 91 13 21,OBRIGAÇÃO PATRONAL - PESSOAL ATIVO - ASSISTÊNCIA À SAÚDE,4408,,
1481,SEDESE,1 48 1 27 366 069 4 168 0001,PROMOÇÃO DOS JOGOS ESCOLARES DE MINAS GERAIS,3 1 91 13 5,OBRIGAÇÃO PATRONAL - PESSOAL ATIVO - PREVIDÊNCIA,14049,,
1481,SEDESE,1 48 1 27 366 069 4 168 0001,PROMOÇÃO DOS JOGOS ESCOLARES DE MINAS GERAIS,3 1 91 13 21,OBRIGAÇÃO PATRONAL - PESSOAL ATIVO - ASSISTÊNCIA À SAÚDE,601,,
1481,SEDESE,1 48 1 27 811 069 4 169 0001,BOLSA ATLETA E BOLSA TÉCNICO,3 1 91 13 5,OBRIGAÇÃO PATRONAL - PESSOAL ATIVO - PREVIDÊNCIA,223947,,
1481,SEDESE,1 48 1 27 811 069 4 169 0001,BOLSA ATLETA E BOLSA TÉCNICO,3 1 91 13 21,OBRIGAÇÃO PATRONAL - PESSOAL ATIVO - ASSISTÊNCIA À SAÚDE,9574,,
1481,SEDESE,1 48 1 27 812 069 4 163 0001,PROMOÇÃO DOS JOGOS DO INTERIOR DE MINAS,3 1 91 13 5,OBRIGAÇÃO PATRONAL - PESSOAL ATIVO - PREVIDÊNCIA,99907,,
1481,SEDESE,1 48 1 27 812 069 4 163 0001,PROMOÇÃO DOS JOGOS DO INTERIOR DE MINAS,3 1 91 13 21,OBRIGAÇÃO PATRONAL - PESSOAL ATIVO - ASSISTÊNCIA À SAÚDE,4271,,
1481,SEDESE,1 48 1 27 812 069 4 166 0001,PROMOÇÃO DO ESPORTE EDUCACIONAL COMO INSTRUMENTO DE DESENVOLVIMENTO SOCIAL,3 1 91 13 5,OBRIGAÇÃO PATRONAL - PESSOAL ATIVO - PREVIDÊNCIA,616,,
1481,SEDESE,1 48 1 27 812 069 4 166 0001,PROMOÇÃO DO ESPORTE EDUCACIONAL COMO INSTRUMENTO DE DESENVOLVIMENTO SOCIAL,3 1 91 13 21,OBRIGAÇÃO PATRONAL - PESSOAL ATIVO - ASSISTÊNCIA À SAÚDE,26,,
1481,SEDESE,1 48 1 27 812 069 4 167 0001,APOIO À GESTÃO ESPORTIVA,3 1 91 13 5,OBRIGAÇÃO PATRONAL - PESSOAL ATIVO - PREVIDÊNCIA,411634,,
1481,SEDESE,1 48 1 27 812 069 4 167 0001,APOIO À GESTÃO ESPORTIVA,3 1 91 13 21,OBRIGAÇÃO PATRONAL - PESSOAL ATIVO - ASSISTÊNCIA À SAÚDE,17599,,
1481,SEDESE,1 48 1 27 812 069 4 170 0001,APOIO À REALIZAÇÃO DE AÇÕES ESPORTIVAS,3 1 91 13 5,OBRIGAÇÃO PATRONAL - PESSOAL ATIVO - PREVIDÊNCIA,30287,,
1481,SEDESE,1 48 1 27 812 069 4 170 0001,APOIO À REALIZAÇÃO DE AÇÕES ESPORTIVAS,3 1 91 13 21,OBRIGAÇÃO PATRONAL - PESSOAL ATIVO - ASSISTÊNCIA À SAÚDE,1294,,
1481,SEDESE,1 48 1 27 812 069 4 514 0001,PROMOÇÃO DO ESPORTE DE PARTICIPAÇÃO E RENDIMENTO COMO INSTRUMENTO DE DESENVOLVIMENTO SOCIAL,3 1 91 13 5,OBRIGAÇÃO PATRONAL - PESSOAL ATIVO - PREVIDÊNCIA,101586,,
1481,SEDESE,1 48 1 27 812 069 4 514 0001,PROMOÇÃO DO ESPORTE DE PARTICIPAÇÃO E RENDIMENTO COMO INSTRUMENTO DE DESENVOLVIMENTO SOCIAL,3 1 91 13 21,OBRIGAÇÃO PATRONAL - PESSOAL ATIVO - ASSISTÊNCIA À SAÚDE,4343,,
1481,SEDESE,1 48 1 27 813 069 4 164 0001,PROJETOS VIABILIZADOS PELA LEI ESTADUAL DE INCENTIVO AO ESPORTE,3 1 91 13 5,OBRIGAÇÃO PATRONAL - PESSOAL ATIVO - PREVIDÊNCIA,174307,,
1481,SEDESE,1 48 1 27 813 069 4 164 0001,PROJETOS VIABILIZADOS PELA LEI ESTADUAL DE INCENTIVO AO ESPORTE,3 1 91 13 21,OBRIGAÇÃO PATRONAL - PESSOAL ATIVO - ASSISTÊNCIA À SAÚDE,7452,,
1481,SEDESE,1 48 1 27 813 069 4 165 0001,GESTÃO DO ICMS ESPORTIVO,3 1 91 13 5,OBRIGAÇÃO PATRONAL - PESSOAL ATIVO - PREVIDÊNCIA,36864,,
1481,SEDESE,1 48 1 27 813 069 4 165 0001,GESTÃO DO ICMS ESPORTIVO,3 1 91 13 21,OBRIGAÇÃO PATRONAL - PESSOAL ATIVO - ASSISTÊNCIA À SAÚDE,1576,,
1491,SEGOV,1 49 1 04 122 115 2 042 0001,ACOMPANHAMENTO DO PROCESSO LEGISLATIVO,3 1 91 13 5,OBRIGAÇÃO PATRONAL - PESSOAL ATIVO - PREVIDÊNCIA,18420,2011,IPSEMG
1491,SEGOV,1 49 1 04 122 115 2 042 0001,ACOMPANHAMENTO DO PROCESSO LEGISLATIVO,3 1 91 13 5,OBRIGAÇÃO PATRONAL - PESSOAL ATIVO - PREVIDÊNCIA,561580,4711,FFP - MG
1491,SEGOV,1 49 1 04 122 119 2 043 0001,FISCALIZAÇÃO DOS INSTRUMENTOS DE REPASSES DE RECURSOS NO ÂMBITO DO PROGRAMA DE APOIO AO DESENVOLVIMENTO MUNICIPAL,3 1 91 13 5,OBRIGAÇÃO PATRONAL - PESSOAL ATIVO - PREVIDÊNCIA,2540,2011,IPSEMG
1491,SEGOV,1 49 1 04 122 119 2 043 0001,FISCALIZAÇÃO DOS INSTRUMENTOS DE REPASSES DE RECURSOS NO ÂMBITO DO PROGRAMA DE APOIO AO DESENVOLVIMENTO MUNICIPAL,3 1 91 13 5,OBRIGAÇÃO PATRONAL - PESSOAL ATIVO - PREVIDÊNCIA,77460,4711,FFP - MG
1491,SEGOV,1 49 1 04 122 119 2 045 0001,EXECUÇÃO DO PROGRAMA DE APOIO AO DESENVOLVIMENTO MUNICIPAL - PADEM,3 1 91 13 5,OBRIGAÇÃO PATRONAL - PESSOAL ATIVO - PREVIDÊNCIA,33190,2011,IPSEMG
1491,SEGOV,1 49 1 04 122 119 2 045 0001,EXECUÇÃO DO PROGRAMA DE APOIO AO DESENVOLVIMENTO MUNICIPAL - PADEM,3 1 91 13 5,OBRIGAÇÃO PATRONAL - PESSOAL ATIVO - PREVIDÊNCIA,1011847,4711,FFP - MG
1491,SEGOV,1 49 1 04 122 120 2 044 0001,"PRODUÇÃO, MODERNIZAÇÃO E AMPLIAÇÃO DO ACESSO AO ACERVO DO DOMG-E",3 1 91 13 5,OBRIGAÇÃO PATRONAL - PESSOAL ATIVO - PREVIDÊNCIA,18420,2011,IPSEMG
1491,SEGOV,1 49 1 04 122 120 2 044 0001,"PRODUÇÃO, MODERNIZAÇÃO E AMPLIAÇÃO DO ACESSO AO ACERVO DO DOMG-E",3 1 91 13 5,OBRIGAÇÃO PATRONAL - PESSOAL ATIVO - PREVIDÊNCIA,561580,4711,FFP - MG
1491,SEGOV,1 49 1 04 122 122 2 050 0001,"GESTÃO, OTIMIZAÇÃO E MANUTENÇÃO DOS REGULAMENTOS E SISTEMAS DE COORDENAÇÃO E OPERACIONALIZAÇÃO DAS TRANSFERÊNCIAS DE RECURSOS PARA PARCEIROS ESTADUAIS",3 1 91 13 5,OBRIGAÇÃO PATRONAL - PESSOAL ATIVO - PREVIDÊNCIA,20008,2011,IPSEMG
1491,SEGOV,1 49 1 04 122 122 2 050 0001,"GESTÃO, OTIMIZAÇÃO E MANUTENÇÃO DOS REGULAMENTOS E SISTEMAS DE COORDENAÇÃO E OPERACIONALIZAÇÃO DAS TRANSFERÊNCIAS DE RECURSOS PARA PARCEIROS ESTADUAIS",3 1 91 13 5,OBRIGAÇÃO PATRONAL - PESSOAL ATIVO - PREVIDÊNCIA,609992,4711,FFP - MG
1491,SEGOV,1 49 1 04 122 122 2 051 0001,GESTÃO E OPERACIONALIZAÇÃO DE EMENDAS PARLAMENTARES ESTADUAIS,3 1 91 13 5,OBRIGAÇÃO PATRONAL - PESSOAL ATIVO - PREVIDÊNCIA,11909,2011,IPSEMG
1491,SEGOV,1 49 1 04 122 122 2 051 0001,GESTÃO E OPERACIONALIZAÇÃO DE EMENDAS PARLAMENTARES ESTADUAIS,3 1 91 13 5,OBRIGAÇÃO PATRONAL - PESSOAL ATIVO - PREVIDÊNCIA,363054,4711,FFP - MG
1491,SEGOV,1 49 1 04 122 705 2 500 0001,ASSESSORAMENTO E GERENCIAMENTO DE POLÍTICAS PÚBLICAS,3 1 91 13 5,OBRIGAÇÃO PATRONAL - PESSOAL ATIVO - PREVIDÊNCIA,118689,2011,IPSEMG
1491,SEGOV,1 49 1 04 122 705 2 500 0001,ASSESSORAMENTO E GERENCIAMENTO DE POLÍTICAS PÚBLICAS,3 1 91 13 5,OBRIGAÇÃO PATRONAL - PESSOAL ATIVO - PREVIDÊNCIA,3618428,4711,FFP - MG
1491,SEGOV,1 49 1 04 131 109 2 041 0001,CERIMONIAL E EVENTOS,3 1 91 13 5,OBRIGAÇÃO PATRONAL - PESSOAL ATIVO - PREVIDÊNCIA,1906,2011,IPSEMG
1491,SEGOV,1 49 1 04 131 109 2 041 0001,CERIMONIAL E EVENTOS,3 1 91 13 5,OBRIGAÇÃO PATRONAL - PESSOAL ATIVO - PREVIDÊNCIA,58094,4711,FFP - MG
1501,SEPLAG,1 50 1 04 121 157 4 463 0001,COORDENAÇÃO DO PROGRAMA DE DESCENTRALIZAÇÃO DA EXECUÇÃO DE SERVIÇOS EM PARCERIA COM AS ORGANIZAÇÕES DA SOCIEDADE CIVIL DE INTERESSE PÚBLICO - OSCIP - E AS ORGANIZAÇÕES SOCIAIS ¿ OS.,3 1 91 13 5,OBRIGAÇÃO PATRONAL - PESSOAL ATIVO - PREVIDÊNCIA,5776,2011,IPSEMG
1501,SEPLAG,1 50 1 04 121 157 4 463 0001,COORDENAÇÃO DO PROGRAMA DE DESCENTRALIZAÇÃO DA EXECUÇÃO DE SERVIÇOS EM PARCERIA COM AS ORGANIZAÇÕES DA SOCIEDADE CIVIL DE INTERESSE PÚBLICO - OSCIP - E AS ORGANIZAÇÕES SOCIAIS ¿ OS.,3 1 91 13 5,OBRIGAÇÃO PATRONAL - PESSOAL ATIVO - PREVIDÊNCIA,379307,4711,FFP - MG
1501,SEPLAG,1 50 1 04 121 157 4 463 0001,COORDENAÇÃO DO PROGRAMA DE DESCENTRALIZAÇÃO DA EXECUÇÃO DE SERVIÇOS EM PARCERIA COM AS ORGANIZAÇÕES DA SOCIEDADE CIVIL DE INTERESSE PÚBLICO - OSCIP - E AS ORGANIZAÇÕES SOCIAIS ¿ OS.,3 1 91 13 21,OBRIGAÇÃO PATRONAL - PESSOAL ATIVO - ASSISTÊNCIA À SAÚDE,52,2011,IPSEMG
1501,SEPLAG,1 50 1 04 121 157 4 463 0001,COORDENAÇÃO DO PROGRAMA DE DESCENTRALIZAÇÃO DA EXECUÇÃO DE SERVIÇOS EM PARCERIA COM AS ORGANIZAÇÕES DA SOCIEDADE CIVIL DE INTERESSE PÚBLICO - OSCIP - E AS ORGANIZAÇÕES SOCIAIS ¿ OS.,3 1 91 13 21,OBRIGAÇÃO PATRONAL - PESSOAL ATIVO - ASSISTÊNCIA À SAÚDE,3386,4711,FFP - MG
1501,SEPLAG,1 50 1 04 121 157 4 464 0001,GESTÃO DO PROCESSO DE ELABORAÇÃO E ACOMPANHAMENTO DO PLANEJAMENTO E ORÇAMENTO ESTADUAL,3 1 91 13 4,INSS,33,2011,IPSEMG
1501,SEPLAG,1 50 1 04 121 157 4 464 0001,GESTÃO DO PROCESSO DE ELABORAÇÃO E ACOMPANHAMENTO DO PLANEJAMENTO E ORÇAMENTO ESTADUAL,3 1 91 13 4,INSS,2189,4711,FFP - MG
1501,SEPLAG,1 50 1 04 121 157 4 464 0001,GESTÃO DO PROCESSO DE ELABORAÇÃO E ACOMPANHAMENTO DO PLANEJAMENTO E ORÇAMENTO ESTADUAL,3 1 91 13 5,OBRIGAÇÃO PATRONAL - PESSOAL ATIVO - PREVIDÊNCIA,13447,2011,IPSEMG
1501,SEPLAG,1 50 1 04 121 157 4 464 0001,GESTÃO DO PROCESSO DE ELABORAÇÃO E ACOMPANHAMENTO DO PLANEJAMENTO E ORÇAMENTO ESTADUAL,3 1 91 13 5,OBRIGAÇÃO PATRONAL - PESSOAL ATIVO - PREVIDÊNCIA,883047,4711,FFP - MG
1501,SEPLAG,1 50 1 04 121 157 4 464 0001,GESTÃO DO PROCESSO DE ELABORAÇÃO E ACOMPANHAMENTO DO PLANEJAMENTO E ORÇAMENTO ESTADUAL,3 1 91 13 21,OBRIGAÇÃO PATRONAL - PESSOAL ATIVO - ASSISTÊNCIA À SAÚDE,64,2011,IPSEMG
1501,SEPLAG,1 50 1 04 121 157 4 464 0001,GESTÃO DO PROCESSO DE ELABORAÇÃO E ACOMPANHAMENTO DO PLANEJAMENTO E ORÇAMENTO ESTADUAL,3 1 91 13 21,OBRIGAÇÃO PATRONAL - PESSOAL ATIVO - ASSISTÊNCIA À SAÚDE,4218,4711,FFP - MG
1501,SEPLAG,1 50 1 04 122 147 4 468 0001,PROVISÃO DE CARGOS POR CONCURSO PÚBLICO,3 1 91 13 4,INSS,23,2011,IPSEMG
1501,SEPLAG,1 50 1 04 122 147 4 468 0001,PROVISÃO DE CARGOS POR CONCURSO PÚBLICO,3 1 91 13 4,INSS,1486,4711,FFP - MG
1501,SEPLAG,1 50 1 04 122 147 4 468 0001,PROVISÃO DE CARGOS POR CONCURSO PÚBLICO,3 1 91 13 5,OBRIGAÇÃO PATRONAL - PESSOAL ATIVO - PREVIDÊNCIA,16175,2011,IPSEMG
1501,SEPLAG,1 50 1 04 122 147 4 468 0001,PROVISÃO DE CARGOS POR CONCURSO PÚBLICO,3 1 91 13 5,OBRIGAÇÃO PATRONAL - PESSOAL ATIVO - PREVIDÊNCIA,1062137,4711,FFP - MG
1501,SEPLAG,1 50 1 04 122 147 4 468 0001,PROVISÃO DE CARGOS POR CONCURSO PÚBLICO,3 1 91 13 21,OBRIGAÇÃO PATRONAL - PESSOAL ATIVO - ASSISTÊNCIA À SAÚDE,122,2011,IPSEMG
1501,SEPLAG,1 50 1 04 122 147 4 468 0001,PROVISÃO DE CARGOS POR CONCURSO PÚBLICO,3 1 91 13 21,OBRIGAÇÃO PATRONAL - PESSOAL ATIVO - ASSISTÊNCIA À SAÚDE,8041,4711,FFP - MG
1501,SEPLAG,1 50 1 04 122 147 4 475 0001,ADMINISTRAÇÃO DE PESSOAL,3 1 91 13 4,INSS,1025,2011,IPSEMG
1501,SEPLAG,1 50 1 04 122 147 4 475 0001,ADMINISTRAÇÃO DE PESSOAL,3 1 91 13 4,INSS,67302,4711,FFP - MG
1501,SEPLAG,1 50 1 04 122 147 4 475 0001,ADMINISTRAÇÃO DE PESSOAL,3 1 91 13 5,OBRIGAÇÃO PATRONAL - PESSOAL ATIVO - PREVIDÊNCIA,25415,2011,IPSEMG
1501,SEPLAG,1 50 1 04 122 147 4 475 0001,ADMINISTRAÇÃO DE PESSOAL,3 1 91 13 5,OBRIGAÇÃO PATRONAL - PESSOAL ATIVO - PREVIDÊNCIA,1668886,4711,FFP - MG
1501,SEPLAG,1 50 1 04 122 147 4 475 0001,ADMINISTRAÇÃO DE PESSOAL,3 1 91 13 21,OBRIGAÇÃO PATRONAL - PESSOAL ATIVO - ASSISTÊNCIA À SAÚDE,1544,2011,IPSEMG
1501,SEPLAG,1 50 1 04 122 147 4 475 0001,ADMINISTRAÇÃO DE PESSOAL,3 1 91 13 21,OBRIGAÇÃO PATRONAL - PESSOAL ATIVO - ASSISTÊNCIA À SAÚDE,101357,4711,FFP - MG
1501,SEPLAG,1 50 1 04 122 147 4 476 0001,SAÚDE DO SERVIDOR,3 1 91 13 4,INSS,152,2011,IPSEMG
1501,SEPLAG,1 50 1 04 122 147 4 476 0001,SAÚDE DO SERVIDOR,3 1 91 13 4,INSS,10009,4711,FFP - MG
1501,SEPLAG,1 50 1 04 122 147 4 476 0001,SAÚDE DO SERVIDOR,3 1 91 13 5,OBRIGAÇÃO PATRONAL - PESSOAL ATIVO - PREVIDÊNCIA,111760,2011,IPSEMG
1501,SEPLAG,1 50 1 04 122 147 4 476 0001,SAÚDE DO SERVIDOR,3 1 91 13 5,OBRIGAÇÃO PATRONAL - PESSOAL ATIVO - PREVIDÊNCIA,7338924,4711,FFP - MG
1501,SEPLAG,1 50 1 04 122 147 4 476 0001,SAÚDE DO SERVIDOR,3 1 91 13 21,OBRIGAÇÃO PATRONAL - PESSOAL ATIVO - ASSISTÊNCIA À SAÚDE,2966,2011,IPSEMG
1501,SEPLAG,1 50 1 04 122 147 4 476 0001,SAÚDE DO SERVIDOR,3 1 91 13 21,OBRIGAÇÃO PATRONAL - PESSOAL ATIVO - ASSISTÊNCIA À SAÚDE,194743,4711,FFP - MG
1501,SEPLAG,1 50 1 04 122 147 4 476 0001,SAÚDE DO SERVIDOR,3 3 91 39 96,TRANSFERÊNCIA ONEROSA DA POSSE DE BENS IMÓVEIS DE PROPRIEDADE DO ESTADO DE MINAS GERAIS,291000,4661,FAIMG
1501,SEPLAG,1 50 1 04 122 147 4 477 0001,"DESEMPENHO, DESENVOLVIMENTO E VALORIZAÇÃO DOS SERVIDORES PÚBLICOS",3 1 91 13 4,INSS,546,2011,IPSEMG
1501,SEPLAG,1 50 1 04 122 147 4 477 0001,"DESEMPENHO, DESENVOLVIMENTO E VALORIZAÇÃO DOS SERVIDORES PÚBLICOS",3 1 91 13 4,INSS,35862,4711,FFP - MG
1501,SEPLAG,1 50 1 04 122 147 4 477 0001,"DESEMPENHO, DESENVOLVIMENTO E VALORIZAÇÃO DOS SERVIDORES PÚBLICOS",3 1 91 13 5,OBRIGAÇÃO PATRONAL - PESSOAL ATIVO - PREVIDÊNCIA,22238,2011,IPSEMG
1501,SEPLAG,1 50 1 04 122 147 4 477 0001,"DESEMPENHO, DESENVOLVIMENTO E VALORIZAÇÃO DOS SERVIDORES PÚBLICOS",3 1 91 13 5,OBRIGAÇÃO PATRONAL - PESSOAL ATIVO - PREVIDÊNCIA,1460269,4711,FFP - MG
1501,SEPLAG,1 50 1 04 122 147 4 477 0001,"DESEMPENHO, DESENVOLVIMENTO E VALORIZAÇÃO DOS SERVIDORES PÚBLICOS",3 1 91 13 21,OBRIGAÇÃO PATRONAL - PESSOAL ATIVO - ASSISTÊNCIA À SAÚDE,666,2011,IPSEMG
1501,SEPLAG,1 50 1 04 122 147 4 477 0001,"DESEMPENHO, DESENVOLVIMENTO E VALORIZAÇÃO DOS SERVIDORES PÚBLICOS",3 1 91 13 21,OBRIGAÇÃO PATRONAL - PESSOAL ATIVO - ASSISTÊNCIA À SAÚDE,43706,4711,FFP - MG
1501,SEPLAG,1 50 1 04 122 149 4 452 0001,GESTÃO DAS UNIDADES DE ATENDIMENTO INTEGRADO - UAI,3 1 91 13 4,INSS,258,2011,IPSEMG
1501,SEPLAG,1 50 1 04 122 149 4 452 0001,GESTÃO DAS UNIDADES DE ATENDIMENTO INTEGRADO - UAI,3 1 91 13 4,INSS,16955,4711,FFP - MG
1501,SEPLAG,1 50 1 04 122 149 4 452 0001,GESTÃO DAS UNIDADES DE ATENDIMENTO INTEGRADO - UAI,3 1 91 13 5,OBRIGAÇÃO PATRONAL - PESSOAL ATIVO - PREVIDÊNCIA,3481,2011,IPSEMG
1501,SEPLAG,1 50 1 04 122 149 4 452 0001,GESTÃO DAS UNIDADES DE ATENDIMENTO INTEGRADO - UAI,3 1 91 13 5,OBRIGAÇÃO PATRONAL - PESSOAL ATIVO - PREVIDÊNCIA,228610,4711,FFP - MG
1501,SEPLAG,1 50 1 04 122 149 4 452 0001,GESTÃO DAS UNIDADES DE ATENDIMENTO INTEGRADO - UAI,3 1 91 13 21,OBRIGAÇÃO PATRONAL - PESSOAL ATIVO - ASSISTÊNCIA À SAÚDE,35,2011,IPSEMG
1501,SEPLAG,1 50 1 04 122 149 4 452 0001,GESTÃO DAS UNIDADES DE ATENDIMENTO INTEGRADO - UAI,3 1 91 13 21,OBRIGAÇÃO PATRONAL - PESSOAL ATIVO - ASSISTÊNCIA À SAÚDE,2309,4711,FFP - MG
1501,SEPLAG,1 50 1 04 122 149 4 452 0001,GESTÃO DAS UNIDADES DE ATENDIMENTO INTEGRADO - UAI,3 3 91 39 20,LOCAÇÃO DE BENS IMÓVEIS,5101852,2011,IPSEMG
1501,SEPLAG,1 50 1 04 122 149 4 452 0001,GESTÃO DAS UNIDADES DE ATENDIMENTO INTEGRADO - UAI,3 3 91 39 96,TRANSFERÊNCIA ONEROSA DA POSSE DE BENS IMÓVEIS DE PROPRIEDADE DO ESTADO DE MINAS GERAIS,146564,4661,FAIMG
1501,SEPLAG,1 50 1 04 122 151 4 453 0001,PROMOÇÃO DA INOVAÇÃO E DESBUROCRATIZAÇÃO NA GESTÃO PÚBLICA,3 1 91 13 5,OBRIGAÇÃO PATRONAL - PESSOAL ATIVO - PREVIDÊNCIA,5527,2011,IPSEMG
1501,SEPLAG,1 50 1 04 122 151 4 453 0001,PROMOÇÃO DA INOVAÇÃO E DESBUROCRATIZAÇÃO NA GESTÃO PÚBLICA,3 1 91 13 5,OBRIGAÇÃO PATRONAL - PESSOAL ATIVO - PREVIDÊNCIA,362919,4711,FFP - MG
1501,SEPLAG,1 50 1 04 122 151 4 453 0001,PROMOÇÃO DA INOVAÇÃO E DESBUROCRATIZAÇÃO NA GESTÃO PÚBLICA,3 1 91 13 21,OBRIGAÇÃO PATRONAL - PESSOAL ATIVO - ASSISTÊNCIA À SAÚDE,35,2011,IPSEMG
1501,SEPLAG,1 50 1 04 122 151 4 453 0001,PROMOÇÃO DA INOVAÇÃO E DESBUROCRATIZAÇÃO NA GESTÃO PÚBLICA,3 1 91 13 21,OBRIGAÇÃO PATRONAL - PESSOAL ATIVO - ASSISTÊNCIA À SAÚDE,2324,4711,FFP - MG
1501,SEPLAG,1 50 1 04 122 151 4 454 0001,GESTÃO DOS PROJETOS ESTRATÉGICOS,3 1 91 13 5,OBRIGAÇÃO PATRONAL - PESSOAL ATIVO - PREVIDÊNCIA,8454,2011,IPSEMG
1501,SEPLAG,1 50 1 04 122 151 4 454 0001,GESTÃO DOS PROJETOS ESTRATÉGICOS,3 1 91 13 5,OBRIGAÇÃO PATRONAL - PESSOAL ATIVO - PREVIDÊNCIA,555149,4711,FFP - MG
1501,SEPLAG,1 50 1 04 122 151 4 454 0001,GESTÃO DOS PROJETOS ESTRATÉGICOS,3 1 91 13 21,OBRIGAÇÃO PATRONAL - PESSOAL ATIVO - ASSISTÊNCIA À SAÚDE,122,2011,IPSEMG
1501,SEPLAG,1 50 1 04 122 151 4 454 0001,GESTÃO DOS PROJETOS ESTRATÉGICOS,3 1 91 13 21,OBRIGAÇÃO PATRONAL - PESSOAL ATIVO - ASSISTÊNCIA À SAÚDE,7991,4711,FFP - MG
1501,SEPLAG,1 50 1 04 122 156 1 085 0001,ABRIGOS E CAMINHOS NA CA,3 1 91 4 4,OBRIGAÇÃO PATRONAL – CONTRATOS POR TEMPO DETERMINADO – ASSISTÊNCIA À SAÚDE,18,2011,IPSEMG
1501,SEPLAG,1 50 1 04 122 156 1 085 0001,ABRIGOS E CAMINHOS NA CA,3 1 91 4 4,OBRIGAÇÃO PATRONAL – CONTRATOS POR TEMPO DETERMINADO – ASSISTÊNCIA À SAÚDE,1180,4711,FFP - MG
1501,SEPLAG,1 50 1 04 122 156 4 465 0001,GESTÃO DA INFRAESTRUTURA DA CIDADE ADMINISTRATIVA,3 1 91 13 4,INSS,141,2011,IPSEMG
1501,SEPLAG,1 50 1 04 122 156 4 465 0001,GESTÃO DA INFRAESTRUTURA DA CIDADE ADMINISTRATIVA,3 1 91 13 4,INSS,9248,4711,FFP - MG
1501,SEPLAG,1 50 1 04 122 156 4 465 0001,GESTÃO DA INFRAESTRUTURA DA CIDADE ADMINISTRATIVA,3 1 91 13 5,OBRIGAÇÃO PATRONAL - PESSOAL ATIVO - PREVIDÊNCIA,3386,2011,IPSEMG
1501,SEPLAG,1 50 1 04 122 156 4 465 0001,GESTÃO DA INFRAESTRUTURA DA CIDADE ADMINISTRATIVA,3 1 91 13 5,OBRIGAÇÃO PATRONAL - PESSOAL ATIVO - PREVIDÊNCIA,222344,4711,FFP - MG
1501,SEPLAG,1 50 1 04 122 156 4 465 0001,GESTÃO DA INFRAESTRUTURA DA CIDADE ADMINISTRATIVA,3 1 91 13 21,OBRIGAÇÃO PATRONAL - PESSOAL ATIVO - ASSISTÊNCIA À SAÚDE,98,2011,IPSEMG
1501,SEPLAG,1 50 1 04 122 156 4 465 0001,GESTÃO DA INFRAESTRUTURA DA CIDADE ADMINISTRATIVA,3 1 91 13 21,OBRIGAÇÃO PATRONAL - PESSOAL ATIVO - ASSISTÊNCIA À SAÚDE,6408,4711,FFP - MG
1501,SEPLAG,1 50 1 04 122 156 4 466 0001,GESTÃO DE TECNOLOGIA DA INFORMAÇÃO E COMUNICAÇÃO (TIC) DA CIDADE ADMINISTRATIVA,3 1 91 13 4,INSS,67,2011,IPSEMG
1501,SEPLAG,1 50 1 04 122 156 4 466 0001,GESTÃO DE TECNOLOGIA DA INFORMAÇÃO E COMUNICAÇÃO (TIC) DA CIDADE ADMINISTRATIVA,3 1 91 13 4,INSS,4379,4711,FFP - MG
1501,SEPLAG,1 50 1 04 122 156 4 466 0001,GESTÃO DE TECNOLOGIA DA INFORMAÇÃO E COMUNICAÇÃO (TIC) DA CIDADE ADMINISTRATIVA,3 1 91 13 5,OBRIGAÇÃO PATRONAL - PESSOAL ATIVO - PREVIDÊNCIA,1304,2011,IPSEMG
1501,SEPLAG,1 50 1 04 122 156 4 466 0001,GESTÃO DE TECNOLOGIA DA INFORMAÇÃO E COMUNICAÇÃO (TIC) DA CIDADE ADMINISTRATIVA,3 1 91 13 5,OBRIGAÇÃO PATRONAL - PESSOAL ATIVO - PREVIDÊNCIA,85627,4711,FFP - MG
1501,SEPLAG,1 50 1 04 122 156 4 466 0001,GESTÃO DE TECNOLOGIA DA INFORMAÇÃO E COMUNICAÇÃO (TIC) DA CIDADE ADMINISTRATIVA,3 1 91 13 21,OBRIGAÇÃO PATRONAL - PESSOAL ATIVO - ASSISTÊNCIA À SAÚDE,132,2011,IPSEMG
1501,SEPLAG,1 50 1 04 122 156 4 466 0001,GESTÃO DE TECNOLOGIA DA INFORMAÇÃO E COMUNICAÇÃO (TIC) DA CIDADE ADMINISTRATIVA,3 1 91 13 21,OBRIGAÇÃO PATRONAL - PESSOAL ATIVO - ASSISTÊNCIA À SAÚDE,8637,4711,FFP - MG
1501,SEPLAG,1 50 1 04 122 156 4 467 0001,GESTÃO DOS SERVIÇOS OPERACIONAIS E LOGÍSTICOS DA CIDADE ADMINISTRATIVA,3 1 91 13 4,INSS,178,2011,IPSEMG
1501,SEPLAG,1 50 1 04 122 156 4 467 0001,GESTÃO DOS SERVIÇOS OPERACIONAIS E LOGÍSTICOS DA CIDADE ADMINISTRATIVA,3 1 91 13 4,INSS,11677,4711,FFP - MG
1501,SEPLAG,1 50 1 04 122 156 4 467 0001,GESTÃO DOS SERVIÇOS OPERACIONAIS E LOGÍSTICOS DA CIDADE ADMINISTRATIVA,3 1 91 13 5,OBRIGAÇÃO PATRONAL - PESSOAL ATIVO - PREVIDÊNCIA,1881,2011,IPSEMG
1501,SEPLAG,1 50 1 04 122 156 4 467 0001,GESTÃO DOS SERVIÇOS OPERACIONAIS E LOGÍSTICOS DA CIDADE ADMINISTRATIVA,3 1 91 13 5,OBRIGAÇÃO PATRONAL - PESSOAL ATIVO - PREVIDÊNCIA,123531,4711,FFP - MG
1501,SEPLAG,1 50 1 04 122 156 4 467 0001,GESTÃO DOS SERVIÇOS OPERACIONAIS E LOGÍSTICOS DA CIDADE ADMINISTRATIVA,3 1 91 13 21,OBRIGAÇÃO PATRONAL - PESSOAL ATIVO - ASSISTÊNCIA À SAÚDE,59,2011,IPSEMG
1501,SEPLAG,1 50 1 04 122 156 4 467 0001,GESTÃO DOS SERVIÇOS OPERACIONAIS E LOGÍSTICOS DA CIDADE ADMINISTRATIVA,3 1 91 13 21,OBRIGAÇÃO PATRONAL - PESSOAL ATIVO - ASSISTÊNCIA À SAÚDE,3857,4711,FFP - MG
1501,SEPLAG,1 50 1 04 122 159 4 473 0001,MODERNIZAÇÃO EM GESTÃO DE COMPRAS,3 1 91 13 4,INSS,273,2011,IPSEMG
1501,SEPLAG,1 50 1 04 122 159 4 473 0001,MODERNIZAÇÃO EM GESTÃO DE COMPRAS,3 1 91 13 4,INSS,17901,4711,FFP - MG
1501,SEPLAG,1 50 1 04 122 159 4 473 0001,MODERNIZAÇÃO EM GESTÃO DE COMPRAS,3 1 91 13 5,OBRIGAÇÃO PATRONAL - PESSOAL ATIVO - PREVIDÊNCIA,6570,2011,IPSEMG
1501,SEPLAG,1 50 1 04 122 159 4 473 0001,MODERNIZAÇÃO EM GESTÃO DE COMPRAS,3 1 91 13 5,OBRIGAÇÃO PATRONAL - PESSOAL ATIVO - PREVIDÊNCIA,431441,4711,FFP - MG
1501,SEPLAG,1 50 1 04 122 159 4 473 0001,MODERNIZAÇÃO EM GESTÃO DE COMPRAS,3 1 91 13 21,OBRIGAÇÃO PATRONAL - PESSOAL ATIVO - ASSISTÊNCIA À SAÚDE,275,2011,IPSEMG
1501,SEPLAG,1 50 1 04 122 159 4 473 0001,MODERNIZAÇÃO EM GESTÃO DE COMPRAS,3 1 91 13 21,OBRIGAÇÃO PATRONAL - PESSOAL ATIVO - ASSISTÊNCIA À SAÚDE,18058,4711,FFP - MG
1501,SEPLAG,1 50 1 04 122 160 4 485 0001,GESTÃO DOS PROCESSOS DE LOGÍSTICA CORPORATIVA,3 1 91 13 4,INSS,197,2011,IPSEMG
1501,SEPLAG,1 50 1 04 122 160 4 485 0001,GESTÃO DOS PROCESSOS DE LOGÍSTICA CORPORATIVA,3 1 91 13 4,INSS,12939,4711,FFP - MG
1501,SEPLAG,1 50 1 04 122 160 4 485 0001,GESTÃO DOS PROCESSOS DE LOGÍSTICA CORPORATIVA,3 1 91 13 5,OBRIGAÇÃO PATRONAL - PESSOAL ATIVO - PREVIDÊNCIA,12708,2011,IPSEMG
1501,SEPLAG,1 50 1 04 122 160 4 485 0001,GESTÃO DOS PROCESSOS DE LOGÍSTICA CORPORATIVA,3 1 91 13 5,OBRIGAÇÃO PATRONAL - PESSOAL ATIVO - PREVIDÊNCIA,834465,4711,FFP - MG
1501,SEPLAG,1 50 1 04 122 160 4 485 0001,GESTÃO DOS PROCESSOS DE LOGÍSTICA CORPORATIVA,3 1 91 13 21,OBRIGAÇÃO PATRONAL - PESSOAL ATIVO - ASSISTÊNCIA À SAÚDE,709,2011,IPSEMG
1501,SEPLAG,1 50 1 04 122 160 4 485 0001,GESTÃO DOS PROCESSOS DE LOGÍSTICA CORPORATIVA,3 1 91 13 21,OBRIGAÇÃO PATRONAL - PESSOAL ATIVO - ASSISTÊNCIA À SAÚDE,46538,4711,FFP - MG
1501,SEPLAG,1 50 1 04 122 160 4 486 0001,GESTÃO DA DESTINAÇÃO DE IMÓVEIS,3 1 91 13 4,INSS,90,2011,IPSEMG
1501,SEPLAG,1 50 1 04 122 160 4 486 0001,GESTÃO DA DESTINAÇÃO DE IMÓVEIS,3 1 91 13 4,INSS,5941,4711,FFP - MG
1501,SEPLAG,1 50 1 04 122 160 4 486 0001,GESTÃO DA DESTINAÇÃO DE IMÓVEIS,3 1 91 13 5,OBRIGAÇÃO PATRONAL - PESSOAL ATIVO - PREVIDÊNCIA,3564,2011,IPSEMG
1501,SEPLAG,1 50 1 04 122 160 4 486 0001,GESTÃO DA DESTINAÇÃO DE IMÓVEIS,3 1 91 13 5,OBRIGAÇÃO PATRONAL - PESSOAL ATIVO - PREVIDÊNCIA,234023,4711,FFP - MG
1501,SEPLAG,1 50 1 04 122 160 4 486 0001,GESTÃO DA DESTINAÇÃO DE IMÓVEIS,3 1 91 13 21,OBRIGAÇÃO PATRONAL - PESSOAL ATIVO - ASSISTÊNCIA À SAÚDE,151,2011,IPSEMG
1501,SEPLAG,1 50 1 04 122 160 4 486 0001,GESTÃO DA DESTINAÇÃO DE IMÓVEIS,3 1 91 13 21,OBRIGAÇÃO PATRONAL - PESSOAL ATIVO - ASSISTÊNCIA À SAÚDE,9911,4711,FFP - MG
1501,SEPLAG,1 50 1 04 122 160 4 487 0001,GESTÃO E DISPONIBILIZAÇÃO DOS SISTEMAS CORPORATIVOS DE GESTÃO LOGÍSTICA E PATRIMONIAL,3 1 91 13 4,INSS,147,2011,IPSEMG
1501,SEPLAG,1 50 1 04 122 160 4 487 0001,GESTÃO E DISPONIBILIZAÇÃO DOS SISTEMAS CORPORATIVOS DE GESTÃO LOGÍSTICA E PATRIMONIAL,3 1 91 13 4,INSS,9684,4711,FFP - MG
1501,SEPLAG,1 50 1 04 122 160 4 487 0001,GESTÃO E DISPONIBILIZAÇÃO DOS SISTEMAS CORPORATIVOS DE GESTÃO LOGÍSTICA E PATRIMONIAL,3 1 91 13 5,OBRIGAÇÃO PATRONAL - PESSOAL ATIVO - PREVIDÊNCIA,10301,2011,IPSEMG
1501,SEPLAG,1 50 1 04 122 160 4 487 0001,GESTÃO E DISPONIBILIZAÇÃO DOS SISTEMAS CORPORATIVOS DE GESTÃO LOGÍSTICA E PATRIMONIAL,3 1 91 13 5,OBRIGAÇÃO PATRONAL - PESSOAL ATIVO - PREVIDÊNCIA,676431,4711,FFP - MG
1501,SEPLAG,1 50 1 04 122 160 4 487 0001,GESTÃO E DISPONIBILIZAÇÃO DOS SISTEMAS CORPORATIVOS DE GESTÃO LOGÍSTICA E PATRIMONIAL,3 1 91 13 21,OBRIGAÇÃO PATRONAL - PESSOAL ATIVO - ASSISTÊNCIA À SAÚDE,280,2011,IPSEMG
1501,SEPLAG,1 50 1 04 122 160 4 487 0001,GESTÃO E DISPONIBILIZAÇÃO DOS SISTEMAS CORPORATIVOS DE GESTÃO LOGÍSTICA E PATRIMONIAL,3 1 91 13 21,OBRIGAÇÃO PATRONAL - PESSOAL ATIVO - ASSISTÊNCIA À SAÚDE,18399,4711,FFP - MG
1501,SEPLAG,1 50 1 04 122 705 2 500 0001,ASSESSORAMENTO E GERENCIAMENTO DE POLÍTICAS PÚBLICAS,3 1 91 13 4,INSS,1020,2011,IPSEMG
1501,SEPLAG,1 50 1 04 122 705 2 500 0001,ASSESSORAMENTO E GERENCIAMENTO DE POLÍTICAS PÚBLICAS,3 1 91 13 4,INSS,66954,4711,FFP - MG
1501,SEPLAG,1 50 1 04 122 705 2 500 0001,ASSESSORAMENTO E GERENCIAMENTO DE POLÍTICAS PÚBLICAS,3 1 91 13 5,OBRIGAÇÃO PATRONAL - PESSOAL ATIVO - PREVIDÊNCIA,104215,2011,IPSEMG
1501,SEPLAG,1 50 1 04 122 705 2 500 0001,ASSESSORAMENTO E GERENCIAMENTO DE POLÍTICAS PÚBLICAS,3 1 91 13 5,OBRIGAÇÃO PATRONAL - PESSOAL ATIVO - PREVIDÊNCIA,6843476,4711,FFP - MG
1501,SEPLAG,1 50 1 04 122 705 2 500 0001,ASSESSORAMENTO E GERENCIAMENTO DE POLÍTICAS PÚBLICAS,3 1 91 13 21,OBRIGAÇÃO PATRONAL - PESSOAL ATIVO - ASSISTÊNCIA À SAÚDE,2228,2011,IPSEMG
1501,SEPLAG,1 50 1 04 122 705 2 500 0001,ASSESSORAMENTO E GERENCIAMENTO DE POLÍTICAS PÚBLICAS,3 1 91 13 21,OBRIGAÇÃO PATRONAL - PESSOAL ATIVO - ASSISTÊNCIA À SAÚDE,146334,4711,FFP - MG
1501,SEPLAG,1 50 1 04 125 161 4 491 0001,APREENSÃO E LIBERAÇÃO DE VEÍCULOS,3 1 91 13 5,OBRIGAÇÃO PATRONAL - PESSOAL ATIVO - PREVIDÊNCIA,230919,2011,IPSEMG
1501,SEPLAG,1 50 1 04 125 161 4 491 0001,APREENSÃO E LIBERAÇÃO DE VEÍCULOS,3 1 91 13 5,OBRIGAÇÃO PATRONAL - PESSOAL ATIVO - PREVIDÊNCIA,15163695,4711,FFP - MG
1501,SEPLAG,1 50 1 04 125 161 4 491 0001,APREENSÃO E LIBERAÇÃO DE VEÍCULOS,3 1 91 13 21,OBRIGAÇÃO PATRONAL - PESSOAL ATIVO - ASSISTÊNCIA À SAÚDE,8219,2011,IPSEMG
1501,SEPLAG,1 50 1 04 125 161 4 491 0001,APREENSÃO E LIBERAÇÃO DE VEÍCULOS,3 1 91 13 21,OBRIGAÇÃO PATRONAL - PESSOAL ATIVO - ASSISTÊNCIA À SAÚDE,539711,4711,FFP - MG
1501,SEPLAG,1 50 1 04 125 161 4 491 0001,APREENSÃO E LIBERAÇÃO DE VEÍCULOS,3 1 91 13 26,OBRIGAÇÃO PATRONAL SUPLEMENTAR – PESSOAL ATIVO,187650,2011,IPSEMG
1501,SEPLAG,1 50 1 04 125 161 4 491 0001,APREENSÃO E LIBERAÇÃO DE VEÍCULOS,3 1 91 13 26,OBRIGAÇÃO PATRONAL SUPLEMENTAR – PESSOAL ATIVO,12322372,4711,FFP - MG
1501,SEPLAG,1 50 1 04 126 149 4 448 0001,APRIMORAMENTO DA GOVERNANÇA DE TECNOLOGIA DA INFORMAÇÃO E COMUNICAÇÃO,3 1 91 13 4,INSS,145,2011,IPSEMG
1501,SEPLAG,1 50 1 04 126 149 4 448 0001,APRIMORAMENTO DA GOVERNANÇA DE TECNOLOGIA DA INFORMAÇÃO E COMUNICAÇÃO,3 1 91 13 4,INSS,9530,4711,FFP - MG
1501,SEPLAG,1 50 1 04 126 149 4 448 0001,APRIMORAMENTO DA GOVERNANÇA DE TECNOLOGIA DA INFORMAÇÃO E COMUNICAÇÃO,3 1 91 13 5,OBRIGAÇÃO PATRONAL - PESSOAL ATIVO - PREVIDÊNCIA,3223,2011,IPSEMG
1501,SEPLAG,1 50 1 04 126 149 4 448 0001,APRIMORAMENTO DA GOVERNANÇA DE TECNOLOGIA DA INFORMAÇÃO E COMUNICAÇÃO,3 1 91 13 5,OBRIGAÇÃO PATRONAL - PESSOAL ATIVO - PREVIDÊNCIA,211624,4711,FFP - MG
1501,SEPLAG,1 50 1 04 126 149 4 448 0001,APRIMORAMENTO DA GOVERNANÇA DE TECNOLOGIA DA INFORMAÇÃO E COMUNICAÇÃO,3 1 91 13 21,OBRIGAÇÃO PATRONAL - PESSOAL ATIVO - ASSISTÊNCIA À SAÚDE,17,2011,IPSEMG
1501,SEPLAG,1 50 1 04 126 149 4 448 0001,APRIMORAMENTO DA GOVERNANÇA DE TECNOLOGIA DA INFORMAÇÃO E COMUNICAÇÃO,3 1 91 13 21,OBRIGAÇÃO PATRONAL - PESSOAL ATIVO - ASSISTÊNCIA À SAÚDE,1117,4711,FFP - MG
1501,SEPLAG,1 50 1 04 126 149 4 451 0001,GESTÃO DOS CANAIS DIGITAIS DE ATENDIMENTO AO CIDADÃO,3 1 91 13 4,INSS,71,2011,IPSEMG
1501,SEPLAG,1 50 1 04 126 149 4 451 0001,GESTÃO DOS CANAIS DIGITAIS DE ATENDIMENTO AO CIDADÃO,3 1 91 13 4,INSS,4638,4711,FFP - MG
1501,SEPLAG,1 50 1 04 126 149 4 451 0001,GESTÃO DOS CANAIS DIGITAIS DE ATENDIMENTO AO CIDADÃO,3 1 91 13 5,OBRIGAÇÃO PATRONAL - PESSOAL ATIVO - PREVIDÊNCIA,9681,2011,IPSEMG
1501,SEPLAG,1 50 1 04 126 149 4 451 0001,GESTÃO DOS CANAIS DIGITAIS DE ATENDIMENTO AO CIDADÃO,3 1 91 13 5,OBRIGAÇÃO PATRONAL - PESSOAL ATIVO - PREVIDÊNCIA,635747,4711,FFP - MG
1501,SEPLAG,1 50 1 04 126 149 4 451 0001,GESTÃO DOS CANAIS DIGITAIS DE ATENDIMENTO AO CIDADÃO,3 1 91 13 21,OBRIGAÇÃO PATRONAL - PESSOAL ATIVO - ASSISTÊNCIA À SAÚDE,158,2011,IPSEMG
1501,SEPLAG,1 50 1 04 126 149 4 451 0001,GESTÃO DOS CANAIS DIGITAIS DE ATENDIMENTO AO CIDADÃO,3 1 91 13 21,OBRIGAÇÃO PATRONAL - PESSOAL ATIVO - ASSISTÊNCIA À SAÚDE,10350,4711,FFP - MG
1511,PCMG,1 51 1 06 122 705 2 500 0001,ASSESSORAMENTO E GERENCIAMENTO DE POLÍTICAS PÚBLICAS,3 1 91 13 5,OBRIGAÇÃO PATRONAL - PESSOAL ATIVO - PREVIDÊNCIA,20398967,4711,FFP - MG
1511,PCMG,1 51 1 06 122 705 2 500 0001,ASSESSORAMENTO E GERENCIAMENTO DE POLÍTICAS PÚBLICAS,3 1 91 13 21,OBRIGAÇÃO PATRONAL - PESSOAL ATIVO - ASSISTÊNCIA À SAÚDE,551342,2011,IPSEMG
1511,PCMG,1 51 1 06 122 705 2 500 0001,ASSESSORAMENTO E GERENCIAMENTO DE POLÍTICAS PÚBLICAS,3 1 91 13 26,OBRIGAÇÃO PATRONAL SUPLEMENTAR – PESSOAL ATIVO,16646018,4711,FFP - MG
1511,PCMG,1 51 1 06 128 037 4 066 0001,FORMAÇÃO E CAPACITAÇÃO,3 1 91 13 5,OBRIGAÇÃO PATRONAL - PESSOAL ATIVO - PREVIDÊNCIA,9445876,4711,FFP - MG
1511,PCMG,1 51 1 06 128 037 4 066 0001,FORMAÇÃO E CAPACITAÇÃO,3 1 91 13 21,OBRIGAÇÃO PATRONAL - PESSOAL ATIVO - ASSISTÊNCIA À SAÚDE,230712,2011,IPSEMG
1511,PCMG,1 51 1 06 128 037 4 066 0001,FORMAÇÃO E CAPACITAÇÃO,3 1 91 13 26,OBRIGAÇÃO PATRONAL SUPLEMENTAR – PESSOAL ATIVO,9038383,4711,FFP - MG
1511,PCMG,1 51 1 06 181 032 4 060 0001,GESTÃO DAS UNIDADES POLICIAIS,3 1 91 13 5,OBRIGAÇÃO PATRONAL - PESSOAL ATIVO - PREVIDÊNCIA,330051760,4711,FFP - MG
1511,PCMG,1 51 1 06 181 032 4 060 0001,GESTÃO DAS UNIDADES POLICIAIS,3 1 91 13 21,OBRIGAÇÃO PATRONAL - PESSOAL ATIVO - ASSISTÊNCIA À SAÚDE,8028030,2011,IPSEMG
1511,PCMG,1 51 1 06 181 032 4 060 0001,GESTÃO DAS UNIDADES POLICIAIS,3 1 91 13 26,OBRIGAÇÃO PATRONAL SUPLEMENTAR – PESSOAL ATIVO,257490191,4711,FFP - MG
1511,PCMG,1 51 1 06 181 032 4 061 0001,PERÍCIAS TÉCNICO-CIENTÍFICAS,3 1 91 13 5,OBRIGAÇÃO PATRONAL - PESSOAL ATIVO - PREVIDÊNCIA,44243517,4711,FFP - MG
1511,PCMG,1 51 1 06 181 032 4 061 0001,PERÍCIAS TÉCNICO-CIENTÍFICAS,3 1 91 13 21,OBRIGAÇÃO PATRONAL - PESSOAL ATIVO - ASSISTÊNCIA À SAÚDE,407712,2011,IPSEMG
1511,PCMG,1 51 1 06 422 036 4 065 0001,IDENTIFICAÇÃO CIVIL E CRIMINAL,3 1 91 13 5,OBRIGAÇÃO PATRONAL - PESSOAL ATIVO - PREVIDÊNCIA,3919221,4711,FFP - MG
1511,PCMG,1 51 1 06 422 036 4 065 0001,IDENTIFICAÇÃO CIVIL E CRIMINAL,3 1 91 13 21,OBRIGAÇÃO PATRONAL - PESSOAL ATIVO - ASSISTÊNCIA À SAÚDE,132551,4711,FFP - MG
1511,PCMG,1 51 1 06 422 036 4 065 0001,IDENTIFICAÇÃO CIVIL E CRIMINAL,3 1 91 13 26,OBRIGAÇÃO PATRONAL SUPLEMENTAR – PESSOAL ATIVO,3219933,4711,FFP - MG
1511,PCMG,1 51 1 10 302 037 2 008 0001,SAÚDE DO SERVIDOR,3 1 91 13 5,OBRIGAÇÃO PATRONAL - PESSOAL ATIVO - PREVIDÊNCIA,2750722,4711,FFP - MG
1511,PCMG,1 51 1 10 302 037 2 008 0001,SAÚDE DO SERVIDOR,3 1 91 13 21,OBRIGAÇÃO PATRONAL - PESSOAL ATIVO - ASSISTÊNCIA À SAÚDE,71117,2011,IPSEMG
1511,PCMG,1 51 1 10 302 037 2 008 0001,SAÚDE DO SERVIDOR,3 1 91 13 26,OBRIGAÇÃO PATRONAL SUPLEMENTAR – PESSOAL ATIVO,2268921,4711,FFP - MG
1511,PCMG,1 51 1 12 368 037 2 011 0001,COLÉGIO ORDEM E PROGRESSO,3 1 91 13 5,OBRIGAÇÃO PATRONAL - PESSOAL ATIVO - PREVIDÊNCIA,803423,4711,FFP - MG
1511,PCMG,1 51 1 12 368 037 2 011 0001,COLÉGIO ORDEM E PROGRESSO,3 1 91 13 21,OBRIGAÇÃO PATRONAL - PESSOAL ATIVO - ASSISTÊNCIA À SAÚDE,30022,2011,IPSEMG
1511,PCMG,1 51 1 12 368 037 2 011 0001,COLÉGIO ORDEM E PROGRESSO,3 1 91 13 26,OBRIGAÇÃO PATRONAL SUPLEMENTAR – PESSOAL ATIVO,627236,4711,FFP - MG
1521,CGE,1 52 1 04 122 705 2 500 0001,ASSESSORAMENTO E GERENCIAMENTO DE POLÍTICAS PÚBLICAS,3 1 91 13 5,OBRIGAÇÃO PATRONAL - PESSOAL ATIVO - PREVIDÊNCIA,923171,4711,FFP - MG
1521,CGE,1 52 1 04 122 705 2 500 0001,ASSESSORAMENTO E GERENCIAMENTO DE POLÍTICAS PÚBLICAS,3 1 91 13 21,OBRIGAÇÃO PATRONAL - PESSOAL ATIVO - ASSISTÊNCIA À SAÚDE,52542,2011,IPSEMG
1521,CGE,1 52 1 04 122 705 2 500 0001,ASSESSORAMENTO E GERENCIAMENTO DE POLÍTICAS PÚBLICAS,3 1 91 13 26,OBRIGAÇÃO PATRONAL SUPLEMENTAR – PESSOAL ATIVO,992232,4711,FFP - MG
1521,CGE,1 52 1 04 124 001 4 304 0001,PROMOÇÃO DO ACESSO À INFORMAÇÃO E DA TRANSPARÊNCIA,3 1 91 13 5,OBRIGAÇÃO PATRONAL - PESSOAL ATIVO - PREVIDÊNCIA,712307,4711,FFP - MG
1521,CGE,1 52 1 04 124 001 4 304 0001,PROMOÇÃO DO ACESSO À INFORMAÇÃO E DA TRANSPARÊNCIA,3 1 91 13 21,OBRIGAÇÃO PATRONAL - PESSOAL ATIVO - ASSISTÊNCIA À SAÚDE,20682,2011,IPSEMG
1521,CGE,1 52 1 04 124 001 4 304 0001,PROMOÇÃO DO ACESSO À INFORMAÇÃO E DA TRANSPARÊNCIA,3 1 91 13 26,OBRIGAÇÃO PATRONAL SUPLEMENTAR – PESSOAL ATIVO,379068,4711,FFP - MG
1521,CGE,1 52 1 04 124 001 4 305 0001,FORTALECIMENTO DA INTEGRIDADE PÚBLICA E PRIVADA,3 1 91 13 5,OBRIGAÇÃO PATRONAL - PESSOAL ATIVO - PREVIDÊNCIA,384688,4711,FFP - MG
1521,CGE,1 52 1 04 124 001 4 305 0001,FORTALECIMENTO DA INTEGRIDADE PÚBLICA E PRIVADA,3 1 91 13 21,OBRIGAÇÃO PATRONAL - PESSOAL ATIVO - ASSISTÊNCIA À SAÚDE,14113,2011,IPSEMG
1521,CGE,1 52 1 04 124 001 4 305 0001,FORTALECIMENTO DA INTEGRIDADE PÚBLICA E PRIVADA,3 1 91 13 26,OBRIGAÇÃO PATRONAL SUPLEMENTAR – PESSOAL ATIVO,386158,4711,FFP - MG
1521,CGE,1 52 1 04 124 002 4 307 0001,FORTALECIMENTO DE SERVIÇOS DE AUDITORIA INTERNA PARA AGREGAR VALOR À GESTÃO PÚBLICA ESTADUAL,3 1 91 13 5,OBRIGAÇÃO PATRONAL - PESSOAL ATIVO - PREVIDÊNCIA,2034036,4711,FFP - MG
1521,CGE,1 52 1 04 124 002 4 307 0001,FORTALECIMENTO DE SERVIÇOS DE AUDITORIA INTERNA PARA AGREGAR VALOR À GESTÃO PÚBLICA ESTADUAL,3 1 91 13 21,OBRIGAÇÃO PATRONAL - PESSOAL ATIVO - ASSISTÊNCIA À SAÚDE,51890,2011,IPSEMG
1521,CGE,1 52 1 04 124 002 4 307 0001,FORTALECIMENTO DE SERVIÇOS DE AUDITORIA INTERNA PARA AGREGAR VALOR À GESTÃO PÚBLICA ESTADUAL,3 1 91 13 26,OBRIGAÇÃO PATRONAL SUPLEMENTAR – PESSOAL ATIVO,1571464,4711,FFP - MG
1521,CGE,1 52 1 04 124 002 4 308 0001,APRIMORAMENTO DA CAPACIDADE DE AUDITORIA INTERNA NOS PADRÕES INTERNACIONAIS,3 1 91 13 5,OBRIGAÇÃO PATRONAL - PESSOAL ATIVO - PREVIDÊNCIA,292560,4711,FFP - MG
1521,CGE,1 52 1 04 124 002 4 308 0001,APRIMORAMENTO DA CAPACIDADE DE AUDITORIA INTERNA NOS PADRÕES INTERNACIONAIS,3 1 91 13 21,OBRIGAÇÃO PATRONAL - PESSOAL ATIVO - ASSISTÊNCIA À SAÚDE,20255,2011,IPSEMG
1521,CGE,1 52 1 04 124 002 4 308 0001,APRIMORAMENTO DA CAPACIDADE DE AUDITORIA INTERNA NOS PADRÕES INTERNACIONAIS,3 1 91 13 26,OBRIGAÇÃO PATRONAL SUPLEMENTAR – PESSOAL ATIVO,149461,4711,FFP - MG
1521,CGE,1 52 1 04 124 002 4 309 0001,ESTRUTURAÇÃO TECNOLÓGICA E INSTITUCIONALIZAÇÃO DA AUDITORIA CONTÍNUA,3 1 91 13 5,OBRIGAÇÃO PATRONAL - PESSOAL ATIVO - PREVIDÊNCIA,256936,4711,FFP - MG
1521,CGE,1 52 1 04 124 002 4 309 0001,ESTRUTURAÇÃO TECNOLÓGICA E INSTITUCIONALIZAÇÃO DA AUDITORIA CONTÍNUA,3 1 91 13 21,OBRIGAÇÃO PATRONAL - PESSOAL ATIVO - ASSISTÊNCIA À SAÚDE,18363,2011,IPSEMG
1521,CGE,1 52 1 04 124 002 4 309 0001,ESTRUTURAÇÃO TECNOLÓGICA E INSTITUCIONALIZAÇÃO DA AUDITORIA CONTÍNUA,3 1 91 13 26,OBRIGAÇÃO PATRONAL SUPLEMENTAR – PESSOAL ATIVO,391100,4711,FFP - MG
1521,CGE,1 52 1 04 124 003 4 303 0001,EXECUÇÃO DE AÇÕES INVESTIGATIVAS E RECUPERAÇÃO DE ATIVOS,3 1 91 13 5,OBRIGAÇÃO PATRONAL - PESSOAL ATIVO - PREVIDÊNCIA,919734,4711,FFP - MG
1521,CGE,1 52 1 04 124 003 4 303 0001,EXECUÇÃO DE AÇÕES INVESTIGATIVAS E RECUPERAÇÃO DE ATIVOS,3 1 91 13 21,OBRIGAÇÃO PATRONAL - PESSOAL ATIVO - ASSISTÊNCIA À SAÚDE,41366,2011,IPSEMG
1521,CGE,1 52 1 04 124 003 4 303 0001,EXECUÇÃO DE AÇÕES INVESTIGATIVAS E RECUPERAÇÃO DE ATIVOS,3 1 91 13 26,OBRIGAÇÃO PATRONAL SUPLEMENTAR – PESSOAL ATIVO,555759,4711,FFP - MG
1521,CGE,1 52 1 04 124 003 4 310 0001,FORTALECIMENTO DA PREVENÇÃO A ILÍCITOS ADMINISTRATIVOS,3 1 91 13 5,OBRIGAÇÃO PATRONAL - PESSOAL ATIVO - PREVIDÊNCIA,387352,4711,FFP - MG
1521,CGE,1 52 1 04 124 003 4 310 0001,FORTALECIMENTO DA PREVENÇÃO A ILÍCITOS ADMINISTRATIVOS,3 1 91 13 21,OBRIGAÇÃO PATRONAL - PESSOAL ATIVO - ASSISTÊNCIA À SAÚDE,20853,2011,IPSEMG
1521,CGE,1 52 1 04 124 003 4 310 0001,FORTALECIMENTO DA PREVENÇÃO A ILÍCITOS ADMINISTRATIVOS,3 1 91 13 26,OBRIGAÇÃO PATRONAL SUPLEMENTAR – PESSOAL ATIVO,302482,4711,FFP - MG
1521,CGE,1 52 1 04 124 003 4 311 0001,APURAÇÃO DE RESPONSABILIDADE DE AGENTES PÚBLICOS E PESSOAS JURÍDICAS,3 1 91 13 5,OBRIGAÇÃO PATRONAL - PESSOAL ATIVO - PREVIDÊNCIA,946806,4711,FFP - MG
1521,CGE,1 52 1 04 124 003 4 311 0001,APURAÇÃO DE RESPONSABILIDADE DE AGENTES PÚBLICOS E PESSOAS JURÍDICAS,3 1 91 13 21,OBRIGAÇÃO PATRONAL - PESSOAL ATIVO - ASSISTÊNCIA À SAÚDE,25919,2011,IPSEMG
1521,CGE,1 52 1 04 124 003 4 311 0001,APURAÇÃO DE RESPONSABILIDADE DE AGENTES PÚBLICOS E PESSOAS JURÍDICAS,3 1 91 13 26,OBRIGAÇÃO PATRONAL SUPLEMENTAR – PESSOAL ATIVO,728621,4711,FFP - MG
1521,CGE,1 52 1 04 124 004 4 312 0001,FORTALECIMENTO DO CONTROLE INTERNO E DAS REDES DE CONTROLE,3 1 91 13 5,OBRIGAÇÃO PATRONAL - PESSOAL ATIVO - PREVIDÊNCIA,334284,4711,FFP - MG
1521,CGE,1 52 1 04 124 004 4 312 0001,FORTALECIMENTO DO CONTROLE INTERNO E DAS REDES DE CONTROLE,3 1 91 13 21,OBRIGAÇÃO PATRONAL - PESSOAL ATIVO - ASSISTÊNCIA À SAÚDE,21619,2011,IPSEMG
1521,CGE,1 52 1 04 124 004 4 312 0001,FORTALECIMENTO DO CONTROLE INTERNO E DAS REDES DE CONTROLE,3 1 91 13 26,OBRIGAÇÃO PATRONAL SUPLEMENTAR – PESSOAL ATIVO,381107,4711,FFP - MG
1521,CGE,1 52 1 04 124 004 4 313 0001,COORDENAÇÃO DAS UNIDADES DESCENTRALIZADAS DA CGE,3 1 91 13 5,OBRIGAÇÃO PATRONAL - PESSOAL ATIVO - PREVIDÊNCIA,1246199,4711,FFP - MG
1521,CGE,1 52 1 04 124 004 4 313 0001,COORDENAÇÃO DAS UNIDADES DESCENTRALIZADAS DA CGE,3 1 91 13 21,OBRIGAÇÃO PATRONAL - PESSOAL ATIVO - ASSISTÊNCIA À SAÚDE,19980,2011,IPSEMG
1521,CGE,1 52 1 04 124 004 4 313 0001,COORDENAÇÃO DAS UNIDADES DESCENTRALIZADAS DA CGE,3 1 91 13 26,OBRIGAÇÃO PATRONAL SUPLEMENTAR – PESSOAL ATIVO,989915,4711,FFP - MG
1541,ESP MG,1 54 1 10 122 705 2 500 0001,ASSESSORAMENTO E GERENCIAMENTO DE POLÍTICAS PÚBLICAS,3 1 91 13 5,OBRIGAÇÃO PATRONAL - PESSOAL ATIVO - PREVIDÊNCIA,1008221,4711,FFP - MG
1541,ESP MG,1 54 1 10 122 705 2 500 0001,ASSESSORAMENTO E GERENCIAMENTO DE POLÍTICAS PÚBLICAS,3 1 91 13 21,OBRIGAÇÃO PATRONAL - PESSOAL ATIVO - ASSISTÊNCIA À SAÚDE,9352,2011,IPSEMG
1541,ESP MG,1 54 1 10 128 028 4 049 0001,AÇÕES EDUCACIONAIS NA ÁREA DA SAÚDE,3 1 91 13 5,OBRIGAÇÃO PATRONAL - PESSOAL ATIVO - PREVIDÊNCIA,2523682,4711,FFP - MG
1541,ESP MG,1 54 1 10 128 028 4 049 0001,AÇÕES EDUCACIONAIS NA ÁREA DA SAÚDE,3 1 91 13 21,OBRIGAÇÃO PATRONAL - PESSOAL ATIVO - ASSISTÊNCIA À SAÚDE,23408,2011,IPSEMG
1541,ESP MG,1 54 1 10 128 028 4 050 0001,PRODUÇÃO CIENTÍFICA NO CAMPO DA SAÚDE,3 1 91 13 5,OBRIGAÇÃO PATRONAL - PESSOAL ATIVO - PREVIDÊNCIA,993726,4711,FFP - MG
1541,ESP MG,1 54 1 10 128 028 4 050 0001,PRODUÇÃO CIENTÍFICA NO CAMPO DA SAÚDE,3 1 91 13 21,OBRIGAÇÃO PATRONAL - PESSOAL ATIVO - ASSISTÊNCIA À SAÚDE,9217,2011,IPSEMG
1631,SEC. GERAL,1 63 1 04 122 011 4 007 0001,"INFORMAÇÃO, COORDENAÇÃO E SUPORTE À GOVERNADORIA E VICE-GOVERNADORIA",3 1 91 13 5,OBRIGAÇÃO PATRONAL - PESSOAL ATIVO - PREVIDÊNCIA,88561,4711,FFP - MG
1631,SEC. GERAL,1 63 1 04 122 011 4 007 0001,"INFORMAÇÃO, COORDENAÇÃO E SUPORTE À GOVERNADORIA E VICE-GOVERNADORIA",3 1 91 13 21,OBRIGAÇÃO PATRONAL - PESSOAL ATIVO - ASSISTÊNCIA À SAÚDE,25763,2011,IPSEMG
1631,SEC. GERAL,1 63 1 04 122 705 2 500 0001,ASSESSORAMENTO E GERENCIAMENTO DE POLÍTICAS PÚBLICAS,3 1 91 13 5,OBRIGAÇÃO PATRONAL - PESSOAL ATIVO - PREVIDÊNCIA,177928,4711,FFP - MG
1631,SEC. GERAL,1 63 1 04 122 705 2 500 0001,ASSESSORAMENTO E GERENCIAMENTO DE POLÍTICAS PÚBLICAS,3 1 91 13 21,OBRIGAÇÃO PATRONAL - PESSOAL ATIVO - ASSISTÊNCIA À SAÚDE,61314,2011,IPSEMG
1711,SECOM,1 71 1 04 122 705 2 500 0001,ASSESSORAMENTO E GERENCIAMENTO DE POLÍTICAS PÚBLICAS,3 1 91 13 5,OBRIGAÇÃO PATRONAL - PESSOAL ATIVO - PREVIDÊNCIA,657341,4711,FFP - MG
1711,SECOM,1 71 1 04 122 705 2 500 0001,ASSESSORAMENTO E GERENCIAMENTO DE POLÍTICAS PÚBLICAS,3 1 91 13 21,OBRIGAÇÃO PATRONAL - PESSOAL ATIVO - ASSISTÊNCIA À SAÚDE,39734,2011,IPSEMG
1711,SECOM,1 71 1 04 131 018 2 001 0001,ASSESSORIA DE PUBLICIDADE,3 1 91 13 5,OBRIGAÇÃO PATRONAL - PESSOAL ATIVO - PREVIDÊNCIA,202048,4711,FFP - MG
1711,SECOM,1 71 1 04 131 018 2 001 0001,ASSESSORIA DE PUBLICIDADE,3 1 91 13 21,OBRIGAÇÃO PATRONAL - PESSOAL ATIVO - ASSISTÊNCIA À SAÚDE,15442,2011,IPSEMG
1711,SECOM,1 71 1 04 131 018 2 002 0001,ASSESSORIA DE IMPRENSA,3 1 91 13 5,OBRIGAÇÃO PATRONAL - PESSOAL ATIVO - PREVIDÊNCIA,182487,4711,FFP - MG
1711,SECOM,1 71 1 04 131 018 2 002 0001,ASSESSORIA DE IMPRENSA,3 1 91 13 21,OBRIGAÇÃO PATRONAL - PESSOAL ATIVO - ASSISTÊNCIA À SAÚDE,21637,2011,IPSEMG
1711,SECOM,1 71 1 04 131 018 2 003 0001,ASSESSORIA DE COMUNICAÇÃO DIGITAL,3 1 91 13 5,OBRIGAÇÃO PATRONAL - PESSOAL ATIVO - PREVIDÊNCIA,178800,4711,FFP - MG
1711,SECOM,1 71 1 04 131 018 2 003 0001,ASSESSORIA DE COMUNICAÇÃO DIGITAL,3 1 91 13 21,OBRIGAÇÃO PATRONAL - PESSOAL ATIVO - ASSISTÊNCIA À SAÚDE,21200,2011,IPSEMG
1721,SCC,1 72 1 04 121 131 2 070 0001,"COORDENAÇÃO DO PROCESSO DE CAPTAÇÃO DE RECURSOS E PARCERIAS, MONITORAMENTO DE CONVÊNIOS DE ENTRADA, INSTRUMENTOS CONGÊNERES E OPERAÇÕES DE CRÉDITO",3 1 91 13 5,OBRIGAÇÃO PATRONAL - PESSOAL ATIVO - PREVIDÊNCIA,45643,2011,IPSEMG
1721,SCC,1 72 1 04 121 131 2 070 0001,"COORDENAÇÃO DO PROCESSO DE CAPTAÇÃO DE RECURSOS E PARCERIAS, MONITORAMENTO DE CONVÊNIOS DE ENTRADA, INSTRUMENTOS CONGÊNERES E OPERAÇÕES DE CRÉDITO",3 1 91 13 5,OBRIGAÇÃO PATRONAL - PESSOAL ATIVO - PREVIDÊNCIA,1391495,4711,FFP - MG
1721,SCC,1 72 1 04 122 131 2 062 0001,REPRESENTAÇÃO E DEFESA DOS INTERESSES DO ESTADO DE MINAS GERAIS EM BRASILIA,3 1 91 13 5,OBRIGAÇÃO PATRONAL - PESSOAL ATIVO - PREVIDÊNCIA,260,2011,IPSEMG
1721,SCC,1 72 1 04 122 131 2 062 0001,REPRESENTAÇÃO E DEFESA DOS INTERESSES DO ESTADO DE MINAS GERAIS EM BRASILIA,3 1 91 13 5,OBRIGAÇÃO PATRONAL - PESSOAL ATIVO - PREVIDÊNCIA,7922,4711,FFP - MG
1721,SCC,1 72 1 04 122 705 2 500 0001,ASSESSORAMENTO E GERENCIAMENTO DE POLÍTICAS PÚBLICAS,3 1 91 13 5,OBRIGAÇÃO PATRONAL - PESSOAL ATIVO - PREVIDÊNCIA,2339,2011,IPSEMG
1721,SCC,1 72 1 04 122 705 2 500 0001,ASSESSORAMENTO E GERENCIAMENTO DE POLÍTICAS PÚBLICAS,3 1 91 13 5,OBRIGAÇÃO PATRONAL - PESSOAL ATIVO - PREVIDÊNCIA,71301,4711,FFP - MG
1721,SCC,1 72 1 07 212 131 2 066 0001,MINAS INTERNACIONAL,3 1 91 13 5,OBRIGAÇÃO PATRONAL - PESSOAL ATIVO - PREVIDÊNCIA,13554,2011,IPSEMG
1721,SCC,1 72 1 07 212 131 2 066 0001,MINAS INTERNACIONAL,3 1 91 13 5,OBRIGAÇÃO PATRONAL - PESSOAL ATIVO - PREVIDÊNCIA,413205,4711,FFP - MG
1916,GDPE - SEF,1 91 6 28 846 705 7 003 0001,RESTITUIÇÃO AO TJMG DOS DEPÓSITOS JUDICIAIS,4 6 91 93 31,RESTITUIÇÃO DE RECURSOS DE DEPÓSITOS JUDICIAIS,83126506,4031,FEPJ
1916,GDPE - SEF,1 91 6 28 846 705 7 658 0001,ENCARGOS DEVIDOS POR FINANCIAMENTO JUNTO AOS INSTITUTOS DE PREVIDÊNCIA DOS SERVIDORES MILITARES DO ESTADO DE MINAS GERAIS - IPSM,3 2 91 21 3,JUROS DA DIVIDA COM OS INSTITUTOS DE PREVIDÊNCIA,58339670,2121,IPSM
1916,GDPE - SEF,1 91 6 28 846 705 7 658 0001,ENCARGOS DEVIDOS POR FINANCIAMENTO JUNTO AOS INSTITUTOS DE PREVIDÊNCIA DOS SERVIDORES MILITARES DO ESTADO DE MINAS GERAIS - IPSM,4 6 91 71 3,PRINCIPAL DA DIVIDA COM OS INSTITUTOS DE PREVIDÊNCIA,10013068,2121,IPSM
1941,EGE-SEPLAG,1 94 1 04 274 705 7 024 0001,PAGAMENTOS MENSAIS DE PROVENTOS AOS ASSISTIDOS E PENSIONISTAS DO PLANO DE PREVIDÊNCIA COMPLEMENTAR MINASCAIXA RP-2,3 1 91 13 8,OBRIGAÇÃO PATRONAL - PENSIONISTAS - PREVIDÊNCIA,525688,2011,IPSEMG
1941,EGE-SEPLAG,1 94 1 04 274 705 7 441 0001,PENSÕES ESPECIAIS DE RESPONSABILIDADE DO PODER EXECUTIVO ESTADUAL,3 1 91 13 8,OBRIGAÇÃO PATRONAL - PENSIONISTAS - PREVIDÊNCIA,1000000,2011,IPSEMG
2011,IPSEMG,2 01 1 04 122 705 2 014 0001,ASSESSORAMENTO E GESTÃO PREVIDENCIÁRIA,3 1 91 13 5,OBRIGAÇÃO PATRONAL - PESSOAL ATIVO - PREVIDÊNCIA,820221,4711,FFP - MG
2011,IPSEMG,2 01 1 04 122 705 2 014 0001,ASSESSORAMENTO E GESTÃO PREVIDENCIÁRIA,3 1 91 13 21,OBRIGAÇÃO PATRONAL - PESSOAL ATIVO - ASSISTÊNCIA À SAÚDE,58963,2011,IPSEMG
2011,IPSEMG,2 01 1 04 122 705 2 014 0001,ASSESSORAMENTO E GESTÃO PREVIDENCIÁRIA,3 1 91 13 26,OBRIGAÇÃO PATRONAL SUPLEMENTAR – PESSOAL ATIVO,703739,4711,FFP - MG
2011,IPSEMG,2 01 1 10 122 039 2 012 0001,ASSESSORAMENTO E GESTÃO DA ASSISTÊNCIA À SAÚDE,3 1 91 13 5,OBRIGAÇÃO PATRONAL - PESSOAL ATIVO - PREVIDÊNCIA,1645645,4711,FFP - MG
2011,IPSEMG,2 01 1 10 122 039 2 012 0001,ASSESSORAMENTO E GESTÃO DA ASSISTÊNCIA À SAÚDE,3 1 91 13 21,OBRIGAÇÃO PATRONAL - PESSOAL ATIVO - ASSISTÊNCIA À SAÚDE,114115,2011,IPSEMG
2011,IPSEMG,2 01 1 10 122 039 2 012 0001,ASSESSORAMENTO E GESTÃO DA ASSISTÊNCIA À SAÚDE,3 1 91 13 26,OBRIGAÇÃO PATRONAL SUPLEMENTAR – PESSOAL ATIVO,1303773,4711,FFP - MG
2011,IPSEMG,2 01 1 10 122 705 2 039 0001,ASSESSORAMENTO E GESTÃO DAS UNIDADES REGIONAIS DO IPSEMG,3 1 91 13 5,OBRIGAÇÃO PATRONAL - PESSOAL ATIVO - PREVIDÊNCIA,1776091,4711,FFP - MG
2011,IPSEMG,2 01 1 10 122 705 2 039 0001,ASSESSORAMENTO E GESTÃO DAS UNIDADES REGIONAIS DO IPSEMG,3 1 91 13 21,OBRIGAÇÃO PATRONAL - PESSOAL ATIVO - ASSISTÊNCIA À SAÚDE,125980,2011,IPSEMG
2011,IPSEMG,2 01 1 10 122 705 2 039 0001,ASSESSORAMENTO E GESTÃO DAS UNIDADES REGIONAIS DO IPSEMG,3 1 91 13 26,OBRIGAÇÃO PATRONAL SUPLEMENTAR – PESSOAL ATIVO,1479964,4711,FFP - MG
2011,IPSEMG,2 01 1 10 122 705 2 500 0001,ASSESSORAMENTO E GERENCIAMENTO DE POLÍTICAS PÚBLICAS,3 1 91 13 5,OBRIGAÇÃO PATRONAL - PESSOAL ATIVO - PREVIDÊNCIA,2969622,4711,FFP - MG
2011,IPSEMG,2 01 1 10 122 705 2 500 0001,ASSESSORAMENTO E GERENCIAMENTO DE POLÍTICAS PÚBLICAS,3 1 91 13 21,OBRIGAÇÃO PATRONAL - PESSOAL ATIVO - ASSISTÊNCIA À SAÚDE,213478,2011,IPSEMG
2011,IPSEMG,2 01 1 10 122 705 2 500 0001,ASSESSORAMENTO E GERENCIAMENTO DE POLÍTICAS PÚBLICAS,3 1 91 13 26,OBRIGAÇÃO PATRONAL SUPLEMENTAR – PESSOAL ATIVO,2547894,4711,FFP - MG
2011,IPSEMG,2 01 1 10 302 088 4 229 0001,ATENÇÃO À SAÚDE AMBULATORIAL NA REDE PRÓPRIA,3 1 91 13 5,OBRIGAÇÃO PATRONAL - PESSOAL ATIVO - PREVIDÊNCIA,5886058,4711,FFP - MG
2011,IPSEMG,2 01 1 10 302 088 4 229 0001,ATENÇÃO À SAÚDE AMBULATORIAL NA REDE PRÓPRIA,3 1 91 13 21,OBRIGAÇÃO PATRONAL - PESSOAL ATIVO - ASSISTÊNCIA À SAÚDE,412565,2011,IPSEMG
2011,IPSEMG,2 01 1 10 302 088 4 229 0001,ATENÇÃO À SAÚDE AMBULATORIAL NA REDE PRÓPRIA,3 1 91 13 26,OBRIGAÇÃO PATRONAL SUPLEMENTAR – PESSOAL ATIVO,4777051,4711,FFP - MG
2011,IPSEMG,2 01 1 10 302 088 4 230 0001,ATENÇÃO À SAÚDE ODONTOLÓGICA NA REDE PRÓPRIA,3 1 91 13 5,OBRIGAÇÃO PATRONAL - PESSOAL ATIVO - PREVIDÊNCIA,3074502,4711,FFP - MG
2011,IPSEMG,2 01 1 10 302 088 4 230 0001,ATENÇÃO À SAÚDE ODONTOLÓGICA NA REDE PRÓPRIA,3 1 91 13 21,OBRIGAÇÃO PATRONAL - PESSOAL ATIVO - ASSISTÊNCIA À SAÚDE,220805,2011,IPSEMG
2011,IPSEMG,2 01 1 10 302 088 4 230 0001,ATENÇÃO À SAÚDE ODONTOLÓGICA NA REDE PRÓPRIA,3 1 91 13 26,OBRIGAÇÃO PATRONAL SUPLEMENTAR – PESSOAL ATIVO,2632389,4711,FFP - MG
2011,IPSEMG,2 01 1 10 302 088 4 231 0001,ATENÇÃO À SAÚDE HOSPITALAR NA REDE PRÓPRIA,3 1 91 13 5,OBRIGAÇÃO PATRONAL - PESSOAL ATIVO - PREVIDÊNCIA,20557429,4711,FFP - MG
2011,IPSEMG,2 01 1 10 302 088 4 231 0001,ATENÇÃO À SAÚDE HOSPITALAR NA REDE PRÓPRIA,3 1 91 13 21,OBRIGAÇÃO PATRONAL - PESSOAL ATIVO - ASSISTÊNCIA À SAÚDE,1473422,2011,IPSEMG
2011,IPSEMG,2 01 1 10 302 088 4 231 0001,ATENÇÃO À SAÚDE HOSPITALAR NA REDE PRÓPRIA,3 1 91 13 26,OBRIGAÇÃO PATRONAL SUPLEMENTAR – PESSOAL ATIVO,17790390,4711,FFP - MG
2041,LEMG,2 04 1 04 122 705 2 500 0001,ASSESSORAMENTO E GERENCIAMENTO DE POLÍTICAS PÚBLICAS,3 1 91 13 5,OBRIGAÇÃO PATRONAL - PESSOAL ATIVO - PREVIDÊNCIA,39410,4711,FFP - MG
2041,LEMG,2 04 1 04 122 705 2 500 0001,ASSESSORAMENTO E GERENCIAMENTO DE POLÍTICAS PÚBLICAS,3 1 91 13 21,OBRIGAÇÃO PATRONAL - PESSOAL ATIVO - ASSISTÊNCIA À SAÚDE,4400,2011,IPSEMG
2041,LEMG,2 04 1 04 122 705 2 500 0001,ASSESSORAMENTO E GERENCIAMENTO DE POLÍTICAS PÚBLICAS,3 1 91 13 26,OBRIGAÇÃO PATRONAL SUPLEMENTAR – PESSOAL ATIVO,33200,4711,FFP - MG
2041,LEMG,2 04 1 23 692 126 4 340 0001,OPERACIONALIZAÇÃO DE JOGOS,3 1 91 13 5,OBRIGAÇÃO PATRONAL - PESSOAL ATIVO - PREVIDÊNCIA,116060,4711,FFP - MG
2041,LEMG,2 04 1 23 692 126 4 340 0001,OPERACIONALIZAÇÃO DE JOGOS,3 1 91 13 21,OBRIGAÇÃO PATRONAL - PESSOAL ATIVO - ASSISTÊNCIA À SAÚDE,11000,2011,IPSEMG
2041,LEMG,2 04 1 23 692 126 4 340 0001,OPERACIONALIZAÇÃO DE JOGOS,3 1 91 13 26,OBRIGAÇÃO PATRONAL SUPLEMENTAR – PESSOAL ATIVO,99000,4711,FFP - MG
2061,FJP,2 06 1 04 121 095 4 249 0001,ASSESSORAMENTO EM POLÍTICAS PÚBLICAS,3 1 91 13 5,OBRIGAÇÃO PATRONAL - PESSOAL ATIVO - PREVIDÊNCIA,506711,4711,FFP - MG
2061,FJP,2 06 1 04 121 095 4 249 0001,ASSESSORAMENTO EM POLÍTICAS PÚBLICAS,3 1 91 13 21,OBRIGAÇÃO PATRONAL - PESSOAL ATIVO - ASSISTÊNCIA À SAÚDE,7154,2011,IPSEMG
2061,FJP,2 06 1 04 121 095 4 249 0001,ASSESSORAMENTO EM POLÍTICAS PÚBLICAS,3 1 91 13 26,OBRIGAÇÃO PATRONAL SUPLEMENTAR – PESSOAL ATIVO,419505,4711,FFP - MG
2061,FJP,2 06 1 04 121 095 4 250 0001,FOMENTO À AVALIAÇÃO DE POLÍTICAS PÚBLICAS,3 1 91 13 5,OBRIGAÇÃO PATRONAL - PESSOAL ATIVO - PREVIDÊNCIA,1088633,4711,FFP - MG
2061,FJP,2 06 1 04 121 095 4 250 0001,FOMENTO À AVALIAÇÃO DE POLÍTICAS PÚBLICAS,3 1 91 13 21,OBRIGAÇÃO PATRONAL - PESSOAL ATIVO - ASSISTÊNCIA À SAÚDE,16526,2011,IPSEMG
2061,FJP,2 06 1 04 121 095 4 250 0001,FOMENTO À AVALIAÇÃO DE POLÍTICAS PÚBLICAS,3 1 91 13 26,OBRIGAÇÃO PATRONAL SUPLEMENTAR – PESSOAL ATIVO,827773,4711,FFP - MG
2061,FJP,2 06 1 04 121 095 4 251 0001,PESQUISAS EM POLÍTICAS PÚBLICAS,3 1 91 13 5,OBRIGAÇÃO PATRONAL - PESSOAL ATIVO - PREVIDÊNCIA,662306,4711,FFP - MG
2061,FJP,2 06 1 04 121 095 4 251 0001,PESQUISAS EM POLÍTICAS PÚBLICAS,3 1 91 13 21,OBRIGAÇÃO PATRONAL - PESSOAL ATIVO - ASSISTÊNCIA À SAÚDE,7154,2011,IPSEMG
2061,FJP,2 06 1 04 121 095 4 251 0001,PESQUISAS EM POLÍTICAS PÚBLICAS,3 1 91 13 26,OBRIGAÇÃO PATRONAL SUPLEMENTAR – PESSOAL ATIVO,499689,4711,FFP - MG
2061,FJP,2 06 1 04 121 096 4 254 0001,"MANUTENÇÃO DA DIVISÃO TERRITORIAL, CONSTRUÇÃO DE MAPEAMENTO DE MINAS GERAIS E GESTÃO DA IEDE",3 1 91 13 5,OBRIGAÇÃO PATRONAL - PESSOAL ATIVO - PREVIDÊNCIA,524228,4711,FFP - MG
2061,FJP,2 06 1 04 121 096 4 254 0001,"MANUTENÇÃO DA DIVISÃO TERRITORIAL, CONSTRUÇÃO DE MAPEAMENTO DE MINAS GERAIS E GESTÃO DA IEDE",3 1 91 13 21,OBRIGAÇÃO PATRONAL - PESSOAL ATIVO - ASSISTÊNCIA À SAÚDE,13770,2011,IPSEMG
2061,FJP,2 06 1 04 121 096 4 254 0001,"MANUTENÇÃO DA DIVISÃO TERRITORIAL, CONSTRUÇÃO DE MAPEAMENTO DE MINAS GERAIS E GESTÃO DA IEDE",3 1 91 13 26,OBRIGAÇÃO PATRONAL SUPLEMENTAR – PESSOAL ATIVO,406330,4711,FFP - MG
2061,FJP,2 06 1 04 121 096 4 255 0001,SISTEMATIZAÇÃO DAS INFORMAÇÕES ESTATÍSTICAS E GEOINFORMAÇÕES DE MG,3 1 91 13 5,OBRIGAÇÃO PATRONAL - PESSOAL ATIVO - PREVIDÊNCIA,1419137,4711,FFP - MG
2061,FJP,2 06 1 04 121 096 4 255 0001,SISTEMATIZAÇÃO DAS INFORMAÇÕES ESTATÍSTICAS E GEOINFORMAÇÕES DE MG,3 1 91 13 21,OBRIGAÇÃO PATRONAL - PESSOAL ATIVO - ASSISTÊNCIA À SAÚDE,29110,2011,IPSEMG
2061,FJP,2 06 1 04 121 096 4 255 0001,SISTEMATIZAÇÃO DAS INFORMAÇÕES ESTATÍSTICAS E GEOINFORMAÇÕES DE MG,3 1 91 13 26,OBRIGAÇÃO PATRONAL SUPLEMENTAR – PESSOAL ATIVO,1084683,4711,FFP - MG
2061,FJP,2 06 1 04 121 096 4 257 0001,TRANSFORMAÇÃO DIGITAL,3 1 91 13 5,OBRIGAÇÃO PATRONAL - PESSOAL ATIVO - PREVIDÊNCIA,127307,4711,FFP - MG
2061,FJP,2 06 1 04 121 096 4 257 0001,TRANSFORMAÇÃO DIGITAL,3 1 91 13 21,OBRIGAÇÃO PATRONAL - PESSOAL ATIVO - ASSISTÊNCIA À SAÚDE,455,2011,IPSEMG
2061,FJP,2 06 1 04 121 096 4 257 0001,TRANSFORMAÇÃO DIGITAL,3 1 91 13 26,OBRIGAÇÃO PATRONAL SUPLEMENTAR – PESSOAL ATIVO,97042,4711,FFP - MG
2061,FJP,2 06 1 04 122 705 2 500 0001,ASSESSORAMENTO E GERENCIAMENTO DE POLÍTICAS PÚBLICAS,3 1 91 13 5,OBRIGAÇÃO PATRONAL - PESSOAL ATIVO - PREVIDÊNCIA,1437530,4711,FFP - MG
2061,FJP,2 06 1 04 122 705 2 500 0001,ASSESSORAMENTO E GERENCIAMENTO DE POLÍTICAS PÚBLICAS,3 1 91 13 21,OBRIGAÇÃO PATRONAL - PESSOAL ATIVO - ASSISTÊNCIA À SAÚDE,50443,2011,IPSEMG
2061,FJP,2 06 1 04 122 705 2 500 0001,ASSESSORAMENTO E GERENCIAMENTO DE POLÍTICAS PÚBLICAS,3 1 91 13 26,OBRIGAÇÃO PATRONAL SUPLEMENTAR – PESSOAL ATIVO,1149864,4711,FFP - MG
2061,FJP,2 06 1 12 364 091 4 240 0001,CAPACITAÇÃO DE PESSOAS,3 1 91 13 5,OBRIGAÇÃO PATRONAL - PESSOAL ATIVO - PREVIDÊNCIA,549561,4711,FFP - MG
2061,FJP,2 06 1 12 364 091 4 240 0001,CAPACITAÇÃO DE PESSOAS,3 1 91 13 21,OBRIGAÇÃO PATRONAL - PESSOAL ATIVO - ASSISTÊNCIA À SAÚDE,5678,2011,IPSEMG
2061,FJP,2 06 1 12 364 091 4 240 0001,CAPACITAÇÃO DE PESSOAS,3 1 91 13 26,OBRIGAÇÃO PATRONAL SUPLEMENTAR – PESSOAL ATIVO,272650,4711,FFP - MG
2061,FJP,2 06 1 12 364 091 4 241 0001,DESENVOLVIMENTO DE PESSOAS NO SETOR PÚBLICO,3 1 91 13 5,OBRIGAÇÃO PATRONAL - PESSOAL ATIVO - PREVIDÊNCIA,403793,4711,FFP - MG
2061,FJP,2 06 1 12 364 091 4 241 0001,DESENVOLVIMENTO DE PESSOAS NO SETOR PÚBLICO,3 1 91 13 21,OBRIGAÇÃO PATRONAL - PESSOAL ATIVO - ASSISTÊNCIA À SAÚDE,1482,2011,IPSEMG
2061,FJP,2 06 1 12 364 091 4 241 0001,DESENVOLVIMENTO DE PESSOAS NO SETOR PÚBLICO,3 1 91 13 26,OBRIGAÇÃO PATRONAL SUPLEMENTAR – PESSOAL ATIVO,301066,4711,FFP - MG
2061,FJP,2 06 1 12 364 091 4 243 0001,FORMAÇÃO DE PESSOAS NO NÍVEL DE GRADUAÇÃO,3 1 91 13 5,OBRIGAÇÃO PATRONAL - PESSOAL ATIVO - PREVIDÊNCIA,110628,4711,FFP - MG
2061,FJP,2 06 1 12 364 091 4 243 0001,FORMAÇÃO DE PESSOAS NO NÍVEL DE GRADUAÇÃO,3 1 91 13 26,OBRIGAÇÃO PATRONAL SUPLEMENTAR – PESSOAL ATIVO,156358,4711,FFP - MG
2061,FJP,2 06 1 12 364 091 4 244 0001,FORMAÇÃO DE PESSOAS NO NÍVEL DE PÓS-GRADUAÇÃO (LATO SENSU),3 1 91 13 5,OBRIGAÇÃO PATRONAL - PESSOAL ATIVO - PREVIDÊNCIA,255626,4711,FFP - MG
2061,FJP,2 06 1 12 364 091 4 244 0001,FORMAÇÃO DE PESSOAS NO NÍVEL DE PÓS-GRADUAÇÃO (LATO SENSU),3 1 91 13 26,OBRIGAÇÃO PATRONAL SUPLEMENTAR – PESSOAL ATIVO,187188,4711,FFP - MG
2061,FJP,2 06 1 12 364 091 4 245 0001,FORMAÇÃO DE PESSOAS NO NÍVEL DE PÓS-GRADUAÇÃO (STRICTO SENSU),3 1 91 13 5,OBRIGAÇÃO PATRONAL - PESSOAL ATIVO - PREVIDÊNCIA,405592,4711,FFP - MG
2061,FJP,2 06 1 12 364 091 4 245 0001,FORMAÇÃO DE PESSOAS NO NÍVEL DE PÓS-GRADUAÇÃO (STRICTO SENSU),3 1 91 13 21,OBRIGAÇÃO PATRONAL - PESSOAL ATIVO - ASSISTÊNCIA À SAÚDE,1789,2011,IPSEMG
2061,FJP,2 06 1 12 364 091 4 245 0001,FORMAÇÃO DE PESSOAS NO NÍVEL DE PÓS-GRADUAÇÃO (STRICTO SENSU),3 1 91 13 26,OBRIGAÇÃO PATRONAL SUPLEMENTAR – PESSOAL ATIVO,306252,4711,FFP - MG
2061,FJP,2 06 1 12 364 091 4 246 0001,PARTICIPAÇÃO EM EXTENSÃO ACADÊMICA,3 1 91 13 5,OBRIGAÇÃO PATRONAL - PESSOAL ATIVO - PREVIDÊNCIA,365472,4711,FFP - MG
2061,FJP,2 06 1 12 364 091 4 246 0001,PARTICIPAÇÃO EM EXTENSÃO ACADÊMICA,3 1 91 13 21,OBRIGAÇÃO PATRONAL - PESSOAL ATIVO - ASSISTÊNCIA À SAÚDE,7090,2011,IPSEMG
2061,FJP,2 06 1 12 364 091 4 246 0001,PARTICIPAÇÃO EM EXTENSÃO ACADÊMICA,3 1 91 13 26,OBRIGAÇÃO PATRONAL SUPLEMENTAR – PESSOAL ATIVO,280681,4711,FFP - MG
2061,FJP,2 06 1 12 364 091 4 247 0001,PROMOÇÃO DA INOVAÇÃO NO SETOR PÚBLICO,3 1 91 13 5,OBRIGAÇÃO PATRONAL - PESSOAL ATIVO - PREVIDÊNCIA,44896,4711,FFP - MG
2061,FJP,2 06 1 12 364 091 4 247 0001,PROMOÇÃO DA INOVAÇÃO NO SETOR PÚBLICO,3 1 91 13 26,OBRIGAÇÃO PATRONAL SUPLEMENTAR – PESSOAL ATIVO,42549,4711,FFP - MG
2061,FJP,2 06 1 13 573 093 4 248 0001,MANUTENÇÃO DA BIBLIOTECA DIGITAL DE MINAS GERAIS RAYMUNDO NONATO DE CASTRO,3 1 91 13 5,OBRIGAÇÃO PATRONAL - PESSOAL ATIVO - PREVIDÊNCIA,108937,4711,FFP - MG
2061,FJP,2 06 1 13 573 093 4 248 0001,MANUTENÇÃO DA BIBLIOTECA DIGITAL DE MINAS GERAIS RAYMUNDO NONATO DE CASTRO,3 1 91 13 21,OBRIGAÇÃO PATRONAL - PESSOAL ATIVO - ASSISTÊNCIA À SAÚDE,9536,2011,IPSEMG
2061,FJP,2 06 1 13 573 093 4 248 0001,MANUTENÇÃO DA BIBLIOTECA DIGITAL DE MINAS GERAIS RAYMUNDO NONATO DE CASTRO,3 1 91 13 26,OBRIGAÇÃO PATRONAL SUPLEMENTAR – PESSOAL ATIVO,91347,4711,FFP - MG
2071,FAPEMIG,2 07 1 19 122 705 2 500 0001,ASSESSORAMENTO E GERENCIAMENTO DE POLÍTICAS PÚBLICAS,3 1 91 13 5,OBRIGAÇÃO PATRONAL - PESSOAL ATIVO - PREVIDÊNCIA,737310,4711,FFP - MG
2071,FAPEMIG,2 07 1 19 122 705 2 500 0001,ASSESSORAMENTO E GERENCIAMENTO DE POLÍTICAS PÚBLICAS,3 1 91 13 21,OBRIGAÇÃO PATRONAL - PESSOAL ATIVO - ASSISTÊNCIA À SAÚDE,20848,2011,IPSEMG
2071,FAPEMIG,2 07 1 19 571 022 4 048 0001,"FORMAÇÃO, CAPACITAÇÃO, ATRAÇÃO E FIXAÇÃO DE PESSOAS PARA ATUAÇÃO EM CIÊNCIA, TECNOLOGIA E INOVAÇÃO",3 1 91 13 5,OBRIGAÇÃO PATRONAL - PESSOAL ATIVO - PREVIDÊNCIA,557008,4711,FFP - MG
2071,FAPEMIG,2 07 1 19 571 022 4 048 0001,"FORMAÇÃO, CAPACITAÇÃO, ATRAÇÃO E FIXAÇÃO DE PESSOAS PARA ATUAÇÃO EM CIÊNCIA, TECNOLOGIA E INOVAÇÃO",3 1 91 13 21,OBRIGAÇÃO PATRONAL - PESSOAL ATIVO - ASSISTÊNCIA À SAÚDE,6499,2011,IPSEMG
2071,FAPEMIG,2 07 1 19 571 022 4 387 0001,FOMENTO À INOVAÇÃO DE BASE CIENTÍFICA OU TECNOLÓGICA,3 1 91 13 5,OBRIGAÇÃO PATRONAL - PESSOAL ATIVO - PREVIDÊNCIA,296891,4711,FFP - MG
2071,FAPEMIG,2 07 1 19 571 022 4 387 0001,FOMENTO À INOVAÇÃO DE BASE CIENTÍFICA OU TECNOLÓGICA,3 1 91 13 21,OBRIGAÇÃO PATRONAL - PESSOAL ATIVO - ASSISTÊNCIA À SAÚDE,5939,2011,IPSEMG
2071,FAPEMIG,2 07 1 19 571 022 4 513 0001,FOMENTO À PESQUISA CIENTÍFICA BÁSICA E APLICADA E AO DESENVOLVIMENTO TECNOLÓGICO,3 1 91 13 5,OBRIGAÇÃO PATRONAL - PESSOAL ATIVO - PREVIDÊNCIA,603287,4711,FFP - MG
2071,FAPEMIG,2 07 1 19 571 022 4 513 0001,FOMENTO À PESQUISA CIENTÍFICA BÁSICA E APLICADA E AO DESENVOLVIMENTO TECNOLÓGICO,3 1 91 13 21,OBRIGAÇÃO PATRONAL - PESSOAL ATIVO - ASSISTÊNCIA À SAÚDE,4594,2011,IPSEMG
2071,FAPEMIG,2 07 1 19 572 022 4 389 0001,"FOMENTO A ESTRUTURAS PARA PESQUISA, DESENVOLVIMENTO E INOVAÇÃO",3 1 91 13 5,OBRIGAÇÃO PATRONAL - PESSOAL ATIVO - PREVIDÊNCIA,101281,4711,FFP - MG
2071,FAPEMIG,2 07 1 19 572 022 4 389 0001,"FOMENTO A ESTRUTURAS PARA PESQUISA, DESENVOLVIMENTO E INOVAÇÃO",3 1 91 13 21,OBRIGAÇÃO PATRONAL - PESSOAL ATIVO - ASSISTÊNCIA À SAÚDE,2206,2011,IPSEMG
2071,FAPEMIG,2 07 1 19 573 022 4 362 0001,COMUNICAÇÃO CIENTÍFICA,3 1 91 13 5,OBRIGAÇÃO PATRONAL - PESSOAL ATIVO - PREVIDÊNCIA,107323,4711,FFP - MG
2071,FAPEMIG,2 07 1 19 573 022 4 362 0001,COMUNICAÇÃO CIENTÍFICA,3 1 91 13 21,OBRIGAÇÃO PATRONAL - PESSOAL ATIVO - ASSISTÊNCIA À SAÚDE,1562,2011,IPSEMG
2091,FEAM,2 09 1 04 122 705 2 500 0001,ASSESSORAMENTO E GERENCIAMENTO DE POLÍTICAS PÚBLICAS,3 1 91 13 5,OBRIGAÇÃO PATRONAL - PESSOAL ATIVO - PREVIDÊNCIA,6017737,4711,FFP - MG
2091,FEAM,2 09 1 04 122 705 2 500 0001,ASSESSORAMENTO E GERENCIAMENTO DE POLÍTICAS PÚBLICAS,3 1 91 13 21,OBRIGAÇÃO PATRONAL - PESSOAL ATIVO - ASSISTÊNCIA À SAÚDE,79224,2011,IPSEMG
2091,FEAM,2 09 1 18 541 040 4 069 0001,GESTÃO DE BARRAGENS,3 1 91 13 5,OBRIGAÇÃO PATRONAL - PESSOAL ATIVO - PREVIDÊNCIA,595922,4711,FFP - MG
2091,FEAM,2 09 1 18 541 040 4 069 0001,GESTÃO DE BARRAGENS,3 1 91 13 21,OBRIGAÇÃO PATRONAL - PESSOAL ATIVO - ASSISTÊNCIA À SAÚDE,9690,2011,IPSEMG
2091,FEAM,2 09 1 18 542 041 4 071 0001,LICENCIAMENTO AMBIENTAL,3 1 91 13 5,OBRIGAÇÃO PATRONAL - PESSOAL ATIVO - PREVIDÊNCIA,818404,4711,FFP - MG
2091,FEAM,2 09 1 18 542 041 4 071 0001,LICENCIAMENTO AMBIENTAL,3 1 91 13 21,OBRIGAÇÃO PATRONAL - PESSOAL ATIVO - ASSISTÊNCIA À SAÚDE,7400,2011,IPSEMG
2091,FEAM,2 09 1 18 542 041 4 072 0001,APOIO AO LICENCIAMENTO AMBIENTAL MUNICIPAL,3 1 91 13 5,OBRIGAÇÃO PATRONAL - PESSOAL ATIVO - PREVIDÊNCIA,130400,4711,FFP - MG
2091,FEAM,2 09 1 18 543 040 4 070 0001,GESTÃO E RECUPERAÇÃO DE ÁREAS DEGRADADAS E CONTAMINADAS,3 1 91 4 3,OBRIGAÇÃO PATRONAL – CONTRATOS POR TEMPO DETERMINADO - INSS,2781,4711,FFP - MG
2091,FEAM,2 09 1 18 543 040 4 070 0001,GESTÃO E RECUPERAÇÃO DE ÁREAS DEGRADADAS E CONTAMINADAS,3 1 91 13 5,OBRIGAÇÃO PATRONAL - PESSOAL ATIVO - PREVIDÊNCIA,501526,4711,FFP - MG
2091,FEAM,2 09 1 18 543 040 4 070 0001,GESTÃO E RECUPERAÇÃO DE ÁREAS DEGRADADAS E CONTAMINADAS,3 1 91 13 21,OBRIGAÇÃO PATRONAL - PESSOAL ATIVO - ASSISTÊNCIA À SAÚDE,10235,2011,IPSEMG
2101,IEF,2 10 1 04 122 705 2 500 0001,ASSESSORAMENTO E GERENCIAMENTO DE POLÍTICAS PÚBLICAS,3 1 91 13 5,OBRIGAÇÃO PATRONAL - PESSOAL ATIVO - PREVIDÊNCIA,22267106,4711,FFP - MG
2101,IEF,2 10 1 04 122 705 2 500 0001,ASSESSORAMENTO E GERENCIAMENTO DE POLÍTICAS PÚBLICAS,3 1 91 13 26,OBRIGAÇÃO PATRONAL SUPLEMENTAR – PESSOAL ATIVO,570958,2011,IPSEMG
2101,IEF,2 10 1 18 541 031 4 054 0001,PREVENÇÃO E COMBATE A INCÊNDIOS FLORESTAIS,3 1 91 4 4,OBRIGAÇÃO PATRONAL – CONTRATOS POR TEMPO DETERMINADO – ASSISTÊNCIA À SAÚDE,600,2011,IPSEMG
2101,IEF,2 10 1 18 541 031 4 058 0001,PROTEÇÃO E CONSERVAÇÃO DA FAUNA SILVESTRE,3 1 91 4 4,OBRIGAÇÃO PATRONAL – CONTRATOS POR TEMPO DETERMINADO – ASSISTÊNCIA À SAÚDE,1631,2011,IPSEMG
2101,IEF,2 10 1 18 541 031 4 058 0001,PROTEÇÃO E CONSERVAÇÃO DA FAUNA SILVESTRE,3 1 91 13 5,OBRIGAÇÃO PATRONAL - PESSOAL ATIVO - PREVIDÊNCIA,931179,4711,FFP - MG
2101,IEF,2 10 1 18 541 031 4 058 0001,PROTEÇÃO E CONSERVAÇÃO DA FAUNA SILVESTRE,3 1 91 13 26,OBRIGAÇÃO PATRONAL SUPLEMENTAR – PESSOAL ATIVO,1171,2011,IPSEMG
2101,IEF,2 10 1 18 541 031 4 059 0001,GESTÃO DE UNIDADES E CONSERVAÇÃO,3 1 91 4 4,OBRIGAÇÃO PATRONAL – CONTRATOS POR TEMPO DETERMINADO – ASSISTÊNCIA À SAÚDE,1631,2011,IPSEMG
2101,IEF,2 10 1 18 541 031 4 059 0001,GESTÃO DE UNIDADES E CONSERVAÇÃO,3 1 91 13 5,OBRIGAÇÃO PATRONAL - PESSOAL ATIVO - PREVIDÊNCIA,4185723,4711,FFP - MG
2101,IEF,2 10 1 18 541 031 4 059 0001,GESTÃO DE UNIDADES E CONSERVAÇÃO,3 1 91 13 26,OBRIGAÇÃO PATRONAL SUPLEMENTAR – PESSOAL ATIVO,133308,2011,IPSEMG
2101,IEF,2 10 1 18 542 031 4 055 0001,CONTROLE E MONITORAMENTO DE ATIVIDADES FLORESTAIS,3 1 91 13 5,OBRIGAÇÃO PATRONAL - PESSOAL ATIVO - PREVIDÊNCIA,2912452,4711,FFP - MG
2101,IEF,2 10 1 18 542 031 4 055 0001,CONTROLE E MONITORAMENTO DE ATIVIDADES FLORESTAIS,3 1 91 13 26,OBRIGAÇÃO PATRONAL SUPLEMENTAR – PESSOAL ATIVO,53385,2011,IPSEMG
2101,IEF,2 10 1 18 543 031 4 056 0001,RECUPERAÇÃO AMBIENTAL,3 1 91 4 4,OBRIGAÇÃO PATRONAL – CONTRATOS POR TEMPO DETERMINADO – ASSISTÊNCIA À SAÚDE,1631,2011,IPSEMG
2101,IEF,2 10 1 18 543 031 4 056 0001,RECUPERAÇÃO AMBIENTAL,3 1 91 13 5,OBRIGAÇÃO PATRONAL - PESSOAL ATIVO - PREVIDÊNCIA,3348648,4711,FFP - MG
2101,IEF,2 10 1 18 543 031 4 056 0001,RECUPERAÇÃO AMBIENTAL,3 1 91 13 26,OBRIGAÇÃO PATRONAL SUPLEMENTAR – PESSOAL ATIVO,98380,2011,IPSEMG
2121,IPSM,2 12 1 09 122 705 2 018 0001,APOIO AO SISTEMA DE PROTEÇÃO SOCIAL DOS MILITARES DE MINAS GERAIS,3 1 91 13 5,OBRIGAÇÃO PATRONAL - PESSOAL ATIVO - PREVIDÊNCIA,11494,2011,IPSEMG
2121,IPSM,2 12 1 09 122 705 2 018 0001,APOIO AO SISTEMA DE PROTEÇÃO SOCIAL DOS MILITARES DE MINAS GERAIS,3 1 91 13 5,OBRIGAÇÃO PATRONAL - PESSOAL ATIVO - PREVIDÊNCIA,430582,4711,FFP - MG
2121,IPSM,2 12 1 09 272 008 4 010 0001,AUXÍLIOS PREVIDENCIÁRIOS E ASSISTENCIAIS CONCEDIDOS AOS SEGURADOS E AOS SEUS DEPENDENTES,3 1 91 13 5,OBRIGAÇÃO PATRONAL - PESSOAL ATIVO - PREVIDÊNCIA,5344,2011,IPSEMG
2121,IPSM,2 12 1 09 272 008 4 010 0001,AUXÍLIOS PREVIDENCIÁRIOS E ASSISTENCIAIS CONCEDIDOS AOS SEGURADOS E AOS SEUS DEPENDENTES,3 1 91 13 5,OBRIGAÇÃO PATRONAL - PESSOAL ATIVO - PREVIDÊNCIA,88412,4711,FFP - MG
2121,IPSM,2 12 1 09 272 008 4 011 0001,AUXÍLIO RECLUSÃO CONCEDIDO AOS DEPENDENTES DO SEGURADO,3 1 91 13 5,OBRIGAÇÃO PATRONAL - PESSOAL ATIVO - PREVIDÊNCIA,3800,2011,IPSEMG
2121,IPSM,2 12 1 09 272 008 4 011 0001,AUXÍLIO RECLUSÃO CONCEDIDO AOS DEPENDENTES DO SEGURADO,3 1 91 13 5,OBRIGAÇÃO PATRONAL - PESSOAL ATIVO - PREVIDÊNCIA,86674,4711,FFP - MG
2121,IPSM,2 12 1 10 122 705 2 017 0001,APOIO A POLÍTICA DE SAÚDE PARA OS MILITARES,3 1 91 13 5,OBRIGAÇÃO PATRONAL - PESSOAL ATIVO - PREVIDÊNCIA,20421,2011,IPSEMG
2121,IPSM,2 12 1 10 122 705 2 017 0001,APOIO A POLÍTICA DE SAÚDE PARA OS MILITARES,3 1 91 13 5,OBRIGAÇÃO PATRONAL - PESSOAL ATIVO - PREVIDÊNCIA,563050,4711,FFP - MG
2121,IPSM,2 12 1 10 302 006 4 008 0001,ASSISTÊNCIA À SAÚDE DOS SEGURADOS E DE SEUS DEPENDENTES,3 1 91 13 5,OBRIGAÇÃO PATRONAL - PESSOAL ATIVO - PREVIDÊNCIA,33167,2011,IPSEMG
2121,IPSM,2 12 1 10 302 006 4 008 0001,ASSISTÊNCIA À SAÚDE DOS SEGURADOS E DE SEUS DEPENDENTES,3 1 91 13 5,OBRIGAÇÃO PATRONAL - PESSOAL ATIVO - PREVIDÊNCIA,971895,4711,FFP - MG
2121,IPSM,2 12 1 10 302 006 4 009 0001,ASSITÊNCIA ODONTOLÓGICA AOS SEGURADOS MILITARES E A SEUS DEPENDENTES,3 1 91 13 5,OBRIGAÇÃO PATRONAL - PESSOAL ATIVO - PREVIDÊNCIA,591,2011,IPSEMG
2121,IPSM,2 12 1 10 302 006 4 009 0001,ASSITÊNCIA ODONTOLÓGICA AOS SEGURADOS MILITARES E A SEUS DEPENDENTES,3 1 91 13 5,OBRIGAÇÃO PATRONAL - PESSOAL ATIVO - PREVIDÊNCIA,83769,4711,FFP - MG
2151,FHA,2 15 1 12 122 705 2 500 0001,ASSESSORAMENTO E GERENCIAMENTO DE POLÍTICAS PÚBLICAS,3 1 91 13 5,OBRIGAÇÃO PATRONAL - PESSOAL ATIVO - PREVIDÊNCIA,1637101,4711,FFP - MG
2151,FHA,2 15 1 12 122 705 2 500 0001,ASSESSORAMENTO E GERENCIAMENTO DE POLÍTICAS PÚBLICAS,3 1 91 13 21,OBRIGAÇÃO PATRONAL - PESSOAL ATIVO - ASSISTÊNCIA À SAÚDE,288900,2011,IPSEMG
2151,FHA,2 15 1 12 244 051 4 093 0001,ATENDIMENTO NA CLÍNICA DE PSICOLOGIA ÉDOUARD CLAPARÉDE,3 1 91 13 5,OBRIGAÇÃO PATRONAL - PESSOAL ATIVO - PREVIDÊNCIA,164603,4711,FFP - MG
2151,FHA,2 15 1 12 244 051 4 093 0001,ATENDIMENTO NA CLÍNICA DE PSICOLOGIA ÉDOUARD CLAPARÉDE,3 1 91 13 21,OBRIGAÇÃO PATRONAL - PESSOAL ATIVO - ASSISTÊNCIA À SAÚDE,29047,2011,IPSEMG
2151,FHA,2 15 1 12 361 042 4 078 0001,ATENDIMENTO NO ENSINO FUNDAMENTAL,3 1 91 13 5,OBRIGAÇÃO PATRONAL - PESSOAL ATIVO - PREVIDÊNCIA,1782873,4711,FFP - MG
2151,FHA,2 15 1 12 361 042 4 078 0001,ATENDIMENTO NO ENSINO FUNDAMENTAL,3 1 91 13 21,OBRIGAÇÃO PATRONAL - PESSOAL ATIVO - ASSISTÊNCIA À SAÚDE,314624,2011,IPSEMG
2151,FHA,2 15 1 12 362 042 4 080 0001,ATENDIMENTO NO ENSINO MÉDIO,3 1 91 13 5,OBRIGAÇÃO PATRONAL - PESSOAL ATIVO - PREVIDÊNCIA,1095548,4711,FFP - MG
2151,FHA,2 15 1 12 362 042 4 080 0001,ATENDIMENTO NO ENSINO MÉDIO,3 1 91 13 21,OBRIGAÇÃO PATRONAL - PESSOAL ATIVO - ASSISTÊNCIA À SAÚDE,193332,2011,IPSEMG
2151,FHA,2 15 1 12 368 051 2 015 0001,CERTIFICAÇÕES PELO NÚCLEO DE FORMAÇÃO PRESENCIAL E À DISTÂNCIA,3 1 91 13 5,OBRIGAÇÃO PATRONAL - PESSOAL ATIVO - PREVIDÊNCIA,114923,4711,FFP - MG
2151,FHA,2 15 1 12 368 051 2 015 0001,CERTIFICAÇÕES PELO NÚCLEO DE FORMAÇÃO PRESENCIAL E À DISTÂNCIA,3 1 91 13 21,OBRIGAÇÃO PATRONAL - PESSOAL ATIVO - ASSISTÊNCIA À SAÚDE,20280,2011,IPSEMG
2151,FHA,2 15 1 12 368 076 4 198 0001,ATENDIMENTO NO ENSINO TECNICO PROFISSIONALIZANTE,3 1 91 13 5,OBRIGAÇÃO PATRONAL - PESSOAL ATIVO - PREVIDÊNCIA,561435,4711,FFP - MG
2151,FHA,2 15 1 12 368 076 4 198 0001,ATENDIMENTO NO ENSINO TECNICO PROFISSIONALIZANTE,3 1 91 13 21,OBRIGAÇÃO PATRONAL - PESSOAL ATIVO - ASSISTÊNCIA À SAÚDE,99076,2011,IPSEMG
2151,FHA,2 15 1 12 368 076 4 199 0001,ENSINO MÉDIO EM TEMPO INTEGRAL - EMTI,3 1 91 13 5,OBRIGAÇÃO PATRONAL - PESSOAL ATIVO - PREVIDÊNCIA,631560,4711,FFP - MG
2151,FHA,2 15 1 12 368 076 4 199 0001,ENSINO MÉDIO EM TEMPO INTEGRAL - EMTI,3 1 91 13 21,OBRIGAÇÃO PATRONAL - PESSOAL ATIVO - ASSISTÊNCIA À SAÚDE,111451,2011,IPSEMG
2151,FHA,2 15 1 12 368 089 4 233 0001,MUSEU HELENA ANTIPOFF,3 1 91 13 5,OBRIGAÇÃO PATRONAL - PESSOAL ATIVO - PREVIDÊNCIA,36158,4711,FFP - MG
2151,FHA,2 15 1 12 368 089 4 233 0001,MUSEU HELENA ANTIPOFF,3 1 91 13 21,OBRIGAÇÃO PATRONAL - PESSOAL ATIVO - ASSISTÊNCIA À SAÚDE,6380,2011,IPSEMG
2151,FHA,2 15 1 12 368 089 4 234 0001,FORMAÇÃO NA PERSPECTIVA ANTIPOFFIANA,3 1 91 13 5,OBRIGAÇÃO PATRONAL - PESSOAL ATIVO - PREVIDÊNCIA,14004,4711,FFP - MG
2151,FHA,2 15 1 12 368 089 4 234 0001,FORMAÇÃO NA PERSPECTIVA ANTIPOFFIANA,3 1 91 13 21,OBRIGAÇÃO PATRONAL - PESSOAL ATIVO - ASSISTÊNCIA À SAÚDE,2471,2011,IPSEMG
2161,FUCAM,2 16 1 04 122 705 2 500 0001,ASSESSORAMENTO E GERENCIAMENTO DE POLÍTICAS PÚBLICAS,3 1 91 13 5,OBRIGAÇÃO PATRONAL - PESSOAL ATIVO - PREVIDÊNCIA,932574,4711,FFP - MG
2161,FUCAM,2 16 1 04 122 705 2 500 0001,ASSESSORAMENTO E GERENCIAMENTO DE POLÍTICAS PÚBLICAS,3 1 91 13 21,OBRIGAÇÃO PATRONAL - PESSOAL ATIVO - ASSISTÊNCIA À SAÚDE,32961,4711,FFP - MG
2161,FUCAM,2 16 1 11 334 104 4 285 0001,INCLUSÃO SOCIOPRODUTIVA EM TERRITÓRIOS DE ALTA VULNERABILIDADE SOCIAL,3 1 91 13 5,OBRIGAÇÃO PATRONAL - PESSOAL ATIVO - PREVIDÊNCIA,56838,4711,FFP - MG
2161,FUCAM,2 16 1 11 334 104 4 285 0001,INCLUSÃO SOCIOPRODUTIVA EM TERRITÓRIOS DE ALTA VULNERABILIDADE SOCIAL,3 1 91 13 21,OBRIGAÇÃO PATRONAL - PESSOAL ATIVO - ASSISTÊNCIA À SAÚDE,5635,4711,FFP - MG
2161,FUCAM,2 16 1 12 363 104 4 283 0001,EDUCAÇÃO PARA A CIDADANIA E PARA O MUNDO DO TRABALHO EM TERRITÓRIOS DE ALTA VULNERABILIDADE SOCIAL,3 1 91 13 5,OBRIGAÇÃO PATRONAL - PESSOAL ATIVO - PREVIDÊNCIA,389145,4711,FFP - MG
2161,FUCAM,2 16 1 12 363 104 4 283 0001,EDUCAÇÃO PARA A CIDADANIA E PARA O MUNDO DO TRABALHO EM TERRITÓRIOS DE ALTA VULNERABILIDADE SOCIAL,3 1 91 13 21,OBRIGAÇÃO PATRONAL - PESSOAL ATIVO - ASSISTÊNCIA À SAÚDE,44222,4711,FFP - MG
2171,FAOP,2 17 1 04 122 705 2 500 0001,ASSESSORAMENTO E GERENCIAMENTO DE POLÍTICAS PÚBLICAS,3 1 91 13 5,OBRIGAÇÃO PATRONAL - PESSOAL ATIVO - PREVIDÊNCIA,69366,4711,FFP - MG
2171,FAOP,2 17 1 04 122 705 2 500 0001,ASSESSORAMENTO E GERENCIAMENTO DE POLÍTICAS PÚBLICAS,3 1 91 13 21,OBRIGAÇÃO PATRONAL - PESSOAL ATIVO - ASSISTÊNCIA À SAÚDE,6610,4711,FFP - MG
2171,FAOP,2 17 1 13 392 102 1 058 0001,"QUALIFICAÇÃO PROFISSIONAL E CURSOS COMPLEMENTARES, LIVRES, DE FORMAÇÃO INICIAL E CONTINUADA",3 1 91 13 5,OBRIGAÇÃO PATRONAL - PESSOAL ATIVO - PREVIDÊNCIA,67073,4711,FFP - MG
2171,FAOP,2 17 1 13 392 102 1 058 0001,"QUALIFICAÇÃO PROFISSIONAL E CURSOS COMPLEMENTARES, LIVRES, DE FORMAÇÃO INICIAL E CONTINUADA",3 1 91 13 21,OBRIGAÇÃO PATRONAL - PESSOAL ATIVO - ASSISTÊNCIA À SAÚDE,1509,4711,FFP - MG
2171,FAOP,2 17 1 13 392 105 1 062 0001,FORMAÇÃO CULTURAL,3 1 91 13 5,OBRIGAÇÃO PATRONAL - PESSOAL ATIVO - PREVIDÊNCIA,266449,4711,FFP - MG
2171,FAOP,2 17 1 13 392 105 1 062 0001,FORMAÇÃO CULTURAL,3 1 91 13 21,OBRIGAÇÃO PATRONAL - PESSOAL ATIVO - ASSISTÊNCIA À SAÚDE,9951,4711,FFP - MG
2181,FCS,2 18 1 04 122 705 2 500 0001,ASSESSORAMENTO E GERENCIAMENTO DE POLÍTICAS PÚBLICAS,3 1 91 13 5,OBRIGAÇÃO PATRONAL - PESSOAL ATIVO - PREVIDÊNCIA,789634,4711,FFP - MG
2181,FCS,2 18 1 04 122 705 2 500 0001,ASSESSORAMENTO E GERENCIAMENTO DE POLÍTICAS PÚBLICAS,3 1 91 13 21,OBRIGAÇÃO PATRONAL - PESSOAL ATIVO - ASSISTÊNCIA À SAÚDE,33083,2011,IPSEMG
2181,FCS,2 18 1 12 363 105 4 425 0001,ATIVIDADES DE ENSINO E DE EXTENSÃO DO CENTRO DE FORMAÇÃO ARTÍSTICA E TECNOLÓGICA - CEFART,3 1 91 13 5,OBRIGAÇÃO PATRONAL - PESSOAL ATIVO - PREVIDÊNCIA,427746,4711,FFP - MG
2181,FCS,2 18 1 12 363 105 4 425 0001,ATIVIDADES DE ENSINO E DE EXTENSÃO DO CENTRO DE FORMAÇÃO ARTÍSTICA E TECNOLÓGICA - CEFART,3 1 91 13 21,OBRIGAÇÃO PATRONAL - PESSOAL ATIVO - ASSISTÊNCIA À SAÚDE,17823,2011,IPSEMG
2181,FCS,2 18 1 13 392 103 4 417 0001,FOMENTO DOS ESPAÇOS CULTURAIS,3 1 91 13 5,OBRIGAÇÃO PATRONAL - PESSOAL ATIVO - PREVIDÊNCIA,225219,4711,FFP - MG
2181,FCS,2 18 1 13 392 103 4 417 0001,FOMENTO DOS ESPAÇOS CULTURAIS,3 1 91 13 21,OBRIGAÇÃO PATRONAL - PESSOAL ATIVO - ASSISTÊNCIA À SAÚDE,9384,2011,IPSEMG
2181,FCS,2 18 1 13 392 103 4 421 0001,PRODUÇÃO DE ESPETÁCULOS DOS CORPOS ARTÍSTICOS,3 1 91 13 5,OBRIGAÇÃO PATRONAL - PESSOAL ATIVO - PREVIDÊNCIA,3391028,4711,FFP - MG
2181,FCS,2 18 1 13 392 103 4 421 0001,PRODUÇÃO DE ESPETÁCULOS DOS CORPOS ARTÍSTICOS,3 1 91 13 21,OBRIGAÇÃO PATRONAL - PESSOAL ATIVO - ASSISTÊNCIA À SAÚDE,141293,2011,IPSEMG
2181,FCS,2 18 1 13 392 103 4 423 0001,FOMENTO A ATIVIDADES ARTÍSTICAS E CULTURAIS DO PALÁCIO DA LIBERDADE,3 1 91 13 5,OBRIGAÇÃO PATRONAL - PESSOAL ATIVO - PREVIDÊNCIA,33631,4711,FFP - MG
2181,FCS,2 18 1 13 392 103 4 423 0001,FOMENTO A ATIVIDADES ARTÍSTICAS E CULTURAIS DO PALÁCIO DA LIBERDADE,3 1 91 13 21,OBRIGAÇÃO PATRONAL - PESSOAL ATIVO - ASSISTÊNCIA À SAÚDE,1220,2011,IPSEMG
2201,IEPHA,2 20 1 04 122 705 2 500 0001,ASSESSORAMENTO E GERENCIAMENTO DE POLÍTICAS PÚBLICAS,3 1 91 4 4,OBRIGAÇÃO PATRONAL – CONTRATOS POR TEMPO DETERMINADO – ASSISTÊNCIA À SAÚDE,1138,2011,IPSEMG
2201,IEPHA,2 20 1 04 122 705 2 500 0001,ASSESSORAMENTO E GERENCIAMENTO DE POLÍTICAS PÚBLICAS,3 1 91 13 5,OBRIGAÇÃO PATRONAL - PESSOAL ATIVO - PREVIDÊNCIA,817654,4711,FFP - MG
2201,IEPHA,2 20 1 04 122 705 2 500 0001,ASSESSORAMENTO E GERENCIAMENTO DE POLÍTICAS PÚBLICAS,3 1 91 13 21,OBRIGAÇÃO PATRONAL - PESSOAL ATIVO - ASSISTÊNCIA À SAÚDE,30535,2011,IPSEMG
2201,IEPHA,2 20 1 13 391 102 4 269 0001,INCENTIVO À IMPLANTAÇÃO DE POLÍTICAS MUNICIPAIS DE PROTEÇÃO AO PATRIMÔNIO CULTURAL,3 1 91 13 5,OBRIGAÇÃO PATRONAL - PESSOAL ATIVO - PREVIDÊNCIA,272661,4711,FFP - MG
2201,IEPHA,2 20 1 13 391 102 4 269 0001,INCENTIVO À IMPLANTAÇÃO DE POLÍTICAS MUNICIPAIS DE PROTEÇÃO AO PATRIMÔNIO CULTURAL,3 1 91 13 21,OBRIGAÇÃO PATRONAL - PESSOAL ATIVO - ASSISTÊNCIA À SAÚDE,9597,2011,IPSEMG
2201,IEPHA,2 20 1 13 391 103 4 274 0001,PARCERIAS PARA PROTEÇÃO E SALVAGUARDA DO PATRIMÔNIO CULTURAL,3 1 91 13 5,OBRIGAÇÃO PATRONAL - PESSOAL ATIVO - PREVIDÊNCIA,330655,4711,FFP - MG
2201,IEPHA,2 20 1 13 391 103 4 274 0001,PARCERIAS PARA PROTEÇÃO E SALVAGUARDA DO PATRIMÔNIO CULTURAL,3 1 91 13 21,OBRIGAÇÃO PATRONAL - PESSOAL ATIVO - ASSISTÊNCIA À SAÚDE,1328,2011,IPSEMG
2201,IEPHA,2 20 1 13 391 105 4 271 0001,FORMAÇÃO E CAPACITAÇÃO PARA O PATRIMÔNIO CULTURAL,3 1 91 13 5,OBRIGAÇÃO PATRONAL - PESSOAL ATIVO - PREVIDÊNCIA,62528,4711,FFP - MG
2201,IEPHA,2 20 1 13 391 105 4 271 0001,FORMAÇÃO E CAPACITAÇÃO PARA O PATRIMÔNIO CULTURAL,3 1 91 13 21,OBRIGAÇÃO PATRONAL - PESSOAL ATIVO - ASSISTÊNCIA À SAÚDE,4490,2011,IPSEMG
2201,IEPHA,2 20 1 13 391 106 4 276 0001,SALVAGUARDA DO PATRIMÔNIO CULTURAL,3 1 91 13 5,OBRIGAÇÃO PATRONAL - PESSOAL ATIVO - PREVIDÊNCIA,47411,4711,FFP - MG
2201,IEPHA,2 20 1 13 391 106 4 276 0001,SALVAGUARDA DO PATRIMÔNIO CULTURAL,3 1 91 13 21,OBRIGAÇÃO PATRONAL - PESSOAL ATIVO - ASSISTÊNCIA À SAÚDE,1720,2011,IPSEMG
2201,IEPHA,2 20 1 13 391 106 4 278 0001,PROTEÇÃO DO PATRIMÔNIO CULTURAL,3 1 91 13 5,OBRIGAÇÃO PATRONAL - PESSOAL ATIVO - PREVIDÊNCIA,259758,4711,FFP - MG
2201,IEPHA,2 20 1 13 391 106 4 278 0001,PROTEÇÃO DO PATRIMÔNIO CULTURAL,3 1 91 13 21,OBRIGAÇÃO PATRONAL - PESSOAL ATIVO - ASSISTÊNCIA À SAÚDE,9421,2011,IPSEMG
2201,IEPHA,2 20 1 13 391 106 4 279 0001,CONSERVAÇÃO E RESTAURAÇÃO DO PATRIMÔNIO CULTURAL PROTEGIDO,3 1 91 13 5,OBRIGAÇÃO PATRONAL - PESSOAL ATIVO - PREVIDÊNCIA,285563,4711,FFP - MG
2201,IEPHA,2 20 1 13 391 106 4 279 0001,CONSERVAÇÃO E RESTAURAÇÃO DO PATRIMÔNIO CULTURAL PROTEGIDO,3 1 91 13 21,OBRIGAÇÃO PATRONAL - PESSOAL ATIVO - ASSISTÊNCIA À SAÚDE,11280,2011,IPSEMG
2201,IEPHA,2 20 1 13 391 106 4 281 0001,VISTORIAS TÉCNICAS NO PATRIMÔNIO CULTURAL,3 1 91 13 5,OBRIGAÇÃO PATRONAL - PESSOAL ATIVO - PREVIDÊNCIA,91873,4711,FFP - MG
2201,IEPHA,2 20 1 13 391 106 4 281 0001,VISTORIAS TÉCNICAS NO PATRIMÔNIO CULTURAL,3 1 91 13 21,OBRIGAÇÃO PATRONAL - PESSOAL ATIVO - ASSISTÊNCIA À SAÚDE,1779,2011,IPSEMG
2201,IEPHA,2 20 1 13 392 102 4 267 0001,AÇÕES DE DIFUSÃO E EDUCAÇÃO PARA O PATRIMÔNIO CULTURAL,3 1 91 13 5,OBRIGAÇÃO PATRONAL - PESSOAL ATIVO - PREVIDÊNCIA,86707,4711,FFP - MG
2201,IEPHA,2 20 1 13 392 102 4 267 0001,AÇÕES DE DIFUSÃO E EDUCAÇÃO PARA O PATRIMÔNIO CULTURAL,3 1 91 13 21,OBRIGAÇÃO PATRONAL - PESSOAL ATIVO - ASSISTÊNCIA À SAÚDE,4756,2011,IPSEMG
2211,TV MINAS,2 21 1 13 131 121 4 302 0001,"PRODUÇÃO E VEICULAÇÃO TELEVISIVA DE PROGRAMAÇÃO DE CARÁTER CULTURAL, INFORMATIVO, EDUCATIVO E DE ENTRETENIMENTO",3 1 91 13 4,INSS,17264,2011,IPSEMG
2211,TV MINAS,2 21 1 13 131 121 4 302 0001,"PRODUÇÃO E VEICULAÇÃO TELEVISIVA DE PROGRAMAÇÃO DE CARÁTER CULTURAL, INFORMATIVO, EDUCATIVO E DE ENTRETENIMENTO",3 1 91 13 4,INSS,609272,4711,FFP - MG
2211,TV MINAS,2 21 1 13 722 121 4 298 0001,DISPONIBILIZAÇÃO E MANUTENÇÃO DO SINAL DE RETRANSMISSÃO DE TV NO INTERIOR DO ESTADO E REGIÃO METROPOLITANA DE BH,3 1 91 13 4,INSS,1852,2011,IPSEMG
2211,TV MINAS,2 21 1 13 722 121 4 298 0001,DISPONIBILIZAÇÃO E MANUTENÇÃO DO SINAL DE RETRANSMISSÃO DE TV NO INTERIOR DO ESTADO E REGIÃO METROPOLITANA DE BH,3 1 91 13 4,INSS,16667,4711,FFP - MG
2211,TV MINAS,2 21 1 13 722 121 4 299 0001,GESTÃO E MANUTENÇÃO DOS SISTEMAS DE TRANSMISSÃO VIA SATÉLITE E OPERAÇÃO DE TV,3 1 91 13 4,INSS,16153,2011,IPSEMG
2211,TV MINAS,2 21 1 13 722 121 4 299 0001,GESTÃO E MANUTENÇÃO DOS SISTEMAS DE TRANSMISSÃO VIA SATÉLITE E OPERAÇÃO DE TV,3 1 91 13 4,INSS,128072,4711,FFP - MG
2241,IGAM,2 24 1 04 122 705 2 500 0001,ASSESSORAMENTO E GERENCIAMENTO DE POLÍTICAS PÚBLICAS,3 1 91 13 5,OBRIGAÇÃO PATRONAL - PESSOAL ATIVO - PREVIDÊNCIA,77222,2011,IPSEMG
2241,IGAM,2 24 1 04 122 705 2 500 0001,ASSESSORAMENTO E GERENCIAMENTO DE POLÍTICAS PÚBLICAS,3 1 91 13 5,OBRIGAÇÃO PATRONAL - PESSOAL ATIVO - PREVIDÊNCIA,3987106,4711,FFP - MG
2241,IGAM,2 24 1 18 544 065 4 187 0001,PLANEJAMENTO DE RECURSOS HÍDRICOS,3 1 91 13 5,OBRIGAÇÃO PATRONAL - PESSOAL ATIVO - PREVIDÊNCIA,4503,2011,IPSEMG
2241,IGAM,2 24 1 18 544 065 4 187 0001,PLANEJAMENTO DE RECURSOS HÍDRICOS,3 1 91 13 5,OBRIGAÇÃO PATRONAL - PESSOAL ATIVO - PREVIDÊNCIA,232471,4711,FFP - MG
2241,IGAM,2 24 1 18 544 065 4 188 0001,REGULAÇÃO DE RECURSOS HÍDRICOS,3 1 91 13 5,OBRIGAÇÃO PATRONAL - PESSOAL ATIVO - PREVIDÊNCIA,22918,2011,IPSEMG
2241,IGAM,2 24 1 18 544 065 4 188 0001,REGULAÇÃO DE RECURSOS HÍDRICOS,3 1 91 13 5,OBRIGAÇÃO PATRONAL - PESSOAL ATIVO - PREVIDÊNCIA,1183294,4711,FFP - MG
2241,IGAM,2 24 1 18 544 065 4 189 0001,COBRANÇA PELO USO DE RECURSOS HÍDRICOS,3 1 91 13 5,OBRIGAÇÃO PATRONAL - PESSOAL ATIVO - PREVIDÊNCIA,10837,2011,IPSEMG
2241,IGAM,2 24 1 18 544 065 4 189 0001,COBRANÇA PELO USO DE RECURSOS HÍDRICOS,3 1 91 13 5,OBRIGAÇÃO PATRONAL - PESSOAL ATIVO - PREVIDÊNCIA,559519,4711,FFP - MG
2241,IGAM,2 24 1 18 544 065 4 190 0001,FORTALECIMENTO DA GESTÃO PARTICIPATIVA,3 1 91 13 5,OBRIGAÇÃO PATRONAL - PESSOAL ATIVO - PREVIDÊNCIA,4865,2011,IPSEMG
2241,IGAM,2 24 1 18 544 065 4 190 0001,FORTALECIMENTO DA GESTÃO PARTICIPATIVA,3 1 91 13 5,OBRIGAÇÃO PATRONAL - PESSOAL ATIVO - PREVIDÊNCIA,251166,4711,FFP - MG
2241,IGAM,2 24 1 18 544 065 4 191 0001,MONITORAMENTO HIDROMETEOROLOGICO,3 1 91 4 4,OBRIGAÇÃO PATRONAL – CONTRATOS POR TEMPO DETERMINADO – ASSISTÊNCIA À SAÚDE,93,2011,IPSEMG
2241,IGAM,2 24 1 18 544 065 4 191 0001,MONITORAMENTO HIDROMETEOROLOGICO,3 1 91 4 4,OBRIGAÇÃO PATRONAL – CONTRATOS POR TEMPO DETERMINADO – ASSISTÊNCIA À SAÚDE,4795,4711,FFP - MG
2241,IGAM,2 24 1 18 544 065 4 191 0001,MONITORAMENTO HIDROMETEOROLOGICO,3 1 91 13 5,OBRIGAÇÃO PATRONAL - PESSOAL ATIVO - PREVIDÊNCIA,22194,2011,IPSEMG
2241,IGAM,2 24 1 18 544 065 4 191 0001,MONITORAMENTO HIDROMETEOROLOGICO,3 1 91 13 5,OBRIGAÇÃO PATRONAL - PESSOAL ATIVO - PREVIDÊNCIA,1145932,4711,FFP - MG
2241,IGAM,2 24 1 18 544 065 4 192 0001,SEGURANÇA DE BARRAGENS,3 1 91 13 5,OBRIGAÇÃO PATRONAL - PESSOAL ATIVO - PREVIDÊNCIA,2844,2011,IPSEMG
2241,IGAM,2 24 1 18 544 065 4 192 0001,SEGURANÇA DE BARRAGENS,3 1 91 13 5,OBRIGAÇÃO PATRONAL - PESSOAL ATIVO - PREVIDÊNCIA,146839,4711,FFP - MG
2241,IGAM,2 24 1 18 544 065 4 194 0001,PROGRAMAS PROJETOS E PESQUISAS EM RECURSOS HÍDRICOS,3 1 91 13 5,OBRIGAÇÃO PATRONAL - PESSOAL ATIVO - PREVIDÊNCIA,4008,2011,IPSEMG
2241,IGAM,2 24 1 18 544 065 4 194 0001,PROGRAMAS PROJETOS E PESQUISAS EM RECURSOS HÍDRICOS,3 1 91 13 5,OBRIGAÇÃO PATRONAL - PESSOAL ATIVO - PREVIDÊNCIA,206917,4711,FFP - MG
2251,JUCEMG,2 25 1 04 122 705 2 500 0001,ASSESSORAMENTO E GERENCIAMENTO DE POLÍTICAS PÚBLICAS,3 1 91 13 5,OBRIGAÇÃO PATRONAL - PESSOAL ATIVO - PREVIDÊNCIA,290180,4711,FFP - MG
2251,JUCEMG,2 25 1 04 122 705 2 500 0001,ASSESSORAMENTO E GERENCIAMENTO DE POLÍTICAS PÚBLICAS,3 1 91 13 21,OBRIGAÇÃO PATRONAL - PESSOAL ATIVO - ASSISTÊNCIA À SAÚDE,6831,2011,IPSEMG
2251,JUCEMG,2 25 1 23 122 029 4 052 0001,REDESIM MG,3 1 91 13 5,OBRIGAÇÃO PATRONAL - PESSOAL ATIVO - PREVIDÊNCIA,94621,4711,FFP - MG
2251,JUCEMG,2 25 1 23 122 029 4 052 0001,REDESIM MG,3 1 91 13 21,OBRIGAÇÃO PATRONAL - PESSOAL ATIVO - ASSISTÊNCIA À SAÚDE,5085,2011,IPSEMG
2251,JUCEMG,2 25 1 23 125 029 4 051 0001,REGISTRO EMPRESARIAL,3 1 91 13 5,OBRIGAÇÃO PATRONAL - PESSOAL ATIVO - PREVIDÊNCIA,3146442,4711,FFP - MG
2251,JUCEMG,2 25 1 23 125 029 4 051 0001,REGISTRO EMPRESARIAL,3 1 91 13 21,OBRIGAÇÃO PATRONAL - PESSOAL ATIVO - ASSISTÊNCIA À SAÚDE,97313,2011,IPSEMG
2261,FUNED,2 26 1 10 122 705 2 500 0001,ASSESSORAMENTO E GERENCIAMENTO DE POLÍTICAS PÚBLICAS,3 1 91 13 5,OBRIGAÇÃO PATRONAL - PESSOAL ATIVO - PREVIDÊNCIA,202940,2011,IPSEMG
2261,FUNED,2 26 1 10 122 705 2 500 0001,ASSESSORAMENTO E GERENCIAMENTO DE POLÍTICAS PÚBLICAS,3 1 91 13 5,OBRIGAÇÃO PATRONAL - PESSOAL ATIVO - PREVIDÊNCIA,6794972,4711,FFP - MG
2261,FUNED,2 26 1 10 303 153 4 457 0001,ATENDIMENTO DE ANÁLISES LABORATORIAIS DE INTERESSE DA SAÚDE PÚBLICA,3 1 91 13 5,OBRIGAÇÃO PATRONAL - PESSOAL ATIVO - PREVIDÊNCIA,108171,2011,IPSEMG
2261,FUNED,2 26 1 10 303 153 4 457 0001,ATENDIMENTO DE ANÁLISES LABORATORIAIS DE INTERESSE DA SAÚDE PÚBLICA,3 1 91 13 5,OBRIGAÇÃO PATRONAL - PESSOAL ATIVO - PREVIDÊNCIA,5585006,4711,FFP - MG
2261,FUNED,2 26 1 10 303 154 4 459 0001,"PRODUÇÃO DE VACINA, SOROS E OUTROS PRODUTOS BIOLÓGICOS",3 1 91 13 5,OBRIGAÇÃO PATRONAL - PESSOAL ATIVO - PREVIDÊNCIA,126473,2011,IPSEMG
2261,FUNED,2 26 1 10 303 154 4 459 0001,"PRODUÇÃO DE VACINA, SOROS E OUTROS PRODUTOS BIOLÓGICOS",3 1 91 13 5,OBRIGAÇÃO PATRONAL - PESSOAL ATIVO - PREVIDÊNCIA,4390436,4711,FFP - MG
2261,FUNED,2 26 1 10 303 154 4 460 0001,PRODUÇÃO DE MEDICAMENTOS SINTÉTICOS,3 1 91 13 5,OBRIGAÇÃO PATRONAL - PESSOAL ATIVO - PREVIDÊNCIA,78697,2011,IPSEMG
2261,FUNED,2 26 1 10 303 154 4 460 0001,PRODUÇÃO DE MEDICAMENTOS SINTÉTICOS,3 1 91 13 5,OBRIGAÇÃO PATRONAL - PESSOAL ATIVO - PREVIDÊNCIA,1954856,4711,FFP - MG
2261,FUNED,2 26 1 10 571 150 4 455 0001,POPULARIZAÇÃO DA CIÊNCIA,3 1 91 13 5,OBRIGAÇÃO PATRONAL - PESSOAL ATIVO - PREVIDÊNCIA,21242,2011,IPSEMG
2261,FUNED,2 26 1 10 571 150 4 455 0001,POPULARIZAÇÃO DA CIÊNCIA,3 1 91 13 5,OBRIGAÇÃO PATRONAL - PESSOAL ATIVO - PREVIDÊNCIA,585683,4711,FFP - MG
2261,FUNED,2 26 1 10 571 152 4 456 0001,PESQUISA E DESENVOLVIMENTO,3 1 91 13 5,OBRIGAÇÃO PATRONAL - PESSOAL ATIVO - PREVIDÊNCIA,39760,2011,IPSEMG
2261,FUNED,2 26 1 10 571 152 4 456 0001,PESQUISA E DESENVOLVIMENTO,3 1 91 13 5,OBRIGAÇÃO PATRONAL - PESSOAL ATIVO - PREVIDÊNCIA,3273594,4711,FFP - MG
2271,FHEMIG,2 27 1 10 122 705 2 500 0001,ASSESSORAMENTO E GERENCIAMENTO DE POLÍTICAS PÚBLICAS,3 1 91 13 5,OBRIGAÇÃO PATRONAL - PESSOAL ATIVO - PREVIDÊNCIA,14752035,4711,FFP - MG
2271,FHEMIG,2 27 1 10 122 705 2 500 0001,ASSESSORAMENTO E GERENCIAMENTO DE POLÍTICAS PÚBLICAS,3 1 91 13 21,OBRIGAÇÃO PATRONAL - PESSOAL ATIVO - ASSISTÊNCIA À SAÚDE,316438,2011,IPSEMG
2271,FHEMIG,2 27 1 10 302 019 4 029 0001,ATENÇÃO INTEGRAL AO SISTEMA ESTADUAL DE TRANSPLANTES,3 1 91 13 5,OBRIGAÇÃO PATRONAL - PESSOAL ATIVO - PREVIDÊNCIA,4158826,4711,FFP - MG
2271,FHEMIG,2 27 1 10 302 019 4 029 0001,ATENÇÃO INTEGRAL AO SISTEMA ESTADUAL DE TRANSPLANTES,3 1 91 13 21,OBRIGAÇÃO PATRONAL - PESSOAL ATIVO - ASSISTÊNCIA À SAÚDE,63332,2011,IPSEMG
2271,FHEMIG,2 27 1 10 302 019 4 030 0001,ATENÇÃO INTEGRAL NAS UNIDADES ASSISTENCIAIS DE REABILITAÇÃO E CUIDADOS INTEGRADOS,3 1 91 13 5,OBRIGAÇÃO PATRONAL - PESSOAL ATIVO - PREVIDÊNCIA,19641003,4711,FFP - MG
2271,FHEMIG,2 27 1 10 302 019 4 030 0001,ATENÇÃO INTEGRAL NAS UNIDADES ASSISTENCIAIS DE REABILITAÇÃO E CUIDADOS INTEGRADOS,3 1 91 13 21,OBRIGAÇÃO PATRONAL - PESSOAL ATIVO - ASSISTÊNCIA À SAÚDE,818375,2011,IPSEMG
2271,FHEMIG,2 27 1 10 302 019 4 031 0001,ATENÇÃO INTEGRAL NAS UNIDADES ASSISTENCIAIS DE REFERÊNCIA,3 1 91 13 5,OBRIGAÇÃO PATRONAL - PESSOAL ATIVO - PREVIDÊNCIA,76537312,4711,FFP - MG
2271,FHEMIG,2 27 1 10 302 019 4 031 0001,ATENÇÃO INTEGRAL NAS UNIDADES ASSISTENCIAIS DE REFERÊNCIA,3 1 91 13 21,OBRIGAÇÃO PATRONAL - PESSOAL ATIVO - ASSISTÊNCIA À SAÚDE,1721698,2011,IPSEMG
2271,FHEMIG,2 27 1 10 302 019 4 032 0001,ATENÇÃO INTEGRAL NAS UNIDADES ASSISTENCIAIS DE SAÚDE MENTAL,3 1 91 13 5,OBRIGAÇÃO PATRONAL - PESSOAL ATIVO - PREVIDÊNCIA,11779622,4711,FFP - MG
2271,FHEMIG,2 27 1 10 302 019 4 032 0001,ATENÇÃO INTEGRAL NAS UNIDADES ASSISTENCIAIS DE SAÚDE MENTAL,3 1 91 13 21,OBRIGAÇÃO PATRONAL - PESSOAL ATIVO - ASSISTÊNCIA À SAÚDE,414604,2011,IPSEMG
2271,FHEMIG,2 27 1 10 302 019 4 034 0001,ATENÇÃO INTEGRAL NO COMPLEXO HOSPITALAR DE BARBACENA,3 1 91 13 5,OBRIGAÇÃO PATRONAL - PESSOAL ATIVO - PREVIDÊNCIA,17526706,4711,FFP - MG
2271,FHEMIG,2 27 1 10 302 019 4 034 0001,ATENÇÃO INTEGRAL NO COMPLEXO HOSPITALAR DE BARBACENA,3 1 91 13 21,OBRIGAÇÃO PATRONAL - PESSOAL ATIVO - ASSISTÊNCIA À SAÚDE,730279,2011,IPSEMG
2271,FHEMIG,2 27 1 10 302 019 4 035 0001,ATENÇÃO INTEGRAL NO COMPLEXO HOSPITALAR DE ESPECIALIDADES,3 1 91 13 5,OBRIGAÇÃO PATRONAL - PESSOAL ATIVO - PREVIDÊNCIA,44646027,4711,FFP - MG
2271,FHEMIG,2 27 1 10 302 019 4 035 0001,ATENÇÃO INTEGRAL NO COMPLEXO HOSPITALAR DE ESPECIALIDADES,3 1 91 13 21,OBRIGAÇÃO PATRONAL - PESSOAL ATIVO - ASSISTÊNCIA À SAÚDE,1333404,2011,IPSEMG
2271,FHEMIG,2 27 1 10 302 019 4 036 0001,ATENÇÃO INTEGRAL NO COMPLEXO HOSPITALAR DE URGÊNCIA E EMERGÊNCIA,3 1 91 13 5,OBRIGAÇÃO PATRONAL - PESSOAL ATIVO - PREVIDÊNCIA,87879285,4711,FFP - MG
2271,FHEMIG,2 27 1 10 302 019 4 036 0001,ATENÇÃO INTEGRAL NO COMPLEXO HOSPITALAR DE URGÊNCIA E EMERGÊNCIA,3 1 91 13 21,OBRIGAÇÃO PATRONAL - PESSOAL ATIVO - ASSISTÊNCIA À SAÚDE,2669133,2011,IPSEMG
2281,UTRAMIG,2 28 1 04 122 705 2 500 0001,ASSESSORAMENTO E GERENCIAMENTO DE POLÍTICAS PÚBLICAS,3 1 91 13 5,OBRIGAÇÃO PATRONAL - PESSOAL ATIVO - PREVIDÊNCIA,16047,4711,FFP - MG
2281,UTRAMIG,2 28 1 04 122 705 2 500 0001,ASSESSORAMENTO E GERENCIAMENTO DE POLÍTICAS PÚBLICAS,3 1 91 13 21,OBRIGAÇÃO PATRONAL - PESSOAL ATIVO - ASSISTÊNCIA À SAÚDE,114844,2011,IPSEMG
2281,UTRAMIG,2 28 1 04 122 705 2 500 0001,ASSESSORAMENTO E GERENCIAMENTO DE POLÍTICAS PÚBLICAS,3 1 91 13 26,OBRIGAÇÃO PATRONAL SUPLEMENTAR – PESSOAL ATIVO,113702,4711,FFP - MG
2281,UTRAMIG,2 28 1 12 333 067 4 300 0001,EDUCAÇÃO PROFISSIONAL TÉCNICA DE NÍVEL MÉDIO E QUALIFICAÇÃO PROFISSIONAL,3 1 91 13 5,OBRIGAÇÃO PATRONAL - PESSOAL ATIVO - PREVIDÊNCIA,5322,2011,IPSEMG
2281,UTRAMIG,2 28 1 12 333 067 4 300 0001,EDUCAÇÃO PROFISSIONAL TÉCNICA DE NÍVEL MÉDIO E QUALIFICAÇÃO PROFISSIONAL,3 1 91 13 21,OBRIGAÇÃO PATRONAL - PESSOAL ATIVO - ASSISTÊNCIA À SAÚDE,24427,2011,IPSEMG
2281,UTRAMIG,2 28 1 12 333 067 4 300 0001,EDUCAÇÃO PROFISSIONAL TÉCNICA DE NÍVEL MÉDIO E QUALIFICAÇÃO PROFISSIONAL,3 1 91 13 26,OBRIGAÇÃO PATRONAL SUPLEMENTAR – PESSOAL ATIVO,26380,4711,FFP - MG
2301,DER-MG,2 30 1 04 122 705 2 500 0001,ASSESSORAMENTO E GERENCIAMENTO DE POLÍTICAS PÚBLICAS,3 1 91 13 5,OBRIGAÇÃO PATRONAL - PESSOAL ATIVO - PREVIDÊNCIA,14144815,2011,IPSEMG
2301,DER-MG,2 30 1 26 782 081 4 268 0001,AMPLIAÇÃO DE CAPACIDADE DA MALHA VIÁRIA,3 1 91 13 5,OBRIGAÇÃO PATRONAL - PESSOAL ATIVO - PREVIDÊNCIA,3796168,2011,IPSEMG
2301,DER-MG,2 30 1 26 782 081 4 275 0001,IMPLANTAÇÃO/PAVIMENTAÇÃO DA MALHA,3 1 91 13 5,OBRIGAÇÃO PATRONAL - PESSOAL ATIVO - PREVIDÊNCIA,971658,2011,IPSEMG
2301,DER-MG,2 30 1 26 782 081 4 284 0001,PREVENÇÃO E MITIGAÇÃO DE DANOS AMBIENTAIS,3 1 91 13 5,OBRIGAÇÃO PATRONAL - PESSOAL ATIVO - PREVIDÊNCIA,190204,2011,IPSEMG
2301,DER-MG,2 30 1 26 782 081 4 293 0001,CONSERVAÇÃO ROTINEIRA DA MALHA VIÁRIA,3 1 91 13 5,OBRIGAÇÃO PATRONAL - PESSOAL ATIVO - PREVIDÊNCIA,12503760,2011,IPSEMG
2301,DER-MG,2 30 1 26 782 081 4 385 0001,REABILITAÇÃO DA MALHA VIÁRIA,3 1 91 13 5,OBRIGAÇÃO PATRONAL - PESSOAL ATIVO - PREVIDÊNCIA,404158,2011,IPSEMG
2311,UNIMONTES,2 31 1 12 122 705 2 500 0001,ASSESSORAMENTO E GERENCIAMENTO DE POLÍTICAS PÚBLICAS,3 1 91 13 5,OBRIGAÇÃO PATRONAL - PESSOAL ATIVO - PREVIDÊNCIA,1048642,4711,FFP - MG
2311,UNIMONTES,2 31 1 12 122 705 2 500 0001,ASSESSORAMENTO E GERENCIAMENTO DE POLÍTICAS PÚBLICAS,3 1 91 13 21,OBRIGAÇÃO PATRONAL - PESSOAL ATIVO - ASSISTÊNCIA À SAÚDE,109806,2011,IPSEMG
2311,UNIMONTES,2 31 1 12 122 705 2 500 0001,ASSESSORAMENTO E GERENCIAMENTO DE POLÍTICAS PÚBLICAS,3 1 91 13 26,OBRIGAÇÃO PATRONAL SUPLEMENTAR – PESSOAL ATIVO,1151496,4711,FFP - MG
2311,UNIMONTES,2 31 1 12 302 007 4 017 0001,MANUTENÇÃO DO HOSPITAL DE ENSINO,3 1 91 4 4,OBRIGAÇÃO PATRONAL – CONTRATOS POR TEMPO DETERMINADO – ASSISTÊNCIA À SAÚDE,14083,2011,IPSEMG
2311,UNIMONTES,2 31 1 12 302 007 4 017 0001,MANUTENÇÃO DO HOSPITAL DE ENSINO,3 1 91 13 5,OBRIGAÇÃO PATRONAL - PESSOAL ATIVO - PREVIDÊNCIA,8020203,4711,FFP - MG
2311,UNIMONTES,2 31 1 12 302 007 4 017 0001,MANUTENÇÃO DO HOSPITAL DE ENSINO,3 1 91 13 21,OBRIGAÇÃO PATRONAL - PESSOAL ATIVO - ASSISTÊNCIA À SAÚDE,919887,2011,IPSEMG
2311,UNIMONTES,2 31 1 12 302 007 4 017 0001,MANUTENÇÃO DO HOSPITAL DE ENSINO,3 1 91 13 26,OBRIGAÇÃO PATRONAL SUPLEMENTAR – PESSOAL ATIVO,7518263,4711,FFP - MG
2311,UNIMONTES,2 31 1 12 363 007 4 006 0001,OFERTA DE ENSINO TÉCNICO E PROFISSIONAL,3 1 91 13 5,OBRIGAÇÃO PATRONAL - PESSOAL ATIVO - PREVIDÊNCIA,244955,4711,FFP - MG
2311,UNIMONTES,2 31 1 12 363 007 4 006 0001,OFERTA DE ENSINO TÉCNICO E PROFISSIONAL,3 1 91 13 21,OBRIGAÇÃO PATRONAL - PESSOAL ATIVO - ASSISTÊNCIA À SAÚDE,22679,2011,IPSEMG
2311,UNIMONTES,2 31 1 12 363 007 4 006 0001,OFERTA DE ENSINO TÉCNICO E PROFISSIONAL,3 1 91 13 26,OBRIGAÇÃO PATRONAL SUPLEMENTAR – PESSOAL ATIVO,214911,4711,FFP - MG
2311,UNIMONTES,2 31 1 12 364 007 4 001 0001,OFERTA DE CURSOS DE GRADUAÇÃO,3 1 91 4 4,OBRIGAÇÃO PATRONAL – CONTRATOS POR TEMPO DETERMINADO – ASSISTÊNCIA À SAÚDE,1586,2011,IPSEMG
2311,UNIMONTES,2 31 1 12 364 007 4 001 0001,OFERTA DE CURSOS DE GRADUAÇÃO,3 1 91 13 5,OBRIGAÇÃO PATRONAL - PESSOAL ATIVO - PREVIDÊNCIA,28523066,4711,FFP - MG
2311,UNIMONTES,2 31 1 12 364 007 4 001 0001,OFERTA DE CURSOS DE GRADUAÇÃO,3 1 91 13 21,OBRIGAÇÃO PATRONAL - PESSOAL ATIVO - ASSISTÊNCIA À SAÚDE,1125175,2011,IPSEMG
2311,UNIMONTES,2 31 1 12 364 007 4 001 0001,OFERTA DE CURSOS DE GRADUAÇÃO,3 1 91 13 26,OBRIGAÇÃO PATRONAL SUPLEMENTAR – PESSOAL ATIVO,22473946,4711,FFP - MG
2321,HEMOMINAS,2 32 1 10 302 087 4 212 0001,DESENVOLVIMENTO DO PROGRAMA DE SANGUE E HEMODERIVADOS,3 1 91 4 4,OBRIGAÇÃO PATRONAL – CONTRATOS POR TEMPO DETERMINADO – ASSISTÊNCIA À SAÚDE,4981,2011,IPSEMG
2321,HEMOMINAS,2 32 1 10 302 087 4 212 0001,DESENVOLVIMENTO DO PROGRAMA DE SANGUE E HEMODERIVADOS,3 1 91 13 5,OBRIGAÇÃO PATRONAL - PESSOAL ATIVO - PREVIDÊNCIA,33227868,4711,FFP - MG
2321,HEMOMINAS,2 32 1 10 302 087 4 212 0001,DESENVOLVIMENTO DO PROGRAMA DE SANGUE E HEMODERIVADOS,3 1 91 13 21,OBRIGAÇÃO PATRONAL - PESSOAL ATIVO - ASSISTÊNCIA À SAÚDE,869754,2011,IPSEMG
2321,HEMOMINAS,2 32 1 10 302 087 4 222 0001,MODERNIZAÇÃO E/OU MELHORIA DA INFRAESTRUTURA FÍSICA E/OU TÉCNOLÓGICA DAS UNIDADES DA FUNDAÇÃO HEMOMINAS,3 1 91 4 4,OBRIGAÇÃO PATRONAL – CONTRATOS POR TEMPO DETERMINADO – ASSISTÊNCIA À SAÚDE,27,2011,IPSEMG
2321,HEMOMINAS,2 32 1 10 302 087 4 222 0001,MODERNIZAÇÃO E/OU MELHORIA DA INFRAESTRUTURA FÍSICA E/OU TÉCNOLÓGICA DAS UNIDADES DA FUNDAÇÃO HEMOMINAS,3 1 91 13 5,OBRIGAÇÃO PATRONAL - PESSOAL ATIVO - PREVIDÊNCIA,943869,4711,FFP - MG
2321,HEMOMINAS,2 32 1 10 302 087 4 222 0001,MODERNIZAÇÃO E/OU MELHORIA DA INFRAESTRUTURA FÍSICA E/OU TÉCNOLÓGICA DAS UNIDADES DA FUNDAÇÃO HEMOMINAS,3 1 91 13 21,OBRIGAÇÃO PATRONAL - PESSOAL ATIVO - ASSISTÊNCIA À SAÚDE,20220,2011,IPSEMG
2321,HEMOMINAS,2 32 1 10 302 087 4 237 0001,CENTRO DE TECIDOS BIOLÓGICOS DE MINAS GERAIS - CETEBIO,3 1 91 4 4,OBRIGAÇÃO PATRONAL – CONTRATOS POR TEMPO DETERMINADO – ASSISTÊNCIA À SAÚDE,25,2011,IPSEMG
2321,HEMOMINAS,2 32 1 10 302 087 4 237 0001,CENTRO DE TECIDOS BIOLÓGICOS DE MINAS GERAIS - CETEBIO,3 1 91 13 5,OBRIGAÇÃO PATRONAL - PESSOAL ATIVO - PREVIDÊNCIA,406726,4711,FFP - MG
2321,HEMOMINAS,2 32 1 10 302 087 4 237 0001,CENTRO DE TECIDOS BIOLÓGICOS DE MINAS GERAIS - CETEBIO,3 1 91 13 21,OBRIGAÇÃO PATRONAL - PESSOAL ATIVO - ASSISTÊNCIA À SAÚDE,4915,2011,IPSEMG
2331,IPEMMG,2 33 1 04 122 705 2 500 0001,ASSESSORAMENTO E GERENCIAMENTO DE POLÍTICAS PÚBLICAS,3 1 91 13 5,OBRIGAÇÃO PATRONAL - PESSOAL ATIVO - PREVIDÊNCIA,318460,4711,FFP - MG
2331,IPEMMG,2 33 1 04 122 705 2 500 0001,ASSESSORAMENTO E GERENCIAMENTO DE POLÍTICAS PÚBLICAS,3 1 91 13 21,OBRIGAÇÃO PATRONAL - PESSOAL ATIVO - ASSISTÊNCIA À SAÚDE,20491,4711,FFP - MG
2331,IPEMMG,2 33 1 04 122 705 2 500 0001,ASSESSORAMENTO E GERENCIAMENTO DE POLÍTICAS PÚBLICAS,3 1 91 13 26,OBRIGAÇÃO PATRONAL SUPLEMENTAR – PESSOAL ATIVO,573940,4711,FFP - MG
2331,IPEMMG,2 33 1 23 125 012 4 024 0001,EXECUÇÃO DO CONTROLE METROLÓGICO NO ESTADO DE MINAS GERAIS,3 1 91 13 5,OBRIGAÇÃO PATRONAL - PESSOAL ATIVO - PREVIDÊNCIA,1039527,4711,FFP - MG
2331,IPEMMG,2 33 1 23 125 012 4 024 0001,EXECUÇÃO DO CONTROLE METROLÓGICO NO ESTADO DE MINAS GERAIS,3 1 91 13 21,OBRIGAÇÃO PATRONAL - PESSOAL ATIVO - ASSISTÊNCIA À SAÚDE,131330,4711,FFP - MG
2331,IPEMMG,2 33 1 23 125 012 4 024 0001,EXECUÇÃO DO CONTROLE METROLÓGICO NO ESTADO DE MINAS GERAIS,3 1 91 13 26,OBRIGAÇÃO PATRONAL SUPLEMENTAR – PESSOAL ATIVO,1431080,4711,FFP - MG
2331,IPEMMG,2 33 1 23 665 012 4 026 0001,AVALIAÇÃO DA CONFORMIDADE DE PRODUTOS E SERVIÇOS NO MERCADO MINEIRO (VISITAS),3 1 91 13 5,OBRIGAÇÃO PATRONAL - PESSOAL ATIVO - PREVIDÊNCIA,30250,4711,FFP - MG
2331,IPEMMG,2 33 1 23 665 012 4 026 0001,AVALIAÇÃO DA CONFORMIDADE DE PRODUTOS E SERVIÇOS NO MERCADO MINEIRO (VISITAS),3 1 91 13 21,OBRIGAÇÃO PATRONAL - PESSOAL ATIVO - ASSISTÊNCIA À SAÚDE,11110,4711,FFP - MG
2331,IPEMMG,2 33 1 23 665 012 4 026 0001,AVALIAÇÃO DA CONFORMIDADE DE PRODUTOS E SERVIÇOS NO MERCADO MINEIRO (VISITAS),3 1 91 13 26,OBRIGAÇÃO PATRONAL SUPLEMENTAR – PESSOAL ATIVO,80190,4711,FFP - MG
2351,UEMG,2 35 1 12 364 026 4 086 0001,ATIVIDADE DE ENSINO DE GRADUAÇÃO PRESENCIAL E A DISTÂNCIA,3 1 91 4 4,OBRIGAÇÃO PATRONAL – CONTRATOS POR TEMPO DETERMINADO – ASSISTÊNCIA À SAÚDE,129874,2011,IPSEMG
2351,UEMG,2 35 1 12 364 026 4 086 0001,ATIVIDADE DE ENSINO DE GRADUAÇÃO PRESENCIAL E A DISTÂNCIA,3 1 91 13 5,OBRIGAÇÃO PATRONAL - PESSOAL ATIVO - PREVIDÊNCIA,24979111,2011,IPSEMG
2351,UEMG,2 35 1 12 364 026 4 086 0001,ATIVIDADE DE ENSINO DE GRADUAÇÃO PRESENCIAL E A DISTÂNCIA,3 1 91 13 21,OBRIGAÇÃO PATRONAL - PESSOAL ATIVO - ASSISTÊNCIA À SAÚDE,950298,2011,IPSEMG
2351,UEMG,2 35 1 12 364 026 4 086 0001,ATIVIDADE DE ENSINO DE GRADUAÇÃO PRESENCIAL E A DISTÂNCIA,3 1 91 13 26,OBRIGAÇÃO PATRONAL SUPLEMENTAR – PESSOAL ATIVO,21042638,2361,IPLEMG
2371,IMA,2 37 1 04 122 705 2 500 0001,ASSESSORAMENTO E GERENCIAMENTO DE POLÍTICAS PÚBLICAS,3 1 91 13 5,OBRIGAÇÃO PATRONAL - PESSOAL ATIVO - PREVIDÊNCIA,481120,2011,IPSEMG
2371,IMA,2 37 1 04 122 705 2 500 0001,ASSESSORAMENTO E GERENCIAMENTO DE POLÍTICAS PÚBLICAS,3 1 91 13 5,OBRIGAÇÃO PATRONAL - PESSOAL ATIVO - PREVIDÊNCIA,16887848,4711,FFP - MG
2371,IMA,2 37 1 20 304 080 4 317 0001,ANÁLISE LABORATORIAL,3 1 91 13 5,OBRIGAÇÃO PATRONAL - PESSOAL ATIVO - PREVIDÊNCIA,92523,2011,IPSEMG
2371,IMA,2 37 1 20 304 080 4 317 0001,ANÁLISE LABORATORIAL,3 1 91 13 5,OBRIGAÇÃO PATRONAL - PESSOAL ATIVO - PREVIDÊNCIA,3247663,4711,FFP - MG
2371,IMA,2 37 1 20 304 080 4 318 0001,INSPEÇÃO DE PRODUTOS DE ORIGEM VEGETAL,3 1 91 13 5,OBRIGAÇÃO PATRONAL - PESSOAL ATIVO - PREVIDÊNCIA,27757,2011,IPSEMG
2371,IMA,2 37 1 20 304 080 4 318 0001,INSPEÇÃO DE PRODUTOS DE ORIGEM VEGETAL,3 1 91 13 5,OBRIGAÇÃO PATRONAL - PESSOAL ATIVO - PREVIDÊNCIA,974299,4711,FFP - MG
2371,IMA,2 37 1 20 304 080 4 319 0001,INSPEÇÃO E FISCALIZAÇÃO DE PRODUTOS DE ORIGEM ANIMAL,3 1 91 13 5,OBRIGAÇÃO PATRONAL - PESSOAL ATIVO - PREVIDÊNCIA,222055,2011,IPSEMG
2371,IMA,2 37 1 20 304 080 4 319 0001,INSPEÇÃO E FISCALIZAÇÃO DE PRODUTOS DE ORIGEM ANIMAL,3 1 91 13 5,OBRIGAÇÃO PATRONAL - PESSOAL ATIVO - PREVIDÊNCIA,7794391,4711,FFP - MG
2371,IMA,2 37 1 20 304 112 4 440 0001,CERTIFICAÇÃO DE PRODUTOS E DE PROPRIEDADES AGROPECUÁRIAS E AGROINDUSTRIAIS,3 1 91 13 5,OBRIGAÇÃO PATRONAL - PESSOAL ATIVO - PREVIDÊNCIA,27757,2011,IPSEMG
2371,IMA,2 37 1 20 304 112 4 440 0001,CERTIFICAÇÃO DE PRODUTOS E DE PROPRIEDADES AGROPECUÁRIAS E AGROINDUSTRIAIS,3 1 91 13 5,OBRIGAÇÃO PATRONAL - PESSOAL ATIVO - PREVIDÊNCIA,974299,4711,FFP - MG
2371,IMA,2 37 1 20 304 118 4 439 0001,EDUCAÇÃO SANITÁRIA,3 1 91 13 5,OBRIGAÇÃO PATRONAL - PESSOAL ATIVO - PREVIDÊNCIA,9253,2011,IPSEMG
2371,IMA,2 37 1 20 304 118 4 439 0001,EDUCAÇÃO SANITÁRIA,3 1 91 13 5,OBRIGAÇÃO PATRONAL - PESSOAL ATIVO - PREVIDÊNCIA,324766,4711,FFP - MG
2371,IMA,2 37 1 20 609 078 4 202 0001,APRIMORAMENTO DA DEFESA SANITÁRIA - VIGILÂNCIA SANITÁRIA ANIMAL,3 1 91 13 5,OBRIGAÇÃO PATRONAL - PESSOAL ATIVO - PREVIDÊNCIA,592147,2011,IPSEMG
2371,IMA,2 37 1 20 609 078 4 202 0001,APRIMORAMENTO DA DEFESA SANITÁRIA - VIGILÂNCIA SANITÁRIA ANIMAL,3 1 91 13 5,OBRIGAÇÃO PATRONAL - PESSOAL ATIVO - PREVIDÊNCIA,20785043,4711,FFP - MG
2371,IMA,2 37 1 20 609 078 4 203 0001,APRIMORAMENTO DA DEFESA SANITÁRIA - VIGILÂNCIA SANITÁRIA VEGETAL,3 1 91 13 5,OBRIGAÇÃO PATRONAL - PESSOAL ATIVO - PREVIDÊNCIA,259064,2011,IPSEMG
2371,IMA,2 37 1 20 609 078 4 203 0001,APRIMORAMENTO DA DEFESA SANITÁRIA - VIGILÂNCIA SANITÁRIA VEGETAL,3 1 91 13 5,OBRIGAÇÃO PATRONAL - PESSOAL ATIVO - PREVIDÊNCIA,9093456,4711,FFP - MG
2371,IMA,2 37 1 20 609 078 4 206 0001,"FISCALIZAÇÃO DO TRÂNSITO DE ANIMAIS, VEGETAIS, INSUMOS E PRODUTOS DE ORIGEM ANIMAL.",3 1 91 13 5,OBRIGAÇÃO PATRONAL - PESSOAL ATIVO - PREVIDÊNCIA,129533,2011,IPSEMG
2371,IMA,2 37 1 20 609 078 4 206 0001,"FISCALIZAÇÃO DO TRÂNSITO DE ANIMAIS, VEGETAIS, INSUMOS E PRODUTOS DE ORIGEM ANIMAL.",3 1 91 13 5,OBRIGAÇÃO PATRONAL - PESSOAL ATIVO - PREVIDÊNCIA,4546728,4711,FFP - MG
2371,IMA,2 37 1 20 609 078 4 238 0001,REESTRUTURAÇÃO DO LABORATÓRIO DE QUÍMICA AGROPECUÁRIA DO INSTITUTO MINEIRO DE AGROPECUÁRIA.,3 1 91 13 5,OBRIGAÇÃO PATRONAL - PESSOAL ATIVO - PREVIDÊNCIA,602,2011,IPSEMG
2371,IMA,2 37 1 20 609 078 4 238 0001,REESTRUTURAÇÃO DO LABORATÓRIO DE QUÍMICA AGROPECUÁRIA DO INSTITUTO MINEIRO DE AGROPECUÁRIA.,3 1 91 13 5,OBRIGAÇÃO PATRONAL - PESSOAL ATIVO - PREVIDÊNCIA,21134,4711,FFP - MG
2371,IMA,2 37 1 20 609 108 4 498 0001,APOIO À AGROINDÚSTRIA FAMILIAR,3 1 91 13 5,OBRIGAÇÃO PATRONAL - PESSOAL ATIVO - PREVIDÊNCIA,9253,2011,IPSEMG
2371,IMA,2 37 1 20 609 108 4 498 0001,APOIO À AGROINDÚSTRIA FAMILIAR,3 1 91 13 5,OBRIGAÇÃO PATRONAL - PESSOAL ATIVO - PREVIDÊNCIA,324766,4711,FFP - MG
2421,IDENE,2 42 1 04 122 705 2 500 0001,ASSESSORAMENTO E GERENCIAMENTO DE POLÍTICAS PÚBLICAS,3 1 91 13 5,OBRIGAÇÃO PATRONAL - PESSOAL ATIVO - PREVIDÊNCIA,57745,2011,IPSEMG
2421,IDENE,2 42 1 04 122 705 2 500 0001,ASSESSORAMENTO E GERENCIAMENTO DE POLÍTICAS PÚBLICAS,3 1 91 13 5,OBRIGAÇÃO PATRONAL - PESSOAL ATIVO - PREVIDÊNCIA,1500449,4711,FFP - MG
2421,IDENE,2 42 1 17 511 056 1 028 0001,IMPLANTAÇÃO DE SISTEMA DE ABASTECIMENTO DE ÁGUA,3 1 91 13 5,OBRIGAÇÃO PATRONAL - PESSOAL ATIVO - PREVIDÊNCIA,1682,2011,IPSEMG
2421,IDENE,2 42 1 17 511 056 1 028 0001,IMPLANTAÇÃO DE SISTEMA DE ABASTECIMENTO DE ÁGUA,3 1 91 13 5,OBRIGAÇÃO PATRONAL - PESSOAL ATIVO - PREVIDÊNCIA,62995,4711,FFP - MG
2421,IDENE,2 42 1 20 608 124 4 325 0001,PROMOÇÃO DO DESENVOLVIMENTO SOCIOECONÔMICO DO NORTE E NORDESTE DE MINAS GERAIS,3 1 91 13 5,OBRIGAÇÃO PATRONAL - PESSOAL ATIVO - PREVIDÊNCIA,7470,2011,IPSEMG
2421,IDENE,2 42 1 20 608 124 4 516 0001,APOIO À MECANIZAÇÃO DA PRODUÇÃO AGRÍCOLA,3 1 91 13 5,OBRIGAÇÃO PATRONAL - PESSOAL ATIVO - PREVIDÊNCIA,673,2011,IPSEMG
2421,IDENE,2 42 1 20 608 124 4 516 0001,APOIO À MECANIZAÇÃO DA PRODUÇÃO AGRÍCOLA,3 1 91 13 5,OBRIGAÇÃO PATRONAL - PESSOAL ATIVO - PREVIDÊNCIA,21753,4711,FFP - MG
2431,AGÊNCIA RMBH,2 43 1 04 122 705 2 500 0001,ASSESSORAMENTO E GERENCIAMENTO DE POLÍTICAS PÚBLICAS,3 1 91 13 5,OBRIGAÇÃO PATRONAL - PESSOAL ATIVO - PREVIDÊNCIA,269831,4711,FFP - MG
2431,AGÊNCIA RMBH,2 43 1 04 122 705 2 500 0001,ASSESSORAMENTO E GERENCIAMENTO DE POLÍTICAS PÚBLICAS,3 1 91 13 21,OBRIGAÇÃO PATRONAL - PESSOAL ATIVO - ASSISTÊNCIA À SAÚDE,72,2011,IPSEMG
2431,AGÊNCIA RMBH,2 43 1 15 127 077 4 446 0001,REGULAÇÃO DA EXPANSÃO URBANA DA REGIÃO METROPOLITANA DE BELO HORIZONTE,3 1 91 13 5,OBRIGAÇÃO PATRONAL - PESSOAL ATIVO - PREVIDÊNCIA,43173,4711,FFP - MG
2431,AGÊNCIA RMBH,2 43 1 15 127 077 4 447 0001,GESTÃO METROPOLITANA,3 1 91 13 5,OBRIGAÇÃO PATRONAL - PESSOAL ATIVO - PREVIDÊNCIA,107932,4711,FFP - MG
2431,AGÊNCIA RMBH,2 43 1 15 127 077 4 447 0001,GESTÃO METROPOLITANA,3 1 91 13 21,OBRIGAÇÃO PATRONAL - PESSOAL ATIVO - ASSISTÊNCIA À SAÚDE,5472,2011,IPSEMG
2441,ARSAE -MG,2 44 1 04 122 705 2 500 0001,ASSESSORAMENTO E GERENCIAMENTO DE POLÍTICAS PÚBLICAS,3 1 91 13 5,OBRIGAÇÃO PATRONAL - PESSOAL ATIVO - PREVIDÊNCIA,581491,4711,FFP - MG
2441,ARSAE -MG,2 44 1 04 122 705 2 500 0001,ASSESSORAMENTO E GERENCIAMENTO DE POLÍTICAS PÚBLICAS,3 1 91 13 21,OBRIGAÇÃO PATRONAL - PESSOAL ATIVO - ASSISTÊNCIA À SAÚDE,14098,2011,IPSEMG
2441,ARSAE -MG,2 44 1 04 122 705 2 500 0001,ASSESSORAMENTO E GERENCIAMENTO DE POLÍTICAS PÚBLICAS,3 1 91 13 26,OBRIGAÇÃO PATRONAL SUPLEMENTAR – PESSOAL ATIVO,488877,4711,FFP - MG
2441,ARSAE -MG,2 44 1 17 125 010 4 013 0001,REGULAÇÃO E FISCALIZAÇÃO ECONÔMICO-FINANCEIRA,3 1 91 13 5,OBRIGAÇÃO PATRONAL - PESSOAL ATIVO - PREVIDÊNCIA,528925,4711,FFP - MG
2441,ARSAE -MG,2 44 1 17 125 010 4 013 0001,REGULAÇÃO E FISCALIZAÇÃO ECONÔMICO-FINANCEIRA,3 1 91 13 21,OBRIGAÇÃO PATRONAL - PESSOAL ATIVO - ASSISTÊNCIA À SAÚDE,13002,2011,IPSEMG
2441,ARSAE -MG,2 44 1 17 125 010 4 013 0001,REGULAÇÃO E FISCALIZAÇÃO ECONÔMICO-FINANCEIRA,3 1 91 13 26,OBRIGAÇÃO PATRONAL SUPLEMENTAR – PESSOAL ATIVO,458233,4711,FFP - MG
2441,ARSAE -MG,2 44 1 17 125 010 4 014 0001,REGULAÇÃO OPERACIONAL E FISCALIZAÇÃO DA PRESTAÇÃO DE SERVIÇOS,3 1 91 13 5,OBRIGAÇÃO PATRONAL - PESSOAL ATIVO - PREVIDÊNCIA,582878,4711,FFP - MG
2441,ARSAE -MG,2 44 1 17 125 010 4 014 0001,REGULAÇÃO OPERACIONAL E FISCALIZAÇÃO DA PRESTAÇÃO DE SERVIÇOS,3 1 91 13 21,OBRIGAÇÃO PATRONAL - PESSOAL ATIVO - ASSISTÊNCIA À SAÚDE,14229,2011,IPSEMG
2441,ARSAE -MG,2 44 1 17 125 010 4 014 0001,REGULAÇÃO OPERACIONAL E FISCALIZAÇÃO DA PRESTAÇÃO DE SERVIÇOS,3 1 91 13 26,OBRIGAÇÃO PATRONAL SUPLEMENTAR – PESSOAL ATIVO,497458,4711,FFP - MG
2441,ARSAE -MG,2 44 1 17 125 010 4 015 0001,ATENDIMENTO AO INTERESSADO NA PRESTAÇÃO DE SERVIÇOS,3 1 91 13 5,OBRIGAÇÃO PATRONAL - PESSOAL ATIVO - PREVIDÊNCIA,48566,4711,FFP - MG
2441,ARSAE -MG,2 44 1 17 125 010 4 015 0001,ATENDIMENTO AO INTERESSADO NA PRESTAÇÃO DE SERVIÇOS,3 1 91 13 21,OBRIGAÇÃO PATRONAL - PESSOAL ATIVO - ASSISTÊNCIA À SAÚDE,1140,2011,IPSEMG
2441,ARSAE -MG,2 44 1 17 125 010 4 015 0001,ATENDIMENTO AO INTERESSADO NA PRESTAÇÃO DE SERVIÇOS,3 1 91 13 26,OBRIGAÇÃO PATRONAL SUPLEMENTAR – PESSOAL ATIVO,38008,4711,FFP - MG
2461,ARMVA,2 46 1 04 122 705 2 500 0001,ASSESSORAMENTO E GERENCIAMENTO DE POLÍTICAS PÚBLICAS,3 1 91 13 5,OBRIGAÇÃO PATRONAL - PESSOAL ATIVO - PREVIDÊNCIA,24899,4711,FFP - MG
2461,ARMVA,2 46 1 04 122 705 2 500 0001,ASSESSORAMENTO E GERENCIAMENTO DE POLÍTICAS PÚBLICAS,3 1 91 13 21,OBRIGAÇÃO PATRONAL - PESSOAL ATIVO - ASSISTÊNCIA À SAÚDE,2218,2011,IPSEMG
2461,ARMVA,2 46 1 04 122 705 2 500 0001,ASSESSORAMENTO E GERENCIAMENTO DE POLÍTICAS PÚBLICAS,3 1 91 13 26,OBRIGAÇÃO PATRONAL SUPLEMENTAR – PESSOAL ATIVO,32751,4711,FFP - MG
2461,ARMVA,2 46 1 15 127 077 4 273 0001,REGULAÇÃO METROPOLITANA,3 1 91 13 5,OBRIGAÇÃO PATRONAL - PESSOAL ATIVO - PREVIDÊNCIA,89733,4711,FFP - MG
2461,ARMVA,2 46 1 15 127 077 4 273 0001,REGULAÇÃO METROPOLITANA,3 1 91 13 21,OBRIGAÇÃO PATRONAL - PESSOAL ATIVO - ASSISTÊNCIA À SAÚDE,1930,2011,IPSEMG
2461,ARMVA,2 46 1 15 127 077 4 273 0001,REGULAÇÃO METROPOLITANA,3 1 91 13 26,OBRIGAÇÃO PATRONAL SUPLEMENTAR – PESSOAL ATIVO,78914,4711,FFP - MG
4291,FES,4 29 1 10 061 062 4 133 0001,ATENDIMENTO ÀS MEDIDAS JUDICIAIS,3 1 91 13 5,OBRIGAÇÃO PATRONAL - PESSOAL ATIVO - PREVIDÊNCIA,688528,4711,FFP - MG
4291,FES,4 29 1 10 061 062 4 133 0001,ATENDIMENTO ÀS MEDIDAS JUDICIAIS,3 1 91 13 21,OBRIGAÇÃO PATRONAL - PESSOAL ATIVO - ASSISTÊNCIA À SAÚDE,13597,2011,IPSEMG
4291,FES,4 29 1 10 122 059 2 024 0001,GESTÃO REGIONAL EM SAÚDE,3 1 91 13 5,OBRIGAÇÃO PATRONAL - PESSOAL ATIVO - PREVIDÊNCIA,48048488,4711,FFP - MG
4291,FES,4 29 1 10 122 059 2 024 0001,GESTÃO REGIONAL EM SAÚDE,3 1 91 13 21,OBRIGAÇÃO PATRONAL - PESSOAL ATIVO - ASSISTÊNCIA À SAÚDE,1793444,2011,IPSEMG
4291,FES,4 29 1 10 122 059 2 027 0001,PROGRAMA ESTADUAL DE MUNICIPALIZAÇÃO,3 1 91 13 5,OBRIGAÇÃO PATRONAL - PESSOAL ATIVO - PREVIDÊNCIA,18486086,4711,FFP - MG
4291,FES,4 29 1 10 122 059 2 027 0001,PROGRAMA ESTADUAL DE MUNICIPALIZAÇÃO,3 1 91 13 21,OBRIGAÇÃO PATRONAL - PESSOAL ATIVO - ASSISTÊNCIA À SAÚDE,741544,2011,IPSEMG
4291,FES,4 29 1 10 122 166 2 112 0001,DESENVOLVIMENTO DAS AÇÕES DE SAÚDE NO ÂMBITO DA SECRETARIA DE ESTADO DE JUSTIÇA E SEGURANÇA PÚBLICA - SEJUSP,3 3 91 41 4,CONTRIBUIÇÕES DO FUNDO ESTADUAL DE SAUDE - FES - LC 141/2012,210712260,1451,SEJUSP
4291,FES,4 29 1 10 122 705 2 500 0001,ASSESSORAMENTO E GERENCIAMENTO DE POLÍTICAS PÚBLICAS,3 1 91 13 5,OBRIGAÇÃO PATRONAL - PESSOAL ATIVO - PREVIDÊNCIA,9209755,4711,FFP - MG
4291,FES,4 29 1 10 122 705 2 500 0001,ASSESSORAMENTO E GERENCIAMENTO DE POLÍTICAS PÚBLICAS,3 1 91 13 21,OBRIGAÇÃO PATRONAL - PESSOAL ATIVO - ASSISTÊNCIA À SAÚDE,243792,2011,IPSEMG
4291,FES,4 29 1 10 128 166 2 110 0001,DESENVOLVIMENTO DAS AÇÕES DE SAÚDE NO ÂMBITO DA ESCOLA DE SAÚDE PÚBLICA DO ESTADO DE MINAS GERAIS- ESP,3 3 91 41 4,CONTRIBUIÇÕES DO FUNDO ESTADUAL DE SAUDE - FES - LC 141/2012,22542963,1541,ESP MG
4291,FES,4 29 1 10 301 060 4 125 0001,FORTALECIMENTO DA ATENÇÃO PRIMÁRIA À SAÚDE,3 1 91 13 5,OBRIGAÇÃO PATRONAL - PESSOAL ATIVO - PREVIDÊNCIA,1696375,4711,FFP - MG
4291,FES,4 29 1 10 301 060 4 125 0001,FORTALECIMENTO DA ATENÇÃO PRIMÁRIA À SAÚDE,3 1 91 13 21,OBRIGAÇÃO PATRONAL - PESSOAL ATIVO - ASSISTÊNCIA À SAÚDE,34317,2011,IPSEMG
4291,FES,4 29 1 10 302 058 4 121 0001,POLÍTICA DE ATENÇÃO HOSPITALAR E URGÊNCIA E EMERGÊNCIA,3 1 91 13 5,OBRIGAÇÃO PATRONAL - PESSOAL ATIVO - PREVIDÊNCIA,1615902,4711,FFP - MG
4291,FES,4 29 1 10 302 058 4 121 0001,POLÍTICA DE ATENÇÃO HOSPITALAR E URGÊNCIA E EMERGÊNCIA,3 1 91 13 21,OBRIGAÇÃO PATRONAL - PESSOAL ATIVO - ASSISTÊNCIA À SAÚDE,29335,2011,IPSEMG
4291,FES,4 29 1 10 302 061 4 131 0001,ATENÇÃO ESPECIALIZADA AMBULATORIAL,3 1 91 13 5,OBRIGAÇÃO PATRONAL - PESSOAL ATIVO - PREVIDÊNCIA,3177463,4711,FFP - MG
4291,FES,4 29 1 10 302 061 4 131 0001,ATENÇÃO ESPECIALIZADA AMBULATORIAL,3 1 91 13 21,OBRIGAÇÃO PATRONAL - PESSOAL ATIVO - ASSISTÊNCIA À SAÚDE,43998,2011,IPSEMG
4291,FES,4 29 1 10 302 062 4 135 0001,ACESSO ELETIVO,3 1 91 13 5,OBRIGAÇÃO PATRONAL - PESSOAL ATIVO - PREVIDÊNCIA,3581840,4711,FFP - MG
4291,FES,4 29 1 10 302 062 4 135 0001,ACESSO ELETIVO,3 1 91 13 21,OBRIGAÇÃO PATRONAL - PESSOAL ATIVO - ASSISTÊNCIA À SAÚDE,71030,2011,IPSEMG
4291,FES,4 29 1 10 302 062 4 137 0001,"PROGRAMAÇÃO, CONTRATAÇÃO E PROCESSAMENTO DE SERVIÇOS DE SAÚDE",3 1 91 13 5,OBRIGAÇÃO PATRONAL - PESSOAL ATIVO - PREVIDÊNCIA,1128486,4711,FFP - MG
4291,FES,4 29 1 10 302 062 4 137 0001,"PROGRAMAÇÃO, CONTRATAÇÃO E PROCESSAMENTO DE SERVIÇOS DE SAÚDE",3 1 91 13 21,OBRIGAÇÃO PATRONAL - PESSOAL ATIVO - ASSISTÊNCIA À SAÚDE,24751,2011,IPSEMG
4291,FES,4 29 1 10 302 062 4 137 0001,"PROGRAMAÇÃO, CONTRATAÇÃO E PROCESSAMENTO DE SERVIÇOS DE SAÚDE",3 3 91 39 28,SERVIÇOS DE SAÚDE EXECUTADOS COM RECURSOS DO SUS,1121824,2261,FUNED
4291,FES,4 29 1 10 302 062 4 137 0001,"PROGRAMAÇÃO, CONTRATAÇÃO E PROCESSAMENTO DE SERVIÇOS DE SAÚDE",3 3 91 39 28,SERVIÇOS DE SAÚDE EXECUTADOS COM RECURSOS DO SUS,24574540,2271,FHEMIG
4291,FES,4 29 1 10 302 062 4 137 0001,"PROGRAMAÇÃO, CONTRATAÇÃO E PROCESSAMENTO DE SERVIÇOS DE SAÚDE",3 3 91 39 98,SERVIÇOS DE SAÚDE PRESTADOS CONTRATUALMENTE POR PESSOA JURÍDICA,59544343,2321,HEMOMINAS
4291,FES,4 29 1 10 302 166 2 111 0001,DESENVOLVIMENTO DAS AÇÕES DE SAÚDE NO ÂMBITO DA FUNDAÇÃO HOSPITALAR DO ESTADO DE MINAS GERAIS- FHEMIG,3 3 91 41 4,CONTRIBUIÇÕES DO FUNDO ESTADUAL DE SAUDE - FES - LC 141/2012,2063696260,2271,FHEMIG
4291,FES,4 29 1 10 302 166 2 115 0001,DESENVOLVIMENTO DAS AÇÕES DE SAÚDE NO ÂMBITO DO CORPO DE BOMBEIROS MILITAR DO ESTADO DE MINAS GERAIS,3 3 91 41 4,CONTRIBUIÇÕES DO FUNDO ESTADUAL DE SAUDE - FES - LC 141/2012,6147590,1401,CBMMG
4291,FES,4 29 1 10 302 166 2 135 0001,DESENVOLVIMENTO DAS AÇÕES DE SAÚDE NO ÂMBITO DA FUNDAÇÃO CENTRO DE HEMATOLOGIA E HEMOTERAPIA DE MINAS GERAIS- HEMOMINAS,3 3 91 41 4,CONTRIBUIÇÕES DO FUNDO ESTADUAL DE SAUDE - FES - LC 141/2012,375588458,2321,HEMOMINAS
4291,FES,4 29 1 10 303 064 4 149 0001,POLÍTICAS DE ASSISTÊNCIA FARMACÊUTICA,3 1 91 13 5,OBRIGAÇÃO PATRONAL - PESSOAL ATIVO - PREVIDÊNCIA,1591816,4711,FFP - MG
4291,FES,4 29 1 10 303 064 4 149 0001,POLÍTICAS DE ASSISTÊNCIA FARMACÊUTICA,3 1 91 13 21,OBRIGAÇÃO PATRONAL - PESSOAL ATIVO - ASSISTÊNCIA À SAÚDE,27282,2011,IPSEMG
4291,FES,4 29 1 10 303 166 2 136 0001,DESENVOLVIMENTO DAS AÇÕES DE SAÚDE NO ÂMBITO DA FUNDAÇÃO EZEQUIEL DIAS- FUNED,3 3 91 41 4,CONTRIBUIÇÕES DO FUNDO ESTADUAL DE SAUDE - FES - LC 141/2012,508933086,2261,FUNED
4291,FES,4 29 1 10 304 063 4 147 0001,VIGILÂNCIA SANITÁRIA,3 1 91 13 5,OBRIGAÇÃO PATRONAL - PESSOAL ATIVO - PREVIDÊNCIA,3157231,4711,FFP - MG
4291,FES,4 29 1 10 304 063 4 147 0001,VIGILÂNCIA SANITÁRIA,3 1 91 13 21,OBRIGAÇÃO PATRONAL - PESSOAL ATIVO - ASSISTÊNCIA À SAÚDE,59497,2011,IPSEMG
4291,FES,4 29 1 10 305 063 4 143 0001,ASSESSORAMENTO E GERENCIAMENTO DE POLÍTICAS DE VIGILÂNCIA EM SAÚDE,3 1 91 13 5,OBRIGAÇÃO PATRONAL - PESSOAL ATIVO - PREVIDÊNCIA,991773,4711,FFP - MG
4291,FES,4 29 1 10 305 063 4 143 0001,ASSESSORAMENTO E GERENCIAMENTO DE POLÍTICAS DE VIGILÂNCIA EM SAÚDE,3 1 91 13 21,OBRIGAÇÃO PATRONAL - PESSOAL ATIVO - ASSISTÊNCIA À SAÚDE,11735,2011,IPSEMG
4291,FES,4 29 1 10 305 063 4 145 0001,VIGILÂNCIA DE DOENÇAS TRANSMISSÍVEIS E IMUNIZAÇÃO,3 1 91 13 5,OBRIGAÇÃO PATRONAL - PESSOAL ATIVO - PREVIDÊNCIA,2797282,4711,FFP - MG
4291,FES,4 29 1 10 305 063 4 145 0001,VIGILÂNCIA DE DOENÇAS TRANSMISSÍVEIS E IMUNIZAÇÃO,3 1 91 13 21,OBRIGAÇÃO PATRONAL - PESSOAL ATIVO - ASSISTÊNCIA À SAÚDE,72797,2011,IPSEMG
4451,FEPDC,4 45 1 03 061 738 4 256 0001,APOIO ÀS AÇÕES DE PROTEÇÃO E DEFESA AO CONSUMIDOR,3 3 91 41 7,TRANSFERÊNCIAS ENTRE FUNDOS ESTADUAIS,5250000,4441,FUNEMP
4711,FFP - MG,4 71 1 09 272 705 7 008 0001,BENEFÍCIO PREVIDENCIÁRIO DE PENSÃO,3 1 91 13 8,OBRIGAÇÃO PATRONAL - PENSIONISTAS - PREVIDÊNCIA,22835542,2011,IPSEMG
4711,FFP - MG,4 71 1 09 272 705 7 012 0001,BENEFÍCIOS PREVIDENCIÁRIOS - ESP-MG,3 1 91 13 22,OBRIGAÇÃO PATRONAL - PESSOAL INATIVO - ASSISTÊNCIA À SAÚDE,6886,2011,IPSEMG
4711,FFP - MG,4 71 1 09 272 705 7 014 0001,BENEFÍCIOS PREVIDENCIÁRIOS - SEJUSP,3 1 91 13 22,OBRIGAÇÃO PATRONAL - PESSOAL INATIVO - ASSISTÊNCIA À SAÚDE,889591,2011,IPSEMG
4711,FFP - MG,4 71 1 09 272 705 7 017 0001,BENEFÍCIOS PREVIDENCIÁRIOS - GABINETE MILITAR,3 1 91 13 22,OBRIGAÇÃO PATRONAL - PESSOAL INATIVO - ASSISTÊNCIA À SAÚDE,28985,2011,IPSEMG
4711,FFP - MG,4 71 1 09 272 705 7 018 0001,BENEFÍCIOS PREVIDENCIÁRIOS - AGE,3 1 91 13 22,OBRIGAÇÃO PATRONAL - PESSOAL INATIVO - ASSISTÊNCIA À SAÚDE,139157,2011,IPSEMG
4711,FFP - MG,4 71 1 09 272 705 7 022 0001,BENEFÍCIOS PREVIDENCIÁRIOS - FAPEMIG,3 1 91 13 22,OBRIGAÇÃO PATRONAL - PESSOAL INATIVO - ASSISTÊNCIA À SAÚDE,11472,2011,IPSEMG
4711,FFP - MG,4 71 1 09 272 705 7 023 0001,PROVENTOS DE APOSENTADORIA E PENSÃO DE EXTINTOS CONVÊNIOS,3 1 91 13 8,OBRIGAÇÃO PATRONAL - PENSIONISTAS - PREVIDÊNCIA,959403,2011,IPSEMG
4711,FFP - MG,4 71 1 09 272 705 7 023 0001,PROVENTOS DE APOSENTADORIA E PENSÃO DE EXTINTOS CONVÊNIOS,3 1 91 13 22,OBRIGAÇÃO PATRONAL - PESSOAL INATIVO - ASSISTÊNCIA À SAÚDE,107043,2011,IPSEMG
4711,FFP - MG,4 71 1 09 272 705 7 037 0001,BENEFÍCIOS PREVIDENCIÁRIOS - SEF,3 1 91 13 6,OBRIGAÇÃO PATRONAL - PESSOAL INATIVO - PREVIDÊNCIA,23724,2121,IPSM
4711,FFP - MG,4 71 1 09 272 705 7 037 0001,BENEFÍCIOS PREVIDENCIÁRIOS - SEF,3 1 91 13 22,OBRIGAÇÃO PATRONAL - PESSOAL INATIVO - ASSISTÊNCIA À SAÚDE,3337408,2011,IPSEMG
4711,FFP - MG,4 71 1 09 272 705 7 044 0001,BENEFÍCIOS PREVIDENCIÁRIOS - CGE,3 1 91 13 22,OBRIGAÇÃO PATRONAL - PESSOAL INATIVO - ASSISTÊNCIA À SAÚDE,19603,2011,IPSEMG
4711,FFP - MG,4 71 1 09 272 705 7 046 0001,BENEFÍCIOS PREVIDENCIÁRIOS - UNIMONTES,3 1 91 13 22,OBRIGAÇÃO PATRONAL - PESSOAL INATIVO - ASSISTÊNCIA À SAÚDE,342835,2011,IPSEMG
4711,FFP - MG,4 71 1 09 272 705 7 047 0001,BENEFÍCIOS PREVIDENCIÁRIOS - IPEM/MG,3 1 91 13 22,OBRIGAÇÃO PATRONAL - PESSOAL INATIVO - ASSISTÊNCIA À SAÚDE,152140,2011,IPSEMG
4711,FFP - MG,4 71 1 09 272 705 7 048 0001,BENEFÍCIOS PREVIDENCIÁRIOS - PCMG,3 1 91 13 6,OBRIGAÇÃO PATRONAL - PESSOAL INATIVO - PREVIDÊNCIA,32612,2121,IPSM
4711,FFP - MG,4 71 1 09 272 705 7 048 0001,BENEFÍCIOS PREVIDENCIÁRIOS - PCMG,3 1 91 13 22,OBRIGAÇÃO PATRONAL - PESSOAL INATIVO - ASSISTÊNCIA À SAÚDE,11980675,2011,IPSEMG
4711,FFP - MG,4 71 1 09 272 705 7 049 0001,BENEFÍCIOS PREVIDENCIÁRIOS - SEPLAG,3 1 91 13 22,OBRIGAÇÃO PATRONAL - PESSOAL INATIVO - ASSISTÊNCIA À SAÚDE,1470684,2011,IPSEMG
4711,FFP - MG,4 71 1 09 272 705 7 051 0001,BENEFÍCIOS PREVIDENCIÁRIOS - SEGOV,3 1 91 13 22,OBRIGAÇÃO PATRONAL - PESSOAL INATIVO - ASSISTÊNCIA À SAÚDE,1010141,2011,IPSEMG
4711,FFP - MG,4 71 1 09 272 705 7 052 0001,BENEFÍCIOS PREVIDENCIÁRIOS - SEDESE,3 1 91 13 22,OBRIGAÇÃO PATRONAL - PESSOAL INATIVO - ASSISTÊNCIA À SAÚDE,853814,2011,IPSEMG
4711,FFP - MG,4 71 1 09 272 705 7 055 0001,BENEFÍCIOS PREVIDENCIÁRIOS - OGE,3 1 91 13 22,OBRIGAÇÃO PATRONAL - PESSOAL INATIVO - ASSISTÊNCIA À SAÚDE,1832,2011,IPSEMG
4711,FFP - MG,4 71 1 09 272 705 7 056 0001,BENEFÍCIOS PREVIDENCIÁRIOS - SEDE,3 1 91 13 22,OBRIGAÇÃO PATRONAL - PESSOAL INATIVO - ASSISTÊNCIA À SAÚDE,382949,2011,IPSEMG
4711,FFP - MG,4 71 1 09 272 705 7 058 0001,BENEFÍCIOS PREVIDENCIÁRIOS - SEAPA,3 1 91 13 22,OBRIGAÇÃO PATRONAL - PESSOAL INATIVO - ASSISTÊNCIA À SAÚDE,434186,2011,IPSEMG
4711,FFP - MG,4 71 1 09 272 705 7 059 0001,BENEFÍCIOS PREVIDENCIÁRIOS - SECULT,3 1 91 13 22,OBRIGAÇÃO PATRONAL - PESSOAL INATIVO - ASSISTÊNCIA À SAÚDE,192780,2011,IPSEMG
4711,FFP - MG,4 71 1 09 272 705 7 060 0001,BENEFÍCIOS PREVIDENCIÁRIOS - UEMG,3 1 91 13 22,OBRIGAÇÃO PATRONAL - PESSOAL INATIVO - ASSISTÊNCIA À SAÚDE,236087,2011,IPSEMG
4711,FFP - MG,4 71 1 09 272 705 7 061 0001,BENEFÍCIOS PREVIDENCIÁRIOS - SEINFRA,3 1 91 13 22,OBRIGAÇÃO PATRONAL - PESSOAL INATIVO - ASSISTÊNCIA À SAÚDE,74969,2011,IPSEMG
4711,FFP - MG,4 71 1 09 272 705 7 063 0001,BENEFÍCIOS PREVIDENCIÁRIOS - SEMAD,3 1 91 13 22,OBRIGAÇÃO PATRONAL - PESSOAL INATIVO - ASSISTÊNCIA À SAÚDE,17981,2011,IPSEMG
4711,FFP - MG,4 71 1 09 272 705 7 088 0001,BENEFÍCIOS PREVIDENCIÁRIOS - IMA,3 1 91 13 22,OBRIGAÇÃO PATRONAL - PESSOAL INATIVO - ASSISTÊNCIA À SAÚDE,583136,2011,IPSEMG
4711,FFP - MG,4 71 1 09 272 705 7 089 0001,BENEFÍCIOS PREVIDENCIÁRIOS - FHA,3 1 91 13 22,OBRIGAÇÃO PATRONAL - PESSOAL INATIVO - ASSISTÊNCIA À SAÚDE,34215,2011,IPSEMG
4711,FFP - MG,4 71 1 09 272 705 7 091 0001,BENEFÍCIOS PREVIDENCIÁRIOS - FUCAM,3 1 91 13 22,OBRIGAÇÃO PATRONAL - PESSOAL INATIVO - ASSISTÊNCIA À SAÚDE,58836,2011,IPSEMG
4711,FFP - MG,4 71 1 09 272 705 7 094 0001,BENEFÍCIOS PREVIDENCIÁRIOS - FAOP,3 1 91 13 22,OBRIGAÇÃO PATRONAL - PESSOAL INATIVO - ASSISTÊNCIA À SAÚDE,1523,2011,IPSEMG
4711,FFP - MG,4 71 1 09 272 705 7 096 0001,BENEFÍCIOS PREVIDENCIÁRIOS - FCS,3 1 91 13 22,OBRIGAÇÃO PATRONAL - PESSOAL INATIVO - ASSISTÊNCIA À SAÚDE,105465,2011,IPSEMG
4711,FFP - MG,4 71 1 09 272 705 7 104 0001,BENEFÍCIOS PREVIDENCIÁRIOS - IEPHA,3 1 91 13 22,OBRIGAÇÃO PATRONAL - PESSOAL INATIVO - ASSISTÊNCIA À SAÚDE,62949,2011,IPSEMG
4711,FFP - MG,4 71 1 09 272 705 7 205 0001,BENEFÍCIOS PREVIDENCIÁRIOS - DEER,3 1 91 13 22,OBRIGAÇÃO PATRONAL - PESSOAL INATIVO - ASSISTÊNCIA À SAÚDE,6051242,2011,IPSEMG
4711,FFP - MG,4 71 1 09 272 705 7 209 0001,BENEFÍCIOS PREVIDENCIÁRIOS - FUNED,3 1 91 13 22,OBRIGAÇÃO PATRONAL - PESSOAL INATIVO - ASSISTÊNCIA À SAÚDE,271090,2011,IPSEMG
4711,FFP - MG,4 71 1 09 272 705 7 225 0001,BENEFÍCIOS PREVIDENCIÁRIOS - FHEMIG,3 1 91 13 22,OBRIGAÇÃO PATRONAL - PESSOAL INATIVO - ASSISTÊNCIA À SAÚDE,3363251,2011,IPSEMG
4711,FFP - MG,4 71 1 09 272 705 7 312 0001,BENEFÍCIOS PREVIDENCIÁRIOS - HEMOMINAS,3 1 91 13 22,OBRIGAÇÃO PATRONAL - PESSOAL INATIVO - ASSISTÊNCIA À SAÚDE,166238,2011,IPSEMG
4711,FFP - MG,4 71 1 09 272 705 7 428 0001,BENEFÍCIOS PREVIDENCIÁRIOS - FEAM,3 1 91 13 22,OBRIGAÇÃO PATRONAL - PESSOAL INATIVO - ASSISTÊNCIA À SAÚDE,89560,2011,IPSEMG
4711,FFP - MG,4 71 1 09 272 705 7 473 0001,BENEFÍCIOS PREVIDENCIÁRIOS - IEF,3 1 91 13 22,OBRIGAÇÃO PATRONAL - PESSOAL INATIVO - ASSISTÊNCIA À SAÚDE,413202,2011,IPSEMG
4711,FFP - MG,4 71 1 09 272 705 7 484 0001,BENEFÍCIOS PREVIDENCIÁRIOS - IGAM,3 1 91 13 22,OBRIGAÇÃO PATRONAL - PESSOAL INATIVO - ASSISTÊNCIA À SAÚDE,44860,2011,IPSEMG
4711,FFP - MG,4 71 1 09 272 705 7 529 0001,BENEFÍCIOS PREVIDENCIÁRIOS - JUCEMG,3 1 91 13 22,OBRIGAÇÃO PATRONAL - PESSOAL INATIVO - ASSISTÊNCIA À SAÚDE,85258,2011,IPSEMG
4711,FFP - MG,4 71 1 09 272 705 7 586 0001,BENEFÍCIOS PREVIDENCIÁRIOS - UTRAMIG,3 1 91 13 22,OBRIGAÇÃO PATRONAL - PESSOAL INATIVO - ASSISTÊNCIA À SAÚDE,16437,2011,IPSEMG
4711,FFP - MG,4 71 1 09 272 705 7 617 0001,BENEFÍCIOS PREVIDENCIÁRIOS - LEMG,3 1 91 13 22,OBRIGAÇÃO PATRONAL - PESSOAL INATIVO - ASSISTÊNCIA À SAÚDE,20444,2011,IPSEMG
4711,FFP - MG,4 71 1 09 272 705 7 722 0001,BENEFÍCIOS PREVIDENCIÁRIOS - FJP,3 1 91 13 22,OBRIGAÇÃO PATRONAL - PESSOAL INATIVO - ASSISTÊNCIA À SAÚDE,221445,2011,IPSEMG
4711,FFP - MG,4 71 1 09 272 705 7 725 0001,BENEFÍCIOS PREVIDENCIÁRIOS - IPSEMG,3 1 91 13 22,OBRIGAÇÃO PATRONAL - PESSOAL INATIVO - ASSISTÊNCIA À SAÚDE,3107289,2011,IPSEMG
4711,FFP - MG,4 71 1 09 272 705 7 840 0001,BENEFÍCIOS PREVIDENCIÁRIOS - IPSM,3 1 91 13 22,OBRIGAÇÃO PATRONAL - PESSOAL INATIVO - ASSISTÊNCIA À SAÚDE,6018,2011,IPSEMG
4711,FFP - MG,4 71 1 09 272 705 7 939 0001,BENEFÍCIOS PREVIDENCIÁRIOS - IDENE,3 1 91 13 22,OBRIGAÇÃO PATRONAL - PESSOAL INATIVO - ASSISTÊNCIA À SAÚDE,34599,2011,IPSEMG
4711,FFP - MG,4 71 1 09 272 705 7 957 0001,BENEFÍCIOS PREVIDENCIÁRIOS - SEE,3 1 91 13 6,OBRIGAÇÃO PATRONAL - PESSOAL INATIVO - PREVIDÊNCIA,3931,2121,IPSM
4711,FFP - MG,4 71 1 09 272 705 7 957 0001,BENEFÍCIOS PREVIDENCIÁRIOS - SEE,3 1 91 13 22,OBRIGAÇÃO PATRONAL - PESSOAL INATIVO - ASSISTÊNCIA À SAÚDE,171718066,2011,IPSEMG
4711,FFP - MG,4 71 1 09 272 705 7 959 0001,BENEFÍCIOS PREVIDENCIÁRIOS - SES,3 1 91 13 6,OBRIGAÇÃO PATRONAL - PESSOAL INATIVO - PREVIDÊNCIA,3461,2121,IPSM
4711,FFP - MG,4 71 1 09 272 705 7 959 0001,BENEFÍCIOS PREVIDENCIÁRIOS - SES,3 1 91 13 22,OBRIGAÇÃO PATRONAL - PESSOAL INATIVO - ASSISTÊNCIA À SAÚDE,6866875,2011,IPSEMG
