ORGAO_COD,UNIDADE_ADIMINISTRATIVA_COD,NUMERO_DA_OBRA_SIAD,NUMERO_DE_REFERENCIA_DA_UO,SITUACAO,DESCRICAO,DATA_DE_INICIO,DATA_DE_TERMINO,ANO_DE_EXERCICIO,VALOR_GLOBAL
1010 ASSEMBLEIA LEGISLATIVA DO ESTADO DE MINAS GERAIS,1011014 GERENCIA DE COMPRAS,11076,OBRA 10 SIAFI,Obra em Execução,MODERNIZAÇÃO DO EDIFICIO TIRADENTES,01/12/2018,31/12/2024,2020,13000000
1020 TRIBUNAL DE CONTAS DO ESTADO DE MINAS GERAIS,1021011 COORD. MANUT. OBRAS,12081,-,Em Concepção e Planejamento,"Prestação de serviços de engenharia de consultoria em estruturas para a elaboração de Laudo Estrutural, projeto de recuperação estrutural e visitas de acompanhamento das obras, relacionados às patologias que se manifestam nas estruturas do Edifício Sede do Tribunal.",02/12/2021,01/05/2024,2023,31800
1020 TRIBUNAL DE CONTAS DO ESTADO DE MINAS GERAIS,1021011 COORD. MANUT. OBRAS,12205,-,Em Concepção e Planejamento,"Modernização do sistema de transporte vertical, composto por 03 (três) elevadores instalados no Ed. Anexo I e manutenção preventiva e corretiva de 03(três) elevadores a serem modernizados e 01 (um) elevador instalado no Anexo II",24/07/2023,23/07/2024,2023,601325
1020 TRIBUNAL DE CONTAS DO ESTADO DE MINAS GERAIS,1021011 COORD. MANUT. OBRAS,12209,-,Em Concepção e Planejamento,"Contratação de empresa especializada na prestação de serviços de engenharia, pelo regime de empreitada por preço global, para a execução de telhado no Edifício Anexo I do TRIBUNAL, conforme especificações e quantitativos constantes deste contrato e do termo de referência.",24/07/2023,23/07/2024,2023,513000
1030 TRIBUNAL DA JUSTICA DO ESTADO DE MINAS GERAIS,1031022 DENGEP,12174,-,Em Concepção e Planejamento,Prestação de serviço técnico de engenharia de memória de cálculo dos ajustes e coordenograma do relé de proteção secundário para subestações.,19/06/2023,18/09/2025,2023,194197
1030 TRIBUNAL DA JUSTICA DO ESTADO DE MINAS GERAIS,1031023 GEPRO,9759,-,Em Concepção e Planejamento,Construção da ampliação do prédio do Tribunal de Justiça do Estado de Minas Gerais - Unidade Afonso Pena,25/02/2015,28/03/2024,2016,1431542
1030 TRIBUNAL DA JUSTICA DO ESTADO DE MINAS GERAIS,1031023 GEPRO,10743,-,Em Concepção e Planejamento,"PRESTAÇÃO DE SERVIÇO TÉCNICO PROFISSIONAL ESPECIALIZADO DE ELABORAÇÃO DE PROJETOS PARA CONSTRUÇÕES, AMPLIAÇÕES E/OU REFORMAS DE EDIFICAÇÕES DO TJMG EM DIVERSAS COMARCAS",25/01/2019,16/01/2024,2019,2900998
1030 TRIBUNAL DA JUSTICA DO ESTADO DE MINAS GERAIS,1031023 GEPRO,11036,-,Em Concepção e Planejamento,"Elaboração de projetos para construções, ampliações e / ou reformas de edificações do Tribunal em diversas comarcas",17/02/2020,07/06/2024,2020,1360484
1030 TRIBUNAL DA JUSTICA DO ESTADO DE MINAS GERAIS,1031023 GEPRO,11866,-,Em Concepção e Planejamento,"Prestação de serviços técnicos especializados de engenharia de elaboração de Projetos Executivos de Segurança Contra Incêndio e Pânico (PSCIP), inclusive sua aprovação junto ao Corpo de Bombeiros Militar de MG - CBMMG, e demais projetos necessários à adequação das edificações do TJMG",01/06/2022,29/02/2024,2022,150000
1030 TRIBUNAL DA JUSTICA DO ESTADO DE MINAS GERAIS,1031023 GEPRO,11884,-,Em Concepção e Planejamento,"elaboração de projetos estruturais desuperestrutura, fundação (mesoestrutura e infraestrutura)e demais elementos estruturais necessários à implantação de uma edificação.",22/06/2022,20/07/2025,2022,99998
1030 TRIBUNAL DA JUSTICA DO ESTADO DE MINAS GERAIS,1031023 GEPRO,12093,-,Em Concepção e Planejamento,"Prestação de serviços técnicos especializados de engenharia de avaliação de conformidade de projetos estruturais de edificações às normas NBR 6118/14, NBR 6122/19, NBR 8800/08 e outras complementares e específicas, com emissão de Parecer Técnico",25/10/2021,22/04/2025,2023,204999
1030 TRIBUNAL DA JUSTICA DO ESTADO DE MINAS GERAIS,1031023 GEPRO,12094,-,Em Concepção e Planejamento,"Prestação de serviço técnico especializado de avaliação de conformidade do projeto estrutural de reforma e ampliação do Edifício Sede do TRIBUNAL, localizado em Belo Horizonte/MG",09/12/2022,03/01/2024,2023,529000
1030 TRIBUNAL DA JUSTICA DO ESTADO DE MINAS GERAIS,1031023 GEPRO,12096,-,Em Concepção e Planejamento,"Prestação de serviços técnicos especializados de engenharia de avaliação de conformidade de projetos estruturais de edificações às normas NBR 6118/14, NBR 6122/19, NBR 8800/08 e outras complementares e específicas, com emissão de Parecer Técnico.",22/10/2021,19/04/2025,2023,180798
1030 TRIBUNAL DA JUSTICA DO ESTADO DE MINAS GERAIS,1031023 GEPRO,12097,-,Em Concepção e Planejamento,"CT. 258/2021 - Prestação de serviços técnicos especializados de engenharia de avaliação de conformidade de projetos estruturais de edificações às normas NBR 6118/14, NBR 6122/19, NBR 8800/08 e outras complementares e específicas, com emissão de Parecer Técnico.",22/10/2021,19/04/2025,2023,213596
1030 TRIBUNAL DA JUSTICA DO ESTADO DE MINAS GERAIS,1031023 GEPRO,12191,9389704,Em Concepção e Planejamento,"Serviço técnico profissional especializado de elaboração de projetos para construções, ampliações e/ou reformas de edificações do TRIBUNAL em diversas comarcas.",07/07/2023,03/11/2027,2023,5874383
1030 TRIBUNAL DA JUSTICA DO ESTADO DE MINAS GERAIS,1031024 GEOB,10632,-,Em Concepção e Planejamento,Obra de construção do novo prédio do Fórum da Comarca de Juiz de Fora.,27/09/2018,16/08/2025,2018,88475048
1030 TRIBUNAL DA JUSTICA DO ESTADO DE MINAS GERAIS,1031024 GEOB,11025,3482019,Obra em Execução,"Contratação de empresa de engenharia especializada para elaboração de estudo, projeto executivo, fornecimento, instalação, comissionamento, monitoramento, assistência técnica em garantia e manutenção de sistemas de geração de energia fotovoltaica em diversas edificações ocupadas pelo TJMG",27/12/2019,23/12/2024,2019,9565902
1030 TRIBUNAL DA JUSTICA DO ESTADO DE MINAS GERAIS,1031024 GEOB,11419,-,Em Concepção e Planejamento,Subsídio à fiscalização do contrato da obra de construção do Fórum da Comarca de Montes Claros/MG,23/08/2021,07/08/2024,2021,1260480
1030 TRIBUNAL DA JUSTICA DO ESTADO DE MINAS GERAIS,1031024 GEOB,11702,-,Em Concepção e Planejamento,Contrato a retomada da obra de construção do novo prédio do Fórum da Comarca de Barbacena/MG,16/09/2021,03/05/2024,2021,36990703
1030 TRIBUNAL DA JUSTICA DO ESTADO DE MINAS GERAIS,1031024 GEOB,11769,-,Em Concepção e Planejamento,Contrato a retomada da obra de construção do novo prédio do Fórum da Comarca de Itaúna,16/12/2021,04/02/2024,2021,38321424
1030 TRIBUNAL DA JUSTICA DO ESTADO DE MINAS GERAIS,1031024 GEOB,11777,-,Em Concepção e Planejamento,Contrato a execução de obras de construção do novo prédio do Fórum da Comarca de Vespasiano/MG,27/12/2021,14/07/2024,2021,34746239
1030 TRIBUNAL DA JUSTICA DO ESTADO DE MINAS GERAIS,1031024 GEOB,11786,-,Em Concepção e Planejamento,Contrato a execução de obras de reforma e ampliação do Fórum da Comarca de Igarapé/MG,25/01/2022,14/02/2024,2022,18113641
1030 TRIBUNAL DA JUSTICA DO ESTADO DE MINAS GERAIS,1031024 GEOB,11800,-,Em Concepção e Planejamento,Construção do novo prédio do Fórum da Comarca de Governador Valadares,22/02/2022,06/02/2025,2022,69778789
1030 TRIBUNAL DA JUSTICA DO ESTADO DE MINAS GERAIS,1031024 GEOB,11824,-,Em Concepção e Planejamento,Retomada da obra de construção do novo prédio do Fórum da Comarca de Pará de Minas/MG,31/03/2022,19/05/2024,2022,38816961
1030 TRIBUNAL DA JUSTICA DO ESTADO DE MINAS GERAIS,1031024 GEOB,11860,-,Intenção,contrato a prestação de serviço especializado para assistência e subsídio à fiscalização do contrato da obra de construção do Fórum da Comarca de Barbacena – Lote 01,10/05/2022,27/08/2024,2022,754830
1030 TRIBUNAL DA JUSTICA DO ESTADO DE MINAS GERAIS,1031024 GEOB,11861,-,Intenção,contrato a prestação de serviço especializado para assistência e subsídio à fiscalização do contrato da obra de construção do Fórum da Comarca de Vespasiano – Lote 02,10/05/2022,28/07/2024,2022,723909
1030 TRIBUNAL DA JUSTICA DO ESTADO DE MINAS GERAIS,1031024 GEOB,11877,-,Em Concepção e Planejamento,Contrato a obra de reforma e ampliação,07/06/2022,24/05/2024,2022,11044825
1030 TRIBUNAL DA JUSTICA DO ESTADO DE MINAS GERAIS,1031024 GEOB,11897,-,Em Concepção e Planejamento,Contrato a obra de reforma e ampliação do Fórum da Comarca de Teófilo Otoni/MG,27/06/2022,15/02/2025,2022,34180225
1030 TRIBUNAL DA JUSTICA DO ESTADO DE MINAS GERAIS,1031024 GEOB,12011,-,Em Concepção e Planejamento,"Constitui objeto do presente Contrato o fornecimento e instalação de elevadores hidráulicos novos tipo “plataforma” bem como a prestação de assistência técnica no período de garantia das instalações, estando incluídas as desinstalações dos elevadores originais.",05/09/2022,05/04/2024,2022,370000
1030 TRIBUNAL DA JUSTICA DO ESTADO DE MINAS GERAIS,1031024 GEOB,12015,-,Em Concepção e Planejamento,Construção do novo prédio do Fórum da Comarca de Inhapim/MG,22/09/2022,13/06/2024,2022,15786495
1030 TRIBUNAL DA JUSTICA DO ESTADO DE MINAS GERAIS,1031024 GEOB,12022,-,Em Concepção e Planejamento,Retomada da obra de construção do novo prédio do Fórum da Comarca de Guanhães/MG.,06/10/2022,28/05/2024,2022,13908540
1030 TRIBUNAL DA JUSTICA DO ESTADO DE MINAS GERAIS,1031024 GEOB,12054,-,Em Concepção e Planejamento,Construção do novo prédio do Fórum da Comarca de Betim/MG,28/11/2022,12/11/2025,2022,79899587
1030 TRIBUNAL DA JUSTICA DO ESTADO DE MINAS GERAIS,1031024 GEOB,12063,-,Em Concepção e Planejamento,Constitui objeto do presente Contrato a execução de obra de construção do novo prédio do Fórum da Comarca de São João da Ponte/MG,14/12/2022,05/08/2024,2022,9240232
1030 TRIBUNAL DA JUSTICA DO ESTADO DE MINAS GERAIS,1031024 GEOB,12080,-,Em Concepção e Planejamento,"Obra de reforma geral da Unidade Olegário Maciel, prédio localizado na Avenida Olegário Maciel nº. 600, Centro, BH/MG, para instalação do Centro Judiciário de Solução de Conflito e Cidadania - CEJUSC/BH.",19/01/2023,13/04/2024,2023,8442700
1030 TRIBUNAL DA JUSTICA DO ESTADO DE MINAS GERAIS,1031024 GEOB,12115,-,Em Concepção e Planejamento,"Execução de obra de reforma para acessibilidade do Prédio do Juizado Especial da Unidade Francisco Sales, localizado na Av. Francisco Sales nº. 1446, bairro Santa Efigênia em Belo Horizonte/MG.",17/03/2023,11/01/2024,2023,500415
1030 TRIBUNAL DA JUSTICA DO ESTADO DE MINAS GERAIS,1031024 GEOB,12124,-,Em Concepção e Planejamento,Reforma para acessibilidade do Prédio do Juizado Especial - Central de Atermações localizado na Rua Curitiba nº. 632 - Centro - Belo Horizonte/MG.,03/04/2023,28/03/2024,2023,534822
1030 TRIBUNAL DA JUSTICA DO ESTADO DE MINAS GERAIS,1031024 GEOB,12129,-,Em Concepção e Planejamento,"Obra de instalação do sistema de Ar Condicionado do CIA-BH, prédio localizado na Avenida Afonso Pena, nº. 2.300 - Funcionários – Belo Horizonte - MG",13/04/2023,06/06/2024,2023,4967804
1030 TRIBUNAL DA JUSTICA DO ESTADO DE MINAS GERAIS,1031024 GEOB,12131,-,Em Concepção e Planejamento,"Obra de restauração e adaptação predial do Palácio da Justiça, localizado na Avenida Afonso Pena, nº. 1.420, Centro, Belo Horizonte/MG",13/04/2023,07/04/2025,2023,16781067
1030 TRIBUNAL DA JUSTICA DO ESTADO DE MINAS GERAIS,1031024 GEOB,12139,-,Em Concepção e Planejamento,Retomada da obra de construção do novo prédio do Fórum da Comarca de Dores do Indaiá/MG.,26/04/2023,19/07/2024,2023,7012699
1030 TRIBUNAL DA JUSTICA DO ESTADO DE MINAS GERAIS,1031024 GEOB,12142,-,Em Concepção e Planejamento,Execução de projeto estrutural de reforço e tratamento de patologias na estrutora do prédio da unidade Fórum Lafayette.,12/05/2023,06/04/2024,2023,32000
1030 TRIBUNAL DA JUSTICA DO ESTADO DE MINAS GERAIS,1031024 GEOB,12144,-,Em Concepção e Planejamento,Reforma e ampliação do Fórum da Comarca de Ipanema/MG,04/05/2023,23/04/2025,2023,12221473
1030 TRIBUNAL DA JUSTICA DO ESTADO DE MINAS GERAIS,1031024 GEOB,12146,-,Em Concepção e Planejamento,"Reforma geral do Fórum Lafayette, em Belo Horizonte/MG",11/05/2023,25/04/2026,2023,120777000
1030 TRIBUNAL DA JUSTICA DO ESTADO DE MINAS GERAIS,1031024 GEOB,12154,-,Em Concepção e Planejamento,Construção do Fórum e CEJUSC Digitais no município de Padre Paraíso/MG,26/05/2023,20/04/2024,2023,1795565
1030 TRIBUNAL DA JUSTICA DO ESTADO DE MINAS GERAIS,1031024 GEOB,12160,-,Em Concepção e Planejamento,Construção do novo prédio do Fórum da Comarca de Pitangui/MG,30/05/2023,18/02/2025,2023,15958587
1030 TRIBUNAL DA JUSTICA DO ESTADO DE MINAS GERAIS,1031024 GEOB,12161,-,Em Concepção e Planejamento,Construção do novo prédio do Fórum da Comarca de Bom Sucesso/MG,01/06/2023,22/12/2024,2023,10558330
1030 TRIBUNAL DA JUSTICA DO ESTADO DE MINAS GERAIS,1031024 GEOB,12176,-,Em Concepção e Planejamento,"Execução da instalação de ar condicionado central no Fórum da Comarca de Passos, localizado na Avenida Arlindo Figueiredo, nº. 850, Jardim Continental, Passos/MG",26/06/2023,20/06/2024,2023,2627901
1030 TRIBUNAL DA JUSTICA DO ESTADO DE MINAS GERAIS,1031024 GEOB,12177,-,Em Concepção e Planejamento,Prestação de serviços especializados para apresentação de parecer técnico de verificação de conformidade de projeto de drenagem sub-superficial de lençol freático na obra de Reforma do Prédio do Fórum Lafayette,04/07/2023,29/05/2024,2023,30250
1030 TRIBUNAL DA JUSTICA DO ESTADO DE MINAS GERAIS,1031024 GEOB,12180,-,Em Concepção e Planejamento,"Reforma do 2º (segundo) pavimento do Edifício Sede do TRIBUNAL, localizado na Unidade Afonso Pena, nº. 4.001, Bairro Serra, Belo Horizonte/MG",28/06/2023,23/04/2024,2023,1601637
1030 TRIBUNAL DA JUSTICA DO ESTADO DE MINAS GERAIS,1031024 GEOB,12181,-,Em Concepção e Planejamento,"Reforma parcial do Edifício Sede do TRIBUNAL (2ª parcela) para adequações do espaço de convivência no terraço do 2º (segundo) pavimento e dos jardins da entrada principal, localizado na Unidade Afonso Pena, nº. 4.001, Bairro Serra, Belo Horizonte/MG",06/07/2023,01/06/2024,2023,1207508
1030 TRIBUNAL DA JUSTICA DO ESTADO DE MINAS GERAIS,1031024 GEOB,12189,-,Em Concepção e Planejamento,Contrato a retomada da construção do novo Fórum da Comarca de Ibirité/MG,10/07/2023,30/04/2025,2023,30049249
1030 TRIBUNAL DA JUSTICA DO ESTADO DE MINAS GERAIS,1031024 GEOB,12195,-,Em Concepção e Planejamento,Construção do Fórum e CEJUSC Digitais,13/07/2023,02/07/2024,2023,1800666
1030 TRIBUNAL DA JUSTICA DO ESTADO DE MINAS GERAIS,1031024 GEOB,12201,-,Em Concepção e Planejamento,Construção do Fórum e CEJUSC Digitais,19/07/2023,15/01/2024,2023,1844314
1030 TRIBUNAL DA JUSTICA DO ESTADO DE MINAS GERAIS,1031024 GEOB,12211,-,Em Concepção e Planejamento,"Reforma parcial dos Anexos I e II do TRIBUNAL, para a substituição do sistema de ar condicionado central do Anexo II (Corregedoria), para pintura interna do Anexo I e para instalação do sistema de detecção e alarme de incêndio dos Anexos I e II",28/07/2023,19/11/2024,2023,5792228
1030 TRIBUNAL DA JUSTICA DO ESTADO DE MINAS GERAIS,1031024 GEOB,12212,-,Em Concepção e Planejamento,Instalação do sistema de ar condicionado central no prédio do fórum,01/08/2023,01/08/2024,2023,2279800
1030 TRIBUNAL DA JUSTICA DO ESTADO DE MINAS GERAIS,1031024 GEOB,12213,-,Em Concepção e Planejamento,Reforma parcial do Edifício Liberdade,31/07/2023,25/07/2024,2023,771982
1030 TRIBUNAL DA JUSTICA DO ESTADO DE MINAS GERAIS,1031024 GEOB,12214,-,Em Concepção e Planejamento,Construção do Fórum e CEJUSC Digitais no Município de Coluna/MG,01/08/2023,26/06/2024,2023,2320811
1030 TRIBUNAL DA JUSTICA DO ESTADO DE MINAS GERAIS,1031024 GEOB,12223,-,Em Concepção e Planejamento,Retomada da obra de construção do novo prédio do Fórum,11/08/2023,03/12/2024,2023,10268863
1030 TRIBUNAL DA JUSTICA DO ESTADO DE MINAS GERAIS,1031024 GEOB,12240,-,Em Concepção e Planejamento,Construção do novo prédio do Fórum da Comarca de Areado/MG,21/08/2023,11/07/2025,2023,10399060
1030 TRIBUNAL DA JUSTICA DO ESTADO DE MINAS GERAIS,1031024 GEOB,12245,-,Em Concepção e Planejamento,Obra de Instalações de novos sistemas de ar condicionado para o Data Center e para o 2° andar do CEOP - Centro Operacional do TRIBUNAL,24/08/2023,18/08/2024,2023,899664
1030 TRIBUNAL DA JUSTICA DO ESTADO DE MINAS GERAIS,1031024 GEOB,12252,-,Em Concepção e Planejamento,Execução de obra de reforma parcial para acessibilidade do Fórum da Comarca de Ouro Branco/MG,30/08/2023,25/06/2024,2023,894687
1090 PROCURADORIA GERAL DE JUSTICA,1091034 SEA,11878,-,Em Concepção e Planejamento,"Reforma visando à instalação do Centro de Convenções do Ministério Público do Estado de Minas Gerais localizado no pavimento térreo da Av. Álvares Cabral 1690, 1740 e Rua Dias Adorno 367 em Belo Horizonte.",13/06/2022,10/01/2026,2022,744862
1090 PROCURADORIA GERAL DE JUSTICA,1091034 SEA,12208,-,Em Concepção e Planejamento,"Implantação de sede própria do Ministério Público do Estado de Minas Gerais na comarca de Varginha. A referida implantação contempla a elaboração de projetos executivos, orçamento e a execução da obra.",31/07/2023,01/07/2028,2023,300000
1090 PROCURADORIA GERAL DE JUSTICA,1091041 COORDENACAO DO SIAD,10271,-,Em Concepção e Planejamento,"Execução de obra de edificação da sede das PJ's, com forneceimento de mão de obra e materiais na cidade de Patos de Minas - MG",27/12/2017,16/02/2024,2017,13661127
1090 PROCURADORIA GERAL DE JUSTICA,1091099 DPRO - SEA,10809,-,Em Concepção e Planejamento,"Implantação de sede própria do Ministério Público do Estado de Minas Gerais na comarca de Ribeirão das Neves. A referida implantação contempla a elaboração dos projetos executivos, orçamento, avaliação da conformidade de projeto estrutural e a execução da obra.",16/05/2019,28/02/2025,2019,17990958
1090 PROCURADORIA GERAL DE JUSTICA,1091099 DPRO - SEA,10810,-,Obra em Execução,"Implantação de sede própria do Ministério Público do Estado de Minas Gerais na comarca de Juiz de Fora. A referida implantação contempla a elaboração dos projetos executivos, orçamento, avaliação da conformidade de projeto estrutural e a execução da obra.",16/05/2019,04/09/2024,2019,32038438
1090 PROCURADORIA GERAL DE JUSTICA,1091099 DPRO - SEA,10811,-,Em Concepção e Planejamento,"Implantação de sede própria do Ministério Público do Estado de Minas Gerais na comarca de Ipatinga. A referida implantação contempla a elaboração dos projetos executivos, orçamento, avaliação da conformidade de projeto estrutural e a execução da obra.",16/05/2019,01/02/2026,2019,701182
1090 PROCURADORIA GERAL DE JUSTICA,1091099 DPRO - SEA,10813,-,Em Concepção e Planejamento,"Implantação da ampliação e reforma da sede própria do Ministério Público do Estado de Minas Gerais na comarca de Montes Claros. A referida implantação contempla a elaboração dos projetos executivos, orçamento, avaliação da conformidade de projeto estrutural e a execução da obra.",16/05/2019,02/01/2024,2019,238363
1090 PROCURADORIA GERAL DE JUSTICA,1091099 DPRO - SEA,11263,-,Em Concepção e Planejamento,"Implantação de sede própria do Ministério Público do Estado de Minas Gerais na comarca de Cataguases. A referida implantação contempla a elaboração de serviços preliminares, projetos executivos, orçamento, avaliação da conformidade de projeto estrutural e a execução da obra.",11/05/2021,01/11/2024,2021,153620
1190 SECRETARIA DE ESTADO DE FAZENDA DE MINAS GERAIS,1191001 SPGF/GERENCIAL/SEF,12183,01,Intenção,"Reforma do prédio Anexo II - Rua da Bahia, 1816, com substituição das fachadas e contratação de serviços para execução de projetos executivos, tais como elétrico, ar condicionado, incêndio, hidráulico, arquitetônico, dentre outros. Substituição da cobertura do imóvel e restruturação interna.",01/01/2024,31/12/2025,2023,9800000
1190 SECRETARIA DE ESTADO DE FAZENDA DE MINAS GERAIS,1191001 SPGF/GERENCIAL/SEF,12184,02,Intenção,"AF/Ouro Preto - Reforma da cobertura, dos banheiros, eliminação da umidade provocada pela chuva da rua localizada à montante.",01/01/2024,31/12/2025,2023,500000
1190 SECRETARIA DE ESTADO DE FAZENDA DE MINAS GERAIS,1191001 SPGF/GERENCIAL/SEF,12185,03,Intenção,"SRF/Uberaba - Troca de pisos; Conserto/substituição de janelas de ferro/vidro; pintura das paredes externas, internas e das janelas de ferro; Conserto/substituição dos portões eletrônicos; elevação das grades externas; Manutenção telhado; Contenção infiltrações.",01/01/2024,31/12/2025,2023,1241806
1190 SECRETARIA DE ESTADO DE FAZENDA DE MINAS GERAIS,1191001 SPGF/GERENCIAL/SEF,12186,04,Intenção,"AF/Araguari - Contratação de serviços para reforma do telhado, hidrosatitário, elétrico, troca de piso, janelas, Sistema de Combate a Incêndio, pintura, paisagismo, calçamento, etc.",01/01/2024,31/12/2025,2023,900000
1190 SECRETARIA DE ESTADO DE FAZENDA DE MINAS GERAIS,1191001 SPGF/GERENCIAL/SEF,12187,05,Intenção,"AF/Guaxupé - Troca do telhado, troca do gesso, reparação elétrica e hidráulica. Pintura externa e interna. Restauração ou troca de portas e janelas, troca das persianas.",01/01/2024,31/12/2025,2023,500000
1190 SECRETARIA DE ESTADO DE FAZENDA DE MINAS GERAIS,1191001 SPGF/GERENCIAL/SEF,12188,06,Intenção,"DBENS/SPGF - Elaboração dos projetos executivos e contratação de serviços para reforma da fachada, telhado, piso, estrutural, Cadastro elétrico geral do prédio; PSCIP; SPDA; restruturação interna.",01/01/2024,31/12/2025,2023,2100000
1190 SECRETARIA DE ESTADO DE FAZENDA DE MINAS GERAIS,1191001 SPGF/GERENCIAL/SEF,12192,07,Intenção,SRF Uberlândia - Reforma da fachada do imóvel que contém placas de mármore e manutenção da rede hidráulica e sanitária do prédio.,01/01/2024,31/12/2025,2023,1200000
1190 SECRETARIA DE ESTADO DE FAZENDA DE MINAS GERAIS,1194001 SEF - SETOP/DEOP,12225,352023,Em Concepção e Planejamento,REFORMA DA ADMINISTRACAO FAZENDARIA DE OURO PRETO,01/08/2023,12/04/2024,2023,490320
"1230 SECRET. DE ESTADO DE AGRICULTURA, PECUARIA E ABAST",1231021 SETOR DE COMPRAS/DPO/SEAPA,12157,-,Em Concepção e Planejamento,"Prestação de serviços para implantação de cercas para proteção de nascentes, matas ciliares e topos de morro para recuperação de áreas degradadas.",28/04/2023,27/01/2025,2023,5339971
1250 POLICIA MILITAR DE MINAS GERAIS,1252114 HPM/DS,11537,1,Intenção,"Realizar regularização, reforma/adequações e ampliações relacionadas à infraestrutura civil e arquitetônica, instalações elétricas, climatização e hidrosanitárias, para proporcionar o pleno funcionamento do hospital.",14/01/2022,18/06/2025,2021,114995000
1250 POLICIA MILITAR DE MINAS GERAIS,1259214 UNIDADE VIRTUAL DO DEOP,12238,012023,Intenção,"ELAB.PROJETOS EXECUTIVOS PARA RESTAURO, REFORMA E AMPLIACAO DO COMPLEXO DO HOSPITAL DA POLÍCIA MILITAR DE BELO HORIZONTE",30/09/2023,31/12/2025,2023,3887916
1250 POLICIA MILITAR DE MINAS GERAIS,1259759 EM3RPM/3 RPM,12133,1,Em Concepção e Planejamento,Construção da nova sede da 1ª Cia PM Ind. da Polícia Militar de Minas Gerais na cidade de Nova Lima com recursos de convênio com o município.,01/01/2023,15/03/2024,2023,5702190
1250 POLICIA MILITAR DE MINAS GERAIS,1259969 EM14RPM/14 RPM,12257,-,Em Concepção e Planejamento,"Execução de Projeto Executivo de Prevenção e Combate a Incêndio e Pânico do Posto Orgânico de Combustível do 3º BPM em Diamantina/MG, incluindo a execução do Sistema de Proteção Contra Descargas Atmosféricas (SPDA).",22/08/2023,29/08/2024,2023,99329
1250 POLICIA MILITAR DE MINAS GERAIS,1259969 EM14RPM/14 RPM,12258,-,Em Concepção e Planejamento,"Execução do Projeto Executivo de Prevenção e Combate a Incêndio e Pânico do Posto Orgânico de Combustível do 42º BPM em Curvelo/MG, incluindo a execução do Sistema de Proteção Contra Descargas Atmosféricas (SPDA) e emissão da dispensa do licenciamento ambiental.",22/08/2023,29/08/2024,2023,88673
1250 POLICIA MILITAR DE MINAS GERAIS,1259970 EM15RPM/15 RPM,11923,-,Obra em Execução,CONSTRUÇÃO E INSTALAÇÃO DO POC (POSTO ORGÂNICO DE COMBUSTÍVEIS) NA 24ª CIA PM IND. DE NANUQUE.,29/07/2022,26/07/2024,2022,433865
1260 SECRETARIA DE ESTADO DE EDUCACAO,1261556 TDCO - PMMG/SEE,11759,01,Em Concepção e Planejamento,"Execução de obras de ampliação e reforma do Colégio Tiradentes da Polícia Militar (CTPM) Patos de Minas/MG. Valores englobam, elaboração de projetos Executivos e Arquitetônicos, execução da obra e contratação do Supervisor/Fiscal.",01/12/2021,31/12/2027,2021,7332417
1260 SECRETARIA DE ESTADO DE EDUCACAO,1261556 TDCO - PMMG/SEE,11809,1,Em Concepção e Planejamento,Contratação de empresa de arquitetura/engenharia para elaboração obra de reforma e ampliação dos Colégios Tiradentes Unidade Avelino Camargos (Contagem).,31/10/2022,31/12/2024,2022,2542200
1260 SECRETARIA DE ESTADO DE EDUCACAO,1261556 TDCO - PMMG/SEE,11810,2,Obra em Execução,"Execução da obra de reforma e ampliação do Colégio Tiradentes Unidade José Mauro de Vasconcelos (Contagem), incluindo contratação de serviços de elaboração de projetos executivos e arquitetônicos.",31/10/2022,31/12/2024,2022,6050453
1260 SECRETARIA DE ESTADO DE EDUCACAO,1261556 TDCO - PMMG/SEE,11811,3,Em Concepção e Planejamento,Contratação de empresa de arquitetura/engenharia para elaboração de obra de reforma e ampliação do Colégio Tiradentes - Unidade Nossa Senhora das Vitórias (Belo Horizonte).,31/10/2022,31/12/2024,2022,1070000
1260 SECRETARIA DE ESTADO DE EDUCACAO,1261556 TDCO - PMMG/SEE,11858,1,Em Concepção e Planejamento,Contratação de empresa de arquitetura/engenharia para elaboração de projetos executivo e arquitetônico de reforma e ampliação do Colégio Tiradentes da Polícia Militar de Minas Gerais Unidade Argentino Madeira.,31/10/2022,31/12/2024,2022,1500000
1260 SECRETARIA DE ESTADO DE EDUCACAO,1261556 TDCO - PMMG/SEE,11900,-,Em Concepção e Planejamento,Contratação de empresa de arquitetura/engenharia para elaboração da obra de reforma e ampliação do Colégio Tiradentes Unidade Minas Caixa (Belo Horizonte).,31/10/2022,31/12/2024,2022,1070000
1260 SECRETARIA DE ESTADO DE EDUCACAO,1261556 TDCO - PMMG/SEE,11901,-,Em Concepção e Planejamento,Contratação de empresa de arquitetura/engenharia para elaboração da obra de reforma e ampliação do Colégio Tiradentes Unidade Vespasiano (Vespasiano),31/10/2022,31/12/2024,2022,1070000
1260 SECRETARIA DE ESTADO DE EDUCACAO,1261556 TDCO - PMMG/SEE,11902,-,Em Concepção e Planejamento,Contratação de empresa de arquitetura/engenharia para elaboração da obra de reforma e ampliação do Colégio Tiradentes Unidade Betim (Betim).,31/10/2022,31/12/2024,2022,1070000
1260 SECRETARIA DE ESTADO DE EDUCACAO,1261556 TDCO - PMMG/SEE,11972,-,Intenção,Contratação de Empresa de Arquitetura/Engenharia para Execução de Obras e Serviços de Engenharia de Reforma e Ampliação do CTPM - Unidade Gameleira.,01/10/2022,20/05/2223,2022,1617500
1260 SECRETARIA DE ESTADO DE EDUCACAO,1261556 TDCO - PMMG/SEE,12095,-,Em Concepção e Planejamento,Execução de serviços de reforma no Colégio Tiradentes da Polícia Militar de Minas Gerais (CTPM-GV/8ª RPM).,04/02/2023,02/12/2024,2023,747890
1260 SECRETARIA DE ESTADO DE EDUCACAO,1261556 TDCO - PMMG/SEE,12098,-,Em Concepção e Planejamento,Fiscalização de reforma do CTPM/8ª RPM.,01/03/2023,02/12/2024,2023,52723
1260 SECRETARIA DE ESTADO DE EDUCACAO,1261556 TDCO - PMMG/SEE,12103,-,Em Concepção e Planejamento,"Construção, reforma e adaptação nas dependências do Colégio Tiradentes da Polícia Militar em Lavras/MG, situado à Rua Comandante Nélio, nº 247, bairro Santa Efigênia, Lavras/MG",24/01/2023,14/05/2025,2023,3563832
1260 SECRETARIA DE ESTADO DE EDUCACAO,1261556 TDCO - PMMG/SEE,12130,001,Em Concepção e Planejamento,CONSTRUÇÃO DO PRÉDIO DO COLÉGIO TIRADENTES DA POLÍCIA MILITAR (CTPM) EM UBERLÂNDIA/MG,20/04/2023,31/12/2024,2023,32427304
1260 SECRETARIA DE ESTADO DE EDUCACAO,1261556 TDCO - PMMG/SEE,12247,-,Em Concepção e Planejamento,"CONTRATAÇÃO DE EMPRESA ESPECIALIZADA EM ENGENHARIA/ARQUITETURA DESTINADA A EXECUTAR A REFORMA E AMPLIAÇÃO DO DO COLÉGIO TIRADENTES DA POLÍCIA MILITAR (CTPM) EM DIVINÓPOLIS/MG SITUADO À RUA MATO GROSSO Nº 1800, BAIRRO AFONSO PENA, CEP.: 35500-067",07/07/2023,18/09/2025,2023,7799841
1260 SECRETARIA DE ESTADO DE EDUCACAO,1261999 OBRAS - DEOP,11388,0232021,Em Concepção e Planejamento,"ELABORACAO DE PROJETO EXECUTIVO DE REFORCO ESTRUTURAL E PROJETOS EXECUTIVOS COMPLEMENTARES PARA A REFORMA DO PREDIO DA ESCOLA ESTADUAL ODILON BEHRENS, NO MUNICIPIO DE GUANHAES,",10/08/2021,01/02/2024,2021,102763
1260 SECRETARIA DE ESTADO DE EDUCACAO,1261999 OBRAS - DEOP,11917,172022,Em Concepção e Planejamento,"ADEQ.PROJ.PADRAO PREDIOS ESCOLARES DEOP-MG/DER-MG, PARA AJUSTAMENTO AS NORMAS TEC.VIGENTES -BIM",07/06/2022,30/12/2024,2022,2156923
1260 SECRETARIA DE ESTADO DE EDUCACAO,1261999 OBRAS - DEOP,12132,122023,Em Concepção e Planejamento,"REFORMA E RESTAURACAO DO PREDIO DA EE.JOAO DOS SANTOS, DE SÃO JOÃO DEL REI.",20/03/2023,30/10/2024,2023,8686188
1260 SECRETARIA DE ESTADO DE EDUCACAO,1261999 OBRAS - DEOP,12134,112023,Em Concepção e Planejamento,"ELAB.PROJ.EXECUT. REFORCO ESTRUTURAL E REFORMA GERAL DA E.E.PROF.HAYDEE DE SOUZA ABREU, EM TIMOTEO",09/03/2023,31/01/2024,2023,185971
1260 SECRETARIA DE ESTADO DE EDUCACAO,1261999 OBRAS - DEOP,12135,82023,Em Concepção e Planejamento,ELAB.PROJ.EXECUT.REFORMA E RESTAURACAO DA EDIFICACAO DA ESCOLA ESTADUAL SANDOVAL DE AZEVEDO BELO HORIZONTE,15/02/2023,31/01/2024,2023,200126
1260 SECRETARIA DE ESTADO DE EDUCACAO,1261999 OBRAS - DEOP,12165,17/2023,Em Concepção e Planejamento,ELABORAÇÃO DE PROJETOS EXECUTIVOS PARA REFORMA E RESTAURAÇÃO DA EDIFICAÇÃO DA ESCOLA ESTADUAL BRASIL DE VARGINHA,05/06/2023,10/02/2024,2023,226536
1260 SECRETARIA DE ESTADO DE EDUCACAO,1261999 OBRAS - DEOP,12167,20/2023,Em Concepção e Planejamento,"ELAB.PROJ.EXECUT.RESTAURACAO E REFORMA GERAL COM AMPLIACAO DA EDIFICACAO DO PREDIO DA EE.JOSE BONIFACIO, BELO HORIZONTE",05/06/2023,11/03/2024,2023,263632
1260 SECRETARIA DE ESTADO DE EDUCACAO,1261999 OBRAS - DEOP,12190,24/2023,Em Concepção e Planejamento,EXEC.OBRAS DE REFORMA E RESTAURACAO DO PREDIO E.E. YOLANDA JOVINO VAZ EM ARCOS.,05/07/2023,31/07/2024,2023,2899666
1260 SECRETARIA DE ESTADO DE EDUCACAO,1261999 OBRAS - DEOP,12200,29/2023,Em Concepção e Planejamento,"CONST.NOVO ARRIMO, SIST.DRENAGEM E REFORMA EE.MANOEL MARTINS MELO-RIB. DAS NEVES",13/07/2023,15/03/2024,2023,1599110
1300 SECRET. DE ESTADO DE INFRAESTRUTURA E MOBILIDADE,1301017 COMPRAS,7753,9001168,Obra em Execução,REQUALIFICAÇÃO URBANA E AMBIENTAL DO CÓRREGO FERRUGEM,01/01/2013,31/12/2024,2013,99500000
1300 SECRET. DE ESTADO DE INFRAESTRUTURA E MOBILIDADE,1301017 COMPRAS,9938,959,Em Concepção e Planejamento,CONSTRUÇÃO DE CADEIA PÚBLICA NO MUNICÍPIO DE PIRAPORA.,01/01/2017,30/12/2025,2017,15528882
1300 SECRET. DE ESTADO DE INFRAESTRUTURA E MOBILIDADE,1301017 COMPRAS,10297,62357,Em Concepção e Planejamento,EXECUÇÃO DOS TRABALHOS DE CONCLUSÃO DOS SERVIÇOS DE DEMOLIÇÃO DE EDIFICAÇÕES E REMOÇÃO DOS MATERIAIS DEMOLIDOS NAS VILAS ESPORTES CLUBE E MADRE GERTRUDES EM BELO HORIOZNTE E VILA ITAU CANAL E SAMAG EM CONTAGEM DO EMPREENDIMENTO REQUALIFICAÇÃO AMBIENTAL DO CORREGO FERRUGEM.,22/02/2018,30/12/2025,2018,3280000
1300 SECRET. DE ESTADO DE INFRAESTRUTURA E MOBILIDADE,1301017 COMPRAS,11511,-,Intenção,"Obras de Contenção de encostas em Manhumirim, Lajinha, Ervália,Sabinópolis e Diogo de Vasconcelos - Intervenção em setores de risco alto e muito alto. No ambito do Programa PAC gestão de riscos e proposta a desastres.",01/01/2022,31/12/2024,2021,12144403
1300 SECRET. DE ESTADO DE INFRAESTRUTURA E MOBILIDADE,1301017 COMPRAS,11512,-,Intenção,"bras de contenção de encostas em Timóteo - Intervenção em setores de risco alto e muito alto, no âmbito do Programa PAC Gestão de Riscos e Respostas a Desastres.",01/01/2022,31/12/2024,2021,12362659
1300 SECRET. DE ESTADO DE INFRAESTRUTURA E MOBILIDADE,1301017 COMPRAS,11513,-,Intenção,"Obras de Contenção de encostas em Ewbank da Câmara, Matias Barbosa e Visconde do Rio Branco - Intervenção em setores de risco alto e muito alto, no ambito do programa PAC gestão de riscos e proposta a desastre.",01/01/2022,31/12/2024,2021,8059772
1300 SECRET. DE ESTADO DE INFRAESTRUTURA E MOBILIDADE,1301017 COMPRAS,11514,-,Intenção,"Obras de Contenção de encostas em Ouro Preto - Intervenção em setores de risco alto e muito alto, no ambito do programa PAC gestão de riscos e resposta a desastres.",01/01/2022,31/12/2024,2021,27719114
1300 SECRET. DE ESTADO DE INFRAESTRUTURA E MOBILIDADE,1301017 COMPRAS,11515,-,Intenção,"Obras de contenção de encostas em Ibirité - Intervenção em setores de risco alto e muito alto, no âmbito do programa PAC Gestão de Riscos e Resposta a Desastres.",01/01/2022,31/12/2024,2021,27574943
1300 SECRET. DE ESTADO DE INFRAESTRUTURA E MOBILIDADE,1301017 COMPRAS,11516,-,Intenção,"Obras de Contenção de encostas em Muriaé - intervenção em setores de risco alto e muito alto, no âmbito do programa PAC, gestão de riscos e resposta a desastres.",01/01/2022,31/12/2024,2021,20412732
1300 SECRET. DE ESTADO DE INFRAESTRUTURA E MOBILIDADE,1301017 COMPRAS,11517,-,Intenção,"bras de contenção de encostas em Nova Lima - Intervenção em setores de risco alto e muito alto, no âmbito do Programa PAC Gestão de Riscos e Resposta a Desastres.",01/01/2022,31/12/2024,2021,12455547
1300 SECRET. DE ESTADO DE INFRAESTRUTURA E MOBILIDADE,1301017 COMPRAS,11518,-,Intenção,"Obras de contenção de encostas em Além Paraíba - Intervenção em setores de risco alto e muito alto, no âmbito do Programa PAC Gestão de Riscos e Resposta a Desastres.",01/01/2022,31/12/2024,2021,10391270
1300 SECRET. DE ESTADO DE INFRAESTRUTURA E MOBILIDADE,1301017 COMPRAS,11519,-,Intenção,"Obras de contenção de encostas em João Monlevade - Intervenção em setores de risco alto e muito alto, no âmbito do Programa PAC Gestão de Riscos e Resposta a Desastres.",01/01/2022,31/12/2024,2021,9697110
1300 SECRET. DE ESTADO DE INFRAESTRUTURA E MOBILIDADE,1301017 COMPRAS,11520,-,Intenção,"Obras de contenção de encostas em Santa Luzia - Intervenção em setores de risco alto e muito alto, no âmbito do Programa PAC Gestão de Riscos e Resposta a Desastres.",01/01/2022,31/12/2024,2021,10545612
1300 SECRET. DE ESTADO DE INFRAESTRUTURA E MOBILIDADE,1301017 COMPRAS,11521,-,Intenção,"Obras de contenção de encostas em Sabará - Intervenção em setores de risco alto e muito alto, no âmbito do Programa PAC Gestão de Riscos e Resposta a Desastres.",01/01/2022,31/12/2024,2021,6803510
1300 SECRET. DE ESTADO DE INFRAESTRUTURA E MOBILIDADE,1301017 COMPRAS,11522,-,Intenção,Melhoramento e pavimentação estradas vicinais do Estado de Minas Gerais em Varginha - Tres Pontas,01/01/2022,31/12/2024,2021,9575195
1300 SECRET. DE ESTADO DE INFRAESTRUTURA E MOBILIDADE,1301017 COMPRAS,11523,-,Intenção,Melhoramento e pavimentação estradas vicinais do Estado de Minas Gerais Limeira 2,01/01/2022,31/12/2024,2021,13107933
1300 SECRET. DE ESTADO DE INFRAESTRUTURA E MOBILIDADE,1301017 COMPRAS,11524,-,Intenção,Termo de Compromisso nº 0.292.891-31/2009 - Requalificação Urbana e Ambiental e de Controle de Cheias do Córrego Ferrugem 1ª Etapa; b) Termo de Compromisso nº 0.301.52616/2009 - FNHIS - Requalificação Urbana e Ambiental do Ribeirão Arrudas; c) Termo de Compromisso nº 0.398.476-53/12 - e Riacho das p,01/01/2022,31/12/2024,2021,13777369
1300 SECRET. DE ESTADO DE INFRAESTRUTURA E MOBILIDADE,1301017 COMPRAS,11525,-,Intenção,Melhoramento de estradas vicinais - Complementação LIMEIRA 3,01/01/2022,31/12/2024,2021,20000000
1300 SECRET. DE ESTADO DE INFRAESTRUTURA E MOBILIDADE,1301017 COMPRAS,11527,-,Intenção,"Pavimentação e melhoramentos de estrada vicinal no trecho Jaboticatubas-Lagoa Santa com extensão de 12,6 km.",30/12/2021,31/12/2024,2021,10000000
1300 SECRET. DE ESTADO DE INFRAESTRUTURA E MOBILIDADE,1301017 COMPRAS,11529,-,Intenção,REQUALIFICAÇÃO URBANA E AMBIENTAL DO RIBEIRÃO ARRUDAS - FNHIS/2009 - Construção de 64 unidades habitacionais.,01/03/2022,30/12/2025,2021,12600000
1300 SECRET. DE ESTADO DE INFRAESTRUTURA E MOBILIDADE,1301017 COMPRAS,11531,-,Intenção,REQUALIFICAÇÃO URBANA E AMBIENTAL DO RIBEIRÃO ARRUDAS - FNHIS/2009 - Continuidade da execução do PTTS (Programa de Trabalho Técnico-Social),01/03/2022,31/12/2025,2021,1000000
1300 SECRET. DE ESTADO DE INFRAESTRUTURA E MOBILIDADE,1301017 COMPRAS,11536,-,Intenção,Construção de 192 unidades habitacionais referente a 2ª etapa da Requalificação urbana e ambiental do Córrego Ferrugem,01/03/2022,01/03/2024,2021,78278712
1300 SECRET. DE ESTADO DE INFRAESTRUTURA E MOBILIDADE,1301017 COMPRAS,11855,122022,Em Concepção e Planejamento,REMANESCENTE DAS OBRAS DE INFRAESTRUTURA PARA A CONCLUSAO DAS BACIAS DO CONTROLE DE CHEIAS DO CORREGO RIACHO DAS PEDRAS.,19/04/2022,30/10/2024,2022,59717707
1300 SECRET. DE ESTADO DE INFRAESTRUTURA E MOBILIDADE,1301017 COMPRAS,11944,-,Intenção,Adequação de estradas vicinais - Limeira do Oeste III,01/01/2022,31/12/2025,2022,30000000
1300 SECRET. DE ESTADO DE INFRAESTRUTURA E MOBILIDADE,1301017 COMPRAS,11945,-,Intenção,Adequação de estradas vicinais - Canápolis,01/01/2022,31/12/2024,2022,10000000
1300 SECRET. DE ESTADO DE INFRAESTRUTURA E MOBILIDADE,1301017 COMPRAS,11946,-,Intenção,Adequação de diversas Estradas Vicinais.,30/12/2022,31/12/2024,2022,14785919
1300 SECRET. DE ESTADO DE INFRAESTRUTURA E MOBILIDADE,1301017 COMPRAS,11976,-,Intenção,"Pavimentação de estrada vicinal em Limeira do Oeste - Etapas 1 e 2 compreendem pavimentação e melhoria de 23,2 km e construção da Ponte sobre o Rio Ribeirão Lama.",30/12/2021,31/12/2025,2022,40000000
1300 SECRET. DE ESTADO DE INFRAESTRUTURA E MOBILIDADE,1301017 COMPRAS,11977,-,Intenção,"Execução de Obras de Contenção de Encostas em Cataguases/MG - Intervenção em setores de risco alto e muito alto, no âmbito do programa PAC Gestão de Riscos e Resposta a Desastres.",01/01/2022,31/12/2025,2022,17118565
1300 SECRET. DE ESTADO DE INFRAESTRUTURA E MOBILIDADE,1301017 COMPRAS,11980,-,Intenção,"Realização das obras, no Município de Contagem, para conclusão dos empreendimentos relativos aos convênios celebrados pelo Estado de Minas Gerais junto ao Governo Federal e tendo a Caixa Econômica Federal como agente financeiro",01/03/2022,31/12/2024,2022,17757279
1300 SECRET. DE ESTADO DE INFRAESTRUTURA E MOBILIDADE,1301017 COMPRAS,11984,-,Intenção,CONVENIO: 1301001279/2022 OBJETO: MELHORAMENTO DE VIA PÚBLICA E CONSTRUÇÃO DE PONTE QUE ABRANGE OS MUNICÍPIOS DE CONSOLAÇÃO/MG E CAMBUI.: SEI: 1300010003232/2022-58,31/01/2023,30/12/2024,2022,18000000
1300 SECRET. DE ESTADO DE INFRAESTRUTURA E MOBILIDADE,1301017 COMPRAS,11985,-,Intenção,Pavimentação da Rodovia LMG 762 (Abaeté),01/01/2023,31/12/2024,2022,94720000
1300 SECRET. DE ESTADO DE INFRAESTRUTURA E MOBILIDADE,1301017 COMPRAS,11986,-,Intenção,Pavimentação da rodovia estadual AMG 930 (Felixlândia),01/01/2023,31/12/2024,2022,640000
1300 SECRET. DE ESTADO DE INFRAESTRUTURA E MOBILIDADE,1301017 COMPRAS,12012,262022,Em Concepção e Planejamento,"PRESTACAO DE SERVICOS ESPECIALIZADOS DE APOIO TECNICO, JURIDICO E OPERACIONAL PARA EXECUCAO DA REGULARIZACAO FUNDIARIA, NO AMBITO DA 1ª ETAPA , CORREGO FERRUGEM",09/09/2022,31/03/2024,2022,262229
1300 SECRET. DE ESTADO DE INFRAESTRUTURA E MOBILIDADE,1301017 COMPRAS,12042,8740,Em Concepção e Planejamento,PRESTACAO DE SERVICOS DE IMPLEMENTACAO OBRA DE CONTROLE DE CHEIAS DO CORREGO RIACHO DA PEDRA PROJETO DE TRABALHO TECNICO SOCIAL PPS EM CONTAGEM,01/11/2022,25/01/2025,2022,3700000
1300 SECRET. DE ESTADO DE INFRAESTRUTURA E MOBILIDADE,1301017 COMPRAS,12051,362022,Intenção,"PRESTACAO SERVICOS DE APOIO TECNICO AO GERENCIAMENTO E SUPERVISAO DE OBRAS, E SUPORTE ADMINISTRATIVO, TECNICO E JURIDICO EM PROCEDIMENTOS EXPROPRIATÓRIOS E DE REASSENTAMENTO DE FAMÍLIA DA UEL",23/11/2022,09/11/2025,2022,6259348
1300 SECRET. DE ESTADO DE INFRAESTRUTURA E MOBILIDADE,1301017 COMPRAS,12145,162023,Em Concepção e Planejamento,CONCLUSAO DA OBRA DE CONSTRUÇAO DA CADEIA PUBLICA MASCULINA DE UBA - PADRAO 388 VAGAS.,10/05/2023,31/01/2024,2023,2481806
1300 SECRET. DE ESTADO DE INFRAESTRUTURA E MOBILIDADE,1301017 COMPRAS,12204,-,Intenção,"CONCESSÃO DOS SERVIÇOS DE OPERAÇÃO, CONSERVAÇÃO, MANUTENÇÃO, MONITORAÇÃO, IMPLANTAÇÃO DE MELHORIAS, AMPLIAÇÃO DE CAPACIDADE E MANUTENÇÃO DE NÍVEL DE SERVIÇO DO SISTEMA RODOVIÁRIO LOTE SUL DE MINAS.",11/11/2022,30/07/2053,2023,2011413383
1300 SECRET. DE ESTADO DE INFRAESTRUTURA E MOBILIDADE,1301017 COMPRAS,12219,-,Intenção,Melhoramento de estradas vicinais - Complementação CAMPINA VERDE,01/01/2023,31/12/2024,2023,20000000
1300 SECRET. DE ESTADO DE INFRAESTRUTURA E MOBILIDADE,1301017 COMPRAS,12220,-,Intenção,"Implantação de Pavimentação em perímetro urbano, garantindo adequadas condições sanitárias de segurança e conforto.",01/06/2023,31/12/2024,2023,2870210
1300 SECRET. DE ESTADO DE INFRAESTRUTURA E MOBILIDADE,1301017 COMPRAS,12221,-,Intenção,Melhoramento e pavimentação estradas vicinais do Estado de Minas Gerais ITURAMA,01/06/2023,31/12/2024,2023,2870210
1300 SECRET. DE ESTADO DE INFRAESTRUTURA E MOBILIDADE,1301017 COMPRAS,12222,-,Intenção,Melhoramento de estradas vicinais PARACATU II,01/06/2023,31/12/2025,2023,29100000
1300 SECRET. DE ESTADO DE INFRAESTRUTURA E MOBILIDADE,1301017 COMPRAS,12233,-,Intenção,Reforma do Centro Comercial em Contagem,01/05/2024,31/12/2024,2023,2993923
1300 SECRET. DE ESTADO DE INFRAESTRUTURA E MOBILIDADE,1301017 COMPRAS,12234,-,Intenção,"Entrega de elementos estruturais para municípios tais como: Mata burros, bueiros, abrigos e vigas metálicas",01/03/2024,31/12/2024,2023,16043552
1300 SECRET. DE ESTADO DE INFRAESTRUTURA E MOBILIDADE,1301017 COMPRAS,12235,-,Intenção,"Execução do Plano de Trabalho Técnico-Social - PTTS, que é uma exigência do contrato de financiamento PAC FERRUGEM",01/02/2024,31/12/2025,2023,591212
1300 SECRET. DE ESTADO DE INFRAESTRUTURA E MOBILIDADE,1301017 COMPRAS,12260,-,Intenção,PAC ARRUDAS - REGULARIZAÇÃO FUNDIARIA/SERVIÇOS DE REGULARIZAÇÃO FUNDIARIA REFERENTE AS INTERVENÇÕES DO EMPREENDIMENTO PAC ARRUDAS - 192 UNIDADES HABITACIONAIS,01/02/2024,31/12/2025,2023,1500000
1300 SECRET. DE ESTADO DE INFRAESTRUTURA E MOBILIDADE,1301017 COMPRAS,12263,-,Em Concepção e Planejamento,"Prestação dos serviços de gestão, operação e manutenção da Rede Metroferroviária, compreendendo a Linha 1 expandida (Nova Eldorado–Vilarinho) e implementação da Linha 2 (linha Nova Suíça-Barreiro).",01/07/2023,12/04/2028,2023,470156273
1300 SECRET. DE ESTADO DE INFRAESTRUTURA E MOBILIDADE,1301608 DEER,12136,-,Em Concepção e Planejamento,DC-006/2023-Implantação do Sub-trecho: Entrº LMG-865 (Limeira do Oeste) - Entrº Estrada Mun. Antônio Cabrera Mano - (Limeira III; e construção da Ponte sobre o Rib. Reserva,20/03/2023,20/07/2024,2023,28828069
1300 SECRET. DE ESTADO DE INFRAESTRUTURA E MOBILIDADE,1301800 SETOP/DEOP,8657,940,Em Concepção e Planejamento,"Exec. Obras do Complemento da Requalif. Urb. e Ambiental do Ribeirão Arrudas”, no trecho entre o Viaduto do Barreiro e a Av. Presidente Castelo Branco, em BH e Contagem/MG.",09/06/2014,30/12/2024,2014,16019989
1300 SECRET. DE ESTADO DE INFRAESTRUTURA E MOBILIDADE,1301800 SETOP/DEOP,8705,935,Obra em Execução,"Obras de Implantaçãode Unidades Habitacionais destinadas a reassentam. familiar na área 02,02A,04,06,07 e 08 - Lote 1 - Córrego Ferrugem, nos Municiípios de Belo Horizonte e Contagem/MG.",25/06/2014,31/12/2025,2014,57556768
1320 SECRETARIA DE ESTADO DA SAUDE,1320043 UNIDADE DE COMPRAS - CONVENIO DEOP,12029,302022,Em Concepção e Planejamento,EXECUCAO DA OBRA DE CONCLUSAO DA CONSTRUCAO DO HOSPITAL REGIONAL DE TEOFILO OTONI,20/10/2022,31/10/2024,2022,104238455060
1320 SECRETARIA DE ESTADO DA SAUDE,1320043 UNIDADE DE COMPRAS - CONVENIO DEOP,12077,452022,Obra em Execução,"CONCLUSAO DA OBRA DO HOSPITAL REGIONAL DE DIVINOPOLIS, COM A ELABO.PROJ.BASICOS E EXECUTIVOS, E DEMAIS SERVICOS CONEXOS NECESSARIOS A CONCLUSAO E OPERAAOO DO HOSPITAL",12/01/2023,13/01/2025,2023,39500000
1320 SECRETARIA DE ESTADO DA SAUDE,1320043 UNIDADE DE COMPRAS - CONVENIO DEOP,12078,022023,Em Concepção e Planejamento,"CONCLUSAO DA OBRA DO HOSPITAL REGIONAL DE CONSLEHEIRO LAFAIETE, COM A ELABO.PROJ.BASICOS E EXECUTIVOS, E DEMAIS SERVICOS CONEXOS NECESSARIOS A CONCLUSAO E OPERAAOO DO HOSPITAL",10/01/2023,01/07/2025,2023,31497673
1320 SECRETARIA DE ESTADO DA SAUDE,1320043 UNIDADE DE COMPRAS - CONVENIO DEOP,12084,042023,Em Concepção e Planejamento,"CONCLUSAO DA OBRA DO HOSPITAL REGIONAL DE SETE LAGOAS, COM A ELABO.PROJ.BASICOS E EXECUTIVOS, E DEMAIS SERVICOS CONEXOS NECESSARIOS A CONCLUSAO E OPERAAOO DO HOSPITAL",12/01/2023,22/01/2026,2023,88829717
1320 SECRETARIA DE ESTADO DA SAUDE,1320043 UNIDADE DE COMPRAS - CONVENIO DEOP,12119,102023,Em Concepção e Planejamento,ELAB.PROJ.EXECUT.AMPLIACAO E REFORMA DO PREDIO DA GERENCIA REGIONAL DE SAUDE DE UBA.,16/03/2023,30/03/2024,2023,193621
1320 SECRETARIA DE ESTADO DA SAUDE,1321057 SES/DIR PLANEJAMENTO ORCAMENTO,11285,01,Intenção,Reforma da estrutura física da sede administrativa da Unidade Regional de Saúde de Uberlândia.,31/05/2024,31/08/2025,2021,794000
1320 SECRETARIA DE ESTADO DA SAUDE,1321057 SES/DIR PLANEJAMENTO ORCAMENTO,11286,02,Intenção,Reforma da estrutura física da sede administrativa da Unidade Regional de Saúde de Uberaba.,31/05/2024,31/08/2025,2021,1430451
1320 SECRETARIA DE ESTADO DA SAUDE,1321057 SES/DIR PLANEJAMENTO ORCAMENTO,11288,04,Intenção,Reforma da estrutura física da sede administrativa da Unidade de Saúde de Teófilo Otoni.,31/05/2024,31/08/2025,2021,1628000
1320 SECRETARIA DE ESTADO DA SAUDE,1321057 SES/DIR PLANEJAMENTO ORCAMENTO,11289,05,Intenção,Reforma da estrutura física da sede administrativa da Unidade de Saúde de Barbacena.,31/05/2024,31/08/2025,2021,1372000
1320 SECRETARIA DE ESTADO DA SAUDE,1321057 SES/DIR PLANEJAMENTO ORCAMENTO,11291,07,Intenção,Reforma da estrutura física da sede administrativa da Unidade de Saúde de São João Del Rei.,31/05/2024,31/08/2025,2021,337413
1320 SECRETARIA DE ESTADO DA SAUDE,1321057 SES/DIR PLANEJAMENTO ORCAMENTO,11292,08,Intenção,Reforma da estrutura física da sede administrativa da Unidade de Saúde de Ubá.,31/05/2024,31/08/2025,2021,999530
1320 SECRETARIA DE ESTADO DA SAUDE,1321057 SES/DIR PLANEJAMENTO ORCAMENTO,11540,10,Intenção,Retomada das obras para conclusão do Hospital Regional de Juiz de Fora.,28/02/2024,30/04/2024,2021,86560608
1320 SECRETARIA DE ESTADO DA SAUDE,1321057 SES/DIR PLANEJAMENTO ORCAMENTO,11541,11,Intenção,Retomada das obras para conclusão do Hospital Regional de Conselheiro Lafaiete.,28/02/2024,30/04/2024,2021,56589598
1320 SECRETARIA DE ESTADO DA SAUDE,1321057 SES/DIR PLANEJAMENTO ORCAMENTO,11542,-,Intenção,Retomada das obras para conclusão do Hospital Regional de Divinópolis.,28/02/2024,30/04/2024,2021,73875533
1320 SECRETARIA DE ESTADO DA SAUDE,1321057 SES/DIR PLANEJAMENTO ORCAMENTO,11543,13,Intenção,Retomada das obras para conclusão do Hospital Regional de Teófilo Otoni.,28/02/2024,30/04/2024,2021,115046483
1320 SECRETARIA DE ESTADO DA SAUDE,1321057 SES/DIR PLANEJAMENTO ORCAMENTO,11544,14,Intenção,Retomada das obras para conclusão do Hospital Regional de Sete Lagoas.,28/02/2024,30/04/2024,2021,101728262
1320 SECRETARIA DE ESTADO DA SAUDE,1321057 SES/DIR PLANEJAMENTO ORCAMENTO,11934,15,Intenção,Reforma da estrutura física da sede administrativa da Unidade Regional de Saúde de Governador Valadares.,15/12/2022,15/12/2024,2022,2000000
1400 CORPO DE BOMBEIROS MILITAR DE MINAS GERAIS,1401205 5 BBM - SECAO ORCAMENTARIA E FINANCEIRA,12039,-,Em Concepção e Planejamento,"EXECUÇÃO DAS ESTRUTURAS DE CONCRETO ARMADO DAS VIGAS DA 3ª LAJE, DA 3ª LAJE, DA 4ª LAJE E DA ESCADA, E PARTE DAS VEDAÇÕES EM ALVENARIA, DOS CONTRA PISOS, DAS INSTALAÇÕES ELÉTRICAS E DAS INSTALAÇÕES HIDRÁULICAS, DA NOVA SEDE DA 2ª CIA / 5º BBM – ARAGUARI/MG.",26/10/2022,25/04/2024,2022,505670
1400 CORPO DE BOMBEIROS MILITAR DE MINAS GERAIS,1401269 CSM SOFI - MOTOMEC,11534,-,Intenção,"Construção de pistas de treinamento profissional para atividades de combate a incêndio, salvamento em alturas, salvamento aquático e salvamento terrestre na Academia de Bombeiros Militar de Minas Gerais (Rua do Registro 2001, Vila Beneves - Contagem/MG).",01/01/2022,21/08/2024,2021,22471014
1400 CORPO DE BOMBEIROS MILITAR DE MINAS GERAIS,1401269 CSM SOFI - MOTOMEC,11535,-,Intenção,Restauração dos dois prédios do 1° Batalhão de Bombeiros Militar tombados pelo patrimônio histórico.,01/01/2022,19/10/2025,2021,3127160
1400 CORPO DE BOMBEIROS MILITAR DE MINAS GERAIS,1401269 CSM SOFI - MOTOMEC,12003,-,Intenção,Obtenção de AVCB para as edificações do CBMMG por meio da contratação da elaboração de PSCIP e/ou execução desses,01/02/2023,30/05/2024,2022,10000000
1400 CORPO DE BOMBEIROS MILITAR DE MINAS GERAIS,1401269 CSM SOFI - MOTOMEC,12229,-,Intenção,Contratação de projeto de engenharia para unidade do Corpo de Bombeiros Militar de Minas Gerais,02/01/2024,30/12/2024,2023,90000
1400 CORPO DE BOMBEIROS MILITAR DE MINAS GERAIS,1401806 2 COB SECAO ORCAMENTARIA E FINANCEIRA,12217,-,Intenção,Construção da nova sede do quartel da Companhia BM em Araguari/MG,02/01/2024,30/12/2024,2023,311000
1400 CORPO DE BOMBEIROS MILITAR DE MINAS GERAIS,1402007 6 COB - SECAO ORCAMENTARIA E FINANCEIRA,12151,-,Em Concepção e Planejamento,"CONSTRUÇÃO DE PISCINA COM ACESSIBILIDADE E VESTIÁRIO NO CENTRO DE TREINAMENTO DO 9º BBM localizado na Rua Antonio Da Silva Neto, 196 – Jd. Primavera - Varginha/MG.",19/05/2023,18/05/2024,2023,699000
1400 CORPO DE BOMBEIROS MILITAR DE MINAS GERAIS,1402027 4 COB - SOFI MONTES CLARO,12218,-,Intenção,Reforma do imóvel do quartel BM em Janaúba/MG,02/01/2024,30/12/2024,2023,312500
1450 SECRETARIA DE ESTADO DE JUSTICA E SEGURANCA PUBLIC,1451080 SIEL,7929,58,Intenção,construção do galpão em presidio de sete lagoas,01/01/2014,31/12/2101,2014,550000
1450 SECRETARIA DE ESTADO DE JUSTICA E SEGURANCA PUBLIC,1451606 SEINFRA/DEER,11743,92021,Em Concepção e Planejamento,CONSTRUCAO DA CADEIA PUBLICA MASCULINA - 388 VAGAS EM FRUTAL / MG,18/05/2021,30/06/2024,2021,37000000
1450 SECRETARIA DE ESTADO DE JUSTICA E SEGURANCA PUBLIC,1451606 SEINFRA/DEER,12065,382022,Em Concepção e Planejamento,CONSTRUCAO DA CADEIA PUBLICA MASCULINA DE ITAUNA – PADRAO 306 VAGAS,07/12/2022,21/11/2024,2022,26270704
1450 SECRETARIA DE ESTADO DE JUSTICA E SEGURANCA PUBLIC,1451606 SEINFRA/DEER,12112,22023,Em Concepção e Planejamento,"ELAB.PROJ.PSCIP DE 7 UNIDADES PRISIONAIS DO DEPARTAMENTO PENITENCIÁRIO(DEPEN-MG) EM BHTE,CORONEL FABRICIANO, IPATINGA,RIBEIRAO DAS NEVES E SOA JOAQUIM DE BICAS.",23/01/2023,30/03/2024,2023,171708
1450 SECRETARIA DE ESTADO DE JUSTICA E SEGURANCA PUBLIC,1451606 SEINFRA/DEER,12170,19/2023,Em Concepção e Planejamento,EXECUCAO DAS OBRAS DE REFORMA NO CENTRO SOCIOEDUCATIVO DOM BOSCO (CSEDB) EM BELO HORIZONTE,12/06/2023,19/06/2024,2023,1543635
1450 SECRETARIA DE ESTADO DE JUSTICA E SEGURANCA PUBLIC,1451606 SEINFRA/DEER,12171,022/2023,Em Concepção e Planejamento,EXECUCAO DAS OBRAS DE REFORMA NO CENTRO SOCIOEDUCATIVO SAO BENEDITO (CSESB) EM BELO HORIZONTE,05/06/2023,19/06/2024,2023,935023
1450 SECRETARIA DE ESTADO DE JUSTICA E SEGURANCA PUBLIC,1451606 SEINFRA/DEER,12210,312023,Em Concepção e Planejamento,"REFORMA DA MURALHA, DA PASSARELA E DAS GUARITAS, E REFORCO ESTRUTURAL DA MURALHA DO COMPLEXO PENITENCIARIO NELSON HUNGRIA DE CONTAGEM",18/07/2023,08/07/2025,2023,12042055
1450 SECRETARIA DE ESTADO DE JUSTICA E SEGURANCA PUBLIC,1451606 SEINFRA/DEER,12224,252023,Em Concepção e Planejamento,EXECUCAO DE OBRAS DE REFORMA NO CENTRO SOCIOEDUCATIVO MONTES CLAROS – CSEMOC,18/07/2023,10/08/2024,2023,2579531
1450 SECRETARIA DE ESTADO DE JUSTICA E SEGURANCA PUBLIC,1451606 SEINFRA/DEER,12248,302023,Em Concepção e Planejamento,EXECUÇÃO DE OBRAS DE REFORMA NO CENTRO SOCIOEDUCATIVO SETE LAGOAS – CSESL,26/07/2023,30/08/2024,2023,2896921
1510 POLICIA CIVIL DO ESTADO DE MINAS GERAIS,1510082 SPGF/DMP/PROJETOS E CONVENIOS,12072,-,Em Concepção e Planejamento,"Reforma e adequação para instalação do complexo para atendimento à mulher vítima de violência no prédio anexo ao imóvel localizado na Av. João de Deus Costa, nº 42, Bairro Centro, Contagem/MG",21/02/2023,22/12/2024,2022,662264
1510 POLICIA CIVIL DO ESTADO DE MINAS GERAIS,1510082 SPGF/DMP/PROJETOS E CONVENIOS,12074,-,Intenção,"Reforma e adequação no imóvel situado na Avenida Faria Pereira, 3517, Bairro Marciano Brandão, Patrocínio MG.",21/02/2022,22/12/2024,2022,250000
1510 POLICIA CIVIL DO ESTADO DE MINAS GERAIS,1510082 SPGF/DMP/PROJETOS E CONVENIOS,12147,-,Intenção,"Fornecimento e instalação de rede elétrica exclusiva para os equipamentos, fornecimento e instalação de rede frigorígena e rede de dreno em 02 (duas) salas da Delegacia de Polícia Civil do Município de Lagoa Santa/MG, situada na R. Santos Dumont, 55 - Lindolfo do C Viana, Lagoa Santa - MG",11/05/2023,10/05/2024,2023,14510
1510 POLICIA CIVIL DO ESTADO DE MINAS GERAIS,1510082 SPGF/DMP/PROJETOS E CONVENIOS,12148,-,Intenção,"Fornecimento e instalação de rede elétrica exclusiva para os equipamentos, fornecimento e instalação de rede frigorígena e rede de dreno em 02 (duas) salas da Delegacia de Polícia Civil do Município de Andradas/MG, situada na R. Erico Buzato, 234, Vila Buzato, Andradas / MG, CEP: 37795-000",11/05/2023,10/05/2024,2023,14306
1510 POLICIA CIVIL DO ESTADO DE MINAS GERAIS,1510082 SPGF/DMP/PROJETOS E CONVENIOS,12149,-,Intenção,"Fornecimento e instalação de rede elétrica exclusiva para os equipamentos de ar condicionado e instalação de rede frigorígena e rede de dreno em 02 (duas) salas da Delegacia de Polícia Civil do Município de Conceição das Alagoas/MG, situada na Rua Wady Nassif, 79, Centro, Conceição das Alagoas/MG",11/05/2023,10/05/2024,2023,14478
1510 POLICIA CIVIL DO ESTADO DE MINAS GERAIS,1510082 SPGF/DMP/PROJETOS E CONVENIOS,12168,-,Em Concepção e Planejamento,"reforma e adequação no imóvel que abriga o Hospital da Polícia Civil - HPC, localizado na Rua Bernardo Guimarães nº 1.280, Funcionários, Belo Horizonte/MG",05/05/2023,26/01/2024,2023,66214
2010 INST.DE PREVIDENCIA DOS SERVIDORES DO EST.M.GERAIS,2011020 GEASU-DEGES,6174,11,Em Concepção e Planejamento,Reforma do imóvel do Ipsemg em Ubá,06/09/2023,15/04/2024,2013,400000
2010 INST.DE PREVIDENCIA DOS SERVIDORES DO EST.M.GERAIS,2011020 GEASU-DEGES,7881,21,Em Concepção e Planejamento,Reformas ala B do HGIP - 40%,30/11/2023,22/02/2024,2013,7000000
2010 INST.DE PREVIDENCIA DOS SERVIDORES DO EST.M.GERAIS,2011020 GEASU-DEGES,9172,29,Em Concepção e Planejamento,Reforma geral no imóvel do Centro Regional de Teófilo Otôni - 90%,15/07/2023,16/04/2024,2015,700000
2010 INST.DE PREVIDENCIA DOS SERVIDORES DO EST.M.GERAIS,2011020 GEASU-DEGES,9836,30,Em Concepção e Planejamento,Reforma da Quimioterapia - HGIP Projeto,27/07/2024,30/08/2024,2016,100000
2010 INST.DE PREVIDENCIA DOS SERVIDORES DO EST.M.GERAIS,2011020 GEASU-DEGES,9999,31,Em Concepção e Planejamento,Reforma da Endoscopia - HGIP - 70%,30/03/2024,03/05/2024,2017,700000
2010 INST.DE PREVIDENCIA DOS SERVIDORES DO EST.M.GERAIS,2011020 GEASU-DEGES,10021,48,Em Concepção e Planejamento,Reforma de manutenção do imóvel do Centro Regional - 80%,31/03/2023,28/04/2024,2017,800000
2010 INST.DE PREVIDENCIA DOS SERVIDORES DO EST.M.GERAIS,2011020 GEASU-DEGES,11891,69,Em Concepção e Planejamento,Reforma e adaptação do imóvel do DER para instalação da Agência regional do Ipsemg.,08/12/2022,02/02/2024,2022,200000
2010 INST.DE PREVIDENCIA DOS SERVIDORES DO EST.M.GERAIS,2011020 GEASU-DEGES,11892,70,Obra em Execução,Contrato de manutenção para os imoveis de propriedade do Ipsemg - 14%,04/04/2022,06/04/2024,2022,700000
2010 INST.DE PREVIDENCIA DOS SERVIDORES DO EST.M.GERAIS,2011020 GEASU-DEGES,12236,72,Em Concepção e Planejamento,Reforma-manutenção das fachadas do HGIP - 25%,27/07/2024,30/08/2024,2023,500000
2010 INST.DE PREVIDENCIA DOS SERVIDORES DO EST.M.GERAIS,2011020 GEASU-DEGES,12237,73,Em Concepção e Planejamento,Execução de serviços de demolição e limpeza fazenda Contagem,27/07/2024,21/08/2024,2023,300000
2010 INST.DE PREVIDENCIA DOS SERVIDORES DO EST.M.GERAIS,2011291 IPSEMG DEOP OBRAS,12164,21/2023,Em Concepção e Planejamento,REFORMA DO PREDIO DA UNIDADE REGIONAL DO IPSEMG DE JUIZ DE FORA,12/06/2023,10/04/2024,2023,1377723
2070 FUND. DE AMPARO A PESQ. DO ESTADO DE MINAS GERAIS,2071151 FAPEMIG/DER TDCO,12126,132023,Em Concepção e Planejamento,CONCLUSAO DA OBRA DE CONSTRUCAO DO BLOCO 07 – AUDITORIO – DA SEDE DA FUNDACAO DE AMPARO A PESQUISA DO ESTADO DE MINAS GERAIS (FAPEMIG) EM BELO HORIZONTE,24/03/2023,28/02/2024,2023,6350054
2200 INST. EST. DO PATRIMONIO HIST. E ARTISTICO DE MG,2201002 GLM/IEPHA,12024,1,Em Concepção e Planejamento,"O objeto do presente Contrato é a restauração arquitetônica, incluindo instalações complementares e restauração de elementos artísticos integrados da Igreja Matriz de Nossa Senhora Aparecida, localizada no distrito de Córregos, município de Conceição do Mato Dentro/MG.",28/04/2022,06/04/2024,2022,2962094
2260 FUNDACAO EZEQUIEL DIAS,2261036 ENGENHARIA E INFRAESTRUTURA,9148,7,Intenção,"Recuperação estrutural do prédio Nº 6, denominado à Divisão de Vigilância Sanitária e Ambiental (DIVISA)/DIOM.",18/12/2023,02/06/2024,2015,200000
2260 FUNDACAO EZEQUIEL DIAS,2261036 ENGENHARIA E INFRAESTRUTURA,9150,9,Intenção,Projeot e obra de pavimentação e sinalização das ruas internas da FUNED.,15/01/2024,16/09/2025,2015,2000000
2260 FUNDACAO EZEQUIEL DIAS,2261036 ENGENHARIA E INFRAESTRUTURA,9151,10,Em Concepção e Planejamento,"Obras civis para adequação/revisão, atualização do projeto de Prevenção e Combate a Incêndio e Pânico, aprovado junto ao CBMMG. O valor será rateado nas 4 Diretorias. Projeto sofreá alterações devendo ser aprovado novamente.",01/02/2024,02/02/2025,2015,2400000
2260 FUNDACAO EZEQUIEL DIAS,2261036 ENGENHARIA E INFRAESTRUTURA,9847,-,Obra em Execução,Finalização das instalações da unidade V para liberar a área completamente para produção dentre das normas vigentes.,21/12/2016,31/12/2024,2016,15000000
2260 FUNDACAO EZEQUIEL DIAS,2261036 ENGENHARIA E INFRAESTRUTURA,9848,-,Em Concepção e Planejamento,"Projeto e obra de adequação/construção de edificação da DIV DE CONTROLE DA QUALIDADE/DI. Ampliando, atualizando, e adequando, a infraestrutura que permita atender as demandas internas de análises do Controle e qualidade e capacidade.",11/03/2024,27/04/2028,2016,13500000
2260 FUNDACAO EZEQUIEL DIAS,2261036 ENGENHARIA E INFRAESTRUTURA,10870,-,Intenção,FÁBRICA DE SÓLIDOS POR VIA ÚMIDA - UNIDADE I - Será realizado o rateio entre as ações da DI.,01/12/2022,21/12/2026,2019,25000000
2260 FUNDACAO EZEQUIEL DIAS,2261036 ENGENHARIA E INFRAESTRUTURA,11401,-,Intenção,Obra de Reforma do Galpão Ciência em Movimento - Ação 4189,06/04/2024,06/11/2024,2021,150000
2260 FUNDACAO EZEQUIEL DIAS,2261036 ENGENHARIA E INFRAESTRUTURA,11402,-,Intenção,"Construção de refeitório, área para tratamento animal e área para resíduos na Fazenda experimental - Ação 4288",10/07/2024,10/08/2025,2021,2500000
2260 FUNDACAO EZEQUIEL DIAS,2261036 ENGENHARIA E INFRAESTRUTURA,12228,-,Intenção,Ampliação de estacionamento e estruturação de área para pátio de conteineres destinado a prestadores de serviço e abrigo de materiais.,06/01/2024,14/11/2024,2023,1000000
2270 FUNDACAO HOSPITALAR DO ESTADO DE MINAS GERAIS,500021 SERV. DE MANUT. - MANUT.PREDIAL/ADC/BH,12231,-,Intenção,Intervenções e Projetos no Hospital Júlia Kubitscheck,01/02/2024,31/12/2024,2023,1459920
2270 FUNDACAO HOSPITALAR DO ESTADO DE MINAS GERAIS,500021 SERV. DE MANUT. - MANUT.PREDIAL/ADC/BH,12232,-,Intenção,Intervenção no Hospital Infantil João Paulo II,01/02/2024,31/12/2024,2023,1905412
2270 FUNDACAO HOSPITALAR DO ESTADO DE MINAS GERAIS,500102 DEOP/FHEMIG/ADC/CONVENIO,12216,362023,Em Concepção e Planejamento,ELAB.PROJ.EXECUT.ARQUIT. COMPL.REFORMA E ADEQUACAO DO SETOR DE IMAGENS DO HOSP.JOAO XXIII EM BELO HORIZONTE,26/07/2023,30/07/2024,2023,247422
2280 FUNDACAO DE EDUCACAO PARA TRABALHO DE MINAS GERAIS,2281330 TDCO-DER-UTRA,12215,32/2023,Em Concepção e Planejamento,"ELABORAÇÃO DE PROJETOS EXECUTIVOS PARA A REFORMA DOS PRÉDIOS QUE COMPÕEM A UTRAMIG - FUNDAÇÃO DE EDUCAÇÃO PARA O TRABALHO DE MINAS GERAIS, INSTITUIÇÃO LOCALIZADA NO MUNICÍPIO DE BELO HORIZONTE",24/07/2023,30/04/2025,2023,166755
2300 DEPARTAMENTO DE ESTRADAS DE RODAGEM,2301520 DER/DI/GAO - COMPRAS,5394,5660,Obra em Execução,PRC-22001/12 - MELHORAMENTO PAVIMENTAÇÃO TAQUARAÇU DE MINAS - NOVA UNIÃO E CONTORNO DE NOVA UNIÃO,14/06/2012,31/12/2024,2012,25608782
2300 DEPARTAMENTO DE ESTRADAS DE RODAGEM,2301520 DER/DI/GAO - COMPRAS,5751,4,Intenção,Bambui(Entr.LMG827)-Piumhi(Entr.MG341),01/11/2012,31/12/2024,2012,117199000
2300 DEPARTAMENTO DE ESTRADAS DE RODAGEM,2301520 DER/DI/GAO - COMPRAS,5772,14,Intenção,Frutal-Entr.Fazenda Boa Vista,01/11/2012,31/12/2024,2012,29802000
2300 DEPARTAMENTO DE ESTRADAS DE RODAGEM,2301520 DER/DI/GAO - COMPRAS,5784,21,Intenção,Perdizes(Entr.BR452)-Entr.BR262,01/11/2012,31/12/2024,2012,45356000
2300 DEPARTAMENTO DE ESTRADAS DE RODAGEM,2301520 DER/DI/GAO - COMPRAS,5843,220652013,Cancelado,Pedra Bonita-Entr.BR116 e Pedra Bonita (Variante) - (SIAD - 5934),03/08/2013,31/12/2024,2013,22734246
2300 DEPARTAMENTO DE ESTRADAS DE RODAGEM,2301520 DER/DI/GAO - COMPRAS,5908,86,Intenção,Vargem Alegre-Revés Belém(Distrito),01/03/2014,28/02/2024,2014,39315000
2300 DEPARTAMENTO DE ESTRADAS DE RODAGEM,2301520 DER/DI/GAO - COMPRAS,7330,5740,Obra em Execução,PRC-22.038/12 - Melhoramento e pavimentação ENTRº BR/262 - ENTRº SÃO JOSÉ DO GOIABAL - CAVA GRANDE,26/10/2012,26/06/2024,2012,177157834
2300 DEPARTAMENTO DE ESTRADAS DE RODAGEM,2301520 DER/DI/GAO - COMPRAS,7332,5742,Concluído,PRC-22.036/12 - Melhoramento e pavimentação do CONTORNO DE ANDRADAS,24/10/2012,31/12/2024,2012,14699897
2300 DEPARTAMENTO DE ESTRADAS DE RODAGEM,2301520 DER/DI/GAO - COMPRAS,7359,5757,Cancelado,PRC-22.046/12- MELHORAMENTO E PAV. ANTÔNIO CARLOS – BIAS FORTES e PEDRO TEIXEIRA – ENTRº BR/267,22/11/2012,31/12/2024,2012,30400590
2300 DEPARTAMENTO DE ESTRADAS DE RODAGEM,2301520 DER/DI/GAO - COMPRAS,7533,5809,Cancelado,PRC-22.054/12- Melhoramento e pavimentação Entr.BR/365 (Romaria) - Entr.LMG/782 (Para Iraí de Minas),02/01/2013,31/12/2024,2013,41199892
2300 DEPARTAMENTO DE ESTRADAS DE RODAGEM,2301520 DER/DI/GAO - COMPRAS,7572,5821,Obra em Execução,PRC-24.009/13 - Apoio à Supervisão de Obras dos trechos constantes do LOTE 03 - CAMINHO DE MINAS.,16/04/2013,31/12/2024,2013,21829372
2300 DEPARTAMENTO DE ESTRADAS DE RODAGEM,2301520 DER/DI/GAO - COMPRAS,7575,5825,Obra em Execução,PRC-24.010/13 - Supervisão de Obras Rodoviárias dos trechos constantes do Lote 01- Caminhos de Minas,17/04/2013,31/12/2024,2013,20434326
2300 DEPARTAMENTO DE ESTRADAS DE RODAGEM,2301520 DER/DI/GAO - COMPRAS,7578,5827,Obra em Execução,PRC-24.013/13 - SUPERVISÃO DE OBRAS - trecho CÓRREGO VACARIA - CONCEIÇÃO DO MATO DENTRO,24/04/2013,31/12/2024,2013,1807792
2300 DEPARTAMENTO DE ESTRADAS DE RODAGEM,2301520 DER/DI/GAO - COMPRAS,7654,5853,Cancelado,PRC-22.051/12 - VIADUTO SOBRE A FERROVIA CENTRO ATLÂNTICA (FCA) - ENTR.BR452 - ENTR.BR262,02/01/2013,31/12/2024,2013,2468014
2300 DEPARTAMENTO DE ESTRADAS DE RODAGEM,2301520 DER/DI/GAO - COMPRAS,7667,5859,Obra em Execução,PRC-22.024/13 - Serviços de melhoramento e pavimentação do Trecho Caeté - Barão de Cocais,08/03/2013,29/04/2024,2013,62231521
2300 DEPARTAMENTO DE ESTRADAS DE RODAGEM,2301520 DER/DI/GAO - COMPRAS,7673,5862,Obra em Execução,PRC-22.004/13 - MERCÊS DE ÁGUA LIMPA - NAZARENO,26/03/2013,31/12/2024,2013,25840932
2300 DEPARTAMENTO DE ESTRADAS DE RODAGEM,2301520 DER/DI/GAO - COMPRAS,7683,5867,Cancelado,PRC-24.002/13 - Supervisão de obras rodoviárias UBERLÂNDIA - CAMPO FLORIDO - RIO CABAÇAL,06/03/2013,10/06/2024,2013,2521674
2300 DEPARTAMENTO DE ESTRADAS DE RODAGEM,2301520 DER/DI/GAO - COMPRAS,7687,5872,Cancelado,PRC-22.016/13- Araguari (Entrº BR/050) - Entrº BR/365 e Contorno Sul de Uberlândia - Rod.do Contorno,19/02/2013,31/12/2024,2013,74408812
2300 DEPARTAMENTO DE ESTRADAS DE RODAGEM,2301520 DER/DI/GAO - COMPRAS,7877,5897,Cancelado,PRC-22.047/12 - Execução dos trabalhos de melhoramento e pavimentação do trecho SABARÁ - NOVA LIMA.,02/01/2013,31/12/2024,2013,23117550
2300 DEPARTAMENTO DE ESTRADAS DE RODAGEM,2301520 DER/DI/GAO - COMPRAS,8014,2203813,Cancelado,"Exec. serv. const. Ponte sobre o Ribeirão Cachoeira de Cima, trecho Itapagipe - Entrº BR-364",21/08/2013,31/12/2024,2013,22418083
2300 DEPARTAMENTO DE ESTRADAS DE RODAGEM,2301520 DER/DI/GAO - COMPRAS,8025,2206713,Obra em Execução,TRAB. DE OBRAS DE ARTE ESPEC. NO TRECHO ENTR LMG/690 (PARACATU) - ENTR ENTRE RIBEIROS - ENTR MG/181,23/08/2013,27/08/2025,2013,12818969
2300 DEPARTAMENTO DE ESTRADAS DE RODAGEM,2301520 DER/DI/GAO - COMPRAS,8027,2205413,Obra em Execução,PRC-22.054/13 - TRECHO ENTRº LMG/690 (PARACATU) - ENTRº ENTRE RIBEIROS - ENTRº MG/181,01/01/2013,18/08/2024,2013,107257971
2300 DEPARTAMENTO DE ESTRADAS DE RODAGEM,2301520 DER/DI/GAO - COMPRAS,8029,2205013,Cancelado,"PRC-22.050/13 - CONSTR. DA PONTE SOBRE RIO MATIPÓ, NO TRECHO PEDRA BONITA - ENTRº BR/116.",01/01/2013,31/12/2024,2013,7492406
2300 DEPARTAMENTO DE ESTRADAS DE RODAGEM,2301520 DER/DI/GAO - COMPRAS,8045,5927,Concluído,PRC-22.069/13 - Diamantina - Milho Verde e Milho Verde - Serro,15/08/2013,31/12/2024,2013,63478257
2300 DEPARTAMENTO DE ESTRADAS DE RODAGEM,2301520 DER/DI/GAO - COMPRAS,8074,5920,Em Concepção e Planejamento,"PRC-22.055/13 - Melhoramento e pavimentação, do Trecho MEDEIROS - PRATINHA",02/07/2013,31/12/2024,2013,54109416
2300 DEPARTAMENTO DE ESTRADAS DE RODAGEM,2301520 DER/DI/GAO - COMPRAS,8091,5833,Obra em Execução,PRC-22.042/13 - Frutal -Entr.BR/364 e Frutal - Entr.BR/364 (Garimpo da Bandeira),02/01/2013,29/11/2024,2013,41380421
2300 DEPARTAMENTO DE ESTRADAS DE RODAGEM,2301520 DER/DI/GAO - COMPRAS,8815,EDITAL 016/14,Intenção,CONCEIÇÃO DO MATO - SERRO,01/01/2015,31/12/2024,2014,29531591
2300 DEPARTAMENTO DE ESTRADAS DE RODAGEM,2301520 DER/DI/GAO - COMPRAS,8828,2015-DI,Intenção,DOM JOAQUIM - SENHORA DO PROTO,01/01/2015,01/01/2024,2014,36400000
2300 DEPARTAMENTO DE ESTRADAS DE RODAGEM,2301520 DER/DI/GAO - COMPRAS,8830,2015-DI,Obra em Execução,ERVÁLIA - ARAPONGA (EM LICITAÇÃO PARTE: ERVÁLIA - ENTR. SÃO MIGUEL DO ANTA / CANAÃ),01/01/2015,21/07/2024,2014,44800000
2300 DEPARTAMENTO DE ESTRADAS DE RODAGEM,2301520 DER/DI/GAO - COMPRAS,8832,2015-DI,Intenção,IBERTIOGA - PIEDADE DO RIO GRANDE,01/01/2015,01/01/2024,2014,23800000
2300 DEPARTAMENTO DE ESTRADAS DE RODAGEM,2301520 DER/DI/GAO - COMPRAS,8845,2015-DI,Cancelado,"PRC-22.025/2018 - Melhoramento e Pavimentação do trecho Paula Cândido - Entr° MG/124 (Divinésia), extensão 14,82 km, na Rodovia MG/280",10/08/2018,01/02/2024,2014,18163072
2300 DEPARTAMENTO DE ESTRADAS DE RODAGEM,2301520 DER/DI/GAO - COMPRAS,8864,2015-DI,Intenção,ENTR. BR/262 - SÃO SEBASTIÃO DO PARAÍSO SUB-TRECHO MATEUS LEME - DIVINÓPOLIS,01/01/2015,31/12/2024,2014,285249767
2300 DEPARTAMENTO DE ESTRADAS DE RODAGEM,2301520 DER/DI/GAO - COMPRAS,8869,2015-DI,Intenção,DORES DE GUANHÃES - ENTR. JOANÉSIA,01/01/2015,31/12/2024,2014,54715000
2300 DEPARTAMENTO DE ESTRADAS DE RODAGEM,2301520 DER/DI/GAO - COMPRAS,8870,2015-DI,Intenção,RIO ACIMA - ITABIRITO,01/01/2015,31/12/2024,2014,48896000
2300 DEPARTAMENTO DE ESTRADAS DE RODAGEM,2301520 DER/DI/GAO - COMPRAS,8871,2015-DI,Intenção,CORDISLÂNDIA - CARVALHÓPOLIS E ACESSO A DOURADINHO,01/01/2015,31/12/2024,2014,32279000
2300 DEPARTAMENTO DE ESTRADAS DE RODAGEM,2301520 DER/DI/GAO - COMPRAS,8872,2015-DI,Intenção,ESMERALDAS - SÃO JOSÉ DA VARGINHA,01/01/2015,01/01/2024,2014,31099000
2300 DEPARTAMENTO DE ESTRADAS DE RODAGEM,2301520 DER/DI/GAO - COMPRAS,8882,2015-DI,Intenção,SÃO GONÇALO DO RIO PRETO - PARQUE ESTADUAL DO RIO PRETO (SERVIÇOS DE APOIO A SUPERVISÃO DE OBRAS),01/01/2015,01/01/2024,2014,3218000
2300 DEPARTAMENTO DE ESTRADAS DE RODAGEM,2301520 DER/DI/GAO - COMPRAS,8901,2015-DI,Intenção,UBERLÂNDIA - CAMPO FLORIDO (LOTE1) SUB-TRECHO UBERLÂNDIA - PONTE SOBRE O RIO CABAÇAL,01/01/2015,31/12/2024,2014,100000
2300 DEPARTAMENTO DE ESTRADAS DE RODAGEM,2301520 DER/DI/GAO - COMPRAS,9048,2015-DI,Intenção,construção de passarela entre os km 15 e 16 da rodovia mg-010 (Linha Verde),01/01/2015,31/12/2024,2014,2700000
2300 DEPARTAMENTO DE ESTRADAS DE RODAGEM,2301520 DER/DI/GAO - COMPRAS,9569,-,Em Concepção e Planejamento,"Complementação dos trabalhos de melhoramento e pavimentação no trecho Santa Rita do Itueto - Entr° BR/259 (Resplendor), na rodovia Municipal.",30/10/2015,31/12/2024,2015,21571067
2300 DEPARTAMENTO DE ESTRADAS DE RODAGEM,2301520 DER/DI/GAO - COMPRAS,9838,-,Em Concepção e Planejamento,"DC-021/2021 - Construção da Ponte sobre o Rio São Francisco com dimensão de 1.120,00m x 13,80m e melhoramento e pavimentação da variante de acesso à Ponte sobre o Rio São Francisco, com 3,060 km de extensão, no trecho São Francisco - Pintópolis, na Rodovia MG/402",20/12/2021,19/03/2024,2016,125000000
2300 DEPARTAMENTO DE ESTRADAS DE RODAGEM,2301520 DER/DI/GAO - COMPRAS,10321,-,Cancelado,"PRC-22.006/2018 - Complementação dos serviços de Melhoramento, Pavimentação, Aumento de Capacidade e OAE's no trecho Entr° BR/381 – Itabira e Contorno de Itabira, com extensão de 36,36 km, na Rodovia MG/434;",29/03/2018,29/07/2024,2018,15781507
2300 DEPARTAMENTO DE ESTRADAS DE RODAGEM,2301520 DER/DI/GAO - COMPRAS,10352,-,Cancelado,"PRC-22.011/2018 - OBRAS DE IMPLANTAÇÃO DA INTERSEÇÃO NO TRECHO ENTR° BR/040 (BARREIRA DO TRIUNFO - JOÃO FERREIRA, EM RODOVIA DE LIGAÇÃO",27/04/2018,31/12/2024,2018,1539001
2300 DEPARTAMENTO DE ESTRADAS DE RODAGEM,2301520 DER/DI/GAO - COMPRAS,10367,-,Concluído,"PRC-22.014/2018 - IMPLANTAÇÃO E PAVIMENTAÇÃO DO ACESSO AO DISTRITO DE JACUTINGA - ESTRADA MUNICIPAL, EXTENSÃO 640,00m, NA RODOVIA MUNICIPAL E IMPLANTAÇÃO DA INTERSEÇÃO NO ACESSO AO DISTRITO DE JACUTINGA - INTERSEÇÃO MG/290, EXTENSÃO 700,00 m",16/05/2018,31/12/2024,2018,5768152
2300 DEPARTAMENTO DE ESTRADAS DE RODAGEM,2301520 DER/DI/GAO - COMPRAS,10378,-,Cancelado,"Execução das Condicionantes dos licenciamentos ambientais do trecho Entr° BR/040 (Barreira do triunfo) - MG/353 (Goiana), com 15,20km",20/06/2018,20/10/2024,2018,8893107
2300 DEPARTAMENTO DE ESTRADAS DE RODAGEM,2301520 DER/DI/GAO - COMPRAS,11097,-,Intenção,Contorno Sul Serro,27/08/2020,31/12/2024,2020,17000000
2300 DEPARTAMENTO DE ESTRADAS DE RODAGEM,2301520 DER/DI/GAO - COMPRAS,11098,-,Intenção,Contorno Norte Serro (Restauração),27/08/2020,31/12/2024,2020,9000000
2300 DEPARTAMENTO DE ESTRADAS DE RODAGEM,2301520 DER/DI/GAO - COMPRAS,11099,-,Intenção,Entr.LMG760-Marliéria(Complementação),27/08/2020,31/12/2024,2020,20000000
2300 DEPARTAMENTO DE ESTRADAS DE RODAGEM,2301520 DER/DI/GAO - COMPRAS,11100,-,Cancelado,"DC-22.024/2020 - Implantação e pavimentação do Acesso Secundário de Itaúna - km 50,3, com extensão de 1,35 km, na Rodovia MG/431",23/12/2021,31/12/2024,2020,4125964
2300 DEPARTAMENTO DE ESTRADAS DE RODAGEM,2301520 DER/DI/GAO - COMPRAS,11101,-,Intenção,Milho Verde-Serro(Pte.Ribeirão 3 Barras),27/08/2020,31/12/2024,2020,1600000
2300 DEPARTAMENTO DE ESTRADAS DE RODAGEM,2301520 DER/DI/GAO - COMPRAS,11102,-,Em Concepção e Planejamento,Mercês-Rio Pomba(Pte.São Domingos),27/08/2020,31/12/2024,2020,2000000
2300 DEPARTAMENTO DE ESTRADAS DE RODAGEM,2301520 DER/DI/GAO - COMPRAS,11247,-,Obra em Execução,"Recuperação Funcional do Pavimento nos trechos: Águas Formosas - Pavão, com 45,60 km de extensão, na Rodovia MG/105 e Entr° BR/116 (p/ Teófilo Otoni) - Pavão, com 76,30 km de extensão, na Rodovia MG/409",09/03/2021,09/09/2024,2021,59947042
2300 DEPARTAMENTO DE ESTRADAS DE RODAGEM,2301520 DER/DI/GAO - COMPRAS,11304,-,Intenção,Araçaí - Sete Lagoas,01/10/2022,30/08/2025,2021,90500000
2300 DEPARTAMENTO DE ESTRADAS DE RODAGEM,2301520 DER/DI/GAO - COMPRAS,11305,-,Intenção,Araguari,01/10/2022,30/05/2025,2021,71000000
2300 DEPARTAMENTO DE ESTRADAS DE RODAGEM,2301520 DER/DI/GAO - COMPRAS,11318,-,Intenção,Ouro Preto,01/07/2022,30/12/2025,2021,5625000
2300 DEPARTAMENTO DE ESTRADAS DE RODAGEM,2301520 DER/DI/GAO - COMPRAS,11789,-,Em Concepção e Planejamento,"DC-021/2021 - Construção da Ponte sobre o Rio São Francisco com dimensão de 1.120,00m x 13,80m e melhoramento e pavimentação da variante de acesso à Ponte sobre o Rio São Francisco, com 3,060 km de extensão, no trecho São Francisco - Pintópolis, na Rodovia MG/402",20/12/2021,19/03/2024,2022,125000000
2300 DEPARTAMENTO DE ESTRADAS DE RODAGEM,2301520 DER/DI/GAO - COMPRAS,11790,-,Obra em Execução,"DC-003/2022-Complementação da execução dos serviços de apoio a supervisão de obras rodoviárias e OAES's no trecho Caeté - Barão de Cocais e Contorno de Barão de Cocais, na Rodovia MGC-262.",03/02/2022,05/02/2024,2022,2682264
2300 DEPARTAMENTO DE ESTRADAS DE RODAGEM,2301520 DER/DI/GAO - COMPRAS,11863,-,Em Concepção e Planejamento,"DC-009/2022-Complementação da construção de ponte sobre o rio Uberabinha, 84,00x14,80 m, no trecho Contorno Sul deUberlândia, estaca 511+14.",02/05/2022,01/05/2024,2022,4515118
2300 DEPARTAMENTO DE ESTRADAS DE RODAGEM,2301520 DER/DI/GAO - COMPRAS,11864,-,Em Concepção e Planejamento,"DC 010-2022-COMPLEMENTAÇÃO DOS SERVIÇOS DE MELHORAMENTO E PAVIMENTAÇÃO, NO CONTORNO SUL DE UBERLÂNDIA E ADEQUAÇÃO COM A MGC-455.",02/05/2022,02/05/2024,2022,9823793
2300 DEPARTAMENTO DE ESTRADAS DE RODAGEM,2301520 DER/DI/GAO - COMPRAS,11903,-,Em Concepção e Planejamento,"DC 006-2022-COMPLEMENTAÇÃO DOS TRABALHOS DE MELHORAMENTO E PAVIMENTAÇÃO DO TRECHO ENTR. ENTRE RIBEIROS (DISTRITO PARACATU) - ENTR. MG-181, (ESTACA 1.250 A 3.271), COM 40,42 KM, NA RODOVIA LMG-680.",21/04/2022,21/04/2024,2022,57674515
2300 DEPARTAMENTO DE ESTRADAS DE RODAGEM,2301520 DER/DI/GAO - COMPRAS,11907,-,Em Concepção e Planejamento,"DC-001/2022-EXECUÇÃO DOS SERVIÇOS DE MELHORAMENTO E PAVIMENTAÇÃO DO TRECHO JANUÁRIA- TEJUCO, COM 22 KM DE EXTENSÃO, NA RODOVIA MGC-479 E MELHORAMENTO E PAVIMENTAÇÃO DO TRECHO TEJUCO PANDEIROS,COM 24,61 KM DE EXTENSÃO, NA RODOVIA MGC-479.",02/04/2022,04/04/2026,2022,45152642
2300 DEPARTAMENTO DE ESTRADAS DE RODAGEM,2301520 DER/DI/GAO - COMPRAS,11910,-,Em Concepção e Planejamento,"DC-008/2022-O APOIO A SUPERVISÃO DE OBRAS RODOVIÁRIAS NOS TRECHOS JANUÁRIA - TEJUCO, COM 22 KM DE EXTENSÃO E TEJUCO-PANDEIROS, COM 24,61 KM DE EXTENSÃO, NARODOVIA MGC/479.",19/04/2022,19/12/2025,2022,2519553
2300 DEPARTAMENTO DE ESTRADAS DE RODAGEM,2301520 DER/DI/GAO - COMPRAS,11915,-,Em Concepção e Planejamento,"DC-016/2022 BT CONSTRUÇÕES LTDA, PARA O MELHORAMENTO E PAVIMENTAÇÃO DO TRECHO ARAGUARI (DISTRITO DE AMANHECE) - DIVISA MG/GO , EXTENSÃO DE 24,300 KM, NA RODOVIA MG-414,",16/06/2022,15/12/2024,2022,57844796
2300 DEPARTAMENTO DE ESTRADAS DE RODAGEM,2301520 DER/DI/GAO - COMPRAS,11921,-,Em Concepção e Planejamento,"PRC-22.002/2014-MELHORAMENTO E PAVIMENTAÇÃO DO TRECHO ESMERALDAS-SÃO JOSE DA VARGINHA, COM 31,78 KM DE EXTENSAO, NA RODOVIA MG/060(CAMINHOS DE MINAS",24/01/2014,31/01/2025,2022,31098500
2300 DEPARTAMENTO DE ESTRADAS DE RODAGEM,2301520 DER/DI/GAO - COMPRAS,11964,-,Intenção,"Melhoramentos e Pavimentação do trecho Jaboticatubas (Entr. MG-020) - Lagoa Santa (Entr. MG-010), com 14,0 km de extensão, em rodovia municipal",07/08/2023,30/09/2024,2022,35000000
2300 DEPARTAMENTO DE ESTRADAS DE RODAGEM,2301520 DER/DI/GAO - COMPRAS,11967,-,Intenção,"Melhoramentos e Pavimentação do trecho Morada Nova de Minas - Entr. BR-040, com 36,85 km de extensão , na rodovia MG-415",03/05/2023,01/08/2024,2022,81400000
2300 DEPARTAMENTO DE ESTRADAS DE RODAGEM,2301520 DER/DI/GAO - COMPRAS,12040,-,Em Concepção e Planejamento,"DC 023-2022-IMPLANTAÇÃO DA INTERSEÇÃO DE ACESSO A FÁBRICA MCCAIN,NA RODOVIA BR-262/MG, TRECHO DIVISA ES/MG - ENTR° BR/153 (B) / FIM DA PONTE SOBRE O RIO GRANDE (DIVISA MG/SP),KM 706,00.",28/10/2017,28/02/2024,2022,5299569
2300 DEPARTAMENTO DE ESTRADAS DE RODAGEM,2301520 DER/DI/GAO - COMPRAS,12076,-,Em Concepção e Planejamento,"DC-022/2022-Melhoramento e pavimentação do trecho Papagaios - Pompéu, extensão de 44,78 km, na Rodovia MG-060.",04/11/2022,04/11/2024,2022,50000000
2300 DEPARTAMENTO DE ESTRADAS DE RODAGEM,2301520 DER/DI/GAO - COMPRAS,12086,-,Em Concepção e Planejamento,"Apoio à supervisão de obras de melhoramento e pavimentação no trecho Papagaios - Pompéu, extensão de 44,78 km, na rodovia MG-060.",02/02/2023,03/03/2025,2023,2202772
2300 DEPARTAMENTO DE ESTRADAS DE RODAGEM,2301520 DER/DI/GAO - COMPRAS,12101,-,Em Concepção e Planejamento,"DC 021/2022-Melhoramento e pavimentação do trecho Entrº MGC-262 (Sabará) Entrº MG-030 (Nova Lima), extensão de12,600 km, na Rodovia MG-43",11/02/2023,11/01/2025,2023,2146927
2300 DEPARTAMENTO DE ESTRADAS DE RODAGEM,2301520 DER/DI/GAO - COMPRAS,12102,-,Em Concepção e Planejamento,"DC 021/2022-Melhoramento e pavimentação do trecho Entrº MGC-262 (Sabará) Entrº MG-030 (Nova Lima), extensão de12,600 km, na Rodovia MG-43",17/07/2022,17/06/2025,2023,24695954
2300 DEPARTAMENTO DE ESTRADAS DE RODAGEM,2301520 DER/DI/GAO - COMPRAS,12116,-,Em Concepção e Planejamento,"DC-028/2022 -CONSTRUÇÃO DA PONTE SOBRE O RIO JACARÉ NA RODOVIA MG-170, TRECHO ENTRº MG-252 (MOEMA) - ENTRº MG-429 (LAGOA DA PRATA) - DIMENSÕES: (49,60 X 12,10)M.",28/02/2023,28/03/2024,2023,2837668
2300 DEPARTAMENTO DE ESTRADAS DE RODAGEM,2301520 DER/DI/GAO - COMPRAS,12123,-,Em Concepção e Planejamento,"DC-005/2023-IMPLANTAÇÃO DE VARIANTE NA RODOVIA MGC-262 (ESTACA 0 A 15+ 11,390),KM 286 (CAETÉ) E IMPLANTAÇÃO DE VARIANTE DEFINITIVO NA RODOVIA MGC-262 - KM 289,5, TRECHO CAETÉ -ENTRº MG-437 (SABARÁ).",07/03/2023,08/03/2024,2023,2124261
2300 DEPARTAMENTO DE ESTRADAS DE RODAGEM,2301520 DER/DI/GAO - COMPRAS,12140,-,Em Concepção e Planejamento,"Dc 008/2023-IMPLANTAÇÃO E PAVIMENTAÇÃO DO TRECHO SERRO (ALÇA CONTORNO BAIRRO MACHADINHO) - ENTR. MG-010, EXTENSÃO DE 1,36 KM, RECUPERAÇÃO FUNCIONAL DO PAVIMENTO NO TRECHO CONTORNO SUL DO SERRO, EXTENSÃO DE 7,8 KM, RODOVIAS MGC-259 E MG-010 E RECUPERAÇÃO FUNCIONAL DO PAVIMENTO NO TRECHO SERRO.",25/04/2023,24/06/2024,2023,28722630
2300 DEPARTAMENTO DE ESTRADAS DE RODAGEM,2301520 DER/DI/GAO - COMPRAS,12155,-,Em Concepção e Planejamento,DC-002/2023- COMPLEMENTAÇÃO DA EXECUÇÃO DOS SERVIÇOS DE APOIO A SUPERVISÃO DE OBRAS RODOVIÁRIAS NO TRECHO PAULA CÂNDIDO - ENTR. MG-124 (DIVINÉSIA).,17/02/2023,17/03/2025,2023,2256978
2300 DEPARTAMENTO DE ESTRADAS DE RODAGEM,2301520 DER/DI/GAO - COMPRAS,12156,-,Em Concepção e Planejamento,"DC-024/2022 -CONTRATO QUE ENTRE SI FAZEM O DEPARTAMENTO DE EDIFICAÇÕES E ESTRADAS DE RODAGEM DO ESTADO DE MINAS GERAIS E ABRIL CONSTRUÇÕES E SERVIÇOS LTDA, PARA O MELHORAMENTO E PAVIMENTAÇÃO DO TRECHO PAULA CÂNDIDO - ENTR. MG-124 (DIVINÉSIA), EXTENSÃO DE 16,00 KM, NA RODOVIA MG-280.",17/02/2023,17/02/2025,2023,28166021
2300 DEPARTAMENTO DE ESTRADAS DE RODAGEM,2301520 DER/DI/GAO - COMPRAS,12158,-,Em Concepção e Planejamento,"Apoio à supervisão de obras de melhoramentos e pavimentação na rodovia MG-414, trecho Araguari (distrito de Amanhece) - divisa MG/GO, extensão de 24,3 k",13/05/2023,13/12/2025,2023,3606476
2300 DEPARTAMENTO DE ESTRADAS DE RODAGEM,2301520 DER/DI/GAO - COMPRAS,12159,-,Em Concepção e Planejamento,"DC-007/2021-Supervisão de Obras Rodoviárias no trecho Marliéria - Parque Estadual do Rio Doce, com 14,000 km de extensão, na Rodovia AMG-403",20/05/2022,31/08/2024,2023,611192
2300 DEPARTAMENTO DE ESTRADAS DE RODAGEM,2301520 DER/DI/GAO - COMPRAS,12163,-,Em Concepção e Planejamento,"DC-025/2022-apoio à supervisão de obras de melhoramento, pavimentação e OAE's no trecho Pintópolis - Urucuia, extensãode 73,14 km, na rodovia MG-402.",25/11/2023,25/12/2024,2023,2090969
2300 DEPARTAMENTO DE ESTRADAS DE RODAGEM,2301520 DER/DI/GAO - COMPRAS,12172,-,Em Concepção e Planejamento,"DC-010/2023-Recuperação Funcional do Pavimento no, trecho Congonhas do Norte - Conceição do Mato Dentro, com 43,30km de extensão 8203; Rodovia LMG-739",18/05/2023,18/05/2025,2023,55658077
2300 DEPARTAMENTO DE ESTRADAS DE RODAGEM,2301520 DER/DI/GAO - COMPRAS,12175,-,Em Concepção e Planejamento,"DC -007/2023-Melhoramentos e Pavimentação na Rodovia MG-415, trecho Morada Nova de Minas - Entrº BR-040, com 36,85km de extensão.",05/05/2023,05/02/2026,2023,58760501
2300 DEPARTAMENTO DE ESTRADAS DE RODAGEM,2301520 DER/DI/GAO - COMPRAS,12249,-,Em Concepção e Planejamento,"ELABORAÇÃO DE PROJETO DE ENGENHARIA RODOVIÁRIA PARA MELHORAMENTOS, PAVIMENTAÇÃO E OAE - LOTE 1: TRECHOS: CABECEIRA GRANDE - DIVISA MG-DF; ENTR. BR/479 (CABECEIRA DA MATA) - ENTR. LMG/628 (GARAPUAVA); NATALÂNDIA - ENTR. BR/251, E UNAÍ (CONTORNO)",29/08/2023,23/08/2025,2023,5042730
2300 DEPARTAMENTO DE ESTRADAS DE RODAGEM,2301520 DER/DI/GAO - COMPRAS,12250,-,Em Concepção e Planejamento,"ELABORAÇÃO DE PROJETO DE ENGENHARIA RODOVIÁRIA PARA MELHORAMENTOS, PAVIMENTAÇÃO E OAE - LOTE 3:TRECHOS: CAETÉ - MORRO VERMELHO - RAPOSOS; ENTR.MG-129 (CATAS ALTAS) - FONSECA - ALVINÓPOLIS; RAVENA (ENTR. BR/381) - SABARÁ; PONTE NOVA - BARRA LONGA",25/08/2023,03/05/2025,2023,6173973
2300 DEPARTAMENTO DE ESTRADAS DE RODAGEM,2301520 DER/DI/GAO - COMPRAS,12251,-,Em Concepção e Planejamento,"ELABORAÇÃO DE PROJETO DE ENGENHARIA RODOVIÁRIA PARA MELHORAMENTOS, PAVIMENTAÇÃO E OAE - LOTE 5: TRECHOS: ARAÇUAÍ - NOVO CRUZEIRO, RODOVIA LMG/678; NOVO CRUZEIRO -LADAINHA, RODOVIA MUNICIPAL, E RUBIM - RIO DO PRADO, MG 406,",24/08/2023,03/05/2025,2023,7053153
2300 DEPARTAMENTO DE ESTRADAS DE RODAGEM,2301520 DER/DI/GAO - COMPRAS,12253,-,Em Concepção e Planejamento,"ELABORAÇÃO DE PROJETO DE ENGENHARIA RODOVIÁRIA PARA MELHORAMENTOS, PAVIMENTAÇÃO E OAE - LOTE 7: TRECHO: MARILAC - NACIP RAYDAN (ENTR. P/ SÃO JOSÉ DA SAFIRA), CENTRAL DE MINAS - MENDES PIMENTEL, SÃO JOSÉ DO DIVINO - SÃO FÉLIX DE MINAS, TARUMIRIM - ITANHOMI, ALVARENGA - CONSELHEIRO PENA",25/08/2023,23/08/2025,2023,6324008
2300 DEPARTAMENTO DE ESTRADAS DE RODAGEM,2301520 DER/DI/GAO - COMPRAS,12254,-,Em Concepção e Planejamento,"ELABORAÇÃO DE PROJETO DE ENGENHARIA RODOVIÁRIA PARA MELHORAMENTOS, PAVIMENTAÇÃO E OAE - LOTE 8: TRECHOS: BOM JESUS DO GALHO - CÓRREGO NOVO, VERMELHO NOVO - ENTR. BR/116, ENTR LMG 760 -DIONÍSIO, RAUL SOARES - CAPUTIRA E CONTORNO DE RAUL SOARES, SÃO DOMINGOS DO PRATA - DOM SILVÉRIO",25/08/2023,23/08/2025,2023,7889882
2300 DEPARTAMENTO DE ESTRADAS DE RODAGEM,2301520 DER/DI/GAO - COMPRAS,12255,-,Em Concepção e Planejamento,"ELABORAÇÃO DE PROJETO DE ENGENHARIA RODOVIÁRIA PARA MELHORAMENTOS, PAVIMENTAÇÃO E OAE LOTE 9: ANEL RODOVIÁRIO DE PONTE NOVA, RODOVIA CONTORNO, ORATÓRIOS - AMPARO DO SERRA, CIPOTÂNEA - BRÁS PIRES, CIPOTÂNEA - RIO ESPERA, PORTO FIRME - PRESIDENTE BERNARDES, PRESIDENTE BERNARDES - BRÁS PIRES",24/08/2023,23/08/2025,2023,5085275
2300 DEPARTAMENTO DE ESTRADAS DE RODAGEM,2301520 DER/DI/GAO - COMPRAS,12261,-,Em Concepção e Planejamento,"ELABORAÇÃO DE PROJETO DE ENGENHARIA RODOVIÁRIA PARA MELHORAMENTOS, PAVIMENTAÇÃO E OAE - LOTE 2: TRECHOS: CONTORNO DE IBIÁ, RODOVIA CONTORNO, MAJOR PORTO - QUINTINOS, RODOVIA LMG 743, CARRANCAS - MINDURI, RODOVIA MG 451, E LUMINÁRIAS - SÃO BENTO DO ABADE, RODOVIA LMG 862,",01/09/2023,03/12/2024,2023,3270757
2300 DEPARTAMENTO DE ESTRADAS DE RODAGEM,2301520 DER/DI/GAO - COMPRAS,12262,-,Em Concepção e Planejamento,"ELABORAÇÃO DE PROJETO DE ENGENHARIA RODOVIÁRIA PARA MELHORAMENTOS, PAVIMENTAÇÃO E OAE - LOTE 4: TRECHOS: CORAÇÃO DE JESUS - IBIAÍ, RODOVIA MGC/251, 70,00 KM DE EXTENSÃO E ENTRº CACHOEIRA DO MANTEIGA - ENTRº BR 365, RODOVIA MG 161, 84,00 KM DE EXTENSÃO.",01/09/2023,03/12/2024,2023,4004374
2300 DEPARTAMENTO DE ESTRADAS DE RODAGEM,2301601 DER/DP/GPE,8149,24052/13,Concluído,Coração de Jesus - São João da Vereda - Montes Claros Francisco Dumont - Jeuitaí São João da Ponte - Capitão Enéas,06/05/2014,30/11/2024,2014,7629295
2300 DEPARTAMENTO DE ESTRADAS DE RODAGEM,2301601 DER/DP/GPE,11693,-,Em Concepção e Planejamento,Elaboração de projetos do trecho Contorno de Timóteo,01/12/2021,30/06/2024,2021,4010000
2300 DEPARTAMENTO DE ESTRADAS DE RODAGEM,2301601 DER/DP/GPE,12099,-,Intenção,"APOIO À SUPERVISÃO AMBIENTAL E AOS PROCEDIMENTOS AMBIENTAIS NECESSÁRIOS À REGULARIZAÇÃO AMBIENTAL DAS OBRAS DE EDIFICAÇÕES E RODOVIÁRIAS DO DEPARTAMENTO DE EDIFICAÇÕES E ESTRADAS DE RODAGEM DE MINAS GERAIS – DER/MG. INCLUSO NO PPAG E NO PROGRAMA DE ""INFRAESTRUTURA RODOVIÁRIA""",16/02/2023,16/02/2028,2023,14747702
2300 DEPARTAMENTO DE ESTRADAS DE RODAGEM,2301601 DER/DP/GPE,12122,-,Em Concepção e Planejamento,"A CONTRATAÇÃO DE EMPRESA DE ENGENHARIA CONSULTIVA PARA A PRESTAÇÃO DE SERVIÇOS DE APOIO TÉCNICO AO DER/MG, NA ÁREA DE PROJETO DE ENGENHARIA RODOVIÁRIA",31/03/2023,30/11/2025,2023,19915653
2300 DEPARTAMENTO DE ESTRADAS DE RODAGEM,2301601 DER/DP/GPE,12125,-,Em Concepção e Planejamento,TRECHO: ENTRº MG161 (SÃO ROMÃO) - ENTRº MG-161 (PORTO DE SÃO ROMÃO) - (PONTE SOBRE O RIO SÃO FRANCISCO E VARIANTE),31/03/2023,30/03/2025,2023,3655796
2300 DEPARTAMENTO DE ESTRADAS DE RODAGEM,2301601 DER/DP/GPE,12137,-,Em Concepção e Planejamento,de serviços comuns de engenharia para a realização de sondagens SPT e PDL para atender a demanda existente no Departamento de Edificações e Estradas de Rodagem de Minas Gerais (DER-MG),21/04/2023,20/04/2024,2023,338995
2300 DEPARTAMENTO DE ESTRADAS DE RODAGEM,2301762 DER/DM/GMR,10225,PRC-22.027/2017,Obra em Execução,"Execução dos serviços de manutenção rodoviária, conservação rotineira e periódica, serviços de urgência e pequenos melhoramentos, bem como reparações do corpo estradal e seus dispositivos. A execução dos serviços descritos está restrita ao âmbito de circunscrição da 2ª RRG - Guanhães / Metropolitana",31/10/2017,01/04/2024,2017,44394342
2300 DEPARTAMENTO DE ESTRADAS DE RODAGEM,2301762 DER/DM/GMR,10226,PRC-22.026/17,Obra em Execução,"Execução dos serviços de manutenção rodoviária, conservação rotineira e periódica, serviços de urgência e pequenos melhoramentos, bem como reparações do corpo estradal e seus dispositivos, a execução dos serviços descritos está restrita ao âmbito de circunscrição da 16ª RRG - Oliveira do DEER/MG.",31/10/2017,18/02/2024,2017,33249902
2300 DEPARTAMENTO DE ESTRADAS DE RODAGEM,2301762 DER/DM/GMR,10227,PRC-22.025/17,Obra em Execução,"Execução de serviços de manutenção rodoviária, conservação rotineira e periódica, serviços de urgência e pequenos melhoramentos, bem como reparações do corpo estradal e seus dispositivos, a execução dos serviços descritos está restrita ao âmbito da circunscrição da 28 CRG - Teofilo Otoni / Mucuri",31/10/2017,29/02/2024,2017,48625305
2300 DEPARTAMENTO DE ESTRADAS DE RODAGEM,2301762 DER/DM/GMR,10235,PRC-22.029/17,Obra em Execução,"Serviços de manutenção rodoviária, conservação rotineira e periódica, serviços de urgência e pequenos melhoramentos, bem como reparações do corpo estradal e seus dispositivos. A execução dos serviços descritos está restrita ao âmbito de circunscrição da 14ª RRG - Patos de Minas/Noroeste, do DEER/MG",11/11/2017,31/01/2024,2017,29997714
2300 DEPARTAMENTO DE ESTRADAS DE RODAGEM,2301762 DER/DM/GMR,10237,PRC-22.028/17,Obra em Execução,"Serviços de Manutenção rodoviária, conservação rotineira e periódica, serviços de urgência e pequenos melhoramentos, bem como reparações do corpo estradal e seus dispositivos. 36ª URG Arinos.",10/11/2017,29/02/2024,2017,38758102
2300 DEPARTAMENTO DE ESTRADAS DE RODAGEM,2301762 DER/DM/GMR,10238,22.030/2017,Obra em Execução,"Execução de serviços de manutenção rodoviária, conservação rotineira e periódica, serviços de urgência e pequenos melhoramentos, bem como reparações do corpo estradal e seus dispositivos. A execução dos serviços descritos está restrita ao âmbito de circunscrição da 13ª RRG - Brasília de Minas",23/11/2017,28/05/2024,2017,32857381
2300 DEPARTAMENTO DE ESTRADAS DE RODAGEM,2301762 DER/DM/GMR,10269,PRC-22.041/2017,Obra em Execução,"PRC-22.041/2017 - Serviços de manutenção rodoviária, conservação rotineira e periódica, serviços de urgência e pequenos melhoramentos, bem como reparações do corpo estradal e seus dispositivos, a execução dos serviços descritos está restrita ao âmbito de circunscrição da 03ª RRG - Pará de Minas.",21/12/2017,23/01/2024,2017,34135527
2300 DEPARTAMENTO DE ESTRADAS DE RODAGEM,2301762 DER/DM/GMR,10277,PRC-22.038/17,Obra em Execução,"Serviços de manutenção rodoviária, conservação rotineira e periódica, serviços de urgência e pequenos melhoramentos , bem como reparações do corpo estradal e seus dispositivos. A execução dos serviços descritos está restrita ao âmbito de circunscrição da 9ª CRG - Curvelo/CENTRAL",28/12/2017,31/05/2024,2018,24671397
2300 DEPARTAMENTO DE ESTRADAS DE RODAGEM,2301762 DER/DM/GMR,10279,PRC-22.037/17,Obra em Execução,"Execução dos serviços de manutenção rodoviária, conservação rotineira e periódica, serviços de urgência e pequenos melhoramentos, bem como reparações do corpo estradal e seus dispositivos. A execução dos serviços descritos está restrita ao âmbito de circunscrição da 06ª CRG - MONTES CLAROS / NORTE",05/01/2018,29/02/2024,2018,37771761
2300 DEPARTAMENTO DE ESTRADAS DE RODAGEM,2301762 DER/DM/GMR,10280,PRC-22.043/17,Obra em Execução,"Execução dos serviços de manutenção rodoviária, conservação rotineira e periódica, serviços de urgência e pequenos melhoramentos, bem como reparações do corpo estradal e seus dispositivos. A execução dos serviços descritos está restrita ao âmbito de circunscrição da 39ª RRG- João Pinheiro do DEER/MG",01/01/2018,31/05/2024,2018,32907834
2300 DEPARTAMENTO DE ESTRADAS DE RODAGEM,2301762 DER/DM/GMR,10306,PRC-22.004/18,Obra em Execução,"Execução de serviços de manutenção rodoviária, conservação rotineira e periódica, serviços de urgência e pequenos melhoramentos bem como reparações do corpo estradal e seus dispositivos. A execução dos serviços descritos está restrita ao âmbito de circunscrição da 8ªCRG-Diamantina/Alto jequitinhonha",10/03/2018,31/05/2024,2018,40556688
2300 DEPARTAMENTO DE ESTRADAS DE RODAGEM,2301762 DER/DM/GMR,10357,PRC-22.013/18,Obra em Execução,"Execução dos serviços de manutenção rodoviária, conservação rotineira e periódica, serviços de urgência e pequenos melhoramentos, bem como reparações do corpo estradal e seus dispositivos, a execução dos serviços descritos está restrita ao âmbito de circunscrição da 10ª CRG do DEER/MG.",16/05/2018,31/05/2024,2018,57224121
2300 DEPARTAMENTO DE ESTRADAS DE RODAGEM,2301762 DER/DM/GMR,10370,PRC-22.016/2018,Obra em Execução,"Manutenção rodoviária, conservação rotineira e periódica, serviços de urgência e pequenos melhoramentos, bem como reparações do corpo estradal e seus dispositivos. A execução dos serviços descritos está restrita ao âmbito de circunscrição da 19ª RRG do DEER/MG - Itajubá / Sul.",08/06/2018,31/07/2024,2018,78532495
2300 DEPARTAMENTO DE ESTRADAS DE RODAGEM,2301762 DER/DM/GMR,10398,PRC-22.023/18,Obra em Execução,"Execução dos serviços de manutenção roroviária, conservação rotineira e periódica, serviços de urgência e pequenos melhoramentos, bem como reparações do corpo estradal e seus dispositivos, a execução dos serviços descritos está restrita ao âmbito de circunscrição da 1ª CRG do DEER/MG-Belo Horizonte",12/07/2018,13/07/2024,2018,97332561
2300 DEPARTAMENTO DE ESTRADAS DE RODAGEM,2301762 DER/DM/GMR,10940,-,Intenção,Manutenção e Conservação (KM) - 17ª RRG - PONTE NOVA,01/01/2020,01/01/2025,2019,18676800
2300 DEPARTAMENTO DE ESTRADAS DE RODAGEM,2301762 DER/DM/GMR,10941,-,Intenção,Manutenção e Conservação (KM) - 18ª RRG,01/01/2020,01/01/2025,2019,16319130
2300 DEPARTAMENTO DE ESTRADAS DE RODAGEM,2301762 DER/DM/GMR,10942,-,Intenção,Manutenção e Conservação (KM) - 20ª CRG,01/01/2020,01/01/2025,2019,14227181
2300 DEPARTAMENTO DE ESTRADAS DE RODAGEM,2301762 DER/DM/GMR,10943,-,Intenção,Manutenção e Conservação (KM) - 24ª CRG,01/01/2020,01/01/2025,2019,10914725
2300 DEPARTAMENTO DE ESTRADAS DE RODAGEM,2301762 DER/DM/GMR,10944,-,Intenção,Manutenção e Conservação (KM) - 26ª CRG,01/01/2020,01/01/2025,2019,14773803
2300 DEPARTAMENTO DE ESTRADAS DE RODAGEM,2301762 DER/DM/GMR,10945,-,Intenção,Manutenção e Conservação (KM) - 30ª CRG,01/01/2020,01/01/2025,2019,20321809
2300 DEPARTAMENTO DE ESTRADAS DE RODAGEM,2301762 DER/DM/GMR,10946,-,Intenção,Manutenção e Conservação (KM) - 31ª RRG,01/01/2020,01/01/2025,2019,31722155
2300 DEPARTAMENTO DE ESTRADAS DE RODAGEM,2301762 DER/DM/GMR,10947,-,Intenção,Manutenção e Conservação (KM) - 34ª RRG,01/01/2020,01/01/2025,2019,13459152
2300 DEPARTAMENTO DE ESTRADAS DE RODAGEM,2301762 DER/DM/GMR,10948,-,Intenção,Recuperação Funcional - 06ª CRG Montes Claros,01/01/2020,01/01/2025,2019,13382750
2300 DEPARTAMENTO DE ESTRADAS DE RODAGEM,2301762 DER/DM/GMR,10949,-,Intenção,Recuperação Funcional - 08ª CRG Diamantina,01/01/2020,01/01/2025,2019,37310000
2300 DEPARTAMENTO DE ESTRADAS DE RODAGEM,2301762 DER/DM/GMR,10950,-,Intenção,Recuperação Funcional - 09ª CRG Curvelo,01/01/2020,01/01/2025,2019,20910000
2300 DEPARTAMENTO DE ESTRADAS DE RODAGEM,2301762 DER/DM/GMR,10951,-,Intenção,Recuperação Funcional - 32ª RRG Janaúba,01/01/2020,01/01/2025,2019,50045000
2300 DEPARTAMENTO DE ESTRADAS DE RODAGEM,2301762 DER/DM/GMR,10952,-,Intenção,Recuperação Funcional - 33ª RRG Pirapora,01/01/2020,01/01/2025,2019,14375000
2300 DEPARTAMENTO DE ESTRADAS DE RODAGEM,2301762 DER/DM/GMR,10953,-,Intenção,Recuperação Funcional - 34ª RRG Salinas,01/01/2020,01/01/2025,2019,23520000
2300 DEPARTAMENTO DE ESTRADAS DE RODAGEM,2301762 DER/DM/GMR,10954,-,Intenção,Recuperação Funcional - 37ª RRG Januária,01/01/2020,01/01/2025,2019,14960000
2300 DEPARTAMENTO DE ESTRADAS DE RODAGEM,2301762 DER/DM/GMR,10955,-,Intenção,Recuperação Funcional - 01ª CRG Belo Horizonte,01/01/2020,01/01/2025,2019,88479847
2300 DEPARTAMENTO DE ESTRADAS DE RODAGEM,2301762 DER/DM/GMR,10956,-,Intenção,Recuperação Funcional - 02ª RRG Guanhaes,01/01/2020,01/01/2025,2019,8385736
2300 DEPARTAMENTO DE ESTRADAS DE RODAGEM,2301762 DER/DM/GMR,10957,-,Intenção,Recuperação Funcional - 04ª CRG Barbacena,01/01/2020,01/01/2025,2019,4170492
2300 DEPARTAMENTO DE ESTRADAS DE RODAGEM,2301762 DER/DM/GMR,10958,-,Intenção,Recuperação Funcional - 05ª RRG Uba,01/01/2020,01/01/2025,2019,16794076
2300 DEPARTAMENTO DE ESTRADAS DE RODAGEM,2301762 DER/DM/GMR,10959,-,Intenção,Recuperação Funcional - 07ª RRG Araxá,01/01/2020,01/01/2025,2019,29253690
2300 DEPARTAMENTO DE ESTRADAS DE RODAGEM,2301762 DER/DM/GMR,10960,-,Intenção,Recuperação Funcional - 10ª CRG Varginha,01/01/2020,01/01/2025,2019,29253690
2300 DEPARTAMENTO DE ESTRADAS DE RODAGEM,2301762 DER/DM/GMR,10961,-,Intenção,Recuperação Funcional - 11ª CRG Uberlândia,01/01/2020,01/01/2025,2019,19922459
2300 DEPARTAMENTO DE ESTRADAS DE RODAGEM,2301762 DER/DM/GMR,10962,-,Intenção,Recuperação Funcional - 15ª RRG Poços de caldas,01/01/2020,01/01/2025,2019,18827459
2300 DEPARTAMENTO DE ESTRADAS DE RODAGEM,2301762 DER/DM/GMR,10963,-,Intenção,Recuperação Funcional - 16ª RRG Oliveira,01/01/2020,01/01/2025,2019,34833690
2300 DEPARTAMENTO DE ESTRADAS DE RODAGEM,2301762 DER/DM/GMR,10964,-,Intenção,Recuperação Funcional - 17ª RRG Ponte Nova,01/01/2020,01/01/2025,2019,42258690
2300 DEPARTAMENTO DE ESTRADAS DE RODAGEM,2301762 DER/DM/GMR,10965,-,Intenção,Recuperação Funcional - 18ª RRG Monte Carmelo,01/01/2020,01/01/2025,2019,49053690
2300 DEPARTAMENTO DE ESTRADAS DE RODAGEM,2301762 DER/DM/GMR,10966,-,Intenção,Recuperação Funcional - 19ª RRG Itajubá,01/01/2020,01/01/2025,2019,115723541
2300 DEPARTAMENTO DE ESTRADAS DE RODAGEM,2301762 DER/DM/GMR,10967,-,Intenção,Recuperação Funcional - 20ª CRG Formiga,01/01/2020,01/01/2025,2019,21452707
2300 DEPARTAMENTO DE ESTRADAS DE RODAGEM,2301762 DER/DM/GMR,10968,-,Intenção,Recuperação Funcional - 21ª RRG Jequitinhonha,01/01/2020,01/01/2025,2019,24243076
2300 DEPARTAMENTO DE ESTRADAS DE RODAGEM,2301762 DER/DM/GMR,10969,-,Intenção,Recuperação Funcional - 23ª CRG Governador Valadares,01/01/2020,01/01/2025,2019,13336597
2300 DEPARTAMENTO DE ESTRADAS DE RODAGEM,2301762 DER/DM/GMR,10970,-,Intenção,Recuperação Funcional - 25ª CRG Uberaba,01/01/2020,01/01/2025,2019,29253690
2300 DEPARTAMENTO DE ESTRADAS DE RODAGEM,2301762 DER/DM/GMR,10971,-,Intenção,Recuperação Funcional - 27ª RRG Pedra Azul,01/01/2020,01/01/2025,2019,29253690
2300 DEPARTAMENTO DE ESTRADAS DE RODAGEM,2301762 DER/DM/GMR,10972,-,Intenção,Recuperação Funcional - 28ª CRG Teofilo Otoni,01/01/2020,01/01/2025,2019,71737384
2300 DEPARTAMENTO DE ESTRADAS DE RODAGEM,2301762 DER/DM/GMR,10973,-,Intenção,Recuperação Funcional - 29ª CRG Manhumirim,01/01/2020,01/01/2025,2019,35973690
2300 DEPARTAMENTO DE ESTRADAS DE RODAGEM,2301762 DER/DM/GMR,10974,-,Intenção,Recuperação Funcional - 30ª CRG Juiz de Fora,01/01/2020,01/01/2025,2019,10471227
2300 DEPARTAMENTO DE ESTRADAS DE RODAGEM,2301762 DER/DM/GMR,10975,-,Intenção,Recuperação Funcional - 31ª RRG Ituiutaba,01/01/2020,01/01/2025,2019,2835366
2300 DEPARTAMENTO DE ESTRADAS DE RODAGEM,2301762 DER/DM/GMR,10976,-,Intenção,Recuperação Funcional - 35ª RRG Abaeté,01/01/2020,01/01/2025,2019,2505492
2300 DEPARTAMENTO DE ESTRADAS DE RODAGEM,2301762 DER/DM/GMR,10977,-,Intenção,Recuperação Funcional - 39ª RRG Joao Pinheiro,01/01/2020,01/01/2025,2019,8041227
2300 DEPARTAMENTO DE ESTRADAS DE RODAGEM,2301762 DER/DM/GMR,10978,-,Intenção,Recuperação Funcional - 40ª CRG Coronel Fabriciano,01/01/2020,01/01/2025,2019,9841227
2300 DEPARTAMENTO DE ESTRADAS DE RODAGEM,2301762 DER/DM/GMR,11026,DM-22.010/19,Obra em Execução,"Execuçãodos serviços de manutenção rodoviária de natureza continuada para conservação rotineira e periódica, serviços de urgência e pequenos melhoramentos, bem como reparações do corpo estradal e seus dispositivos, na Linha Verde e Complexo Viário da Cidade Administrativa (1ª CRG do DEER/MG).",03/01/2020,26/01/2024,2020,32258313
2300 DEPARTAMENTO DE ESTRADAS DE RODAGEM,2301762 DER/DM/GMR,11039,DM-22.003/2020,Obra em Execução,"DM-22.003/2020 - execucao dos serviços de manutencao rodoviaria de natureza continuada para conservacao rotineira e periodica, serviços de urgencia e pequenos melhoramentos, bem como reparacoes do corpo estradal e seus dispositivosda 30ª URG - Juiz de Fora do DER/MG.",07/03/2020,17/06/2024,2020,24480336
2300 DEPARTAMENTO DE ESTRADAS DE RODAGEM,2301762 DER/DM/GMR,11043,DM-22.004/2020,Obra em Execução,"Execução dos serviços de manutenção rodoviária de natureza continuada para conservação rotineira e periódica, serviços de urgência e pequenos melhoramentos, bem como reparações do corpo estradal e seus dispositivos restrita ao âmbito da 18ª URG - Monte Carmelo do DER/MG.",13/03/2020,18/03/2024,2020,27358484
2300 DEPARTAMENTO DE ESTRADAS DE RODAGEM,2301762 DER/DM/GMR,11044,DM-22.007/2020,Obra em Execução,"Execução dos serviços de manutenção rodoviária de natureza continuada para conservação rotineira e periódica, serviços de urgência e pequenos melhoramentos, bem como reparações do corpo estradal e seus dispositivos. A execução está restrita ao âmbito de circunscrição da 34ª URG - Salinas do DER/MG.",19/03/2020,31/03/2024,2020,14953576
2300 DEPARTAMENTO DE ESTRADAS DE RODAGEM,2301762 DER/DM/GMR,11045,DM-22.008/2020,Obra em Execução,"Execução dos serviços de manutenção rodoviária de natureza continuada para conservação rotineira e periódica, serviços de urgência e pequenos melhoramentos, bem como reparações do corpo estradal e seus dispositivos restrita ao âmbito de circunscrição da 26ª URG - Paracatu do DER/MG.",19/03/2020,31/03/2024,2020,16599695
2300 DEPARTAMENTO DE ESTRADAS DE RODAGEM,2301762 DER/DM/GMR,11047,DM-22.012/2020,Obra em Execução,"Execução dos serviços de manutenção rodoviária de natureza continuada para conservação rotineira e periódica, serviços de urgência e pequenos melhoramentos, bem como reparações do corpo estradal e seus dispositivos, sob circunscrição da 24ª URG do DER/MG.",21/03/2020,23/03/2024,2020,19496415
2300 DEPARTAMENTO DE ESTRADAS DE RODAGEM,2301762 DER/DM/GMR,11048,DM-22.009/2020,Obra em Execução,"DM-22.009/2020 - Exec. dos serviços de manutenção rodoviária de natureza continuada para conservação rotineira e periódica, serviços de urgência e pequenos melhoramentos, bem como reparações do corpo estradal e seus dispositivos. A execução dos serviços está restrita a 17ªURG - Ponte Nova do DER/MG",21/03/2020,06/04/2024,2020,30045841
2300 DEPARTAMENTO DE ESTRADAS DE RODAGEM,2301762 DER/DM/GMR,11049,DM-22.005/2020,Em Concepção e Planejamento,"Execução dos serviços de manutenção rodoviária de natureza continuada para conservação rotineira e periódica, serviços de urgência e pequenos melhoramentos, bem como reparações do corpo estradal e seus dispositivos sob circunscrição da 31ª URG do DER/MG.",21/03/2020,05/04/2024,2020,18513370
2300 DEPARTAMENTO DE ESTRADAS DE RODAGEM,2301762 DER/DM/GMR,11055,DM-22.011/2020,Obra em Execução,"Execução dos serviços de manutenção rodoviária de natureza continuada para conservação rotineira e periódica, serviços de urgência e pequenos melhoramentos, bem como reparações do corpo estradal e seus dispositivos sob ao âmbito de circunscrição da 20ª URG do DER/MG.",21/03/2020,06/04/2024,2020,26557248
2300 DEPARTAMENTO DE ESTRADAS DE RODAGEM,2301762 DER/DM/GMR,11337,DM-022/2022,Obra em Execução,"Recuperação Funcional do Pavimento na Rodovia MG-311, trecho Entrº BR-116 ( Campanário) - Pescador, com 20,6 km de extensão",01/01/2022,02/05/2024,2021,14291630
2300 DEPARTAMENTO DE ESTRADAS DE RODAGEM,2301762 DER/DM/GMR,11339,EDITAL 039/2021,Obra em Execução,"Estabilização de Talude de Aterro na Rodovia BR-356 - km 3,00 e 4,20 e Execução de Solo Grampeado no km 4,40, trecho Trevo Belvedere - Entr°. MG-030 (Nova Lima)",01/01/2022,26/02/2024,2021,13070787
2300 DEPARTAMENTO DE ESTRADAS DE RODAGEM,2301762 DER/DM/GMR,11383,Rec.Func. 29URG,Em Concepção e Planejamento,"Recuperação funcional do pavimento na rodovia MG-108, trecho Lajinha - Mutum",01/12/2021,31/08/2024,2021,27240000
2300 DEPARTAMENTO DE ESTRADAS DE RODAGEM,2301762 DER/DM/GMR,11395,Rec.Func. 22URG,Obra em Execução,"Recuperação funcional do pavimento na rodovia MGC-367, trecho Entrº LMG-677 (Turmalina) - Entrº BR-451 (A)",01/12/2021,17/02/2024,2021,17783449
2300 DEPARTAMENTO DE ESTRADAS DE RODAGEM,2301762 DER/DM/GMR,11398,Rec.Func. 32URG,Concluído,"Recuperação funcional do pavimento na rodovia LMG-633, trecho MG-401 - Mocambinho",01/12/2021,04/02/2024,2021,10457018
2300 DEPARTAMENTO DE ESTRADAS DE RODAGEM,2301762 DER/DM/GMR,11808,DM-004/2022,Concluído,"Recuperação Funcional do Pavimento na Rodovia MG -255, trecho Itapagipe - Iturama. A execução dos serviços descritos está restrita ao âmbito de circunscrição da 31ª URG do DER/MG - Ituiutaba.",05/03/2022,04/03/2024,2022,32133423
2300 DEPARTAMENTO DE ESTRADAS DE RODAGEM,2301762 DER/DM/GMR,11823,DM-009/2022,Obra em Execução,"serviços de Manutenção rodoviária de natureza continuada para conservação rotineira e periódica, serviços de urgência e pequenos melhoramentos, bem como reparação do corpo estradal e seus dispositivos sob circunscrição da 29ª URG - Manhumirim",01/04/2022,31/03/2024,2022,21703562
2300 DEPARTAMENTO DE ESTRADAS DE RODAGEM,2301762 DER/DM/GMR,11842,DM-017/2022,Obra em Execução,"Recuperação Funcional do Pavimento na Rodovia MG-410, trecho Bela Vista (Div. 39ª URG) - Entrº MGC-354 (p/Presidente Olegário). A execução dos serviços descritos está restrita ao âmbito de circunscrição da 14ª URG do DER/MG – Patos de Minas.",28/04/2022,20/04/2024,2022,9836697
2300 DEPARTAMENTO DE ESTRADAS DE RODAGEM,2301762 DER/DM/GMR,11844,DM-013/2022,Obra em Execução,"Execução dos serviços de Recuperação Funcional do Pavimento na Rodovia MG-111, trecho Manhumirim - Entrº BR-482 A. A execução dos serviços descritos está restrita ao âmbito de circunscrição da 29ª URG do DER/MG – MANHUMIRIM.",19/04/2022,18/04/2024,2022,12425261
2300 DEPARTAMENTO DE ESTRADAS DE RODAGEM,2301762 DER/DM/GMR,11846,DM-010/2022,Concluído,"DM-010/2022 - Execução dos serviços de recuperação funcional: Recuperação Funcional do Pavimento da Rodovia MGC-482, trecho Entrº MG-111 ( Carangola) - Fervedouro, com 29,2 km de extensão. A execução dos serviços descritos está restrita ao âmbito de circunscrição da 29ª URG do DER/MG - Manhumirim.",29/04/2022,28/04/2024,2022,7778070
2300 DEPARTAMENTO DE ESTRADAS DE RODAGEM,2301762 DER/DM/GMR,11847,-,Obra em Execução,"Execução dos serviços de Recuperação Funcional do Pavimento na Rodovia AMG-900, trecho BR-040 (Ressaquinha) - Senhora dos Remédios com 27,4 km de extensão. A execução dos serviços descritos está restrita ao âmbito de circunscrição da 04ª URG do DER/MG – BARBACENA.",29/04/2022,28/04/2024,2022,6407587
2300 DEPARTAMENTO DE ESTRADAS DE RODAGEM,2301762 DER/DM/GMR,11848,-,Cancelado,"Execução dos serviços de Recuperação Funcional do Pavimento na Rodovia MG-275, trecho Capela Nova - Entrº BR-040 (Carandaí). A execução dos serviços descritos está restrita ao âmbito de circunscrição da 04ª URG do DER/MG - BARBACENA.",29/04/2022,28/04/2024,2022,4476629
2300 DEPARTAMENTO DE ESTRADAS DE RODAGEM,2301762 DER/DM/GMR,11983,Edital 037/2022,Obra em Execução,"Recuperação Funcional do Pavimento na Rodovia AMG-2595, trecho Uberaba - Distrito Industrial III e AMG-2510, trecho Entrº MG-2570 - Entrº MG-2595 (Av. Filomena Catarfina), extensão 28,00 km.",29/07/2022,01/09/2024,2022,27000000
2300 DEPARTAMENTO DE ESTRADAS DE RODAGEM,2301762 DER/DM/GMR,11987,Pts. Crít. 1ª,Intenção,Pontos Críticos - 1ª URG do DER/MG.,01/01/2023,30/04/2025,2022,40000000
2300 DEPARTAMENTO DE ESTRADAS DE RODAGEM,2301762 DER/DM/GMR,11988,Pts. Crít. 17ª,Intenção,Pontos Críticos - 17ª URG do DER/MG.,01/01/2023,30/04/2025,2022,40000000
2300 DEPARTAMENTO DE ESTRADAS DE RODAGEM,2301762 DER/DM/GMR,11989,Pts. Crít. 29ª,Intenção,Pontos Críticos - 29ª URG do DER/MG.,01/01/2023,30/04/2025,2022,35000000
2300 DEPARTAMENTO DE ESTRADAS DE RODAGEM,2301762 DER/DM/GMR,11990,Pts. Crít. 40ª,Intenção,Pontos Críticos - 40ª URG do DER/MG.,01/01/2023,30/04/2025,2022,35000000
2300 DEPARTAMENTO DE ESTRADAS DE RODAGEM,2301762 DER/DM/GMR,11991,Drenagem,Intenção,Limpeza de bueiro com hidrojateamento,01/01/2023,01/03/2025,2022,3600000
2300 DEPARTAMENTO DE ESTRADAS DE RODAGEM,2301762 DER/DM/GMR,11992,Drenagem,Intenção,Limpeza de bueiro com hidrojateamento,01/01/2023,01/03/2025,2022,3600000
2300 DEPARTAMENTO DE ESTRADAS DE RODAGEM,2301762 DER/DM/GMR,11993,Drenagem,Intenção,Limpeza de bueiro com hidrojateamento,01/01/2023,01/03/2025,2022,3600000
2300 DEPARTAMENTO DE ESTRADAS DE RODAGEM,2301762 DER/DM/GMR,11994,Drenagem,Intenção,Limpeza de bueiro com hidrojateamento,01/01/2023,01/03/2025,2022,3600000
2300 DEPARTAMENTO DE ESTRADAS DE RODAGEM,2301762 DER/DM/GMR,11995,Drenagem,Intenção,Limpeza de bueiro com hidrojateamento,01/01/2023,01/03/2025,2022,3600000
2300 DEPARTAMENTO DE ESTRADAS DE RODAGEM,2301762 DER/DM/GMR,11996,Drenagem,Intenção,Limpeza de bueiro com hidrojateamento,01/01/2023,01/03/2025,2022,3600000
2300 DEPARTAMENTO DE ESTRADAS DE RODAGEM,2301762 DER/DM/GMR,11997,Drenagem,Intenção,Limpeza de bueiro com hidrojateamento,01/01/2023,01/03/2025,2022,3600000
2300 DEPARTAMENTO DE ESTRADAS DE RODAGEM,2301762 DER/DM/GMR,11998,Drenagem,Intenção,Limpeza de bueiro com hidrojateamento,01/01/2023,01/03/2025,2022,3600000
2300 DEPARTAMENTO DE ESTRADAS DE RODAGEM,2301762 DER/DM/GMR,11999,Drenagem,Intenção,Limpeza de bueiro com hidrojateamento,01/01/2023,01/03/2025,2022,3600000
2300 DEPARTAMENTO DE ESTRADAS DE RODAGEM,2301762 DER/DM/GMR,12000,Drenagem,Intenção,Limpeza de bueiro com hidrojateamento,01/01/2023,01/03/2025,2022,3600000
2300 DEPARTAMENTO DE ESTRADAS DE RODAGEM,2301762 DER/DM/GMR,12017,DM-032/2022,Obra em Execução,"Estabilização de Talude de Corte nas Rodovias MG-320 - km 2 e MG-425 - km 66,8 , trechos Entrº BR-381 - Jaguaraçu / Vargem Alegre - Entrº BR-116. A execução dos serviços descritos está restrita ao âmbito de circunscrição da 40ª URG do DER/MG - Coronel Fabriciano",08/09/2022,29/01/2024,2022,4088423
2300 DEPARTAMENTO DE ESTRADAS DE RODAGEM,2301762 DER/DM/GMR,12049,DM-038/2022,Obra em Execução,"Recuperação funcional do pavimento na Rodovia MG-418, trecho entrº Divisa BA/MG - Teófilo Otoni - subtrecho km 87 - km 178,3 (lote 2) e Rodovia MG-412, trecho Ataléia - entrº BR-418. inclusa no PPAG e no Programa de Governo ""Infraestrutura Rodoviária"".",25/10/2022,24/10/2024,2022,22375355
2300 DEPARTAMENTO DE ESTRADAS DE RODAGEM,2301762 DER/DM/GMR,12050,DM-035/2022,Obra em Execução,"Recuperação funcional do pavimento na Rodovia LMG-834, Trecho Caiana - Espera Feliz. a execução dos serviços descritos está restrita ao âmbito de Circunscrição da 29ª URG DO DER/MG – Manhumirim. inclusa no PPAG e no Programa de Governo ""Infraestrutura Rodoviária""",25/10/2022,24/02/2024,2022,1725002
2300 DEPARTAMENTO DE ESTRADAS DE RODAGEM,2301762 DER/DM/GMR,12082,DM-037/2022,Em Concepção e Planejamento,"Recuperação funcional MG-329, trecho Bom Jesus do Galho - Caratinga e LMG-823, trecho São Sebastião do Anta - Inhapim",08/11/2022,07/11/2024,2023,9046231
2300 DEPARTAMENTO DE ESTRADAS DE RODAGEM,2301762 DER/DM/GMR,12083,DM-001/2023,Em Concepção e Planejamento,"Recuperação Funcional MGC-482, Trecho Viçosa - Porto Firme",26/01/2023,25/07/2024,2023,2936343
2300 DEPARTAMENTO DE ESTRADAS DE RODAGEM,2301762 DER/DM/GMR,12085,DM-040/2022,Em Concepção e Planejamento,"Recuperação funcional MGC-120, trecho Dom Silvério - Ponte Nova e LMG-1760, trecho Sem Peixe - Entrº MGC-120",28/12/2022,27/06/2024,2023,10033538
2300 DEPARTAMENTO DE ESTRADAS DE RODAGEM,2301762 DER/DM/GMR,12113,DM-002/2023,Em Concepção e Planejamento,"Recuperação Funcional do Pavimento na Rodovia MG-418, trecho Divisa BA/MG - Teófilo Otoni - subtrecho Divisa BA/MG - km 87 (Lote 1) e Rodovia LMG-719, trecho Nanuque - Divisa MG/ES",16/03/2023,16/03/2025,2023,22195366
2300 DEPARTAMENTO DE ESTRADAS DE RODAGEM,2301762 DER/DM/GMR,12194,DM-003/2023,Em Concepção e Planejamento,Recuperação de pontos críticos e passivo ambiental em trecho sob circunscrição da seguinte URG: LOTE 01: 40ª URG - CORONEL FABRICIANO,14/07/2023,13/07/2026,2023,22242891
2300 DEPARTAMENTO DE ESTRADAS DE RODAGEM,2301762 DER/DM/GMR,12196,DM-004/2023,Em Concepção e Planejamento,Recuperação de pontos críticos e passivo ambiental em trechos sob circunscrição da seguinte URG: LOTE 02: 29ª URG - MANHUMIRIM,14/07/2023,13/07/2026,2023,22571024
2300 DEPARTAMENTO DE ESTRADAS DE RODAGEM,2301762 DER/DM/GMR,12197,DM-005/2023,Em Concepção e Planejamento,Recuperação de pontos críticos e passivo ambiental em trechos sob circunscrição da seguinte URG: LOTE 03: 17ª URG - PONTE NOVA,13/07/2023,14/07/2026,2023,17664590
2300 DEPARTAMENTO DE ESTRADAS DE RODAGEM,2301762 DER/DM/GMR,12207,DM-006/2023,Em Concepção e Planejamento,"Recuperação funcional do pavimento na rodovia LMG-827, trecho Pratinha - Entrº BR-262, sob circunscrição da 7ª URG do DER/MG – ARAXÁ",01/03/2023,26/07/2024,2023,10619129
2300 DEPARTAMENTO DE ESTRADAS DE RODAGEM,2301762 DER/DM/GMR,12239,DM-008/2023,Em Concepção e Planejamento,"Solo grampeado na MG-05, estaca 3+10, trecho Anel Rodoviário - Entr° Av. José Cândido da Silveira.",01/01/2023,22/06/2024,2023,1549725
2300 DEPARTAMENTO DE ESTRADAS DE RODAGEM,2301762 DER/DM/GMR,12242,DM-010/2023,Em Concepção e Planejamento,"Recuperação funcional rodovia MGC-464, trecho Entrº BR-050 - Entrº MG-190 e rodovia AMG-2520, trecho Acesso a Conquista. A execução dos serviços descritos está restrita ao âmbito de circunscrição da 25ª URG do DER/MG.",01/05/2023,22/12/2024,2023,11729217
2300 DEPARTAMENTO DE ESTRADAS DE RODAGEM,2301762 DER/DM/GMR,12243,DM-009/2023,Em Concepção e Planejamento,"Implantação de variante na rodovia MGC-482, trecho Entr° AMG-0555 - Piranga com 1.028,464 mts de extensão.",01/05/2023,22/02/2024,2023,1445109
2300 DEPARTAMENTO DE ESTRADAS DE RODAGEM,2301762 DER/DM/GMR,12244,DM-011/2023,Em Concepção e Planejamento,"Recuperação funcional nas rodovias MG-420 e MG-060, trechos Entrº BR-040 - Pompéu/Pompéu - Agropéu e rodovia MGC-352, trecho Abaeté - Entrº LMG-793, extensão de 52,400 km",01/05/2023,22/12/2024,2023,16963180
2300 DEPARTAMENTO DE ESTRADAS DE RODAGEM,2301762 DER/DM/GMR,12264,DM-012/2023,Em Concepção e Planejamento,"Recuperação funcional do pavimento na rodovia MG-190, trecho Entrº BR-262 - Entrº MG-464 (Sacramento). A execução dos serviços descritos está restrita ao âmbito de circunscrição da 7ª URG do DER/MG - Araxá.",01/05/2023,05/09/2024,2023,8795462
2300 DEPARTAMENTO DE ESTRADAS DE RODAGEM,2301925 DER/DE/COMPRAS,11262,007/2021,Em Concepção e Planejamento,"PRESTAÇÃO DE SERVIÇOS DE APOIO TÉCNICO À SUPERVISÃO DAS OBRAS DE CONCLUSÃO DA CONSTRUÇÃO DO HOSPITAL REGIONAL DE GOVERNADOR VALADARES,",22/03/2021,16/03/2024,2021,688213
2310 UNIVERSIDADE ESTADUAL DE MONTES CLAROS,2311135 ASSESSORIA DE PROJETOS,6959,182013,Obra em Execução,"Construção de escolas, em atendimento ao Plano de Ações Articuladas - PAR na cidade de Bocaiuva - MG",02/01/2013,31/12/2024,2013,14492572
2310 UNIVERSIDADE ESTADUAL DE MONTES CLAROS,2311135 ASSESSORIA DE PROJETOS,6960,192013,Obra em Execução,"Construção de escolas, em atendimento ao Plano de Ações Articuladas - PAR em Brasilia de Minas-MG",02/01/2013,31/12/2024,2013,20690951
2310 UNIVERSIDADE ESTADUAL DE MONTES CLAROS,2311135 ASSESSORIA DE PROJETOS,6967,262013,Obra em Execução,Construção de escolas em atendimento ao Plano de Ações Articuladas PAR na cidade de Manga-MG,02/01/2013,31/12/2024,2013,20679265
2310 UNIVERSIDADE ESTADUAL DE MONTES CLAROS,2311135 ASSESSORIA DE PROJETOS,11947,-,Intenção,Implementação do projeto de combate a incêndio e pânico do Campus Sede - Unimontes,03/04/2023,16/04/2024,2022,1500000
2310 UNIVERSIDADE ESTADUAL DE MONTES CLAROS,2311135 ASSESSORIA DE PROJETOS,12241,-,Intenção,Construção e reforma dos muros da Universidade Estadual de Montes Claros _ UNIMONTES no Campus Sede Darcy Ribeiro na cidade de Montes Claros/MG.,20/12/2023,02/01/2024,2023,270000
2350 UNIVERSIDADE DO ESTADO DE MINAS GERAIS,2351950 UEMG/DEER,12153,14/2023,Em Concepção e Planejamento,EXEC.OBRA CONTENCAO E ESTABIL.DE TALUDE PROXIMO AO PREDIO DO MUSEU DE ZOOLOGIA DA UEMG DE CARANGOLA,29/03/2023,28/02/2024,2023,1058995
