"ANO";"UO_COD";"RECEITA_COD";"RECEITA_DESC";"FONTE_COD";"VL_LOA_REC";"RECEITA_COD_2";"n1";"n2";"n3";"n2_1";"n2_2"
"1";2022;1011;1321001101000;"Remuneração De Depósitos Bancários - Principal";60;5500000;1321001101000;NA;"14.1.Receita Patrimonial";NA;NA;NA
"2";2022;1011;1360011101000;"Cessão Do Direito De Operacionalização De Pagamentos - Principal - Folha De Pessoal";60;660000;1360011101000;NA;"14.1.Receita Patrimonial";NA;NA;NA
"3";2022;1011;1922991199000;"Outras Restituições - Principal - Demais";60;300000;1922991199000;NA;"24.1.Outras Receitas Correntes";NA;NA;"29.1.Compensação Financ. entre Regimes Previdência"
"4";2022;1011;1990991199000;"Outras Receitas - Primárias - Principal - Demais";60;540000;1990991199000;NA;"24.1.Outras Receitas Correntes";NA;NA;NA
"5";2022;1021;1990991299000;"Outras Receitas - Primárias - Multas e Juros de Mora - Demais";60;3226;1990991299000;NA;"24.1.Outras Receitas Correntes";NA;NA;NA
"6";2022;1021;1922991199000;"Outras Restituições - Principal - Demais";60;2110;1922991199000;NA;"24.1.Outras Receitas Correntes";NA;NA;"29.1.Compensação Financ. entre Regimes Previdência"
"7";2022;1021;1922061101999;"Restituição De Despesas De Exercícios Anteriores - Principal - Outros";60;138800;1922061101999;NA;"24.1.Outras Receitas Correntes";NA;NA;NA
"8";2022;1021;1321001101000;"Remuneração De Depósitos Bancários - Principal";60;1948000;1321001101000;NA;"14.1.Receita Patrimonial";NA;NA;NA
"9";2022;1021;1921991101999;"Outras Indenizações - Principal - Outros";60;277;1921991101999;NA;"24.1.Outras Receitas Correntes";NA;NA;NA
"10";2022;1031;1321001101000;"Remuneração De Depósitos Bancários - Principal";60;39000515;1321001101000;NA;"14.1.Receita Patrimonial";NA;NA;NA
"11";2022;1031;1922991199000;"Outras Restituições - Principal - Demais";60;6000;1922991199000;NA;"24.1.Outras Receitas Correntes";NA;NA;"29.1.Compensação Financ. entre Regimes Previdência"
"12";2022;1031;1990991199000;"Outras Receitas - Primárias - Principal - Demais";60;6000;1990991199000;NA;"24.1.Outras Receitas Correntes";NA;NA;NA
"13";2022;1051;1360011101000;"Cessão Do Direito De Operacionalização De Pagamentos - Principal - Folha De Pessoal";60;97000;1360011101000;NA;"14.1.Receita Patrimonial";NA;NA;NA
"14";2022;1051;1610031104000;"Serviços De Registro, Certificação E Fiscalização - Principal - Expedição De Certificados";60;250;1610031104000;NA;"17.1.Receita de Serviços";NA;NA;NA
"15";2022;1051;1610011113000;"Serviços Administrativos E Comerciais Gerais - Principal - Fotocópias E Cópias Heliográficas";60;500;1610011113000;NA;"17.1.Receita de Serviços";NA;NA;NA
"16";2022;1051;1610011199001;"Serviços Administrativos E Comerciais Gerais - Principal - Demais - Serviços Administrativos";60;250;1610011199001;NA;"17.1.Receita de Serviços";NA;NA;NA
"17";2022;1051;1321001101000;"Remuneração De Depósitos Bancários - Principal";60;180000;1321001101000;NA;"14.1.Receita Patrimonial";NA;NA;NA
"18";2022;1071;1718109111005;"Direitos Humanos e de Cidadania - Ministéior do Desenvolvimento Regional";57;4000000;1718109111005;NA;"18.1.Receita de Transferências Correntes";"23.2.Outras Transferências Correntes";NA;NA
"19";2022;1091;1910011105000;"Multas Previstas Em Legislação Específica - Principal - Infração À Legislação De Licitação";60;15000;1910011105000;NA;"24.1.Outras Receitas Correntes";NA;NA;NA
"20";2022;1091;1921991101999;"Outras Indenizações - Principal - Outros";60;150000;1921991101999;NA;"24.1.Outras Receitas Correntes";NA;NA;NA
"21";2022;1091;1922991199000;"Outras Restituições - Principal - Demais";60;2500000;1922991199000;NA;"24.1.Outras Receitas Correntes";NA;NA;"29.1.Compensação Financ. entre Regimes Previdência"
"22";2022;1091;2213001199000;"Alienação De Bens Móveis E Semoventes - Principal - Demais";47;600000;2213001199000;NA;NA;NA;NA;NA
"23";2022;1091;1910091101000;"Multas E Juros Previstos Em Contratos - Principal";60;100000;1910091101000;NA;"24.1.Outras Receitas Correntes";NA;NA;NA
"24";2022;1091;1321001101000;"Remuneração De Depósitos Bancários - Principal";60;8000000;1321001101000;NA;"14.1.Receita Patrimonial";NA;NA;NA
"25";2022;1091;1321001101000;"Remuneração De Depósitos Bancários - Principal";47;100000;1321001101000;NA;"14.1.Receita Patrimonial";NA;NA;NA
"26";2022;1091;1310011101001;"Aluguéis E Arrendamentos - Principal - Aluguéis";60;50000;1310011101001;NA;"14.1.Receita Patrimonial";NA;NA;NA
"27";2022;1091;1610021101000;"Inscrição Em Concursos E Processos Seletivos - Principal";60;6000000;1610021101000;NA;"17.1.Receita de Serviços";NA;NA;NA
"28";2022;1191;2448019107001;"ADMINISTRAÇÃO E ATIVIDADE FISCAL - EMPRESAS DO SETOR SUCROENERGÉTICO";74;12400000;2448019107001;NA;NA;NA;NA;NA
"29";2022;1191;1321001101000;"Remuneração De Depósitos Bancários - Principal";74;130000;1321001101000;NA;"14.1.Receita Patrimonial";NA;NA;NA
"30";2022;1221;1321001101000;"Remuneração De Depósitos Bancários - Principal";24;500000;1321001101000;NA;"14.1.Receita Patrimonial";NA;NA;NA
"31";2022;1221;1610011119000;"Serviços Administrativos E Comerciais Gerais - Principal - Regularização Fundiária";60;5000;1610011119000;NA;"17.1.Receita de Serviços";NA;NA;NA
"32";2022;1221;2418105104000;"Saneamento Básico - Ministério do Desenvolvimento Regional";24;77682364;2418105104000;NA;NA;NA;NA;NA
"33";2022;1231;1718109105002;"Agricultura - Ministério da Agricultura, Pecuária e Abastecimento";24;1500000;1718109105002;NA;"18.1.Receita de Transferências Correntes";"23.2.Outras Transferências Correntes";NA;NA
"34";2022;1231;2418109111002;"Direitos Humanos e de Cidadania - Ministério da Cidadania";24;3496500;2418109111002;NA;NA;NA;NA;NA
"35";2022;1231;1321001101000;"Remuneração De Depósitos Bancários - Principal";24;233446;1321001101000;NA;"14.1.Receita Patrimonial";NA;NA;NA
"36";2022;1231;1718109117002;"Organização Agrária - Ministério da Agricultura, Pecuária e Abastecimento";24;2201160;1718109117002;NA;"18.1.Receita de Transferências Correntes";"23.2.Outras Transferências Correntes";NA;NA
"37";2022;1231;2418109105001;"Agricultura - Ministério da Agricultura, Pecuária e Abastecimento";24;22300725;2418109105001;NA;NA;NA;NA;NA
"38";2022;1231;2418109105002;"AGRICULTURA - MINISTÉRIO DO DESENVOLVIMENTO REGIONAL";24;1901000;2418109105002;NA;NA;NA;NA;NA
"39";2022;1231;1349011103000;"Compensações Ambientais - Principal - Supressão Do Pequi";59;1500000;1349011103000;NA;"14.1.Receita Patrimonial";NA;NA;NA
"40";2022;1251;1310021101001;"Concessão, Permissão, Autorização Ou Cessão Do Direito De Uso De Bens Imóveis Públicos - Principal - Concessão De Direito Real De Uso De Área Pública";60;771051;1310021101001;NA;"14.1.Receita Patrimonial";NA;NA;NA
"41";2022;1251;1310012101000;"Foros, Laudêmios E Tarifas De Ocupação - Principal - Tarifa De Ocupação De Imóveis";60;268508;1310012101000;NA;"14.1.Receita Patrimonial";NA;NA;NA
"42";2022;1251;1321001101000;"Remuneração De Depósitos Bancários - Principal";24;250000;1321001101000;NA;"14.1.Receita Patrimonial";NA;NA;NA
"43";2022;1251;1321001101000;"Remuneração De Depósitos Bancários - Principal";45;30875;1321001101000;NA;"14.1.Receita Patrimonial";NA;NA;NA
"44";2022;1251;1321001101000;"Remuneração De Depósitos Bancários - Principal";60;500;1321001101000;NA;"14.1.Receita Patrimonial";NA;NA;NA
"45";2022;1251;1321001101000;"Remuneração De Depósitos Bancários - Principal";70;150000;1321001101000;NA;"14.1.Receita Patrimonial";NA;NA;NA
"46";2022;1251;1321001101000;"Remuneração De Depósitos Bancários - Principal";73;350000;1321001101000;NA;"14.1.Receita Patrimonial";NA;NA;NA
"47";2022;1251;1610021101000;"Inscrição Em Concursos E Processos Seletivos - Principal";60;1692183;1610021101000;NA;"17.1.Receita de Serviços";NA;NA;NA
"48";2022;1251;1610011103000;"Serviços Administrativos E Comerciais Gerais - Principal - Comercialização De Livros, Periódicos, Materiais Escolares E Publicidade";60;1544;1610011103000;NA;"17.1.Receita de Serviços";NA;NA;NA
"49";2022;1251;1610011124000;"Serviços Administrativos E Comerciais Gerais - Principal - Educacionais E Capacitação";60;25823;1610011124000;NA;"17.1.Receita de Serviços";NA;NA;NA
"50";2022;1251;1610011199001;"Serviços Administrativos E Comerciais Gerais - Principal - Demais - Serviços Administrativos";60;177132;1610011199001;NA;"17.1.Receita de Serviços";NA;NA;NA
"51";2022;1251;1718102102000;"Educação - Instituto Nacional de Estudos e Pesquisas Educacionais Anísio Teixeira";24;1800000;1718102102000;NA;"18.1.Receita de Transferências Correntes";"23.2.Outras Transferências Correntes";NA;NA
"52";2022;1251;1718109120002;"Segurança Pública - Centrais de Abastecimento de Minas Gerais";24;454848;1718109120002;NA;"18.1.Receita de Transferências Correntes";"23.2.Outras Transferências Correntes";NA;NA
"53";2022;1251;1718109120003;"Segurança Pública - Departamento de Polícia Rodoviária Federal";73;8600000;1718109120003;NA;"18.1.Receita de Transferências Correntes";"23.2.Outras Transferências Correntes";NA;NA
"54";2022;1251;1718109120004;"Segurança Pública - Tribunal Regional Eleitoral de Minas Gerais";24;1500000;1718109120004;NA;"18.1.Receita de Transferências Correntes";"23.2.Outras Transferências Correntes";NA;NA
"55";2022;1251;1718109120005;"Segurança Pública - Ministério da Justiça e Segurança Pública";24;3988750;1718109120005;NA;"18.1.Receita de Transferências Correntes";"23.2.Outras Transferências Correntes";NA;NA
"56";2022;1251;1718109120006;"Segurança Pública - Banco Central do Brasil";24;200000;1718109120006;NA;"18.1.Receita de Transferências Correntes";"23.2.Outras Transferências Correntes";NA;NA
"57";2022;1251;1728109120001;"Segurança Pública - Companhia de Saneamento do Estado de Minas Gerais";70;4000000;1728109120001;NA;"18.1.Receita de Transferências Correntes";"23.2.Outras Transferências Correntes";NA;NA
"58";2022;1251;1728109120003;"Segurança Pública - Companhia de Desenvolvimento de Minas Gerais";70;522882;1728109120003;NA;"18.1.Receita de Transferências Correntes";"23.2.Outras Transferências Correntes";NA;NA
"59";2022;1251;1738109120001;"Segurança Pública - Diversos Municípios";70;9597450;1738109120001;NA;"18.1.Receita de Transferências Correntes";"23.2.Outras Transferências Correntes";NA;NA
"60";2022;1251;1738109120002;"Segurança Pública - Empresa de Transportes e Trânsito de Belo Horizonte";70;1693582;1738109120002;NA;"18.1.Receita de Transferências Correntes";"23.2.Outras Transferências Correntes";NA;NA
"61";2022;1251;1740001199000;"TRANSFERÊNCIAS DE INSTITUIÇÕES PRIVADAS - PRINCIPAL - DEMAIS";45;131191;1740001199000;NA;"18.1.Receita de Transferências Correntes";"23.2.Outras Transferências Correntes";NA;NA
"62";2022;1251;1770001199000;"TRANSFERÊNCIAS DE PESSOAS FÍSICAS - PRINCIPAL - DEMAIS";45;1836;1770001199000;NA;"18.1.Receita de Transferências Correntes";"23.2.Outras Transferências Correntes";NA;NA
"63";2022;1251;1910091101000;"Multas E Juros Previstos Em Contratos - Principal";60;108495;1910091101000;NA;"24.1.Outras Receitas Correntes";NA;NA;NA
"64";2022;1251;1922991199000;"Outras Restituições - Principal - Demais";60;8347;1922991199000;NA;"24.1.Outras Receitas Correntes";NA;NA;"29.1.Compensação Financ. entre Regimes Previdência"
"65";2022;1251;1990991199000;"Outras Receitas - Primárias - Principal - Demais";60;13973;1990991199000;NA;"24.1.Outras Receitas Correntes";NA;NA;NA
"66";2022;1251;2470001101000;"TRANSFERÊNCIAS DE PESSOAS FÍSICAS - PRINCIPAL";45;1681;2470001101000;NA;NA;NA;NA;NA
"67";2022;1251;2440001199000;"TRANSFERÊNCIAS DE INSTITUIÇÕES PRIVADAS - PRINCIPAL - DEMAIS";45;1121474;2440001199000;NA;NA;NA;NA;NA
"68";2022;1251;2438109120002;"Segurança Pública - Empresa de Transportes e Trânsito de Belo Horizonte";70;403895;2438109120002;NA;NA;NA;NA;NA
"69";2022;1251;2438109120001;"Segurança Pública - Diversos Municípios";70;16868676;2438109120001;NA;NA;NA;NA;NA
"70";2022;1251;2428109120003;"Segurança Pública - Companhia de Desenvolvimento de Minas Gerais";70;370738;2428109120003;NA;NA;NA;NA;NA
"71";2022;1251;2428109120002;"Segurança Pública - Companhia de Saneamento do Estado de Minas Gerais";70;1000000;2428109120002;NA;NA;NA;NA;NA
"72";2022;1251;2418109120008;"Segurança Pública - Banco Central do Brasil";24;363000;2418109120008;NA;NA;NA;NA;NA
"73";2022;1251;2418109120004;"Segurança Pública - Ministério da Justiça e Segurança Pública";24;105039588;2418109120004;NA;NA;NA;NA;NA
"74";2022;1251;2418102101000;"Educação - Instituto Nacional de Estudos e Pesquisas Nacionais Anísio Teixeira";24;150000;2418102101000;NA;NA;NA;NA;NA
"75";2022;1251;2418109120001;"Segurança Pública - Centrais de Abastecimento de Minas Gerais";24;286371;2418109120001;NA;NA;NA;NA;NA
"76";2022;1251;2418109120002;"Segurança Pública - Departamento de Polícia Rodoviária Federal";73;36000000;2418109120002;NA;NA;NA;NA;NA
"77";2022;1261;1758011107001;"Transferências de Recursos do FUNDEB - Principal - Parcela IPVA - Principal";23;691756902;1758011107001;NA;"18.1.Receita de Transferências Correntes";"22.2.Transferências do FUNDEB";NA;NA
"78";2022;1261;1758011107002;"Transferências de Recursos do FUNDEB - Principal - Parcela IPVA - Multas e Juros";23;38892561;1758011107002;NA;"18.1.Receita de Transferências Correntes";"22.2.Transferências do FUNDEB";NA;NA
"79";2022;1261;1758011107003;"Transferências de Recursos do FUNDEB - Principal - Parcela IPVA - Dívida Ativa";23;15819897;1758011107003;NA;"18.1.Receita de Transferências Correntes";"22.2.Transferências do FUNDEB";NA;NA
"80";2022;1261;1758011107005;"Transferências de Recursos do FUNDEB - Principal - Parcela IPVA - Exercícios Anteriores";13;44707077;1758011107005;NA;"18.1.Receita de Transferências Correntes";"22.2.Transferências do FUNDEB";NA;NA
"81";2022;1261;1758011108001;"Transferências de Recursos do FUNDEB - Principal - Parcela ITCD - Principal";23;124548305;1758011108001;NA;"18.1.Receita de Transferências Correntes";"22.2.Transferências do FUNDEB";NA;NA
"82";2022;1261;1758011108002;"Transferências de Recursos do FUNDEB - Principal - Parcela ITCD - Multas e Juros";23;2610118;1758011108002;NA;"18.1.Receita de Transferências Correntes";"22.2.Transferências do FUNDEB";NA;NA
"83";2022;1261;1758011108003;"Transferências de Recursos do FUNDEB - Principal - Parcela ITCD - Dívida Ativa";23;1228148;1758011108003;NA;"18.1.Receita de Transferências Correntes";"22.2.Transferências do FUNDEB";NA;NA
"84";2022;1261;1758011108005;"Transferências de Recursos do FUNDEB - Principal - Parcela ITCD - Exercícios Anteriores";13;14321084;1758011108005;NA;"18.1.Receita de Transferências Correntes";"22.2.Transferências do FUNDEB";NA;NA
"85";2022;1261;1758011109001;"TRANSFERÊNCIAS DE RECURSOS DO FUNDEB - PRINCIPAL - PARCELA ADICIONAL ICMS - FEM - PRINCIPAL";23;16843993;1758011109001;NA;"18.1.Receita de Transferências Correntes";"22.2.Transferências do FUNDEB";NA;NA
"86";2022;1261;1758011109002;"TRANSFERÊNCIAS DE RECURSOS DO FUNDEB - PRINCIPAL - PARCELA ADICIONAL ICMS - FEM - MULTAS E JUROS";23;71703;1758011109002;NA;"18.1.Receita de Transferências Correntes";"22.2.Transferências do FUNDEB";NA;NA
"87";2022;1261;1758011109003;"TRANSFERÊNCIAS DE RECURSOS DO FUNDEB - PRINCIPAL - PARCELA ADICIONAL ICMS - FEM - DÍVIDA ATIVA";23;17519;1758011109003;NA;"18.1.Receita de Transferências Correntes";"22.2.Transferências do FUNDEB";NA;NA
"88";2022;1261;1922011101000;"Restituição De Convênios - Primárias - Principal";24;50000;1922011101000;NA;"24.1.Outras Receitas Correntes";NA;NA;NA
"89";2022;1261;1922991102000;"Outras Restituições - Principal - Pnae/Fnde - Alimentação Escolar";36;50000;1922991102000;NA;"24.1.Outras Receitas Correntes";NA;NA;"29.1.Compensação Financ. entre Regimes Previdência"
"90";2022;1261;1922991103000;"Outras Restituições - Principal - Pnate/Fnde - Transporte Escolar";36;50000;1922991103000;NA;"24.1.Outras Receitas Correntes";NA;NA;"29.1.Compensação Financ. entre Regimes Previdência"
"91";2022;1261;1922991104000;"Outras Restituições - Principal - Recursos Do Fundeb";23;50000;1922991104000;NA;"24.1.Outras Receitas Correntes";NA;NA;"29.1.Compensação Financ. entre Regimes Previdência"
"92";2022;1261;1922991105000;"Outras Restituições - Principal - Contribuição Do Salário-Educação";21;50000;1922991105000;NA;"24.1.Outras Receitas Correntes";NA;NA;"29.1.Compensação Financ. entre Regimes Previdência"
"93";2022;1261;1922991106000;"Outras Restituições - Principal - Par/Fnde - Cobertura De Quadras";36;50000;1922991106000;NA;"24.1.Outras Receitas Correntes";NA;NA;"29.1.Compensação Financ. entre Regimes Previdência"
"94";2022;1261;1922991107000;"Outras Restituições - Principal - Par/Fnde - Construção De Quadras";36;50000;1922991107000;NA;"24.1.Outras Receitas Correntes";NA;NA;"29.1.Compensação Financ. entre Regimes Previdência"
"95";2022;1261;1922991108000;"Outras Restituições - Principal - Pronatec/Fnde - Acesso Ao Ensino Técnico E Emprego";36;50000;1922991108000;NA;"24.1.Outras Receitas Correntes";NA;NA;"29.1.Compensação Financ. entre Regimes Previdência"
"96";2022;1261;1922991199000;"Outras Restituições - Principal - Demais";23;50000;1922991199000;NA;"24.1.Outras Receitas Correntes";NA;NA;"29.1.Compensação Financ. entre Regimes Previdência"
"97";2022;1261;1922991199000;"Outras Restituições - Principal - Demais";24;50000;1922991199000;NA;"24.1.Outras Receitas Correntes";NA;NA;"29.1.Compensação Financ. entre Regimes Previdência"
"98";2022;1261;1922991199000;"Outras Restituições - Principal - Demais";36;50000;1922991199000;NA;"24.1.Outras Receitas Correntes";NA;NA;"29.1.Compensação Financ. entre Regimes Previdência"
"99";2022;1261;1990991199000;"Outras Receitas - Primárias - Principal - Demais";60;50000;1990991199000;NA;"24.1.Outras Receitas Correntes";NA;NA;NA
"100";2022;1261;2418051101002;"Educação - Fundo Nacional de Desenvolvimento da Educação - Construção de Quadras Poliesportivas";36;50000;2418051101002;NA;NA;NA;NA;NA
"101";2022;1261;2418051101003;"Educação - Fundo Nacional de Desenvolvimento da Educação - Aquisição de Equipamentos de Material Permanente";36;50000;2418051101003;NA;NA;NA;NA;NA
"102";2022;1261;1321001101000;"Remuneração De Depósitos Bancários - Principal";21;50000;1321001101000;NA;"14.1.Receita Patrimonial";NA;NA;NA
"103";2022;1261;1321001101000;"Remuneração De Depósitos Bancários - Principal";23;8039062;1321001101000;NA;"14.1.Receita Patrimonial";NA;NA;NA
"104";2022;1261;1321001101000;"Remuneração De Depósitos Bancários - Principal";24;50000;1321001101000;NA;"14.1.Receita Patrimonial";NA;NA;NA
"105";2022;1261;1321001101000;"Remuneração De Depósitos Bancários - Principal";36;50000;1321001101000;NA;"14.1.Receita Patrimonial";NA;NA;NA
"106";2022;1261;1321001101000;"Remuneração De Depósitos Bancários - Principal";70;50000;1321001101000;NA;"14.1.Receita Patrimonial";NA;NA;NA
"107";2022;1261;1718052101000;"Transferências Diretas Do Fnde Referentes Ao Programa Dinheiro Direto Na Escola - Pdde - Principal";36;50000;1718052101000;NA;"18.1.Receita de Transferências Correntes";"23.2.Outras Transferências Correntes";NA;NA
"108";2022;1261;1718102102000;"Educação - Instituto Nacional de Estudos e Pesquisas Educacionais Anísio Teixeira";24;428774;1718102102000;NA;"18.1.Receita de Transferências Correntes";"23.2.Outras Transferências Correntes";NA;NA
"109";2022;1261;1718053101000;"Transferências Diretas Do Fnde Referentes Ao Programa Nacional De Alimentação Escolar - Pnae - Principal";21;705800000;1718053101000;NA;"18.1.Receita de Transferências Correntes";"23.2.Outras Transferências Correntes";NA;NA
"110";2022;1261;1718053101000;"Transferências Diretas Do Fnde Referentes Ao Programa Nacional De Alimentação Escolar - Pnae - Principal";36;192000000;1718053101000;NA;"18.1.Receita de Transferências Correntes";"23.2.Outras Transferências Correntes";NA;NA
"111";2022;1261;1718054101000;"Transferências Diretas Do Fnde Referentes Ao Programa Nacional De Apoio Ao Transporte Do Escolar - Pnate - Principal";36;50000;1718054101000;NA;"18.1.Receita de Transferências Correntes";"23.2.Outras Transferências Correntes";NA;NA
"112";2022;1261;1718059107000;"Outras Transferências Diretas Do Fundo Nacional Do Desenvolvimento Da Educação - Fnde - Principal - Realização De Conferências Infantojuvenil Pelo Meio Ambiente";36;50000;1718059107000;NA;"18.1.Receita de Transferências Correntes";"23.2.Outras Transferências Correntes";NA;NA
"113";2022;1261;1718059109000;"Outras Transferências Diretas Do Fundo Nacional Do Desenvolvimento Da Educação - Fnde - Principal - Programa De Fomento Às Escolas De Ensino Médio Em Tempo Integral";36;50000;1718059109000;NA;"18.1.Receita de Transferências Correntes";"23.2.Outras Transferências Correntes";NA;NA
"114";2022;1261;1718059199000;"Outras Transferências Diretas Do Fundo Nacional Do Desenvolvimento Da Educação - Fnde - Principal - Demais";36;50000;1718059199000;NA;"18.1.Receita de Transferências Correntes";"23.2.Outras Transferências Correntes";NA;NA
"115";2022;1261;1758011101000;"Transferências de Recursos do FUNDEB - Principal - Parcela FPM";23;1655942908;1758011101000;NA;"18.1.Receita de Transferências Correntes";"22.2.Transferências do FUNDEB";NA;NA
"116";2022;1261;1758011103001;"Transferências de Recursos do FUNDEB - Principal - Parcela ICMS - Principal";23;6765045566;1758011103001;NA;"18.1.Receita de Transferências Correntes";"22.2.Transferências do FUNDEB";NA;NA
"117";2022;1261;1758011103002;"Transferências de Recursos do FUNDEB - Principal - Parcela ICMS - Multas e Juros";23;51267969;1758011103002;NA;"18.1.Receita de Transferências Correntes";"22.2.Transferências do FUNDEB";NA;NA
"118";2022;1261;1758011103003;"Transferências de Recursos do FUNDEB - Principal - Parcela ICMS - Dívida Ativa";23;30261562;1758011103003;NA;"18.1.Receita de Transferências Correntes";"22.2.Transferências do FUNDEB";NA;NA
"119";2022;1261;1758011103005;"Transferências de Recursos do FUNDEB - Principal - Parcela ICMS - Exercícios Anteriores";13;665861052;1758011103005;NA;"18.1.Receita de Transferências Correntes";"22.2.Transferências do FUNDEB";NA;NA
"120";2022;1261;1758011104001;"Transferências de Recursos do FUNDEB - Principal - Parcela IPI - Principal";23;93520744;1758011104001;NA;"18.1.Receita de Transferências Correntes";"22.2.Transferências do FUNDEB";NA;NA
"121";2022;1261;1758011105001;"Transferências de Recursos do FUNDEB - Principal - Parcela FPE - Principal";23;547378089;1758011105001;NA;"18.1.Receita de Transferências Correntes";"22.2.Transferências do FUNDEB";NA;NA
"122";2022;1261;1758011106001;"Transferências de Recursos do FUNDEB - Principal - Parcela ITR - Principal";23;11550216;1758011106001;NA;"18.1.Receita de Transferências Correntes";"22.2.Transferências do FUNDEB";NA;NA
"123";2022;1271;2428109109001;"Cultura - Companhia de Desenvolvimento Econômico do Estado de Minas Gerais";70;1500000;2428109109001;NA;NA;NA;NA;NA
"124";2022;1271;1321001101000;"Remuneração De Depósitos Bancários - Principal";70;100000;1321001101000;NA;"14.1.Receita Patrimonial";NA;NA;NA
"125";2022;1301;1321001101000;"Remuneração De Depósitos Bancários - Principal";24;2270000;1321001101000;NA;"14.1.Receita Patrimonial";NA;NA;NA
"126";2022;1301;1321001101000;"Remuneração De Depósitos Bancários - Principal";70;52000;1321001101000;NA;"14.1.Receita Patrimonial";NA;NA;NA
"127";2022;1301;1321001101000;"Remuneração De Depósitos Bancários - Principal";73;4000;1321001101000;NA;"14.1.Receita Patrimonial";NA;NA;NA
"128";2022;1301;1321001101000;"Remuneração De Depósitos Bancários - Principal";74;86000;1321001101000;NA;"14.1.Receita Patrimonial";NA;NA;NA
"129";2022;1301;1718109115002;"Infraestrutura Urbana e Transporte - Secretaria de Aviação Civil";73;960000;1718109115002;NA;"18.1.Receita de Transferências Correntes";"23.2.Outras Transferências Correntes";NA;NA
"130";2022;1301;2418105104000;"Saneamento Básico - Ministério do Desenvolvimento Regional";24;7927523;2418105104000;NA;NA;NA;NA;NA
"131";2022;1301;2438109115001;"INFRAESTRUTURA URBANA E TRANSPORTE - DIVERSOS MUNICÍPIOS";70;13777369;2438109115001;NA;NA;NA;NA;NA
"132";2022;1301;2418107104000;"INFRAESTRUTURA URBANA E TRANSPORTE - MINISTÉRIO DA AGRICULTURA, PECUÁRIA E ABASTECIMENTO";24;44781600;2418107104000;NA;NA;NA;NA;NA
"133";2022;1301;2418107103000;"INFRAESTRUTURA URBANA E TRANSPORTE - MINISTÉRIO DO DESENVOLVIMENTO REGIONAL";24;170736842;2418107103000;NA;NA;NA;NA;NA
"134";2022;1371;1321001101000;"Remuneração De Depósitos Bancários - Principal";24;100000;1321001101000;NA;"14.1.Receita Patrimonial";NA;NA;NA
"135";2022;1371;1718109111001;"Direitos Humanos e de Cidadania - Ministério da Justiça e Segurança Pública";24;3253020;1718109111001;NA;"18.1.Receita de Transferências Correntes";"23.2.Outras Transferências Correntes";NA;NA
"136";2022;1371;1921991101001;"Outras Indenizações - Principal - Impactos E Danos Ambientais";59;4830852;1921991101001;NA;"24.1.Outras Receitas Correntes";NA;NA;NA
"137";2022;1401;7728019101000;"Receita Intraorçamentária - Outras Transferências Dos Estados - Principal - Repasse Do Fundo Estadual De Saúde - Lc 141/2012";10;770200;7728019101000;NA;NA;NA;NA;NA
"138";2022;1401;1321001101000;"Remuneração De Depósitos Bancários - Principal";70;4000;1321001101000;NA;"14.1.Receita Patrimonial";NA;NA;NA
"139";2022;1401;2428109120005;"SEGURANÇA PÚBLICA - CORPO DE BOMBEIROS DO ESTADO DE SERGIPE";74;40000;2428109120005;NA;NA;NA;NA;NA
"140";2022;1401;2428109120004;"SEGURANÇA PÚBLICA - CORPO DE BOMBEIROS DO ESTADO DE RIO GRANDE DO NORTE";74;71000;2428109120004;NA;NA;NA;NA;NA
"141";2022;1401;2428109120001;"Segurança Pública - Corpo de Bombeiros Militar do Estado do Espírito Santo";74;20000;2428109120001;NA;NA;NA;NA;NA
"142";2022;1401;2418109120004;"Segurança Pública - Ministério da Justiça e Segurança Pública";24;13500000;2418109120004;NA;NA;NA;NA;NA
"143";2022;1401;1922991199000;"Outras Restituições - Principal - Demais";60;140904;1922991199000;NA;"24.1.Outras Receitas Correntes";NA;NA;"29.1.Compensação Financ. entre Regimes Previdência"
"144";2022;1401;1922061101999;"Restituição De Despesas De Exercícios Anteriores - Principal - Outros";60;68;1922061101999;NA;"24.1.Outras Receitas Correntes";NA;NA;NA
"145";2022;1401;1921991101999;"Outras Indenizações - Principal - Outros";60;9448;1921991101999;NA;"24.1.Outras Receitas Correntes";NA;NA;NA
"146";2022;1401;1910011111000;"Multas Previstas Em Legislação Específica - Principal - Inobservância Da Lei 22.839/2018 Sobre Práticas De Competência Do Cbmmg Por Instituições Civis";60;7583;1910011111000;NA;"24.1.Outras Receitas Correntes";NA;NA;NA
"147";2022;1401;1910011107000;"Multas Previstas Em Legislação Específica - Principal - Inobservância De Legislação Sobre Criação De Cães";60;57;1910011107000;NA;"24.1.Outras Receitas Correntes";NA;NA;NA
"148";2022;1401;1910011106000;"Multas Previstas Em Legislação Específica - Principal - Inobservância Da Legislação De Prevenção De Incêndio E Pânico";60;2014080;1910011106000;NA;"24.1.Outras Receitas Correntes";NA;NA;NA
"149";2022;1401;1738109120001;"Segurança Pública - Diversos Municípios";70;275000;1738109120001;NA;"18.1.Receita de Transferências Correntes";"23.2.Outras Transferências Correntes";NA;NA
"150";2022;1401;1728109120005;"SEGURANÇA PÚBLICA - CORPO DE BOMBEIROS DO ESTADO DE SERGIPE";74;40000;1728109120005;NA;"18.1.Receita de Transferências Correntes";"23.2.Outras Transferências Correntes";NA;NA
"151";2022;1401;1728109120004;"SEGURANÇA PÚBLICA - CORPO DE BOMBEIROS DO ESTADO DE RIO GRANDE DO NORTE";74;71000;1728109120004;NA;"18.1.Receita de Transferências Correntes";"23.2.Outras Transferências Correntes";NA;NA
"152";2022;1401;1728109120002;"Segurança Pública - Corpo de Bombeiros Militar do Estado do Espírito Santo";74;20000;1728109120002;NA;"18.1.Receita de Transferências Correntes";"23.2.Outras Transferências Correntes";NA;NA
"153";2022;1401;1610011127000;"Serviços Administrativos E Comerciais Gerais - Principal - Recreativos E Culturais";60;182405;1610011127000;NA;"17.1.Receita de Serviços";NA;NA;NA
"154";2022;1401;1610011111001;"Serviços Administrativos E Comerciais Gerais - Principal - Serviços Especiais - Polícia Militar Do Estado De Minas Gerais/Corpo De Bombeiros Militar Do Estado De Minas Gerais";60;7198;1610011111001;NA;"17.1.Receita de Serviços";NA;NA;NA
"155";2022;1401;1610021101000;"Inscrição Em Concursos E Processos Seletivos - Principal";60;120;1610021101000;NA;"17.1.Receita de Serviços";NA;NA;NA
"156";2022;1401;1321001101000;"Remuneração De Depósitos Bancários - Principal";74;1000;1321001101000;NA;"14.1.Receita Patrimonial";NA;NA;NA
"157";2022;1401;1310011101002;"Aluguéis E Arrendamentos - Principal - Arrendamentos";60;41350;1310011101002;NA;"14.1.Receita Patrimonial";NA;NA;NA
"158";2022;1401;1310011201002;"Aluguéis E Arrendamentos - Multas e Juros de Mora - Arrendamentos";60;1001;1310011201002;NA;"14.1.Receita Patrimonial";NA;NA;NA
"159";2022;1401;1321001101000;"Remuneração De Depósitos Bancários - Principal";24;50000;1321001101000;NA;"14.1.Receita Patrimonial";NA;NA;NA
"160";2022;1401;2438109120001;"Segurança Pública - Diversos Municípios";70;240000;2438109120001;NA;NA;NA;NA;NA
"161";2022;1441;1321001101000;"Remuneração De Depósitos Bancários - Principal";60;480000;1321001101000;NA;"14.1.Receita Patrimonial";NA;NA;NA
"162";2022;1441;1610021101000;"Inscrição Em Concursos E Processos Seletivos - Principal";60;500000;1610021101000;NA;"17.1.Receita de Serviços";NA;NA;NA
"163";2022;1451;7923991101000;"Receita Intraorçamentária - Outros Ressarcimentos - Principal - Retenção Sobre Pagamento Folha De Sentenciado";60;25000;7923991101000;NA;NA;NA;NA;NA
"164";2022;1451;1321001101000;"Remuneração De Depósitos Bancários - Principal";24;134000;1321001101000;NA;"14.1.Receita Patrimonial";NA;NA;NA
"165";2022;1451;1400001102001;"Receita Agropecuária - Principal - Receita Da Produção Animal E Derivados - Unidades Penais";61;10000;1400001102001;NA;"15.1.Receita Agropecuária";NA;NA;NA
"166";2022;1451;1500001101005;"Receita Industrial - Principal - Receita Da Indústria De Transformação - Indústrias Diversas - Unidades Penais";61;120000;1500001101005;NA;"16.1.Receita Industrial";NA;NA;NA
"167";2022;1451;1923991101000;"Outros Ressarcimentos - Principal - Retenção Sobre Pagamento Folha De Sentenciado";60;3000000;1923991101000;NA;"24.1.Outras Receitas Correntes";NA;NA;NA
"168";2022;1451;2418109120004;"Segurança Pública - Ministério da Justiça e Segurança Pública";24;4650484;2418109120004;NA;NA;NA;NA;NA
"169";2022;1451;2418109120017;"Segurança Pública - Ministério da Mulher, da Família e dos Direitos Humanos";24;33696690;2418109120017;NA;NA;NA;NA;NA
"170";2022;1451;7728019101000;"Receita Intraorçamentária - Outras Transferências Dos Estados - Principal - Repasse Do Fundo Estadual De Saúde - Lc 141/2012";10;231452265;7728019101000;NA;NA;NA;NA;NA
"171";2022;1481;1718991101001;"Emendas Parlamentares Individuais - SUS-Saúde";38;15600000;1718991101001;NA;"18.1.Receita de Transferências Correntes";"23.2.Outras Transferências Correntes";NA;NA
"172";2022;1481;1321001101000;"Remuneração De Depósitos Bancários - Principal";24;257180;1321001101000;NA;"14.1.Receita Patrimonial";NA;NA;NA
"173";2022;1481;2418109111003;"DIREITOS HUMANOS E DE CIDADANIA - MINISTÉRIO DA MULHER, FAMÍLIA E DOS DIREITOS HUMANOS";24;26285;2418109111003;NA;NA;NA;NA;NA
"174";2022;1481;1718109110001;"Desporto e Lazer - Ministério da Cidadania";24;100000;1718109110001;NA;"18.1.Receita de Transferências Correntes";"23.2.Outras Transferências Correntes";NA;NA
"175";2022;1481;1718109111003;"Direitos Humanos e de Cidadania - Ministério dos Direitos Humanos";24;3798715;1718109111003;NA;"18.1.Receita de Transferências Correntes";"23.2.Outras Transferências Correntes";NA;NA
"176";2022;1481;1718109111004;"Direitos Humanos e de Cidadania - Ministério da Cidadania";24;250000;1718109111004;NA;"18.1.Receita de Transferências Correntes";"23.2.Outras Transferências Correntes";NA;NA
"177";2022;1481;1740001199000;"TRANSFERÊNCIAS DE INSTITUIÇÕES PRIVADAS - PRINCIPAL - DEMAIS";45;2390000;1740001199000;NA;"18.1.Receita de Transferências Correntes";"23.2.Outras Transferências Correntes";NA;NA
"178";2022;1481;1922011101000;"Restituição De Convênios - Primárias - Principal";38;40184;1922011101000;NA;"24.1.Outras Receitas Correntes";NA;NA;NA
"179";2022;1481;2418109110001;"Desporto e Lazer - Ministério do Esporte";24;302000;2418109110001;NA;NA;NA;NA;NA
"180";2022;1481;7728019101000;"Receita Intraorçamentária - Outras Transferências Dos Estados - Principal - Repasse Do Fundo Estadual De Saúde - Lc 141/2012";10;13432956;7728019101000;NA;NA;NA;NA;NA
"181";2022;1481;2418109111002;"Direitos Humanos e de Cidadania - Ministério da Cidadania";24;300000;2418109111002;NA;NA;NA;NA;NA
"182";2022;1481;2418109110002;"Desporto e Lazer - Ministério da Cidadania";24;591455;2418109110002;NA;NA;NA;NA;NA
"183";2022;1511;1610011106000;"Serviços Administrativos E Comerciais Gerais - Principal - Reserva De Placa Especial - Polícia Civil Do Estado De Minas Gerais";60;3600000;1610011106000;NA;"17.1.Receita de Serviços";NA;NA;NA
"184";2022;1511;1321001101000;"Remuneração De Depósitos Bancários - Principal";24;30000;1321001101000;NA;"14.1.Receita Patrimonial";NA;NA;NA
"185";2022;1511;2418109120004;"Segurança Pública - Ministério da Justiça e Segurança Pública";24;27590343;2418109120004;NA;NA;NA;NA;NA
"186";2022;1511;1610011111003;"Serviços Administrativos E Comerciais Gerais - Principal - Serviços Especiais - Polícia Civil Do Estado De Minas Gerais - Gestão Do Sistema E Procedimentos Operacionais";60;12000000;1610011111003;NA;"17.1.Receita de Serviços";NA;NA;NA
"187";2022;1511;1610011117000;"Serviços Administrativos E Comerciais Gerais - Principal - Gestão De Veículos Apreendidos E Removidos";60;75200000;1610011117000;NA;"17.1.Receita de Serviços";NA;NA;NA
"188";2022;1541;7728019101000;"Receita Intraorçamentária - Outras Transferências Dos Estados - Principal - Repasse Do Fundo Estadual De Saúde - Lc 141/2012";10;19242852;7728019101000;NA;NA;NA;NA;NA
"189";2022;2011;1990991199000;"Outras Receitas - Primárias - Principal - Demais";60;1058116;1990991199000;NA;"24.1.Outras Receitas Correntes";NA;NA;NA
"190";2022;2011;1922991199000;"Outras Restituições - Principal - Demais";60;452130;1922991199000;NA;"24.1.Outras Receitas Correntes";NA;NA;"29.1.Compensação Financ. entre Regimes Previdência"
"191";2022;2011;2300061101000;"Amortização De Empréstimos Contratuais - Principal";60;1000;2300061101000;NA;NA;NA;NA;NA
"192";2022;2011;7210991101001;"Receita Intraorçamentária - Outras Contribuições Sociais - Principal - Contribuição Patronal Do Civil Para A Saúde - Servidor Ativo";49;119454100;7210991101001;NA;NA;NA;NA;NA
"193";2022;2011;7210991101002;"Receita Intraorçamentária - Outras Contribuições Sociais - Principal - Contribuição Patronal Do Civil Para A Saúde - Servidor Inativo";49;120119480;7210991101002;NA;NA;NA;NA;NA
"194";2022;2011;7210991101003;"Receita Intraorçamentária - Outras Contribuições Sociais - Principal - Contribuição Patronal Do Civil Para A Saúde - Pensionista";49;20381209;7210991101003;NA;NA;NA;NA;NA
"195";2022;2011;7210991101004;"Receita Intraorçamentária - Outras Contribuições Sociais - Principal - Contribuição Patronal Do Civil Para A Saúde - Contrato Administrativo";49;2270105;7210991101004;NA;NA;NA;NA;NA
"196";2022;2011;7210991101005;"Receita Intraorçamentária - Outras Contribuições Sociais - Principal - Contribuição Patronal Do Civil Para A Saúde - Estado - Dependentes";49;64488581;7210991101005;NA;NA;NA;NA;NA
"197";2022;2011;7210991101006;"Receita Intraorçamentária - Outras Contribuições Sociais - Principal - Contribuição Patronal Do Civil Para A Saúde - Estado - Dependentes - Filhos De 21 A 35 Anos";49;25218154;7210991101006;NA;NA;NA;NA;NA
"198";2022;2011;7210991101007;"Receita Intraorçamentária - Outras Contribuições Sociais - Principal - Contribuição Patronal Do Civil Para A Saúde - Usuário Facultativo";49;68625;7210991101007;NA;NA;NA;NA;NA
"199";2022;2011;7310011101001;"Receita Intraorçamentária - Aluguéis E Arrendamentos - Principal - Aluguéis";60;2520118;7310011101001;NA;NA;NA;NA;NA
"200";2022;2011;1210991101008;"Outras Contribuições Sociais - Principal - Contribuição Patronal Do Civil Para A Saúde - Municípios";60;127482;1210991101008;NA;"13.1.Receitas de Contribuições";NA;NA;NA
"201";2022;2011;1210991102001;"Outras Contribuições Sociais - Principal - Contribuição Do Civil Para A Saúde - Ativo";50;225621097;1210991102001;NA;"13.1.Receitas de Contribuições";NA;NA;NA
"202";2022;2011;1210991102002;"Outras Contribuições Sociais - Principal - Contribuição Do Civil Para A Saúde - Inativo";50;254140704;1210991102002;NA;"13.1.Receitas de Contribuições";NA;NA;NA
"203";2022;2011;1210991102003;"Outras Contribuições Sociais - Principal - Contribuição Do Civil Para A Saúde - Pensionista";60;40991813;1210991102003;NA;"13.1.Receitas de Contribuições";NA;NA;NA
"204";2022;2011;1210991102004;"Outras Contribuições Sociais - Principal - Contribuição Do Civil Para A Saúde - Contrato Administrativo";50;4555761;1210991102004;NA;"13.1.Receitas de Contribuições";NA;NA;NA
"205";2022;2011;1210991102005;"Outras Contribuições Sociais - Principal - Contribuição Do Civil Para A Saúde - Estado - Dependentes";50;129222511;1210991102005;NA;"13.1.Receitas de Contribuições";NA;NA;NA
"206";2022;2011;1210991102006;"Outras Contribuições Sociais - Principal - Contribuição Do Civil Para A Saúde - Estado - Dependentes - Filhos De 21 A 35 Anos";50;50555721;1210991102006;NA;"13.1.Receitas de Contribuições";NA;NA;NA
"207";2022;2011;1210991102007;"Outras Contribuições Sociais - Principal - Contribuição Do Civil Para A Saúde - Usuário Facultativo";50;148684;1210991102007;NA;"13.1.Receitas de Contribuições";NA;NA;NA
"208";2022;2011;1210991102008;"Outras Contribuições Sociais - Principal - Contribuição Do Civil Para A Saúde - Municípios";60;254964;1210991102008;NA;"13.1.Receitas de Contribuições";NA;NA;NA
"209";2022;2011;1210991102009;"Outras Contribuições Sociais - Principal - Contribuição Do Civil Para A Saúde - Demais - Servidor";60;215229;1210991102009;NA;"13.1.Receitas de Contribuições";NA;NA;NA
"210";2022;2011;1210991102010;"Outras Contribuições Sociais - Principal - Contribuição Do Civil Para A Saúde - Demais - Dependentes";60;104146;1210991102010;NA;"13.1.Receitas de Contribuições";NA;NA;NA
"211";2022;2011;1210991102011;"Outras Contribuições Sociais - Principal - Contribuição Do Civil Para A Saúde - Demais - Dependentes - Filhos De 21 A 35 Anos";60;40500;1210991102011;NA;"13.1.Receitas de Contribuições";NA;NA;NA
"212";2022;2011;1210991110000;"Outras Contribuições Sociais - Principal - Fundo De Garantia Hipotecário";60;1000;1210991110000;NA;"13.1.Receitas de Contribuições";NA;NA;NA
"213";2022;2011;1210991299000;"Outras Contribuições Sociais - Multas e Juros de Mora - Demais";60;4158;1210991299000;NA;"13.1.Receitas de Contribuições";NA;NA;NA
"214";2022;2011;1210991399000;"Outras Contribuições Sociais - Dívida Ativa - Demais";60;1335494;1210991399000;NA;"13.1.Receitas de Contribuições";NA;NA;NA
"215";2022;2011;1210991499000;"Outras Contribuições Sociais - Dívida Ativa - Multas e Juros de Mora - Demais";60;3361563;1210991499000;NA;"13.1.Receitas de Contribuições";NA;NA;NA
"216";2022;2011;1310011101001;"Aluguéis E Arrendamentos - Principal - Aluguéis";60;1000;1310011101001;NA;"14.1.Receita Patrimonial";NA;NA;NA
"217";2022;2011;1310021101999;"Concessão, Permissão, Autorização Ou Cessão Do Direito De Uso De Bens Imóveis Públicos - Principal - Outros";60;280794;1310021101999;NA;"14.1.Receita Patrimonial";NA;NA;NA
"218";2022;2011;1321001101000;"Remuneração De Depósitos Bancários - Principal";60;4459934;1321001101000;NA;"14.1.Receita Patrimonial";NA;NA;NA
"219";2022;2011;1322001102000;"Dividendos - Principal - Ações De Outras Empresas";60;1000;1322001102000;NA;"14.1.Receita Patrimonial";NA;NA;NA
"220";2022;2011;1610021101000;"Inscrição Em Concursos E Processos Seletivos - Principal";60;275000;1610021101000;NA;"17.1.Receita de Serviços";NA;NA;NA
"221";2022;2011;1610011120000;"Serviços Administrativos E Comerciais Gerais - Principal - Administração Do Fundo De Assistência Ao Pecúlio Dos Servidores Públicos Do Estado De Minas Gerais";60;1000;1610011120000;NA;"17.1.Receita de Serviços";NA;NA;NA
"222";2022;2011;1610011199001;"Serviços Administrativos E Comerciais Gerais - Principal - Demais - Serviços Administrativos";60;53739;1610011199001;NA;"17.1.Receita de Serviços";NA;NA;NA
"223";2022;2011;1630011108001;"Serviços De Atendimento À Saúde - Principal - Coparticipação Dos Segurados - Serviços Hospitalares";60;63486062;1630011108001;NA;"17.1.Receita de Serviços";NA;NA;NA
"224";2022;2011;1630011108002;"Serviços De Atendimento À Saúde - Principal - Coparticipação Dos Segurados - Serviços Odontológicos";60;3431331;1630011108002;NA;"17.1.Receita de Serviços";NA;NA;NA
"225";2022;2011;1910091101000;"Multas E Juros Previstos Em Contratos - Principal";50;1000;1910091101000;NA;"24.1.Outras Receitas Correntes";NA;NA;NA
"226";2022;2011;1910091101000;"Multas E Juros Previstos Em Contratos - Principal";60;55668;1910091101000;NA;"24.1.Outras Receitas Correntes";NA;NA;NA
"227";2022;2011;1921991101999;"Outras Indenizações - Principal - Outros";60;1000;1921991101999;NA;"24.1.Outras Receitas Correntes";NA;NA;NA
"228";2022;2011;1922061101999;"Restituição De Despesas De Exercícios Anteriores - Principal - Outros";60;30000;1922061101999;NA;"24.1.Outras Receitas Correntes";NA;NA;NA
"229";2022;2011;1922991199000;"Outras Restituições - Principal - Demais";49;1000;1922991199000;NA;"24.1.Outras Receitas Correntes";NA;NA;"29.1.Compensação Financ. entre Regimes Previdência"
"230";2022;2011;1922991199000;"Outras Restituições - Principal - Demais";50;1000;1922991199000;NA;"24.1.Outras Receitas Correntes";NA;NA;"29.1.Compensação Financ. entre Regimes Previdência"
"231";2022;2011;2213001199000;"Alienação De Bens Móveis E Semoventes - Principal - Demais";47;1000;2213001199000;NA;NA;NA;NA;NA
"232";2022;2041;1321001101000;"Remuneração De Depósitos Bancários - Principal";60;500000;1321001101000;NA;"14.1.Receita Patrimonial";NA;NA;NA
"233";2022;2041;1990991103000;"Outras Receitas - Primárias - Principal - Rendas De Loteria Online";60;15100000;1990991103000;NA;"24.1.Outras Receitas Correntes";NA;NA;NA
"234";2022;2041;1990991102000;"Outras Receitas - Primárias - Principal - Rendas De Loteria Instantânea";60;5760000;1990991102000;NA;"24.1.Outras Receitas Correntes";NA;NA;NA
"235";2022;2041;1922991199000;"Outras Restituições - Principal - Demais";60;1000;1922991199000;NA;"24.1.Outras Receitas Correntes";NA;NA;"29.1.Compensação Financ. entre Regimes Previdência"
"236";2022;2061;1310011101001;"Aluguéis E Arrendamentos - Principal - Aluguéis";60;10000;1310011101001;NA;"14.1.Receita Patrimonial";NA;NA;NA
"237";2022;2061;1321001101000;"Remuneração De Depósitos Bancários - Principal";60;1000;1321001101000;NA;"14.1.Receita Patrimonial";NA;NA;NA
"238";2022;2061;1610021101000;"Inscrição Em Concursos E Processos Seletivos - Principal";60;183000;1610021101000;NA;"17.1.Receita de Serviços";NA;NA;NA
"239";2022;2061;1610011103000;"Serviços Administrativos E Comerciais Gerais - Principal - Comercialização De Livros, Periódicos, Materiais Escolares E Publicidade";60;2000;1610011103000;NA;"17.1.Receita de Serviços";NA;NA;NA
"240";2022;2061;1610031104000;"Serviços De Registro, Certificação E Fiscalização - Principal - Expedição De Certificados";60;316000;1610031104000;NA;"17.1.Receita de Serviços";NA;NA;NA
"241";2022;2061;2213001199000;"Alienação De Bens Móveis E Semoventes - Principal - Demais";47;20000;2213001199000;NA;NA;NA;NA;NA
"242";2022;2061;1610011130000;"Serviços Administrativos E Comerciais Gerais - Principal - Estudos E Pesquisa";60;440000;1610011130000;NA;"17.1.Receita de Serviços";NA;NA;NA
"243";2022;2061;1610011199001;"Serviços Administrativos E Comerciais Gerais - Principal - Demais - Serviços Administrativos";60;1000;1610011199001;NA;"17.1.Receita de Serviços";NA;NA;NA
"244";2022;2061;1740001199000;"TRANSFERÊNCIAS DE INSTITUIÇÕES PRIVADAS - PRINCIPAL - DEMAIS";45;200000;1740001199000;NA;"18.1.Receita de Transferências Correntes";"23.2.Outras Transferências Correntes";NA;NA
"245";2022;2061;1922991199000;"Outras Restituições - Principal - Demais";60;245000;1922991199000;NA;"24.1.Outras Receitas Correntes";NA;NA;"29.1.Compensação Financ. entre Regimes Previdência"
"246";2022;2061;1610011124000;"Serviços Administrativos E Comerciais Gerais - Principal - Educacionais E Capacitação";60;826000;1610011124000;NA;"17.1.Receita de Serviços";NA;NA;NA
"247";2022;2071;1310011101001;"Aluguéis E Arrendamentos - Principal - Aluguéis";60;1315200;1310011101001;NA;"14.1.Receita Patrimonial";NA;NA;NA
"248";2022;2071;1321001101000;"Remuneração De Depósitos Bancários - Principal";24;50000;1321001101000;NA;"14.1.Receita Patrimonial";NA;NA;NA
"249";2022;2071;1321001101000;"Remuneração De Depósitos Bancários - Principal";60;1853;1321001101000;NA;"14.1.Receita Patrimonial";NA;NA;NA
"250";2022;2071;1321001101000;"Remuneração De Depósitos Bancários - Principal";70;250000;1321001101000;NA;"14.1.Receita Patrimonial";NA;NA;NA
"251";2022;2071;1718109106002;"Ciência e Tecnologia - Conselho Nacional de Desenvolvimento Científico e Tecnológico";24;3600000;1718109106002;NA;"18.1.Receita de Transferências Correntes";"23.2.Outras Transferências Correntes";NA;NA
"252";2022;2071;7728019101000;"Receita Intraorçamentária - Outras Transferências Dos Estados - Principal - Repasse Do Fundo Estadual De Saúde - Lc 141/2012";10;1000;7728019101000;NA;NA;NA;NA;NA
"253";2022;2071;1748019109003;"Ciência e Tecnologia - Fundação Renova";70;770069;1748019109003;NA;"18.1.Receita de Transferências Correntes";"23.2.Outras Transferências Correntes";NA;NA
"254";2022;2071;1922991199000;"Outras Restituições - Principal - Demais";60;18835769;1922991199000;NA;"24.1.Outras Receitas Correntes";NA;NA;"29.1.Compensação Financ. entre Regimes Previdência"
"255";2022;2071;2418109106002;"Ciência e Tecnologia - Conselho Nacional de Desenvolvimento Científico e Tecnológico";24;1200000;2418109106002;NA;NA;NA;NA;NA
"256";2022;2071;2448019109001;"Ciência e Tecnologia - Fundação Renova";70;304000;2448019109001;NA;NA;NA;NA;NA
"257";2022;2071;1718109106003;"Ciência e Tecnologia - Financiadora de Estudos e Projetos";24;1525015;1718109106003;NA;"18.1.Receita de Transferências Correntes";"23.2.Outras Transferências Correntes";NA;NA
"258";2022;2091;1910061101000;"Multas Administrativas Por Danos Ambientais - Principal";60;10000000;1910061101000;NA;"24.1.Outras Receitas Correntes";NA;NA;NA
"259";2022;2091;1922991199000;"Outras Restituições - Principal - Demais";60;42000;1922991199000;NA;"24.1.Outras Receitas Correntes";NA;NA;"29.1.Compensação Financ. entre Regimes Previdência"
"260";2022;2091;2213001199000;"Alienação De Bens Móveis E Semoventes - Principal - Demais";47;35000;2213001199000;NA;NA;NA;NA;NA
"261";2022;2091;1121041103000;"Taxa De Controle E Fiscalização Ambiental - Principal";52;28000000;1121041103000;"1.1.Impostos, Taxas e Contribuições de Melhoria";"2.2.Principal";"7.3.Taxas";NA;NA
"262";2022;2091;1121041104000;"Taxa De Regularização Ambiental - Principal";91;45000;1121041104000;"1.1.Impostos, Taxas e Contribuições de Melhoria";"2.2.Principal";"7.3.Taxas";NA;NA
"263";2022;2091;1121041109000;"Taxa De Reprografia, Certidões E Julgamento De Contencioso - Principal";91;70000;1121041109000;"1.1.Impostos, Taxas e Contribuições de Melhoria";"2.2.Principal";"7.3.Taxas";NA;NA
"264";2022;2091;1121041203000;"Taxa De Controle E Fiscalização Ambiental - Multas e Juros de Mora";52;1300000;1121041203000;"1.1.Impostos, Taxas e Contribuições de Melhoria";"8.2.Acessórias [Dívida Ativa, Multas e Juros]";"12.3.Taxas";NA;NA
"265";2022;2091;1121041303000;"Taxa De Controle E Fiscalização Ambiental - Dívida Ativa";52;135000;1121041303000;"1.1.Impostos, Taxas e Contribuições de Melhoria";"8.2.Acessórias [Dívida Ativa, Multas e Juros]";"12.3.Taxas";NA;NA
"266";2022;2091;1121041403000;"Taxa De Controle E Fiscalização Ambiental - Dívida Ativa - Multas e Juros de Mora";52;80000;1121041403000;"1.1.Impostos, Taxas e Contribuições de Melhoria";"8.2.Acessórias [Dívida Ativa, Multas e Juros]";"12.3.Taxas";NA;NA
"267";2022;2091;1321001101000;"Remuneração De Depósitos Bancários - Principal";24;20000;1321001101000;NA;"14.1.Receita Patrimonial";NA;NA;NA
"268";2022;2091;1321001101000;"Remuneração De Depósitos Bancários - Principal";45;2400;1321001101000;NA;"14.1.Receita Patrimonial";NA;NA;NA
"269";2022;2091;1610011128000;"Serviços Administrativos E Comerciais Gerais - Principal - Consultoria, Assistência Técnica E Análise De Projetos";60;38000;1610011128000;NA;"17.1.Receita de Serviços";NA;NA;NA
"270";2022;2091;1610011199001;"Serviços Administrativos E Comerciais Gerais - Principal - Demais - Serviços Administrativos";60;105000;1610011199001;NA;"17.1.Receita de Serviços";NA;NA;NA
"271";2022;2091;1690991301000;"Outros Serviços - Dívida Ativa";60;6000000;1690991301000;NA;"17.1.Receita de Serviços";NA;NA;NA
"272";2022;2091;1718109116001;"Meio Ambiente - Ministério do Meio Ambiente";24;542272;1718109116001;NA;"18.1.Receita de Transferências Correntes";"23.2.Outras Transferências Correntes";NA;NA
"273";2022;2101;1990991199000;"Outras Receitas - Primárias - Principal - Demais";60;1800000;1990991199000;NA;"24.1.Outras Receitas Correntes";NA;NA;NA
"274";2022;2101;1349011101000;"Compensações Ambientais - Principal - Reposição Florestal";61;10500000;1349011101000;NA;"14.1.Receita Patrimonial";NA;NA;NA
"275";2022;2101;1922991199000;"Outras Restituições - Principal - Demais";61;1000;1922991199000;NA;"24.1.Outras Receitas Correntes";NA;NA;"29.1.Compensação Financ. entre Regimes Previdência"
"276";2022;2101;1922991199000;"Outras Restituições - Principal - Demais";60;40000;1922991199000;NA;"24.1.Outras Receitas Correntes";NA;NA;"29.1.Compensação Financ. entre Regimes Previdência"
"277";2022;2101;1922991199000;"Outras Restituições - Principal - Demais";52;1000;1922991199000;NA;"24.1.Outras Receitas Correntes";NA;NA;"29.1.Compensação Financ. entre Regimes Previdência"
"278";2022;2101;1922991199000;"Outras Restituições - Principal - Demais";26;210000;1922991199000;NA;"24.1.Outras Receitas Correntes";NA;NA;"29.1.Compensação Financ. entre Regimes Previdência"
"279";2022;2101;1921991101001;"Outras Indenizações - Principal - Impactos E Danos Ambientais";61;1000;1921991101001;NA;"24.1.Outras Receitas Correntes";NA;NA;NA
"280";2022;2101;1910061101000;"Multas Administrativas Por Danos Ambientais - Principal";60;5000000;1910061101000;NA;"24.1.Outras Receitas Correntes";NA;NA;NA
"281";2022;2101;1690991301000;"Outros Serviços - Dívida Ativa";60;5000000;1690991301000;NA;"17.1.Receita de Serviços";NA;NA;NA
"282";2022;2101;1610011121000;"Serviços Administrativos E Comerciais Gerais - Principal - Gestão De Criadores De Passeiformes Silvestres";60;6500000;1610011121000;NA;"17.1.Receita de Serviços";NA;NA;NA
"283";2022;2101;1610011118000;"Serviços Administrativos E Comerciais Gerais - Principal - Visitação Das Unidades De Conservação Da Natureza";61;2450000;1610011118000;NA;"17.1.Receita de Serviços";NA;NA;NA
"284";2022;2101;1610011111002;"Serviços Administrativos E Comerciais Gerais - Principal - Serviços Especiais - Instituto Estadual De Florestas";60;50000;1610011111002;NA;"17.1.Receita de Serviços";NA;NA;NA
"285";2022;2101;1349011199000;"Compensações Ambientais - Principal - Demais";61;10500000;1349011199000;NA;"14.1.Receita Patrimonial";NA;NA;NA
"286";2022;2101;1349011102000;"Compensações Ambientais - Principal - Reposição Da Pesca";61;1000;1349011102000;NA;"14.1.Receita Patrimonial";NA;NA;NA
"287";2022;2101;2213001199000;"Alienação De Bens Móveis E Semoventes - Principal - Demais";47;250000;2213001199000;NA;NA;NA;NA;NA
"288";2022;2101;1121041101000;"Taxa Florestal - Principal";26;70000000;1121041101000;"1.1.Impostos, Taxas e Contribuições de Melhoria";"2.2.Principal";"7.3.Taxas";NA;NA
"289";2022;2101;1121041103000;"Taxa De Controle E Fiscalização Ambiental - Principal";52;2030000;1121041103000;"1.1.Impostos, Taxas e Contribuições de Melhoria";"2.2.Principal";"7.3.Taxas";NA;NA
"290";2022;2101;1121041105000;"Taxa Da Lei Da Pesca - Principal";91;2310000;1121041105000;"1.1.Impostos, Taxas e Contribuições de Melhoria";"2.2.Principal";"7.3.Taxas";NA;NA
"291";2022;2101;1121041106000;"Taxa De Liberação E Manejo Da Fauna E Flora - Principal";91;175000;1121041106000;"1.1.Impostos, Taxas e Contribuições de Melhoria";"2.2.Principal";"7.3.Taxas";NA;NA
"292";2022;2101;1121041107000;"Taxa Da Lei De Política Florestal - Principal";91;12600000;1121041107000;"1.1.Impostos, Taxas e Contribuições de Melhoria";"2.2.Principal";"7.3.Taxas";NA;NA
"293";2022;2101;1121041109000;"Taxa De Reprografia, Certidões E Julgamento De Contencioso - Principal";91;140000;1121041109000;"1.1.Impostos, Taxas e Contribuições de Melhoria";"2.2.Principal";"7.3.Taxas";NA;NA
"294";2022;2101;1121041201000;"Taxa Florestal - Multas e Juros de Mora";26;70000;1121041201000;"1.1.Impostos, Taxas e Contribuições de Melhoria";"8.2.Acessórias [Dívida Ativa, Multas e Juros]";"12.3.Taxas";NA;NA
"295";2022;2101;1121041301000;"Taxa Florestal - Dívida Ativa";26;280000;1121041301000;"1.1.Impostos, Taxas e Contribuições de Melhoria";"8.2.Acessórias [Dívida Ativa, Multas e Juros]";"12.3.Taxas";NA;NA
"296";2022;2101;1121041303000;"Taxa De Controle E Fiscalização Ambiental - Dívida Ativa";52;1000;1121041303000;"1.1.Impostos, Taxas e Contribuições de Melhoria";"8.2.Acessórias [Dívida Ativa, Multas e Juros]";"12.3.Taxas";NA;NA
"297";2022;2101;1121041403000;"Taxa De Controle E Fiscalização Ambiental - Dívida Ativa - Multas e Juros de Mora";52;1000;1121041403000;"1.1.Impostos, Taxas e Contribuições de Melhoria";"8.2.Acessórias [Dívida Ativa, Multas e Juros]";"12.3.Taxas";NA;NA
"298";2022;2101;1321001101000;"Remuneração De Depósitos Bancários - Principal";70;6000;1321001101000;NA;"14.1.Receita Patrimonial";NA;NA;NA
"299";2022;2101;1321001101000;"Remuneração De Depósitos Bancários - Principal";74;500;1321001101000;NA;"14.1.Receita Patrimonial";NA;NA;NA
"300";2022;2101;1922991199000;"Outras Restituições - Principal - Demais";91;1000;1922991199000;NA;"24.1.Outras Receitas Correntes";NA;NA;"29.1.Compensação Financ. entre Regimes Previdência"
"301";2022;2121;7210991206000;"Receita Intraorçamentária - Outras Contribuições Sociais - Multas e Juros de Mora - Renegociação De Obrigações Previdenciárias";60;59339617;7210991206000;NA;NA;NA;NA;NA
"302";2022;2121;7210991112000;"Receita Intraorçamentária - Outras Contribuições Sociais - Principal - Contribuição Patronal De Servidor Civil - Ipsm";49;5573300;7210991112000;NA;NA;NA;NA;NA
"303";2022;2121;2213001199000;"Alienação De Bens Móveis E Semoventes - Principal - Demais";47;100500;2213001199000;NA;NA;NA;NA;NA
"304";2022;2121;1990991199000;"Outras Receitas - Primárias - Principal - Demais";60;5000000;1990991199000;NA;"24.1.Outras Receitas Correntes";NA;NA;NA
"305";2022;2121;1922991199000;"Outras Restituições - Principal - Demais";60;1000000;1922991199000;NA;"24.1.Outras Receitas Correntes";NA;NA;"29.1.Compensação Financ. entre Regimes Previdência"
"306";2022;2121;1690991101000;"Outros Serviços - Principal";60;60000;1690991101000;NA;"17.1.Receita de Serviços";NA;NA;NA
"307";2022;2121;1630011108002;"Serviços De Atendimento À Saúde - Principal - Coparticipação Dos Segurados - Serviços Odontológicos";60;10000000;1630011108002;NA;"17.1.Receita de Serviços";NA;NA;NA
"308";2022;2121;1630011108001;"Serviços De Atendimento À Saúde - Principal - Coparticipação Dos Segurados - Serviços Hospitalares";60;80000000;1630011108001;NA;"17.1.Receita de Serviços";NA;NA;NA
"309";2022;2121;1610011199001;"Serviços Administrativos E Comerciais Gerais - Principal - Demais - Serviços Administrativos";60;2500000;1610011199001;NA;"17.1.Receita de Serviços";NA;NA;NA
"310";2022;2121;1329001102000;"Outros Valores Mobiliários - Principal - Fundos De Investimento";60;1000000;1329001102000;NA;"14.1.Receita Patrimonial";NA;NA;NA
"311";2022;2121;1322001102000;"Dividendos - Principal - Ações De Outras Empresas";60;15000;1322001102000;NA;"14.1.Receita Patrimonial";NA;NA;NA
"312";2022;2121;1310011201001;"Aluguéis E Arrendamentos - Multas e Juros de Mora - Aluguéis";60;19200;1310011201001;NA;"14.1.Receita Patrimonial";NA;NA;NA
"313";2022;2121;1310011101001;"Aluguéis E Arrendamentos - Principal - Aluguéis";60;1921500;1310011101001;NA;"14.1.Receita Patrimonial";NA;NA;NA
"314";2022;2121;1210991111001;"Outras Contribuições Sociais - Principal - Contribuição Do Servidor Civil - Ipsm - Ativo";50;34900;1210991111001;NA;"13.1.Receitas de Contribuições";NA;NA;NA
"315";2022;2121;1210991111002;"Outras Contribuições Sociais - Principal - Contribuição Do Servidor Civil - Ipsm - Inativo";50;2743500;1210991111002;NA;"13.1.Receitas de Contribuições";NA;NA;NA
"316";2022;2151;1310011101001;"Aluguéis E Arrendamentos - Principal - Aluguéis";60;5000;1310011101001;NA;"14.1.Receita Patrimonial";NA;NA;NA
"317";2022;2151;1400001101000;"Receita Agropecuária - Principal - Receita Da Produção Vegetal";60;17000;1400001101000;NA;"15.1.Receita Agropecuária";NA;NA;NA
"318";2022;2151;1610011199001;"Serviços Administrativos E Comerciais Gerais - Principal - Demais - Serviços Administrativos";60;160000;1610011199001;NA;"17.1.Receita de Serviços";NA;NA;NA
"319";2022;2161;1321001101000;"Remuneração De Depósitos Bancários - Principal";24;1000;1321001101000;NA;"14.1.Receita Patrimonial";NA;NA;NA
"320";2022;2161;1718109117002;"Organização Agrária - Ministério da Agricultura, Pecuária e Abastecimento";24;285706;1718109117002;NA;"18.1.Receita de Transferências Correntes";"23.2.Outras Transferências Correntes";NA;NA
"321";2022;2161;2418109105001;"Agricultura - Ministério da Agricultura, Pecuária e Abastecimento";24;114294;2418109105001;NA;NA;NA;NA;NA
"322";2022;2171;1690991101000;"Outros Serviços - Principal";60;200000;1690991101000;NA;"17.1.Receita de Serviços";NA;NA;NA
"323";2022;2171;1740001199000;"TRANSFERÊNCIAS DE INSTITUIÇÕES PRIVADAS - PRINCIPAL - DEMAIS";45;250000;1740001199000;NA;"18.1.Receita de Transferências Correntes";"23.2.Outras Transferências Correntes";NA;NA
"324";2022;2181;1310011101001;"Aluguéis E Arrendamentos - Principal - Aluguéis";60;2850000;1310011101001;NA;"14.1.Receita Patrimonial";NA;NA;NA
"325";2022;2181;1610011124000;"Serviços Administrativos E Comerciais Gerais - Principal - Educacionais E Capacitação";60;10000;1610011124000;NA;"17.1.Receita de Serviços";NA;NA;NA
"326";2022;2181;2213001199000;"Alienação De Bens Móveis E Semoventes - Principal - Demais";47;60000;2213001199000;NA;NA;NA;NA;NA
"327";2022;2181;1921991101999;"Outras Indenizações - Principal - Outros";60;50000;1921991101999;NA;"24.1.Outras Receitas Correntes";NA;NA;NA
"328";2022;2181;1610011127000;"Serviços Administrativos E Comerciais Gerais - Principal - Recreativos E Culturais";60;430000;1610011127000;NA;"17.1.Receita de Serviços";NA;NA;NA
"329";2022;2201;1718109109002;"Cultura - Instituto do Patrimônio Histórico e Artístico Nacional";24;1600331;1718109109002;NA;"18.1.Receita de Transferências Correntes";"23.2.Outras Transferências Correntes";NA;NA
"330";2022;2201;1321001101000;"Remuneração De Depósitos Bancários - Principal";24;1000;1321001101000;NA;"14.1.Receita Patrimonial";NA;NA;NA
"331";2022;2201;1690991101000;"Outros Serviços - Principal";60;3960;1690991101000;NA;"17.1.Receita de Serviços";NA;NA;NA
"332";2022;2201;1321001101000;"Remuneração De Depósitos Bancários - Principal";45;142695;1321001101000;NA;"14.1.Receita Patrimonial";NA;NA;NA
"333";2022;2211;1610011107000;"Serviços Administrativos E Comerciais Gerais - Principal - Comunicação";60;960000;1610011107000;NA;"17.1.Receita de Serviços";NA;NA;NA
"334";2022;2211;1310011101001;"Aluguéis E Arrendamentos - Principal - Aluguéis";60;1440000;1310011101001;NA;"14.1.Receita Patrimonial";NA;NA;NA
"335";2022;2241;1718109116002;"Meio Ambiente - Agência Nacional de ÁguasGestão das Águas";73;1239200;1718109116002;NA;"18.1.Receita de Transferências Correntes";"23.2.Outras Transferências Correntes";NA;NA
"336";2022;2241;1718109116005;"MEIO AMBIENTE - MINISTÉRIO DO DESENVOLVIMENTO REGIONAL";24;1600000;1718109116005;NA;"18.1.Receita de Transferências Correntes";"23.2.Outras Transferências Correntes";NA;NA
"337";2022;2241;1910061101000;"Multas Administrativas Por Danos Ambientais - Principal";60;16504968;1910061101000;NA;"24.1.Outras Receitas Correntes";NA;NA;NA
"338";2022;2241;1922991199000;"Outras Restituições - Principal - Demais";60;5000;1922991199000;NA;"24.1.Outras Receitas Correntes";NA;NA;"29.1.Compensação Financ. entre Regimes Previdência"
"339";2022;2241;1922991199000;"Outras Restituições - Principal - Demais";73;5000;1922991199000;NA;"24.1.Outras Receitas Correntes";NA;NA;"29.1.Compensação Financ. entre Regimes Previdência"
"340";2022;2241;1922991199000;"Outras Restituições - Principal - Demais";91;95768;1922991199000;NA;"24.1.Outras Receitas Correntes";NA;NA;"29.1.Compensação Financ. entre Regimes Previdência"
"341";2022;2241;2213001199000;"Alienação De Bens Móveis E Semoventes - Principal - Demais";47;20000;2213001199000;NA;NA;NA;NA;NA
"342";2022;2241;1121041104000;"Taxa De Regularização Ambiental - Principal";91;8085000;1121041104000;"1.1.Impostos, Taxas e Contribuições de Melhoria";"2.2.Principal";"7.3.Taxas";NA;NA
"343";2022;2241;1321001101000;"Remuneração De Depósitos Bancários - Principal";73;50000;1321001101000;NA;"14.1.Receita Patrimonial";NA;NA;NA
"344";2022;2241;1121041109000;"Taxa De Reprografia, Certidões E Julgamento De Contencioso - Principal";91;55846;1121041109000;"1.1.Impostos, Taxas e Contribuições de Melhoria";"2.2.Principal";"7.3.Taxas";NA;NA
"345";2022;2241;1121041108000;"Taxa De Cadastro Perfuração De Poços Tubulares - Principal";91;316;1121041108000;"1.1.Impostos, Taxas e Contribuições de Melhoria";"2.2.Principal";"7.3.Taxas";NA;NA
"346";2022;2241;1690991301000;"Outros Serviços - Dívida Ativa";60;15679404;1690991301000;NA;"17.1.Receita de Serviços";NA;NA;NA
"347";2022;2241;1345011101000;"Outorga De Direitos De Uso De Recursos Hídricos - Principal";61;39107642;1345011101000;NA;"14.1.Receita Patrimonial";NA;NA;NA
"348";2022;2241;1345011301000;"Outorga De Direitos De Uso De Recursos Hídricos - Dívida Ativa";61;17228090;1345011301000;NA;"14.1.Receita Patrimonial";NA;NA;NA
"349";2022;2251;1923991199000;"Outros Ressarcimentos - Principal - Demais";60;100;1923991199000;NA;"24.1.Outras Receitas Correntes";NA;NA;NA
"350";2022;2251;1922991199000;"Outras Restituições - Principal - Demais";60;5000;1922991199000;NA;"24.1.Outras Receitas Correntes";NA;NA;"29.1.Compensação Financ. entre Regimes Previdência"
"351";2022;2251;1921991101999;"Outras Indenizações - Principal - Outros";60;100;1921991101999;NA;"24.1.Outras Receitas Correntes";NA;NA;NA
"352";2022;2251;1610031106000;"Serviços De Registro, Certificação E Fiscalização - Principal - Registro Do Comércio";60;63072452;1610031106000;NA;"17.1.Receita de Serviços";NA;NA;NA
"353";2022;2261;7728019101000;"Receita Intraorçamentária - Outras Transferências Dos Estados - Principal - Repasse Do Fundo Estadual De Saúde - Lc 141/2012";10;584085892;7728019101000;NA;NA;NA;NA;NA
"354";2022;2261;7630011104000;"Receita Intraorçamentária - Serviços De Atendimento À Saúde - Principal - Serviços Radiológicos E Laboratoriais";60;50000;7630011104000;NA;NA;NA;NA;NA
"355";2022;2261;1500001101999;"Receita Industrial - Principal - Receita Da Indústria De Transformação - Outros";60;15026176;1500001101999;NA;"16.1.Receita Industrial";NA;NA;NA
"356";2022;2261;1500001101003;"Receita Industrial - Principal - Receita Da Indústria De Transformação - Indústria De Produtos Farmacêuticos E Veterinários";60;412040000;1500001101003;NA;"16.1.Receita Industrial";NA;NA;NA
"357";2022;2261;1310011101001;"Aluguéis E Arrendamentos - Principal - Aluguéis";60;39425;1310011101001;NA;"14.1.Receita Patrimonial";NA;NA;NA
"358";2022;2271;2438101101000;"TRANSFERÊNCIAS DE CONVÊNIOS DOS MUNICÍPIOS DESTINADOS A PROGRAMAS DE SAÚDE - PRINCIPAL";70;1270739;2438101101000;NA;NA;NA;NA;NA
"359";2022;2271;7728019101000;"Receita Intraorçamentária - Outras Transferências Dos Estados - Principal - Repasse Do Fundo Estadual De Saúde - Lc 141/2012";10;1893830575;7728019101000;NA;NA;NA;NA;NA
"360";2022;2271;2418101101000;"SUS-Saúde - Ministério da Saúde";24;1329902;2418101101000;NA;NA;NA;NA;NA
"361";2022;2271;2213001199000;"Alienação De Bens Móveis E Semoventes - Principal - Demais";47;203137;2213001199000;NA;NA;NA;NA;NA
"362";2022;2271;1990991199000;"Outras Receitas - Primárias - Principal - Demais";60;83035;1990991199000;NA;"24.1.Outras Receitas Correntes";NA;NA;NA
"363";2022;2271;1922991199000;"Outras Restituições - Principal - Demais";60;265725;1922991199000;NA;"24.1.Outras Receitas Correntes";NA;NA;"29.1.Compensação Financ. entre Regimes Previdência"
"364";2022;2271;1922991101000;"Outras Restituições - Principal - Recursos Originários Do Fundo Estadual De Saúde";10;6216345;1922991101000;NA;"24.1.Outras Receitas Correntes";NA;NA;"29.1.Compensação Financ. entre Regimes Previdência"
"365";2022;2271;1921991101999;"Outras Indenizações - Principal - Outros";60;100;1921991101999;NA;"24.1.Outras Receitas Correntes";NA;NA;NA
"366";2022;2271;1310011101001;"Aluguéis E Arrendamentos - Principal - Aluguéis";60;36385;1310011101001;NA;"14.1.Receita Patrimonial";NA;NA;NA
"367";2022;2271;1321001101000;"Remuneração De Depósitos Bancários - Principal";24;45110;1321001101000;NA;"14.1.Receita Patrimonial";NA;NA;NA
"368";2022;2271;1321001101000;"Remuneração De Depósitos Bancários - Principal";45;36419;1321001101000;NA;"14.1.Receita Patrimonial";NA;NA;NA
"369";2022;2271;1321001101000;"Remuneração De Depósitos Bancários - Principal";60;76;1321001101000;NA;"14.1.Receita Patrimonial";NA;NA;NA
"370";2022;2271;1321001101000;"Remuneração De Depósitos Bancários - Principal";70;360400;1321001101000;NA;"14.1.Receita Patrimonial";NA;NA;NA
"371";2022;2271;1322001102000;"Dividendos - Principal - Ações De Outras Empresas";60;100;1322001102000;NA;"14.1.Receita Patrimonial";NA;NA;NA
"372";2022;2271;1329001199000;"Outros Valores Mobiliários - Principal - Demais";60;100;1329001199000;NA;"14.1.Receita Patrimonial";NA;NA;NA
"373";2022;2271;1500001101002;"Receita Industrial - Principal - Receita Da Indústria De Transformação - Indústria Química";60;11282;1500001101002;NA;"16.1.Receita Industrial";NA;NA;NA
"374";2022;2271;1610021101000;"Inscrição Em Concursos E Processos Seletivos - Principal";60;147000;1610021101000;NA;"17.1.Receita de Serviços";NA;NA;NA
"375";2022;2271;1610011129000;"Serviços Administrativos E Comerciais Gerais - Principal - Hospedagem E Alimentação";60;100;1610011129000;NA;"17.1.Receita de Serviços";NA;NA;NA
"376";2022;2271;1610011199001;"Serviços Administrativos E Comerciais Gerais - Principal - Demais - Serviços Administrativos";60;687000;1610011199001;NA;"17.1.Receita de Serviços";NA;NA;NA
"377";2022;2271;1630011101000;"Serviços De Atendimento À Saúde - Principal - Serviços Hospitalares";60;223057735;1630011101000;NA;"17.1.Receita de Serviços";NA;NA;NA
"378";2022;2271;1738101101000;"SUS - Diversos Municípios";70;4695216;1738101101000;NA;"18.1.Receita de Transferências Correntes";"23.2.Outras Transferências Correntes";NA;NA
"379";2022;2271;1748101199001;"INSTITUIÇÕES PRIVADAS DE ENSINO";70;548876;1748101199001;NA;"18.1.Receita de Transferências Correntes";"23.2.Outras Transferências Correntes";NA;NA
"380";2022;2271;1770001199000;"TRANSFERÊNCIAS DE PESSOAS FÍSICAS - PRINCIPAL - DEMAIS";45;100;1770001199000;NA;"18.1.Receita de Transferências Correntes";"23.2.Outras Transferências Correntes";NA;NA
"381";2022;2271;1910091101000;"Multas E Juros Previstos Em Contratos - Principal";60;24468;1910091101000;NA;"24.1.Outras Receitas Correntes";NA;NA;NA
"382";2022;2281;1310021101001;"Concessão, Permissão, Autorização Ou Cessão Do Direito De Uso De Bens Imóveis Públicos - Principal - Concessão De Direito Real De Uso De Área Pública";60;300;1310021101001;NA;"14.1.Receita Patrimonial";NA;NA;NA
"383";2022;2281;1310011201001;"Aluguéis E Arrendamentos - Multas e Juros de Mora - Aluguéis";60;100;1310011201001;NA;"14.1.Receita Patrimonial";NA;NA;NA
"384";2022;2281;1321001101000;"Remuneração De Depósitos Bancários - Principal";36;68451;1321001101000;NA;"14.1.Receita Patrimonial";NA;NA;NA
"385";2022;2281;1610011124000;"Serviços Administrativos E Comerciais Gerais - Principal - Educacionais E Capacitação";60;300;1610011124000;NA;"17.1.Receita de Serviços";NA;NA;NA
"386";2022;2281;1610011199001;"Serviços Administrativos E Comerciais Gerais - Principal - Demais - Serviços Administrativos";60;200;1610011199001;NA;"17.1.Receita de Serviços";NA;NA;NA
"387";2022;2281;2213001199000;"Alienação De Bens Móveis E Semoventes - Principal - Demais";47;1000;2213001199000;NA;NA;NA;NA;NA
"388";2022;2281;1718059105000;"Outras Transferências Diretas Do Fundo Nacional Do Desenvolvimento Da Educação - Fnde - Principal - Pronatec";36;2298250;1718059105000;NA;"18.1.Receita de Transferências Correntes";"23.2.Outras Transferências Correntes";NA;NA
"389";2022;2281;1690991201000;"Outros Serviços - Multas e Juros de Mora";60;100;1690991201000;NA;"17.1.Receita de Serviços";NA;NA;NA
"390";2022;2301;1610011103000;"Serviços Administrativos E Comerciais Gerais - Principal - Comercialização De Livros, Periódicos, Materiais Escolares E Publicidade";60;4000;1610011103000;NA;"17.1.Receita de Serviços";NA;NA;NA
"391";2022;2301;1610011128000;"Serviços Administrativos E Comerciais Gerais - Principal - Consultoria, Assistência Técnica E Análise De Projetos";60;14000;1610011128000;NA;"17.1.Receita de Serviços";NA;NA;NA
"392";2022;2301;1690991201000;"Outros Serviços - Multas e Juros de Mora";60;30000;1690991201000;NA;"17.1.Receita de Serviços";NA;NA;NA
"393";2022;2301;1910011199000;"Multas Previstas Em Legislação Específica - Principal - Demais";60;20000;1910011199000;NA;"24.1.Outras Receitas Correntes";NA;NA;NA
"394";2022;2301;1921991101999;"Outras Indenizações - Principal - Outros";60;23000;1921991101999;NA;"24.1.Outras Receitas Correntes";NA;NA;NA
"395";2022;2301;1922991199000;"Outras Restituições - Principal - Demais";51;10000;1922991199000;NA;"24.1.Outras Receitas Correntes";NA;NA;"29.1.Compensação Financ. entre Regimes Previdência"
"396";2022;2301;1990991199000;"Outras Receitas - Primárias - Principal - Demais";60;461000;1990991199000;NA;"24.1.Outras Receitas Correntes";NA;NA;NA
"397";2022;2301;1990991299000;"Outras Receitas - Primárias - Multas e Juros de Mora - Demais";60;1500000;1990991299000;NA;"24.1.Outras Receitas Correntes";NA;NA;NA
"398";2022;2301;2213001199000;"Alienação De Bens Móveis E Semoventes - Principal - Demais";47;400000;2213001199000;NA;NA;NA;NA;NA
"399";2022;2301;2428109106001;"CIÊNCIA E TECNOLOGIA - COMPANHIA DE DESENVOLVIMENTO ECONÔMICO DO ESTADO DE MINAS GERAIS";70;834624;2428109106001;NA;NA;NA;NA;NA
"400";2022;2301;1122011101001;"Taxa De Expediente - Principal - Departamento De Edificações E Estradas De Rodagem Do Estado De Minas Gerais";91;3228000;1122011101001;"1.1.Impostos, Taxas e Contribuições de Melhoria";"2.2.Principal";"7.3.Taxas";NA;NA
"401";2022;2301;1122011101006;"Taxa De Expediente - Principal - Transporte Coletivo Intermunicipal - Notificação";91;135000;1122011101006;"1.1.Impostos, Taxas e Contribuições de Melhoria";"2.2.Principal";"7.3.Taxas";NA;NA
"402";2022;2301;1122011104000;"Taxa De Gerenciamento Do Sistema Transporte Rodoviário Intermunicipal - Principal - Departamento De Edificações E Estradas De Rodagem Do Estado De Minas Gerais";91;24400;1122011104000;"1.1.Impostos, Taxas e Contribuições de Melhoria";"2.2.Principal";"7.3.Taxas";NA;NA
"403";2022;2301;1122011107000;"Taxa De Gerenciamento De Construção De Rodovias, Projetos E Obras - Principal - Departamento De Edificações E Estradas De Rodagem Do Estado De Minas Gerais";60;30000;1122011107000;"1.1.Impostos, Taxas e Contribuições de Melhoria";"2.2.Principal";"7.3.Taxas";NA;NA
"404";2022;2301;1122011201006;"Taxa De Expediente - Multas e Juros de Mora - Transporte Coletivo Intermunicipal - Notificação";91;31000;1122011201006;"1.1.Impostos, Taxas e Contribuições de Melhoria";"8.2.Acessórias [Dívida Ativa, Multas e Juros]";"12.3.Taxas";NA;NA
"405";2022;2301;1122011301006;"Taxa De Expediente - Dívida Ativa - Transporte Coletivo Intermunicipal - Notificação";91;207000;1122011301006;"1.1.Impostos, Taxas e Contribuições de Melhoria";"8.2.Acessórias [Dívida Ativa, Multas e Juros]";"12.3.Taxas";NA;NA
"406";2022;2301;1122011401006;"Taxa De Expediente - Dívida Ativa - Multas e Juros de Mora - Transporte Coletivo Intermunicipal - Notificação";91;63000;1122011401006;"1.1.Impostos, Taxas e Contribuições de Melhoria";"8.2.Acessórias [Dívida Ativa, Multas e Juros]";"12.3.Taxas";NA;NA
"407";2022;2301;1321001101000;"Remuneração De Depósitos Bancários - Principal";51;15000;1321001101000;NA;"14.1.Receita Patrimonial";NA;NA;NA
"408";2022;2301;1321001101000;"Remuneração De Depósitos Bancários - Principal";57;4000;1321001101000;NA;"14.1.Receita Patrimonial";NA;NA;NA
"409";2022;2301;1321001101000;"Remuneração De Depósitos Bancários - Principal";70;15000;1321001101000;NA;"14.1.Receita Patrimonial";NA;NA;NA
"410";2022;2311;1321001101000;"Remuneração De Depósitos Bancários - Principal";24;55467;1321001101000;NA;"14.1.Receita Patrimonial";NA;NA;NA
"411";2022;2311;1321001101000;"Remuneração De Depósitos Bancários - Principal";36;17933;1321001101000;NA;"14.1.Receita Patrimonial";NA;NA;NA
"412";2022;2311;1321001101000;"Remuneração De Depósitos Bancários - Principal";60;89024;1321001101000;NA;"14.1.Receita Patrimonial";NA;NA;NA
"413";2022;2311;1321001101000;"Remuneração De Depósitos Bancários - Principal";70;141318;1321001101000;NA;"14.1.Receita Patrimonial";NA;NA;NA
"414";2022;2311;1610021101000;"Inscrição Em Concursos E Processos Seletivos - Principal";60;903500;1610021101000;NA;"17.1.Receita de Serviços";NA;NA;NA
"415";2022;2311;1610011124000;"Serviços Administrativos E Comerciais Gerais - Principal - Educacionais E Capacitação";60;125739;1610011124000;NA;"17.1.Receita de Serviços";NA;NA;NA
"416";2022;2311;2438102101000;"Educação - Diversos Municípios";70;2200000;2438102101000;NA;NA;NA;NA;NA
"417";2022;2311;1718102101000;"Educação - Fundo Nacional de Desenvolvimento da Educação";24;9000000;1718102101000;NA;"18.1.Receita de Transferências Correntes";"23.2.Outras Transferências Correntes";NA;NA
"418";2022;2311;1718102104000;"Educação - Coordenação de Aperfeiçoamento de Pessoal de Nível Superior";24;1000000;1718102104000;NA;"18.1.Receita de Transferências Correntes";"23.2.Outras Transferências Correntes";NA;NA
"419";2022;2311;1718109111003;"Direitos Humanos e de Cidadania - Ministério dos Direitos Humanos";24;37000;1718109111003;NA;"18.1.Receita de Transferências Correntes";"23.2.Outras Transferências Correntes";NA;NA
"420";2022;2311;1738102101000;"Educação - Diversos Municípios";70;18000000;1738102101000;NA;"18.1.Receita de Transferências Correntes";"23.2.Outras Transferências Correntes";NA;NA
"421";2022;2311;2418102103000;"Educação - Ministério da Educação";24;200000;2418102103000;NA;NA;NA;NA;NA
"422";2022;2311;2418109111003;"DIREITOS HUMANOS E DE CIDADANIA - MINISTÉRIO DA MULHER, FAMÍLIA E DOS DIREITOS HUMANOS";24;163000;2418109111003;NA;NA;NA;NA;NA
"423";2022;2311;1630011101000;"Serviços De Atendimento À Saúde - Principal - Serviços Hospitalares";60;11601066;1630011101000;NA;"17.1.Receita de Serviços";NA;NA;NA
"424";2022;2321;1321001101000;"Remuneração De Depósitos Bancários - Principal";24;120000;1321001101000;NA;"14.1.Receita Patrimonial";NA;NA;NA
"425";2022;2321;7728019101000;"Receita Intraorçamentária - Outras Transferências Dos Estados - Principal - Repasse Do Fundo Estadual De Saúde - Lc 141/2012";10;290483542;7728019101000;NA;NA;NA;NA;NA
"426";2022;2321;1322001102000;"Dividendos - Principal - Ações De Outras Empresas";60;272;1322001102000;NA;"14.1.Receita Patrimonial";NA;NA;NA
"427";2022;2321;1630011101000;"Serviços De Atendimento À Saúde - Principal - Serviços Hospitalares";60;780000;1630011101000;NA;"17.1.Receita de Serviços";NA;NA;NA
"428";2022;2321;1630011103000;"Serviços De Atendimento À Saúde - Principal - Serviços Ambulatoriais";60;1200000;1630011103000;NA;"17.1.Receita de Serviços";NA;NA;NA
"429";2022;2321;1630011105000;"Serviços De Atendimento À Saúde - Principal - Serviços De Coleta, Processamento E Armazenamento De Células E Tecidos Biológicos";60;708000;1630011105000;NA;"17.1.Receita de Serviços";NA;NA;NA
"430";2022;2321;1630011107000;"Serviços De Atendimento À Saúde - Principal - Serviços De Saúde Prestados A Particulares";60;16320000;1630011107000;NA;"17.1.Receita de Serviços";NA;NA;NA
"431";2022;2321;1630011201000;"Serviços De Atendimento À Saúde - Multas e Juros de Mora - Serviços Hospitalares";60;1190;1630011201000;NA;"17.1.Receita de Serviços";NA;NA;NA
"432";2022;2321;1630011205000;"Serviços De Atendimento À Saúde - Multas e Juros de Mora - Serviços De Coleta, Processamento E Armazenamento De Células E Tecidos Biológicos";60;9000;1630011205000;NA;"17.1.Receita de Serviços";NA;NA;NA
"433";2022;2321;1630011207000;"Serviços De Atendimento À Saúde - Multas e Juros de Mora - Serviços De Saúde Prestados A Particulares";60;110376;1630011207000;NA;"17.1.Receita de Serviços";NA;NA;NA
"434";2022;2321;1718101101000;"SUS - Ministério da Saúde";24;921922;1718101101000;NA;"18.1.Receita de Transferências Correntes";"23.2.Outras Transferências Correntes";NA;NA
"435";2022;2321;1718101103000;"SUS - Fundo Nacional de Saúde";24;20000;1718101103000;NA;"18.1.Receita de Transferências Correntes";"23.2.Outras Transferências Correntes";NA;NA
"436";2022;2321;1910091101000;"Multas E Juros Previstos Em Contratos - Principal";60;369393;1910091101000;NA;"24.1.Outras Receitas Correntes";NA;NA;NA
"437";2022;2321;1910091201000;"Multas e Juros de Mora Previstos Em Contratos - Multas e Juros de Mora";60;1125;1910091201000;NA;"24.1.Outras Receitas Correntes";NA;NA;NA
"438";2022;2321;1921991101999;"Outras Indenizações - Principal - Outros";60;3423;1921991101999;NA;"24.1.Outras Receitas Correntes";NA;NA;NA
"439";2022;2321;1922991199000;"Outras Restituições - Principal - Demais";60;21666;1922991199000;NA;"24.1.Outras Receitas Correntes";NA;NA;"29.1.Compensação Financ. entre Regimes Previdência"
"440";2022;2321;1990991199000;"Outras Receitas - Primárias - Principal - Demais";60;26048;1990991199000;NA;"24.1.Outras Receitas Correntes";NA;NA;NA
"441";2022;2321;2213001199000;"Alienação De Bens Móveis E Semoventes - Principal - Demais";47;31000;2213001199000;NA;NA;NA;NA;NA
"442";2022;2321;2418101101000;"SUS-Saúde - Ministério da Saúde";24;2810000;2418101101000;NA;NA;NA;NA;NA
"443";2022;2321;7630011106000;"Receita Intraorçamentária - Serviços De Atendimento À Saúde - Principal - Serviços De Saúde Prestados Ao Sia/Sus";60;51642323;7630011106000;NA;NA;NA;NA;NA
"444";2022;2321;7630011107000;"Receita Intraorçamentária - Serviços De Atendimento À Saúde - Principal - Serviços De Saúde Prestados A Particulares";60;1647766;7630011107000;NA;NA;NA;NA;NA
"445";2022;2321;1321001101000;"Remuneração De Depósitos Bancários - Principal";60;22000;1321001101000;NA;"14.1.Receita Patrimonial";NA;NA;NA
"446";2022;2331;1321001101000;"Remuneração De Depósitos Bancários - Principal";73;100000;1321001101000;NA;"14.1.Receita Patrimonial";NA;NA;NA
"447";2022;2331;2418109106001;"Ciência e Tecnologia - Instituto Nacional de Metrologia, Qualidade e Tecnologia";73;2500000;2418109106001;NA;NA;NA;NA;NA
"448";2022;2331;1718109106001;"Ciência e Tecnologia - Instituto Nacional de Metrologia, Qualidade e Tecnologia";73;32400000;1718109106001;NA;"18.1.Receita de Transferências Correntes";"23.2.Outras Transferências Correntes";NA;NA
"449";2022;2351;1310011101002;"Aluguéis E Arrendamentos - Principal - Arrendamentos";60;150000;1310011101002;NA;"14.1.Receita Patrimonial";NA;NA;NA
"450";2022;2351;1321001101000;"Remuneração De Depósitos Bancários - Principal";24;1000;1321001101000;NA;"14.1.Receita Patrimonial";NA;NA;NA
"451";2022;2351;1610021101000;"Inscrição Em Concursos E Processos Seletivos - Principal";60;1000000;1610021101000;NA;"17.1.Receita de Serviços";NA;NA;NA
"452";2022;2351;2418102103000;"Educação - Ministério da Educação";24;316000;2418102103000;NA;NA;NA;NA;NA
"453";2022;2351;1718102101000;"Educação - Fundo Nacional de Desenvolvimento da Educação";24;234000;1718102101000;NA;"18.1.Receita de Transferências Correntes";"23.2.Outras Transferências Correntes";NA;NA
"454";2022;2351;1718102104000;"Educação - Coordenação de Aperfeiçoamento de Pessoal de Nível Superior";24;518440;1718102104000;NA;"18.1.Receita de Transferências Correntes";"23.2.Outras Transferências Correntes";NA;NA
"455";2022;2351;2213001199000;"Alienação De Bens Móveis E Semoventes - Principal - Demais";60;100000;2213001199000;NA;NA;NA;NA;NA
"456";2022;2351;1610011124000;"Serviços Administrativos E Comerciais Gerais - Principal - Educacionais E Capacitação";60;500000;1610011124000;NA;"17.1.Receita de Serviços";NA;NA;NA
"457";2022;2361;1210991104002;"Outras Contribuições Sociais - Principal - Contribuição Patronal - Instituto De Previdência Do Legislativo Do Estado De Minas Gerais - Exercente De Mandato Eletivo Federal Ou Municipal";60;1386000;1210991104002;NA;"13.1.Receitas de Contribuições";NA;NA;NA
"458";2022;2361;7990991105000;"Receita Intraorçamentária - Outras Receitas - Primárias - Principal - Reserva Técnica Obrigatória - Equilíbrio Atuarial";60;11953000;7990991105000;NA;NA;NA;NA;NA
"459";2022;2361;1210991105002;"Outras Contribuições Sociais - Principal - Contribuição De Segurado - Instituto De Previdência Do Legislativo Do Estado De Minas Gerais - Inativo";60;2572500;1210991105002;NA;"13.1.Receitas de Contribuições";NA;NA;"27.1.Contrib. para o Plano de Previdência do Servidor"
"460";2022;2361;1210991105003;"Outras Contribuições Sociais - Principal - Contribuição De Segurado - Instituto De Previdência Do Legislativo Do Estado De Minas Gerais - Pensionista";60;1569750;1210991105003;NA;"13.1.Receitas de Contribuições";NA;NA;"27.1.Contrib. para o Plano de Previdência do Servidor"
"461";2022;2361;1310011101001;"Aluguéis E Arrendamentos - Principal - Aluguéis";60;52500;1310011101001;NA;"14.1.Receita Patrimonial";NA;NA;NA
"462";2022;2361;1321001101000;"Remuneração De Depósitos Bancários - Principal";60;29400000;1321001101000;NA;"14.1.Receita Patrimonial";NA;NA;NA
"463";2022;2361;1322001102000;"Dividendos - Principal - Ações De Outras Empresas";60;26250;1322001102000;NA;"14.1.Receita Patrimonial";NA;NA;NA
"464";2022;2361;1640011101000;"Retorno De Operações, Juros E Encargos Financeiros - Principal - Juros De Empréstimos";60;1417500;1640011101000;NA;"17.1.Receita de Serviços";NA;NA;NA
"465";2022;2361;1640011199000;"Retorno De Operações, Juros E Encargos Financeiros - Principal - Demais Serviços Financeiros";60;131250;1640011199000;NA;"17.1.Receita de Serviços";NA;NA;NA
"466";2022;2361;1922991199000;"Outras Restituições - Principal - Demais";60;136500;1922991199000;NA;"24.1.Outras Receitas Correntes";NA;NA;"29.1.Compensação Financ. entre Regimes Previdência"
"467";2022;2361;1990991199000;"Outras Receitas - Primárias - Principal - Demais";60;16380000;1990991199000;NA;"24.1.Outras Receitas Correntes";NA;NA;NA
"468";2022;2361;2990001101000;"Demais Receitas De Capital - Principal - Reserva Atuarial";60;26750000;2990001101000;NA;NA;NA;NA;NA
"469";2022;2361;2990001199000;"Demais Receitas De Capital - Principal - Demais";60;10250000;2990001199000;NA;NA;NA;NA;NA
"470";2022;2361;7210991104001;"Receita Intraorçamentária - Outras Contribuições Sociais - Principal - Contribuição Patronal - Instituto De Previdência Do Legislativo Do Estado De Minas Gerais - Exercente De Mandato Estadual";60;3187000;7210991104001;NA;NA;NA;NA;NA
"471";2022;2361;1210991105001;"Outras Contribuições Sociais - Principal - Contribuição De Segurado - Instituto De Previdência Do Legislativo Do Estado De Minas Gerais - Ativo - Exercente De Mandato Eletivo E Outros Civis";60;3979500;1210991105001;NA;"13.1.Receitas de Contribuições";NA;NA;"27.1.Contrib. para o Plano de Previdência do Servidor"
"472";2022;2371;1610011125000;"Serviços Administrativos E Comerciais Gerais - Principal - Agropecuários";60;155802;1610011125000;NA;"17.1.Receita de Serviços";NA;NA;NA
"473";2022;2371;1610031199000;"Serviços De Registro, Certificação E Fiscalização - Principal - Demais";60;425971;1610031199000;NA;"17.1.Receita de Serviços";NA;NA;NA
"474";2022;2371;1690991101000;"Outros Serviços - Principal";60;1359403;1690991101000;NA;"17.1.Receita de Serviços";NA;NA;NA
"475";2022;2371;1718109105002;"Agricultura - Ministério da Agricultura, Pecuária e Abastecimento";24;300000;1718109105002;NA;"18.1.Receita de Transferências Correntes";"23.2.Outras Transferências Correntes";NA;NA
"476";2022;2371;1922991199000;"Outras Restituições - Principal - Demais";60;135647;1922991199000;NA;"24.1.Outras Receitas Correntes";NA;NA;"29.1.Compensação Financ. entre Regimes Previdência"
"477";2022;2371;1990991299000;"Outras Receitas - Primárias - Multas e Juros de Mora - Demais";60;4623684;1990991299000;NA;"24.1.Outras Receitas Correntes";NA;NA;NA
"478";2022;2371;1610031106000;"Serviços De Registro, Certificação E Fiscalização - Principal - Registro Do Comércio";60;470779;1610031106000;NA;"17.1.Receita de Serviços";NA;NA;NA
"479";2022;2371;2418109105001;"Agricultura - Ministério da Agricultura, Pecuária e Abastecimento";24;1000000;2418109105001;NA;NA;NA;NA;NA
"480";2022;2371;1122011101003;"Taxa De Expediente - Principal - Instituto Mineiro De Agropecuária";91;48066723;1122011101003;"1.1.Impostos, Taxas e Contribuições de Melhoria";"2.2.Principal";"7.3.Taxas";NA;NA
"481";2022;2371;1310011101001;"Aluguéis E Arrendamentos - Principal - Aluguéis";60;9173;1310011101001;NA;"14.1.Receita Patrimonial";NA;NA;NA
"482";2022;2371;1321001101000;"Remuneração De Depósitos Bancários - Principal";24;10000;1321001101000;NA;"14.1.Receita Patrimonial";NA;NA;NA
"483";2022;2371;1321001101000;"Remuneração De Depósitos Bancários - Principal";60;9000;1321001101000;NA;"14.1.Receita Patrimonial";NA;NA;NA
"484";2022;2371;1610031104000;"Serviços De Registro, Certificação E Fiscalização - Principal - Expedição De Certificados";60;186992;1610031104000;NA;"17.1.Receita de Serviços";NA;NA;NA
"485";2022;2371;2213001199000;"Alienação De Bens Móveis E Semoventes - Principal - Demais";47;600000;2213001199000;NA;NA;NA;NA;NA
"486";2022;2421;1321001101000;"Remuneração De Depósitos Bancários - Principal";24;100000;1321001101000;NA;"14.1.Receita Patrimonial";NA;NA;NA
"487";2022;2421;1718109105005;"AGRICULTURA - MINISTÉRIO DO DESENVOLVIMENTO REGIONAL";24;25663797;1718109105005;NA;"18.1.Receita de Transferências Correntes";"23.2.Outras Transferências Correntes";NA;NA
"488";2022;2421;1718109111004;"Direitos Humanos e de Cidadania - Ministério da Cidadania";24;25600000;1718109111004;NA;"18.1.Receita de Transferências Correntes";"23.2.Outras Transferências Correntes";NA;NA
"489";2022;2421;1718109111005;"Direitos Humanos e de Cidadania - Ministéior do Desenvolvimento Regional";24;1999992;1718109111005;NA;"18.1.Receita de Transferências Correntes";"23.2.Outras Transferências Correntes";NA;NA
"490";2022;2421;2418105104000;"Saneamento Básico - Ministério do Desenvolvimento Regional";24;1825293;2418105104000;NA;NA;NA;NA;NA
"491";2022;2421;2418109105001;"Agricultura - Ministério da Agricultura, Pecuária e Abastecimento";24;888150;2418109105001;NA;NA;NA;NA;NA
"492";2022;2421;2418109105002;"AGRICULTURA - MINISTÉRIO DO DESENVOLVIMENTO REGIONAL";24;20000000;2418109105002;NA;NA;NA;NA;NA
"493";2022;2431;1610011199001;"Serviços Administrativos E Comerciais Gerais - Principal - Demais - Serviços Administrativos";60;830000;1610011199001;NA;"17.1.Receita de Serviços";NA;NA;NA
"494";2022;2441;1121011104000;"Taxa De Fiscalização Sobre Serviços Públicos De Abastecimento De Água E Saneamento - Principal";59;54523768;1121011104000;"1.1.Impostos, Taxas e Contribuições de Melhoria";"2.2.Principal";"7.3.Taxas";NA;NA
"495";2022;2441;1922991199000;"Outras Restituições - Principal - Demais";59;15000;1922991199000;NA;"24.1.Outras Receitas Correntes";NA;NA;"29.1.Compensação Financ. entre Regimes Previdência"
"496";2022;2461;1610011199001;"Serviços Administrativos E Comerciais Gerais - Principal - Demais - Serviços Administrativos";60;50000;1610011199001;NA;"17.1.Receita de Serviços";NA;NA;NA
"497";2022;3041;1610011128000;"Serviços Administrativos E Comerciais Gerais - Principal - Consultoria, Assistência Técnica E Análise De Projetos";60;15000000;1610011128000;NA;"17.1.Receita de Serviços";NA;NA;NA
"498";2022;3041;1718109105002;"Agricultura - Ministério da Agricultura, Pecuária e Abastecimento";24;9510060;1718109105002;NA;"18.1.Receita de Transferências Correntes";"23.2.Outras Transferências Correntes";NA;NA
"499";2022;3041;2418109105001;"Agricultura - Ministério da Agricultura, Pecuária e Abastecimento";24;2726025;2418109105001;NA;NA;NA;NA;NA
"500";2022;3041;1738109105001;"Agriculttura - Diversos Municípios";74;76000000;1738109105001;NA;"18.1.Receita de Transferências Correntes";"23.2.Outras Transferências Correntes";NA;NA
"501";2022;3041;1718109105004;"AGRICULTURA - MINISTÉRIO DA CIDADANIA";24;300000;1718109105004;NA;"18.1.Receita de Transferências Correntes";"23.2.Outras Transferências Correntes";NA;NA
"502";2022;3051;1400001101000;"Receita Agropecuária - Principal - Receita Da Produção Vegetal";60;4368254;1400001101000;NA;"15.1.Receita Agropecuária";NA;NA;NA
"503";2022;3051;1400001102999;"Receita Agropecuária - Principal - Receita Da Produção Animal E Derivados - Outros";60;4338797;1400001102999;NA;"15.1.Receita Agropecuária";NA;NA;NA
"504";2022;3051;1400001199000;"Receita Agropecuária - Principal - Demais";60;1000;1400001199000;NA;"15.1.Receita Agropecuária";NA;NA;NA
"505";2022;3051;1500001101004;"Receita Industrial - Principal - Receita Da Indústria De Transformação - Indústria De Produtos Alimentares";60;497300;1500001101004;NA;"16.1.Receita Industrial";NA;NA;NA
"506";2022;3051;1610041102000;"Serviços De Informação E Tecnologia - Principal - Informações Científicas E Tecnológicas";60;104584;1610041102000;NA;"17.1.Receita de Serviços";NA;NA;NA
"507";2022;3051;1610011124000;"Serviços Administrativos E Comerciais Gerais - Principal - Educacionais E Capacitação";60;459900;1610011124000;NA;"17.1.Receita de Serviços";NA;NA;NA
"508";2022;3051;1610011129000;"Serviços Administrativos E Comerciais Gerais - Principal - Hospedagem E Alimentação";60;1000;1610011129000;NA;"17.1.Receita de Serviços";NA;NA;NA
"509";2022;3051;1610011130000;"Serviços Administrativos E Comerciais Gerais - Principal - Estudos E Pesquisa";60;401074;1610011130000;NA;"17.1.Receita de Serviços";NA;NA;NA
"510";2022;3051;1690991101000;"Outros Serviços - Principal";60;2800000;1690991101000;NA;"17.1.Receita de Serviços";NA;NA;NA
"511";2022;3051;1718109105002;"Agricultura - Ministério da Agricultura, Pecuária e Abastecimento";24;1005644;1718109105002;NA;"18.1.Receita de Transferências Correntes";"23.2.Outras Transferências Correntes";NA;NA
"512";2022;3051;1718109105004;"AGRICULTURA - MINISTÉRIO DA CIDADANIA";24;110000;1718109105004;NA;"18.1.Receita de Transferências Correntes";"23.2.Outras Transferências Correntes";NA;NA
"513";2022;3051;1718109105005;"AGRICULTURA - MINISTÉRIO DO DESENVOLVIMENTO REGIONAL";24;360860;1718109105005;NA;"18.1.Receita de Transferências Correntes";"23.2.Outras Transferências Correntes";NA;NA
"514";2022;3051;1990991199000;"Outras Receitas - Primárias - Principal - Demais";60;326000;1990991199000;NA;"24.1.Outras Receitas Correntes";NA;NA;NA
"515";2022;3051;2418109105001;"Agricultura - Ministério da Agricultura, Pecuária e Abastecimento";24;2221600;2418109105001;NA;NA;NA;NA;NA
"516";2022;3051;2418109105009;"AGRICULTURA - MINISTÉRIO DO DESENVOLVIMENTO REGIONAL";24;190870;2418109105009;NA;NA;NA;NA;NA
"517";2022;3151;1610011107000;"Serviços Administrativos E Comerciais Gerais - Principal - Comunicação";60;1100000;1610011107000;NA;"17.1.Receita de Serviços";NA;NA;NA
"518";2022;4031;1122021203000;"Emolumentos E Custas Judiciais - Multas e Juros de Mora - Taxa Judiciária";77;467;1122021203000;"1.1.Impostos, Taxas e Contribuições de Melhoria";"8.2.Acessórias [Dívida Ativa, Multas e Juros]";"12.3.Taxas";NA;NA
"519";2022;4031;1910091101000;"Multas E Juros Previstos Em Contratos - Principal";77;3308694;1910091101000;NA;"24.1.Outras Receitas Correntes";NA;NA;NA
"520";2022;4031;1910011108002;"Multas Previstas Em Legislação Específica - Principal - Multa Administrativa Disciplinar - Notários E Registradores - Correção Monetária";60;72;1910011108002;NA;"24.1.Outras Receitas Correntes";NA;NA;NA
"521";2022;4031;1910011208001;"Multas Previstas Em Legislação Específica - Multas e Juros de Mora - Multa Administrativa Disciplinar - Notários E Registradores - Principal";60;70;1910011208001;NA;"24.1.Outras Receitas Correntes";NA;NA;NA
"522";2022;4031;1921991101999;"Outras Indenizações - Principal - Outros";60;6000;1921991101999;NA;"24.1.Outras Receitas Correntes";NA;NA;NA
"523";2022;4031;1921991101999;"Outras Indenizações - Principal - Outros";77;6000;1921991101999;NA;"24.1.Outras Receitas Correntes";NA;NA;NA
"524";2022;4031;1922991199000;"Outras Restituições - Principal - Demais";60;6000;1922991199000;NA;"24.1.Outras Receitas Correntes";NA;NA;"29.1.Compensação Financ. entre Regimes Previdência"
"525";2022;4031;1922991199000;"Outras Restituições - Principal - Demais";77;5352;1922991199000;NA;"24.1.Outras Receitas Correntes";NA;NA;"29.1.Compensação Financ. entre Regimes Previdência"
"526";2022;4031;1990991109001;"Outras Receitas - Primárias - Principal - Excedente Ao Teto Dos Interinos - Notários E Registradores - Principal";60;103249036;1990991109001;NA;"24.1.Outras Receitas Correntes";NA;NA;NA
"527";2022;4031;1990991109002;"Outras Receitas - Primárias - Principal - Excedente Ao Teto Dos Interinos - Notários E Registradores - Correção Monetária";60;68996;1990991109002;NA;"24.1.Outras Receitas Correntes";NA;NA;NA
"528";2022;4031;1990991199000;"Outras Receitas - Primárias - Principal - Demais";60;1473019;1990991199000;NA;"24.1.Outras Receitas Correntes";NA;NA;NA
"529";2022;4031;1990991199000;"Outras Receitas - Primárias - Principal - Demais";77;6000;1990991199000;NA;"24.1.Outras Receitas Correntes";NA;NA;NA
"530";2022;4031;1990991209001;"Outras Receitas - Primárias - Multas e Juros de Mora - Excedente Ao Teto Dos Interinos - Notários E Registradores - Principal";60;104569;1990991209001;NA;"24.1.Outras Receitas Correntes";NA;NA;NA
"531";2022;4031;2213001199000;"Alienação De Bens Móveis E Semoventes - Principal - Demais";47;3709114;2213001199000;NA;NA;NA;NA;NA
"532";2022;4031;7310021101001;"Receita Intraorçamentária - Concessão, Permissão, Autorização Ou Cessão Do Direito De Uso De Bens Imóveis Públicos - Principal - Concessão De Direito Real De Uso De Área Pública";60;4055000;7310021101001;NA;NA;NA;NA;NA
"533";2022;4031;7610011101000;"Receita Intraorçamentária - Serviços Administrativos E Comerciais Gerais - Principal - Administração De Depósitos Judiciais";60;241563253;7610011101000;NA;NA;NA;NA;NA
"534";2022;4031;1121011102000;"Taxa De Fiscalização Judiciária - Principal";77;999139257;1121011102000;"1.1.Impostos, Taxas e Contribuições de Melhoria";"2.2.Principal";"7.3.Taxas";NA;NA
"535";2022;4031;1121011202000;"Taxa De Fiscalização Judiciária - Multas e Juros de Mora";77;1953964;1121011202000;"1.1.Impostos, Taxas e Contribuições de Melhoria";"8.2.Acessórias [Dívida Ativa, Multas e Juros]";"12.3.Taxas";NA;NA
"536";2022;4031;1121011302000;"Taxa De Fiscalização Judiciária - Dívida Ativa";77;149973;1121011302000;"1.1.Impostos, Taxas e Contribuições de Melhoria";"8.2.Acessórias [Dívida Ativa, Multas e Juros]";"12.3.Taxas";NA;NA
"537";2022;4031;1121011402000;"Taxa De Fiscalização Judiciária - Dívida Ativa - Multas e Juros de Mora";77;188445;1121011402000;"1.1.Impostos, Taxas e Contribuições de Melhoria";"8.2.Acessórias [Dívida Ativa, Multas e Juros]";"12.3.Taxas";NA;NA
"538";2022;4031;1122021101000;"Emolumentos E Custas Judiciais - Principal - Custas Judiciais - Justiça Comum";77;110908852;1122021101000;"1.1.Impostos, Taxas e Contribuições de Melhoria";"2.2.Principal";"7.3.Taxas";NA;NA
"539";2022;4031;1122021102000;"Emolumentos E Custas Judiciais - Principal - Custas Judiciais - Juizado Especial";77;9145759;1122021102000;"1.1.Impostos, Taxas e Contribuições de Melhoria";"2.2.Principal";"7.3.Taxas";NA;NA
"540";2022;4031;1122021103000;"Emolumentos E Custas Judiciais - Principal - Taxa Judiciária";77;89203274;1122021103000;"1.1.Impostos, Taxas e Contribuições de Melhoria";"2.2.Principal";"7.3.Taxas";NA;NA
"541";2022;4031;1122021201000;"Emolumentos E Custas Judiciais - Multas e Juros de Mora - Custas Judiciais - Justiça Comum";77;612;1122021201000;"1.1.Impostos, Taxas e Contribuições de Melhoria";"8.2.Acessórias [Dívida Ativa, Multas e Juros]";"12.3.Taxas";NA;NA
"542";2022;4031;1122021202000;"Emolumentos E Custas Judiciais - Multas e Juros de Mora - Custas Judiciais - Juizado Especial";77;30;1122021202000;"1.1.Impostos, Taxas e Contribuições de Melhoria";"8.2.Acessórias [Dívida Ativa, Multas e Juros]";"12.3.Taxas";NA;NA
"543";2022;4031;1910011108001;"Multas Previstas Em Legislação Específica - Principal - Multa Administrativa Disciplinar - Notários E Registradores - Principal";60;160041;1910011108001;NA;"24.1.Outras Receitas Correntes";NA;NA;NA
"544";2022;4031;1122021301000;"Emolumentos E Custas Judiciais - Dívida Ativa - Custas Judiciais - Justiça Comum";77;4382772;1122021301000;"1.1.Impostos, Taxas e Contribuições de Melhoria";"8.2.Acessórias [Dívida Ativa, Multas e Juros]";"12.3.Taxas";NA;NA
"545";2022;4031;1122021302000;"Emolumentos E Custas Judiciais - Dívida Ativa - Custas Judiciais - Juizado Especial";77;553845;1122021302000;"1.1.Impostos, Taxas e Contribuições de Melhoria";"8.2.Acessórias [Dívida Ativa, Multas e Juros]";"12.3.Taxas";NA;NA
"546";2022;4031;1122021303000;"Emolumentos E Custas Judiciais - Dívida Ativa - Taxa Judiciária";77;2523531;1122021303000;"1.1.Impostos, Taxas e Contribuições de Melhoria";"8.2.Acessórias [Dívida Ativa, Multas e Juros]";"12.3.Taxas";NA;NA
"547";2022;4031;1122021401000;"Emolumentos E Custas Judiciais - Dívida Ativa - Multas e Juros de Mora - Custas Judiciais - Justiça Comum";77;590068;1122021401000;"1.1.Impostos, Taxas e Contribuições de Melhoria";"8.2.Acessórias [Dívida Ativa, Multas e Juros]";"12.3.Taxas";NA;NA
"548";2022;4031;1122021402000;"Emolumentos E Custas Judiciais - Dívida Ativa - Multas e Juros de Mora - Custas Judiciais - Juizado Especial";77;69885;1122021402000;"1.1.Impostos, Taxas e Contribuições de Melhoria";"8.2.Acessórias [Dívida Ativa, Multas e Juros]";"12.3.Taxas";NA;NA
"549";2022;4031;1122021403000;"Emolumentos E Custas Judiciais - Dívida Ativa - Multas e Juros de Mora - Taxa Judiciária";77;293309;1122021403000;"1.1.Impostos, Taxas e Contribuições de Melhoria";"8.2.Acessórias [Dívida Ativa, Multas e Juros]";"12.3.Taxas";NA;NA
"550";2022;4031;1310021101001;"Concessão, Permissão, Autorização Ou Cessão Do Direito De Uso De Bens Imóveis Públicos - Principal - Concessão De Direito Real De Uso De Área Pública";60;696997;1310021101001;NA;"14.1.Receita Patrimonial";NA;NA;NA
"551";2022;4031;1321001101000;"Remuneração De Depósitos Bancários - Principal";24;2263;1321001101000;NA;"14.1.Receita Patrimonial";NA;NA;NA
"552";2022;4031;1321001101000;"Remuneração De Depósitos Bancários - Principal";60;115180427;1321001101000;NA;"14.1.Receita Patrimonial";NA;NA;NA
"553";2022;4031;1321001101000;"Remuneração De Depósitos Bancários - Principal";70;223200;1321001101000;NA;"14.1.Receita Patrimonial";NA;NA;NA
"554";2022;4031;1360011101000;"Cessão Do Direito De Operacionalização De Pagamentos - Principal - Folha De Pessoal";60;6000;1360011101000;NA;"14.1.Receita Patrimonial";NA;NA;NA
"555";2022;4031;1610021101000;"Inscrição Em Concursos E Processos Seletivos - Principal";60;980000;1610021101000;NA;"17.1.Receita de Serviços";NA;NA;NA
"556";2022;4031;1610011101000;"Serviços Administrativos E Comerciais Gerais - Principal - Administração De Depósitos Judiciais";60;46390120;1610011101000;NA;"17.1.Receita de Serviços";NA;NA;NA
"557";2022;4031;1610011113000;"Serviços Administrativos E Comerciais Gerais - Principal - Fotocópias E Cópias Heliográficas";60;6000;1610011113000;NA;"17.1.Receita de Serviços";NA;NA;NA
"558";2022;4031;1610011123002;"Serviços Administrativos E Comerciais Gerais - Principal - Poder Judiciário - Despesas Processuais";60;15728577;1610011123002;NA;"17.1.Receita de Serviços";NA;NA;NA
"559";2022;4031;1610011123003;"Serviços Administrativos E Comerciais Gerais - Principal - Poder Judiciário - Verba Indenizatória De Transporte Custeada Pelas Partes";61;26651901;1610011123003;NA;"17.1.Receita de Serviços";NA;NA;NA
"560";2022;4031;1610011223002;"Serviços Administrativos E Comerciais Gerais - Multas e Juros de Mora - Poder Judiciário - Despesas Processuais";60;248;1610011223002;NA;"17.1.Receita de Serviços";NA;NA;NA
"561";2022;4031;1610011323002;"Serviços Administrativos E Comerciais Gerais - Dívida Ativa - Poder Judiciário - Despesas Processuais";60;1156325;1610011323002;NA;"17.1.Receita de Serviços";NA;NA;NA
"562";2022;4031;1610011423002;"Serviços Administrativos E Comerciais Gerais - Dívida Ativa - Multas e Juros de Mora - Poder Judiciário - Despesas Processuais";60;138499;1610011423002;NA;"17.1.Receita de Serviços";NA;NA;NA
"563";2022;4031;1690991101000;"Outros Serviços - Principal";60;1550740;1690991101000;NA;"17.1.Receita de Serviços";NA;NA;NA
"564";2022;4031;1718109102001;"Atividades Judiciárias - Conselho Regional de Enfermagem de Minas Gerais";24;37716;1718109102001;NA;"18.1.Receita de Transferências Correntes";"23.2.Outras Transferências Correntes";NA;NA
"565";2022;4031;1738109102001;"Atividades Judiciais - Diversos Municípios";70;720000;1738109102001;NA;"18.1.Receita de Transferências Correntes";"23.2.Outras Transferências Correntes";NA;NA
"566";2022;4031;1910081101000;"Multas Decorrentes De Sentenças Judiciais - Principal - Multas Pecuniárias E Juros De Mora Fixados Em Sentenças Judiciais";77;3183474;1910081101000;NA;"24.1.Outras Receitas Correntes";NA;NA;NA
"567";2022;4031;1910091101000;"Multas E Juros Previstos Em Contratos - Principal";60;1209167;1910091101000;NA;"24.1.Outras Receitas Correntes";NA;NA;NA
"568";2022;4091;1770001199000;"TRANSFERÊNCIAS DE PESSOAS FÍSICAS - PRINCIPAL - DEMAIS";45;56078;1770001199000;NA;"18.1.Receita de Transferências Correntes";"23.2.Outras Transferências Correntes";NA;NA
"569";2022;4091;1740001199000;"TRANSFERÊNCIAS DE INSTITUIÇÕES PRIVADAS - PRINCIPAL - DEMAIS";45;317886;1740001199000;NA;"18.1.Receita de Transferências Correntes";"23.2.Outras Transferências Correntes";NA;NA
"570";2022;4101;1640011101000;"Retorno De Operações, Juros E Encargos Financeiros - Principal - Juros De Empréstimos";60;20000000;1640011101000;NA;"17.1.Receita de Serviços";NA;NA;NA
"571";2022;4101;2300071199000;"Amortização De Financiamentos - Principal - Demais";60;28000000;2300071199000;NA;NA;NA;NA;NA
"572";2022;4111;2300071199000;"Amortização De Financiamentos - Principal - Demais";60;1500000;2300071199000;NA;NA;NA;NA;NA
"573";2022;4111;1640011101000;"Retorno De Operações, Juros E Encargos Financeiros - Principal - Juros De Empréstimos";61;3500;1640011101000;NA;"17.1.Receita de Serviços";NA;NA;NA
"574";2022;4111;1640011101000;"Retorno De Operações, Juros E Encargos Financeiros - Principal - Juros De Empréstimos";60;50000;1640011101000;NA;"17.1.Receita de Serviços";NA;NA;NA
"575";2022;4111;2300071199000;"Amortização De Financiamentos - Principal - Demais";61;170000;2300071199000;NA;NA;NA;NA;NA
"576";2022;4121;1321001101000;"Remuneração De Depósitos Bancários - Principal";60;3000000;1321001101000;NA;"14.1.Receita Patrimonial";NA;NA;NA
"577";2022;4121;2300061101000;"Amortização De Empréstimos Contratuais - Principal";60;3000000;2300061101000;NA;NA;NA;NA;NA
"578";2022;4121;1640011101000;"Retorno De Operações, Juros E Encargos Financeiros - Principal - Juros De Empréstimos";60;300000;1640011101000;NA;"17.1.Receita de Serviços";NA;NA;NA
"579";2022;4141;1910081101000;"Multas Decorrentes De Sentenças Judiciais - Principal - Multas Pecuniárias E Juros De Mora Fixados Em Sentenças Judiciais";39;2500000;1910081101000;NA;"24.1.Outras Receitas Correntes";NA;NA;NA
"580";2022;4141;1321001101000;"Remuneração De Depósitos Bancários - Principal";57;150000;1321001101000;NA;"14.1.Receita Patrimonial";NA;NA;NA
"581";2022;4141;1718111101000;"Fundo Penitenciário Nacional/Fundo Penitenciário Estadual";57;1000;1718111101000;NA;"18.1.Receita de Transferências Correntes";"23.2.Outras Transferências Correntes";NA;NA
"582";2022;4141;2418991127001;"Segurança Pública - Fundo Penitenciário Nacional";57;1000;2418991127001;NA;NA;NA;NA;NA
"583";2022;4251;1718121101000;"Fnas - Fundo Nacional de Assistência Social";56;1352000;1718121101000;NA;"18.1.Receita de Transferências Correntes";"23.2.Outras Transferências Correntes";NA;NA
"584";2022;4291;1321001101000;"Remuneração De Depósitos Bancários - Principal";37;5564660;1321001101000;NA;"14.1.Receita Patrimonial";NA;NA;NA
"585";2022;4291;1321001101000;"Remuneração De Depósitos Bancários - Principal";60;12637;1321001101000;NA;"14.1.Receita Patrimonial";NA;NA;NA
"586";2022;4291;1321001101000;"Remuneração De Depósitos Bancários - Principal";92;2341727;1321001101000;NA;"14.1.Receita Patrimonial";NA;NA;NA
"587";2022;4291;1321001101000;"Remuneração De Depósitos Bancários - Principal";93;43435;1321001101000;NA;"14.1.Receita Patrimonial";NA;NA;NA
"588";2022;4291;1630011199000;"Serviços De Atendimento À Saúde - Principal - Demais Serviços De Saúde";60;4229000;1630011199000;NA;"17.1.Receita de Serviços";NA;NA;NA
"589";2022;4291;1718032101000;"Fundo Nacional de Saúde - Atenção de MAC - Principal - Prestadores Ambulatoriais e Hospitalares";92;639664642;1718032101000;NA;"18.1.Receita de Transferências Correntes";"23.2.Outras Transferências Correntes";NA;NA
"590";2022;4291;1718032102000;"Fundo Nacional de Saúde - Atenção de MAC - Principal - Saúde do Trabalhador";92;480000;1718032102000;NA;"18.1.Receita de Transferências Correntes";"23.2.Outras Transferências Correntes";NA;NA
"591";2022;4291;1718033101000;"Fundo Nacional de Saúde - Vigilância em Saúde - Principal - Vigilância Epidemiológica";92;40245166;1718033101000;NA;"18.1.Receita de Transferências Correntes";"23.2.Outras Transferências Correntes";NA;NA
"592";2022;4291;1718033102000;"Fundo Nacional de Saúde - Vigilância em Saúde - Principal - HIV-AIDS";92;2043317;1718033102000;NA;"18.1.Receita de Transferências Correntes";"23.2.Outras Transferências Correntes";NA;NA
"593";2022;4291;1718033103000;"Fundo Nacional de Saúde - Vigilância em Saúde - Principal - Vigilância Sanitária";92;10009537;1718033103000;NA;"18.1.Receita de Transferências Correntes";"23.2.Outras Transferências Correntes";NA;NA
"594";2022;4291;1718034101000;"Fundo Nacional de Saúde - Assistência Farmacêutica - Principal - Medicamentos Básicos";92;1133260;1718034101000;NA;"18.1.Receita de Transferências Correntes";"23.2.Outras Transferências Correntes";NA;NA
"595";2022;4291;1718034102000;"Fundo Nacional de Saúde - Assistência Farmacêutica - Principal - Medicamentos Excepcionais";92;38484302;1718034102000;NA;"18.1.Receita de Transferências Correntes";"23.2.Outras Transferências Correntes";NA;NA
"596";2022;4291;1718035101000;"Fundo Nacional de Saúde - Gestão do SUS - Principal - PLANEJASUS";92;150000;1718035101000;NA;"18.1.Receita de Transferências Correntes";"23.2.Outras Transferências Correntes";NA;NA
"597";2022;4291;1922991199000;"Outras Restituições - Principal - Demais";37;64133;1922991199000;NA;"24.1.Outras Receitas Correntes";NA;NA;"29.1.Compensação Financ. entre Regimes Previdência"
"598";2022;4291;1922991199000;"Outras Restituições - Principal - Demais";60;4507780;1922991199000;NA;"24.1.Outras Receitas Correntes";NA;NA;"29.1.Compensação Financ. entre Regimes Previdência"
"599";2022;4291;1922991199000;"Outras Restituições - Principal - Demais";92;59910;1922991199000;NA;"24.1.Outras Receitas Correntes";NA;NA;"29.1.Compensação Financ. entre Regimes Previdência"
"600";2022;4331;1730001101000;"DIVERSOS MUNICÍPIOS/FUNDO DE DESENVOLVIMENTO METROPOLITANO";59;3775093;1730001101000;NA;"18.1.Receita de Transferências Correntes";"23.2.Outras Transferências Correntes";NA;NA
"601";2022;4331;1990991299000;"Outras Receitas - Primárias - Multas e Juros de Mora - Demais";59;152000;1990991299000;NA;"24.1.Outras Receitas Correntes";NA;NA;NA
"602";2022;4381;1331011101002;"Delegação Para A Prestação Dos Serviços De Transporte Rodoviário - Principal - Fundo Estadual De Desenvolvimento De Transportes - Intermunicipal";60;2181000;1331011101002;NA;"14.1.Receita Patrimonial";NA;NA;NA
"603";2022;4381;1332011101000;"Delegação Para Exploração Da Infraestrutura De Transporte Rodoviário Para O Setor Privado - Principal - Fundo Estadual De Desenvolvimento De Transportes";60;606480000;1332011101000;NA;"14.1.Receita Patrimonial";NA;NA;NA
"604";2022;4381;1910011103002;"Multas Previstas Em Legislação Específica - Principal - Legislação De Trânsito - Cota Parte Do Departamento De Edificações E Estradas De Rodagem Do Estado De Minas Gerais";83;219019845;1910011103002;NA;"24.1.Outras Receitas Correntes";NA;NA;NA
"605";2022;4381;1910011103003;"Multas Previstas Em Legislação Específica - Principal - Legislação De Trânsito - Cota Parte Do Fundo Nacional De Segurança E Educação No Trânsito";83;11527360;1910011103003;NA;"24.1.Outras Receitas Correntes";NA;NA;NA
"606";2022;4381;1121011203000;"Taxa De Licenciamento Para Uso Ou Ocupação Da Faixa De Domínio Das Rodovias - Multas e Juros de Mora";54;36900;1121011203000;"1.1.Impostos, Taxas e Contribuições de Melhoria";"8.2.Acessórias [Dívida Ativa, Multas e Juros]";"12.3.Taxas";NA;NA
"607";2022;4381;1121011103000;"Taxa De Licenciamento Para Uso Ou Ocupação Da Faixa De Domínio Das Rodovias - Principal";54;4730000;1121011103000;"1.1.Impostos, Taxas e Contribuições de Melhoria";"2.2.Principal";"7.3.Taxas";NA;NA
"608";2022;4381;1610031199000;"Serviços De Registro, Certificação E Fiscalização - Principal - Demais";60;3126639;1610031199000;NA;"17.1.Receita de Serviços";NA;NA;NA
"609";2022;4421;1910081101000;"Multas Decorrentes De Sentenças Judiciais - Principal - Multas Pecuniárias E Juros De Mora Fixados Em Sentenças Judiciais";39;3700067;1910081101000;NA;"24.1.Outras Receitas Correntes";NA;NA;NA
"610";2022;4441;1910041103000;"Multas Previstas Na Legislação Sobre Defesa Dos Direitos Difusos - Principal - Termo De Ajustamento De Conduta";60;55020000;1910041103000;NA;"24.1.Outras Receitas Correntes";NA;NA;NA
"611";2022;4441;1910091101000;"Multas E Juros Previstos Em Contratos - Principal";60;52500;1910091101000;NA;"24.1.Outras Receitas Correntes";NA;NA;NA
"612";2022;4441;1321001101000;"Remuneração De Depósitos Bancários - Principal";60;2625000;1321001101000;NA;"14.1.Receita Patrimonial";NA;NA;NA
"613";2022;4441;1922991199000;"Outras Restituições - Principal - Demais";60;52500;1922991199000;NA;"24.1.Outras Receitas Correntes";NA;NA;"29.1.Compensação Financ. entre Regimes Previdência"
"614";2022;4441;7728019102000;"Receita Intraorçamentária - Outras Transferências Dos Estados - Principal - Repasse Do Fundo Estadual De Proteção E Defesa Do Consumidor";60;5250000;7728019102000;NA;NA;NA;NA;NA
"615";2022;4451;1910041102000;"Multas Previstas Na Legislação Sobre Defesa Dos Direitos Difusos - Principal - Aplicadas Pelo Procon-Mg";60;26145000;1910041102000;NA;"24.1.Outras Receitas Correntes";NA;NA;NA
"616";2022;4451;1910091101000;"Multas E Juros Previstos Em Contratos - Principal";60;52500;1910091101000;NA;"24.1.Outras Receitas Correntes";NA;NA;NA
"617";2022;4451;1321001101000;"Remuneração De Depósitos Bancários - Principal";60;5250000;1321001101000;NA;"14.1.Receita Patrimonial";NA;NA;NA
"618";2022;4451;1922991199000;"Outras Restituições - Principal - Demais";60;52500;1922991199000;NA;"24.1.Outras Receitas Correntes";NA;NA;"29.1.Compensação Financ. entre Regimes Previdência"
"619";2022;4491;1990991199000;"Outras Receitas - Primárias - Principal - Demais";59;22166130;1990991199000;NA;"24.1.Outras Receitas Correntes";NA;NA;NA
"620";2022;4541;2300061101000;"Amortização De Empréstimos Contratuais - Principal";60;28287600;2300061101000;NA;NA;NA;NA;NA
"621";2022;4541;1640011101000;"Retorno De Operações, Juros E Encargos Financeiros - Principal - Juros De Empréstimos";60;3816600;1640011101000;NA;"17.1.Receita de Serviços";NA;NA;NA
"622";2022;4551;1210991108000;"Outras Contribuições Sociais - Principal - Seguro Coletivo";60;22573548;1210991108000;NA;"13.1.Receitas de Contribuições";NA;NA;NA
"623";2022;4551;1210991109000;"Outras Contribuições Sociais - Principal - Seguro Do Cônjuge";60;871058;1210991109000;NA;"13.1.Receitas de Contribuições";NA;NA;NA
"624";2022;4551;1210991107000;"Outras Contribuições Sociais - Principal - Pecúlio";60;46844438;1210991107000;NA;"13.1.Receitas de Contribuições";NA;NA;NA
"625";2022;4601;1740001199000;"TRANSFERÊNCIAS DE INSTITUIÇÕES PRIVADAS - PRINCIPAL - DEMAIS";45;902082;1740001199000;NA;"18.1.Receita de Transferências Correntes";"23.2.Outras Transferências Correntes";NA;NA
"626";2022;4601;1770001199000;"TRANSFERÊNCIAS DE PESSOAS FÍSICAS - PRINCIPAL - DEMAIS";45;903;1770001199000;NA;"18.1.Receita de Transferências Correntes";"23.2.Outras Transferências Correntes";NA;NA
"627";2022;4611;1310021101001;"Concessão, Permissão, Autorização Ou Cessão Do Direito De Uso De Bens Imóveis Públicos - Principal - Concessão De Direito Real De Uso De Área Pública";60;156019;1310021101001;NA;"14.1.Receita Patrimonial";NA;NA;NA
"628";2022;4611;1922991199000;"Outras Restituições - Principal - Demais";60;32788;1922991199000;NA;"24.1.Outras Receitas Correntes";NA;NA;"29.1.Compensação Financ. entre Regimes Previdência"
"629";2022;4611;1910091101000;"Multas E Juros Previstos Em Contratos - Principal";60;1198;1910091101000;NA;"24.1.Outras Receitas Correntes";NA;NA;NA
"630";2022;4611;1321001101000;"Remuneração De Depósitos Bancários - Principal";60;150314;1321001101000;NA;"14.1.Receita Patrimonial";NA;NA;NA
"631";2022;4611;1990991299000;"Outras Receitas - Primárias - Multas e Juros de Mora - Demais";60;1117591;1990991299000;NA;"24.1.Outras Receitas Correntes";NA;NA;NA
"632";2022;4611;1990991199000;"Outras Receitas - Primárias - Principal - Demais";60;168650;1990991199000;NA;"24.1.Outras Receitas Correntes";NA;NA;NA
"633";2022;4621;2300071199000;"Amortização De Financiamentos - Principal - Demais";60;1000;2300071199000;NA;NA;NA;NA;NA
"634";2022;4621;1640011101000;"Retorno De Operações, Juros E Encargos Financeiros - Principal - Juros De Empréstimos";60;1000;1640011101000;NA;"17.1.Receita de Serviços";NA;NA;NA
"635";2022;4661;7310011101001;"Receita Intraorçamentária - Aluguéis E Arrendamentos - Principal - Aluguéis";60;112418561;7310011101001;NA;NA;NA;NA;NA
"636";2022;4691;2418991127002;"Segurança Pública - Fundo de Segurança Nacional";57;1000;2418991127002;NA;NA;NA;NA;NA
"637";2022;4691;1718991127002;"Segurança Pública - Fundo de Segurança Nacional";57;1000;1718991127002;NA;"18.1.Receita de Transferências Correntes";"23.2.Outras Transferências Correntes";NA;NA
"638";2022;4691;1321001101000;"Remuneração De Depósitos Bancários - Principal";57;100000;1321001101000;NA;"14.1.Receita Patrimonial";NA;NA;NA
"639";2022;4701;1922991199000;"Outras Restituições - Principal - Demais";57;31500;1922991199000;NA;"24.1.Outras Receitas Correntes";NA;NA;"29.1.Compensação Financ. entre Regimes Previdência"
"640";2022;4701;1718991199999;"Outras Transferências Da União - Principal - Demais - Outros";57;3152435;1718991199999;NA;"18.1.Receita de Transferências Correntes";"23.2.Outras Transferências Correntes";NA;NA
"641";2022;4701;1321001101000;"Remuneração De Depósitos Bancários - Principal";57;157000;1321001101000;NA;"14.1.Receita Patrimonial";NA;NA;NA
"642";2022;4711;1210043106000;"Contribuição Do Servidor Inativo Para O Rpps - Principal - Ministério Público Do Estado De Minas Gerais";43;32758977;1210043106000;NA;"13.1.Receitas de Contribuições";NA;NA;"27.1.Contrib. para o Plano de Previdência do Servidor"
"643";2022;4711;1210043107000;"Contribuição Do Servidor Inativo Para O Rpps - Principal - Defensoria Pública Do Estado De Minas Gerais";43;12420248;1210043107000;NA;"13.1.Receitas de Contribuições";NA;NA;"27.1.Contrib. para o Plano de Previdência do Servidor"
"644";2022;4711;1210044101000;"Contribuição Do Pensionista Para O Rpps - Principal - Poder Executivo";43;157259378;1210044101000;NA;"13.1.Receitas de Contribuições";NA;NA;"27.1.Contrib. para o Plano de Previdência do Servidor"
"645";2022;4711;1210044104000;"Contribuição Do Pensionista Para O Rpps - Principal - Tribunal De Justiça Do Estado De Minas Gerais";43;32748522;1210044104000;NA;"13.1.Receitas de Contribuições";NA;NA;"27.1.Contrib. para o Plano de Previdência do Servidor"
"646";2022;4711;1210044105000;"Contribuição Do Pensionista Para O Rpps - Principal - Tribunal De Justiça Militar Do Estado De Minas Gerais";43;286331;1210044105000;NA;"13.1.Receitas de Contribuições";NA;NA;"27.1.Contrib. para o Plano de Previdência do Servidor"
"647";2022;4711;1210044106000;"Contribuição Do Pensionista Para O Rpps - Principal - Ministério Público Do Estado De Minas Gerais";43;8626763;1210044106000;NA;"13.1.Receitas de Contribuições";NA;NA;"27.1.Contrib. para o Plano de Previdência do Servidor"
"648";2022;4711;1321004101001;"Remuneração Dos Recursos Do Regime Próprio De Previdência Social - Rpps - Principal - Renda Fixa";60;3783000;1321004101001;NA;"14.1.Receita Patrimonial";NA;NA;NA
"649";2022;4711;1321004101002;"Remuneração Dos Recursos Do Regime Próprio De Previdência Social - Rpps - Principal - Renda Variável";60;527636;1321004101002;NA;"14.1.Receita Patrimonial";NA;NA;NA
"650";2022;4711;1690991301000;"Outros Serviços - Dívida Ativa";60;5249227;1690991301000;NA;"17.1.Receita de Serviços";NA;NA;NA
"651";2022;4711;1690991401000;"Outros Serviços - Dívida Ativa - Multas e Juros de Mora";60;5470578;1690991401000;NA;"17.1.Receita de Serviços";NA;NA;NA
"652";2022;4711;1922991199000;"Outras Restituições - Principal - Demais";44;1000;1922991199000;NA;"24.1.Outras Receitas Correntes";NA;NA;"29.1.Compensação Financ. entre Regimes Previdência"
"653";2022;4711;1922991199000;"Outras Restituições - Principal - Demais";60;1000;1922991199000;NA;"24.1.Outras Receitas Correntes";NA;NA;"29.1.Compensação Financ. entre Regimes Previdência"
"654";2022;4711;1990031101000;"Compensações Financeiras Entre O Regime Geral E Os Regimes Próprios De Previdência Dos Servidores - Principal";44;50002328;1990031101000;NA;"24.1.Outras Receitas Correntes";NA;NA;"29.1.Compensação Financ. entre Regimes Previdência"
"655";2022;4711;7210041101001;"Receita Intraorçamentária - Contribuição Patronal De Servidor Ativo Civil Para O Rpps - Principal - Poder Executivo - Contribuição Ordinária";42;1957130158;7210041101001;NA;NA;NA;NA;NA
"656";2022;4711;7210041101002;"Receita Intraorçamentária - Contribuição Patronal De Servidor Ativo Civil Para O Rpps - Principal - Poder Executivo - Contribuição Suplementar";42;1811752296;7210041101002;NA;NA;NA;NA;NA
"657";2022;4711;7210041102001;"Receita Intraorçamentária - Contribuição Patronal De Servidor Ativo Civil Para O Rpps - Principal - Assembleia Legislativa Do Estado De Minas Gerais - Contribuição Ordinária";42;86500000;7210041102001;NA;NA;NA;NA;NA
"658";2022;4711;7210041103001;"Receita Intraorçamentária - Contribuição Patronal De Servidor Ativo Civil Para O Rpps - Principal - Tribunal De Contas Do Estado De Minas Gerais - Contribuição Ordinária";42;101195000;7210041103001;NA;NA;NA;NA;NA
"659";2022;4711;7210041104001;"Receita Intraorçamentária - Contribuição Patronal De Servidor Ativo Civil Para O Rpps - Principal - Tribunal De Justiça Do Estado De Minas Gerais - Contribuição Ordinária";42;724609725;7210041104001;NA;NA;NA;NA;NA
"660";2022;4711;7210041105001;"Receita Intraorçamentária - Contribuição Patronal De Servidor Ativo Civil Para O Rpps - Principal - Tribunal De Justiça Militar Do Estado De Minas Gerais - Contribuição Ordinária";42;6700000;7210041105001;NA;NA;NA;NA;NA
"661";2022;4711;7210041106001;"Receita Intraorçamentária - Contribuição Patronal De Servidor Ativo Civil Para O Rpps - Principal - Ministério Público - Contribuição Ordinária";42;306123353;7210041106001;NA;NA;NA;NA;NA
"662";2022;4711;7210041107001;"Receita Intraorçamentária - Contribuição Patronal De Servidor Ativo Civil Para O Rpps - Principal - Defensoria Pública Do Estado De Minas Gerais - Contribuição Ordinária";42;69616834;7210041107001;NA;NA;NA;NA;NA
"663";2022;4711;7990011101001;"Receita Intraorçamentária - Aportes Periódicos Para Amortização De Déficit Atuarial Do Rpps - Principal - Poder Executivo";58;8674639631;7990011101001;NA;NA;NA;NA;NA
"664";2022;4711;7990011101002;"Receita Intraorçamentária - Aportes Periódicos Para Amortização De Déficit Atuarial Do Rpps - Principal - Assembleia Legislativa Do Estado De Minas Gerais";58;268800000;7990011101002;NA;NA;NA;NA;NA
"665";2022;4711;7990011101003;"Receita Intraorçamentária - Aportes Periódicos Para Amortização De Déficit Atuarial Do Rpps - Principal - Tribunal De Contas Do Estado De Minas Gerais";58;128000000;7990011101003;NA;NA;NA;NA;NA
"666";2022;4711;7990011101004;"Receita Intraorçamentária - Aportes Periódicos Para Amortização De Déficit Atuarial Do Rpps - Principal - Tribunal De Justiça Do Estado De Minas Gerais";58;627134293;7990011101004;NA;NA;NA;NA;NA
"667";2022;4711;7990011101005;"Receita Intraorçamentária - Aportes Periódicos Para Amortização De Déficit Atuarial Do Rpps - Principal - Tribunal De Justiça Militar Do Estado De Minas Gerais";58;4819000;7990011101005;NA;NA;NA;NA;NA
"668";2022;4711;7990011101006;"Receita Intraorçamentária - Aportes Periódicos Para Amortização De Déficit Atuarial Do Rpps - Principal - Ministério Público Do Estado De Minas Gerais";58;33100000;7990011101006;NA;NA;NA;NA;NA
"669";2022;4711;7990011101007;"Receita Intraorçamentária - Aportes Periódicos Para Amortização De Déficit Atuarial Do Rpps - Principal - Defensoria Pública Do Estado De Minas Gerais";58;11813222;7990011101007;NA;NA;NA;NA;NA
"670";2022;4711;1210042101000;"Contribuição Do Servidor Ativo Civil Para O Rpps - Principal - Poder Executivo";43;948705313;1210042101000;NA;"13.1.Receitas de Contribuições";NA;NA;"27.1.Contrib. para o Plano de Previdência do Servidor"
"671";2022;4711;1210042102000;"Contribuição Do Servidor Ativo Civil Para O Rpps - Principal - Assembleia Legislativa Do Estado De Minas Gerais";43;45320000;1210042102000;NA;"13.1.Receitas de Contribuições";NA;NA;"27.1.Contrib. para o Plano de Previdência do Servidor"
"672";2022;4711;1210042103000;"Contribuição Do Servidor Ativo Civil Para O Rpps - Principal - Tribunal De Contas Do Estado De Minas Gerais";43;52017220;1210042103000;NA;"13.1.Receitas de Contribuições";NA;NA;"27.1.Contrib. para o Plano de Previdência do Servidor"
"673";2022;4711;1210042104000;"Contribuição Do Servidor Ativo Civil Para O Rpps - Principal - Tribunal De Justiça Do Estado De Minas Gerais";43;328824445;1210042104000;NA;"13.1.Receitas de Contribuições";NA;NA;"27.1.Contrib. para o Plano de Previdência do Servidor"
"674";2022;4711;1210042105000;"Contribuição Do Servidor Ativo Civil Para O Rpps - Principal - Tribunal De Justiça Militar Do Estado De Minas Gerais";43;3540611;1210042105000;NA;"13.1.Receitas de Contribuições";NA;NA;"27.1.Contrib. para o Plano de Previdência do Servidor"
"675";2022;4711;1210042106000;"Contribuição Do Servidor Ativo Civil Para O Rpps - Principal - Ministério Público Do Estado De Minas Gerais";43;153061677;1210042106000;NA;"13.1.Receitas de Contribuições";NA;NA;"27.1.Contrib. para o Plano de Previdência do Servidor"
"676";2022;4711;1210042107000;"Contribuição Do Servidor Ativo Civil Para O Rpps - Principal - Defensoria Pública Do Estado De Minas Gerais";43;37149696;1210042107000;NA;"13.1.Receitas de Contribuições";NA;NA;"27.1.Contrib. para o Plano de Previdência do Servidor"
"677";2022;4711;1210042199001;"Contribuição Do Servidor Ativo Civil Para O Rpps - Principal - Demais - Pessoal Licenciado/À Disposição";43;6796983;1210042199001;NA;"13.1.Receitas de Contribuições";NA;NA;"27.1.Contrib. para o Plano de Previdência do Servidor"
"678";2022;4711;1210043101000;"Contribuição Do Servidor Inativo Para O Rpps - Principal - Poder Executivo";43;661078472;1210043101000;NA;"13.1.Receitas de Contribuições";NA;NA;"27.1.Contrib. para o Plano de Previdência do Servidor"
"679";2022;4711;1210043105000;"Contribuição Do Servidor Inativo Para O Rpps - Principal - Tribunal De Justiça Militar Do Estado De Minas Gerais";43;1490057;1210043105000;NA;"13.1.Receitas de Contribuições";NA;NA;"27.1.Contrib. para o Plano de Previdência do Servidor"
"680";2022;4711;1210043102000;"Contribuição Do Servidor Inativo Para O Rpps - Principal - Assembleia Legislativa Do Estado De Minas Gerais";43;57680000;1210043102000;NA;"13.1.Receitas de Contribuições";NA;NA;"27.1.Contrib. para o Plano de Previdência do Servidor"
"681";2022;4711;1210043103000;"Contribuição Do Servidor Inativo Para O Rpps - Principal - Tribunal De Contas Do Estado De Minas Gerais";43;38982780;1210043103000;NA;"13.1.Receitas de Contribuições";NA;NA;"27.1.Contrib. para o Plano de Previdência do Servidor"
"682";2022;4711;1210043104000;"Contribuição Do Servidor Inativo Para O Rpps - Principal - Tribunal De Justiça Do Estado De Minas Gerais";43;164110382;1210043104000;NA;"13.1.Receitas de Contribuições";NA;NA;"27.1.Contrib. para o Plano de Previdência do Servidor"
"683";2022;9901;9118022102000;"DEDUÇÃO DAS RECEITAS - ADICIONAL ICMS - FUNDO ESTADUAL DE COMBATE À POBREZA - PRINCIPAL - FUNDO DE ERRADICAÇÃO DA MISÉRIA - COTA PARTE DO FUNDEB";23;-167112805;9118022102000;NA;NA;NA;NA;NA
"684";2022;9901;9118012103000;"Dedução Das Receitas - Imposto Sobre A Propriedade De Veículos Automotores - Principal - Cota Parte Do Estado Para O Fundeb";23;-686306593;9118012103000;NA;NA;NA;NA;NA
"685";2022;9901;9118022202000;"DEDUÇÃO DAS RECEITAS - ADICIONAL ICMS - FUNDO ESTADUAL DE COMBATE À POBREZA - MULTAS E JUROS DE MORA - FUNDO DE ERRADICAÇÃO DA MISÉRIA - COTA PARTE DO FUNDEB";23;-711381;9118022202000;NA;NA;NA;NA;NA
"686";2022;9901;9118012203000;"Dedução Das Receitas - Imposto Sobre A Propriedade De Veículos Automotores - Multas e Juros de Mora - Cota Parte Do Estado Para O Fundeb";23;-38586129;9118012203000;NA;NA;NA;NA;NA
"687";2022;9901;9118022302000;"DEDUÇÃO DAS RECEITAS - ADICIONAL ICMS - FUNDO ESTADUAL DE COMBATE À POBREZA - DÍVIDA ATIVA - FUNDO DE ERRADICAÇÃO DA MISÉRIA - COTA PARTE DO FUNDEB";23;-173806;9118022302000;NA;NA;NA;NA;NA
"688";2022;9901;9118012303000;"Dedução Das Receitas - Imposto Sobre A Propriedade De Veículos Automotores - Dívida Ativa - Cota Parte Do Estado Para O Fundeb";23;-15695253;9118012303000;NA;NA;NA;NA;NA
"689";2022;9901;9118013103000;"Dedução Das Receitas - Imposto Sobre Transmissão \"Causa Mortis\" E Doação De Bens E Direitos - Principal - Cota Parte Do Estado Para O Fundeb";23;-247133993;9118013103000;NA;NA;NA;NA;NA
"690";2022;9901;9118013203000;"Dedução Das Receitas - Imposto Sobre Transmissão \"Causa Mortis\" E Doação De Bens E Direitos - Multas e Juros de Mora - Cota Parte Do Estado Para O Fundeb";23;-5179106;9118013203000;NA;NA;NA;NA;NA
"691";2022;9901;9118013303000;"Dedução Das Receitas - Imposto Sobre Transmissão \"Causa Mortis\" E Doação De Bens E Direitos - Dívida Ativa - Cota Parte Do Estado Para O Fundeb";23;-2436943;9118013303000;NA;NA;NA;NA;NA
"692";2022;9901;9718011101003;"Dedução Das Receitas - Cota-Parte Do Fundo De Participação Dos Estados E Do Distrito Federal - Principal - Fundeb";23;-1086130663;9718011101003;NA;NA;NA;NA;NA
"693";2022;9901;9718016101003;"Dedução Das Receitas - Cota-Parte Do Imposto Sobre Produtos Industrializados - Estados Exportadores De Produtos Industrializados - Principal - Fundeb";23;-139175850;9718016101003;NA;NA;NA;NA;NA
"694";2022;9901;9910011104001;"Dedução Das Receitas - Multas Previstas Em Legislação Específica - Principal - Multa Isolada Por Infração A Obrigação Acessória - Cessão De Direitos Creditórios - Lei 19.266/2010";10;-357503;9910011104001;NA;NA;NA;NA;NA
"695";2022;9901;9910011304001;"Dedução Das Receitas - Multas Previstas Em Legislação Específica - Dívida Ativa - Multa Isolada Por Infração A Obrigação Acessória - Cessão De Direitos Creditórios - Lei 19.266/2010";10;-361724;9910011304001;NA;NA;NA;NA;NA
"696";2022;9901;1718011101003;"Cota-Parte Do Fundo De Participação Dos Estados E Do Distrito Federal - Principal - Fundeb";23;1086130663;1718011101003;NA;"18.1.Receita de Transferências Correntes";"19.2.Cota-Parte do FPE";NA;NA
"697";2022;9901;1718991199003;"OUTRAS TRANSFERÊNCIAS DA UNIÃO - PRINCIPAL - DEMAIS - COMPENSAÇÃO DE BENEFÍCIOS TRIBUTÁRIOS - LEI COMPLEMENTAR 176/2020";10;390531339;1718991199003;NA;"18.1.Receita de Transferências Correntes";"23.2.Outras Transferências Correntes";NA;NA
"698";2022;9901;1718022101000;"Cota-Parte Da Compensação Financeira De Recursos Minerais - Cfem - Principal";11;197929430;1718022101000;NA;"18.1.Receita de Transferências Correntes";"23.2.Outras Transferências Correntes";NA;NA
"699";2022;9901;1718022101000;"Cota-Parte Da Compensação Financeira De Recursos Minerais - Cfem - Principal";32;461835337;1718022101000;NA;"18.1.Receita de Transferências Correntes";"23.2.Outras Transferências Correntes";NA;NA
"700";2022;9901;1718023101000;"Cota-Parte Royalties - Compensação Financeira Pela Produção De Petróleo - Lei Nº 7.990/89 - Principal";11;7469365;1718023101000;NA;"18.1.Receita de Transferências Correntes";"23.2.Outras Transferências Correntes";NA;NA
"701";2022;9901;1718023101000;"Cota-Parte Royalties - Compensação Financeira Pela Produção De Petróleo - Lei Nº 7.990/89 - Principal";33;17428518;1718023101000;NA;"18.1.Receita de Transferências Correntes";"23.2.Outras Transferências Correntes";NA;NA
"702";2022;9901;1718016101001;"Cota-Parte Do Imposto Sobre Produtos Industrializados - Estados Exportadores De Produtos Industrializados - Principal - Estado";10;556703399;1718016101001;NA;"18.1.Receita de Transferências Correntes";"23.2.Outras Transferências Correntes";NA;NA
"703";2022;9901;1718016101002;"Cota-Parte Do Imposto Sobre Produtos Industrializados - Estados Exportadores De Produtos Industrializados - Principal - Municípios";20;231959749;1718016101002;NA;"18.1.Receita de Transferências Correntes";"23.2.Outras Transferências Correntes";"26.1.Transferências Constitucionais e Legais";NA
"704";2022;9901;1718016101003;"Cota-Parte Do Imposto Sobre Produtos Industrializados - Estados Exportadores De Produtos Industrializados - Principal - Fundeb";23;139175850;1718016101003;NA;"18.1.Receita de Transferências Correntes";"23.2.Outras Transferências Correntes";NA;NA
"705";2022;9901;1718017101001;"Cota-Parte Da Contribuição De Intervenção No Domínio Econômico - Principal - Estado";51;26621180;1718017101001;NA;"18.1.Receita de Transferências Correntes";"23.2.Outras Transferências Correntes";NA;NA
"706";2022;9901;1718017101002;"Cota-Parte Da Contribuição De Intervenção No Domínio Econômico - Principal - Municípios";51;8868909;1718017101002;NA;"18.1.Receita de Transferências Correntes";"23.2.Outras Transferências Correntes";"26.1.Transferências Constitucionais e Legais";NA
"707";2022;9901;1718018101000;"Cota-Parte Do Imposto Sobre Operações De Crédito, Câmbio E Seguro, Ou Relativas A Títulos Ou Valores Mobiliários - Comercialização Do Ouro - Principal";10;117939;1718018101000;NA;"18.1.Receita de Transferências Correntes";"23.2.Outras Transferências Correntes";NA;NA
"708";2022;9901;1910011101000;"Multas Previstas Em Legislação Específica - Principal - Legislação Sanitária";10;78950;1910011101000;NA;"24.1.Outras Receitas Correntes";NA;NA;NA
"709";2022;9901;1910061101000;"Multas Administrativas Por Danos Ambientais - Principal";10;8540631;1910061101000;NA;"24.1.Outras Receitas Correntes";NA;NA;NA
"710";2022;9901;1910091101000;"Multas E Juros Previstos Em Contratos - Principal";10;2012589;1910091101000;NA;"24.1.Outras Receitas Correntes";NA;NA;NA
"711";2022;9901;1910011103001;"Multas Previstas Em Legislação Específica - Principal - Legislação De Trânsito - Cota Parte Do Estado";11;51897574;1910011103001;NA;"24.1.Outras Receitas Correntes";NA;NA;NA
"712";2022;9901;1910011103001;"Multas Previstas Em Legislação Específica - Principal - Legislação De Trânsito - Cota Parte Do Estado";82;119062265;1910011103001;NA;"24.1.Outras Receitas Correntes";NA;NA;NA
"713";2022;9901;1910011103003;"Multas Previstas Em Legislação Específica - Principal - Legislação De Trânsito - Cota Parte Do Fundo Nacional De Segurança E Educação No Trânsito";82;8997886;1910011103003;NA;"24.1.Outras Receitas Correntes";NA;NA;NA
"714";2022;9901;1910041104000;"Multas Previstas Na Legislação Sobre Defesa Dos Direitos Difusos - Principal - Uso De Pipas Com Linha Cortante";10;578;1910041104000;NA;"24.1.Outras Receitas Correntes";NA;NA;NA
"715";2022;9901;1910011104001;"Multas Previstas Em Legislação Específica - Principal - Multa Isolada Por Infração A Obrigação Acessória - Cessão De Direitos Creditórios - Lei 19.266/2010";10;357503;1910011104001;NA;"24.1.Outras Receitas Correntes";NA;NA;NA
"716";2022;9901;1910011104999;"Multas Previstas Em Legislação Específica - Principal - Multa Isolada Por Infração A Obrigação Acessória - Outros";10;31258202;1910011104999;NA;"24.1.Outras Receitas Correntes";NA;NA;NA
"717";2022;9901;1910011204999;"Multas Previstas Em Legislação Específica - Multas e Juros de Mora - Multa Isolada Por Infração A Obrigação Acessória - Outros";10;20;1910011204999;NA;"24.1.Outras Receitas Correntes";NA;NA;NA
"718";2022;9901;1910011304001;"Multas Previstas Em Legislação Específica - Dívida Ativa - Multa Isolada Por Infração A Obrigação Acessória - Cessão De Direitos Creditórios - Lei 19.266/2010";10;361724;1910011304001;NA;"24.1.Outras Receitas Correntes";NA;NA;NA
"719";2022;9901;1910011304999;"Multas Previstas Em Legislação Específica - Dívida Ativa - Multa Isolada Por Infração A Obrigação Acessória - Outros";10;25959287;1910011304999;NA;"24.1.Outras Receitas Correntes";NA;NA;NA
"720";2022;9901;1910011404999;"Multas Previstas Em Legislação Específica - Dívida Ativa - Multas e Juros de Mora - Multa Isolada Por Infração A Obrigação Acessória - Outros";10;43;1910011404999;NA;"24.1.Outras Receitas Correntes";NA;NA;NA
"721";2022;9901;1921991101999;"Outras Indenizações - Principal - Outros";10;271695;1921991101999;NA;"24.1.Outras Receitas Correntes";NA;NA;NA
"722";2022;9901;1921991101999;"Outras Indenizações - Principal - Outros";53;1000;1921991101999;NA;"24.1.Outras Receitas Correntes";NA;NA;NA
"723";2022;9901;1921011199000;"Indenizações Por Danos Causados Ao Patrimônio Público - Principal - Demais";10;1000;1921011199000;NA;"24.1.Outras Receitas Correntes";NA;NA;NA
"724";2022;9901;1922011101000;"Restituição De Convênios - Primárias - Principal";10;3659476;1922011101000;NA;"24.1.Outras Receitas Correntes";NA;NA;NA
"725";2022;9901;1922991101000;"Outras Restituições - Principal - Recursos Originários Do Fundo Estadual De Saúde";10;2583288;1922991101000;NA;"24.1.Outras Receitas Correntes";NA;NA;"29.1.Compensação Financ. entre Regimes Previdência"
"726";2022;9901;1922061101999;"Restituição De Despesas De Exercícios Anteriores - Principal - Outros";10;1071554;1922061101999;NA;"24.1.Outras Receitas Correntes";NA;NA;NA
"727";2022;9901;1922061101999;"Restituição De Despesas De Exercícios Anteriores - Principal - Outros";25;15320;1922061101999;NA;"24.1.Outras Receitas Correntes";NA;NA;NA
"728";2022;9901;1922061101999;"Restituição De Despesas De Exercícios Anteriores - Principal - Outros";53;573;1922061101999;NA;"24.1.Outras Receitas Correntes";NA;NA;NA
"729";2022;9901;1922991199000;"Outras Restituições - Principal - Demais";10;77193292;1922991199000;NA;"24.1.Outras Receitas Correntes";NA;NA;"29.1.Compensação Financ. entre Regimes Previdência"
"730";2022;9901;1922991199000;"Outras Restituições - Principal - Demais";11;1000;1922991199000;NA;"24.1.Outras Receitas Correntes";NA;NA;"29.1.Compensação Financ. entre Regimes Previdência"
"731";2022;9901;1922991199000;"Outras Restituições - Principal - Demais";12;4826;1922991199000;NA;"24.1.Outras Receitas Correntes";NA;NA;"29.1.Compensação Financ. entre Regimes Previdência"
"732";2022;9901;1922991199000;"Outras Restituições - Principal - Demais";27;2759;1922991199000;NA;"24.1.Outras Receitas Correntes";NA;NA;"29.1.Compensação Financ. entre Regimes Previdência"
"733";2022;9901;1922991199000;"Outras Restituições - Principal - Demais";31;77908;1922991199000;NA;"24.1.Outras Receitas Correntes";NA;NA;"29.1.Compensação Financ. entre Regimes Previdência"
"734";2022;9901;1922991199000;"Outras Restituições - Principal - Demais";53;313;1922991199000;NA;"24.1.Outras Receitas Correntes";NA;NA;"29.1.Compensação Financ. entre Regimes Previdência"
"735";2022;9901;1922991199000;"Outras Restituições - Principal - Demais";71;409699;1922991199000;NA;"24.1.Outras Receitas Correntes";NA;NA;"29.1.Compensação Financ. entre Regimes Previdência"
"736";2022;9901;1922991199000;"Outras Restituições - Principal - Demais";72;65879;1922991199000;NA;"24.1.Outras Receitas Correntes";NA;NA;"29.1.Compensação Financ. entre Regimes Previdência"
"737";2022;9901;1990991108001;"Outras Receitas - Primárias - Principal - Receitas Alternativas, Complementares, Acessórias, Compartilhadas Ou De Projetos Associados A Concessão - Parceria Público-Privada - Aeroportuária";10;2397599;1990991108001;NA;"24.1.Outras Receitas Correntes";NA;NA;NA
"738";2022;9901;1990991108999;"Outras Receitas - Primárias - Principal - Receitas Alternativas, Complementares, Acessórias, Compartilhadas Ou De Projetos Associados A Concessão - Parceria Público-Privada - Outros";10;3769822;1990991108999;NA;"24.1.Outras Receitas Correntes";NA;NA;NA
"739";2022;9901;1990991199000;"Outras Receitas - Primárias - Principal - Demais";10;43112663;1990991199000;NA;"24.1.Outras Receitas Correntes";NA;NA;NA
"740";2022;9901;1990991299000;"Outras Receitas - Primárias - Multas e Juros de Mora - Demais";10;677592;1990991299000;NA;"24.1.Outras Receitas Correntes";NA;NA;NA
"741";2022;9901;1990991299000;"Outras Receitas - Primárias - Multas e Juros de Mora - Demais";11;49821;1990991299000;NA;"24.1.Outras Receitas Correntes";NA;NA;NA
"742";2022;9901;1990991499000;"Outras Receitas - Primárias - Dívida Ativa - Multas e Juros de Mora - Demais";10;1902690;1990991499000;NA;"24.1.Outras Receitas Correntes";NA;NA;NA
"743";2022;9901;2119001102002;"Caixa Econômica Federal - Programa De Aceleração Do Crescimento - Pac - Prevenção De Áreas De Risco - Contagem";25;20000000;2119001102002;NA;NA;NA;NA;NA
"744";2022;9901;2129001103001;"Banco Mundial - Programa Progestão";25;7360980;2129001103001;NA;NA;NA;NA;NA
"745";2022;9901;2213001199000;"Alienação De Bens Móveis E Semoventes - Principal - Demais";48;3210402;2213001199000;NA;NA;NA;NA;NA
"746";2022;9901;2218012104000;"Alienação De Investimentos Permanentes - Principal - Minas Caixa";48;927443;2218012104000;NA;NA;NA;NA;NA
"747";2022;9901;2218012105000;"Alienação De Investimentos Permanentes - Principal - Saneamento Do Sistema Financeiro - Credireal/Bemge";48;600492;2218012105000;NA;NA;NA;NA;NA
"748";2022;9901;2220001101000;"Alienação De Bens Imóveis - Principal";48;3406200;2220001101000;NA;NA;NA;NA;NA
"749";2022;9901;2300061101000;"Amortização De Empréstimos Contratuais - Principal";10;776114;2300061101000;NA;NA;NA;NA;NA
"750";2022;9901;2300071199000;"Amortização De Financiamentos - Principal - Demais";11;600;2300071199000;NA;NA;NA;NA;NA
"751";2022;9901;2300071199000;"Amortização De Financiamentos - Principal - Demais";40;1400;2300071199000;NA;NA;NA;NA;NA
"752";2022;9901;2418991199001;"OUTRAS TRANSFERÊNCIAS DA UNIÃO - PRINCIPAL - DEMAIS - TRANSFERÊNCIAS ADVINDAS DE EMENDAS INDIVIDUAIS - TRANSFERÊNCIAS ESPECIAIS";97;100000000;2418991199001;NA;NA;NA;NA;NA
"753";2022;9901;2990001102000;"DEMAIS RECEITAS DE CAPITAL - PRINCIPAL - RECURSOS DESTINADOS À REPARAÇÃO INTEGRAL DOS DANOS OCASIONADOS PELO ROMPIMENTO DA BARRAGEM DA MINA DO CÓRREGO DO FEIJÃO EM BRUMADINHO";95;2325317027;2990001102000;NA;NA;NA;NA;NA
"754";2022;9901;9118021101002;"Dedução Das Receitas - Imposto Sobre Operações Relativas À Circulação De Mercadorias E Sobre Prestações De Serviços De Transporte Interestadual E Intermunicipal E De Comunicação - Principal - Cota Parte Do Estado - Cessão De Direitos Creditórios - Lei 19.266/2010";10;-9118590;9118021101002;NA;NA;NA;NA;NA
"755";2022;9901;9118021103000;"Dedução Das Receitas - Imposto Sobre Operações Relativas À Circulação De Mercadorias E Sobre Prestações De Serviços De Transporte Interestadual E Intermunicipal E De Comunicação - Principal - Cota Parte Do Estado Para O Fundeb";23;-9967348616;9118021103000;NA;NA;NA;NA;NA
"756";2022;9901;9118021201002;"Dedução Das Receitas - Imposto Sobre Operações Relativas À Circulação De Mercadorias E Sobre Prestações De Serviços De Transporte Interestadual E Intermunicipal E De Comunicação - Multas e Juros de Mora - Cota Parte Do Estado - Cessão De Direitos Creditórios - Lei 19.266/2010";10;-13502864;9118021201002;NA;NA;NA;NA;NA
"757";2022;9901;9118021203000;"Dedução Das Receitas - Imposto Sobre Operações Relativas À Circulação De Mercadorias E Sobre Prestações De Serviços De Transporte Interestadual E Intermunicipal E De Comunicação - Multas e Juros de Mora - Cota Parte Do Estado Para O Fundeb";23;-75869220;9118021203000;NA;NA;NA;NA;NA
"758";2022;9901;9118021301002;"Dedução Das Receitas - Imposto Sobre Operações Relativas À Circulação De Mercadorias E Sobre Prestações De Serviços De Transporte Interestadual E Intermunicipal E De Comunicação - Dívida Ativa - Cota Parte Do Estado - Cessão De Direitos Creditórios - Lei 19.266/2010";10;-10319880;9118021301002;NA;NA;NA;NA;NA
"759";2022;9901;9118021303000;"Dedução Das Receitas - Imposto Sobre Operações Relativas À Circulação De Mercadorias E Sobre Prestações De Serviços De Transporte Interestadual E Intermunicipal E De Comunicação - Dívida Ativa - Cota Parte Do Estado Para O Fundeb";23;-44930219;9118021303000;NA;NA;NA;NA;NA
"760";2022;9901;1121041202000;"Taxa De Fiscalização De Recursos Minerários - Multas e Juros de Mora";11;395312;1121041202000;"1.1.Impostos, Taxas e Contribuições de Melhoria";"8.2.Acessórias [Dívida Ativa, Multas e Juros]";"12.3.Taxas";NA;NA
"761";2022;9901;1121041202000;"Taxa De Fiscalização De Recursos Minerários - Multas e Juros de Mora";72;922395;1121041202000;"1.1.Impostos, Taxas e Contribuições de Melhoria";"8.2.Acessórias [Dívida Ativa, Multas e Juros]";"12.3.Taxas";NA;NA
"762";2022;9901;1121011301001;"Taxa De Segurança Pública - Dívida Ativa - Polícia Civil Do Estado De Minas Gerais";27;113064;1121011301001;"1.1.Impostos, Taxas e Contribuições de Melhoria";"8.2.Acessórias [Dívida Ativa, Multas e Juros]";"12.3.Taxas";NA;NA
"763";2022;9901;1121011301002;"Taxa De Segurança Pública - Dívida Ativa - Corpo De Bombeiros Militar Do Estado De Minas Gerais";27;479;1121011301002;"1.1.Impostos, Taxas e Contribuições de Melhoria";"8.2.Acessórias [Dívida Ativa, Multas e Juros]";"12.3.Taxas";NA;NA
"764";2022;9901;1121011301003;"Taxa De Segurança Pública - Dívida Ativa - Polícia Militar Do Estado De Minas Gerais";27;3956;1121011301003;"1.1.Impostos, Taxas e Contribuições de Melhoria";"8.2.Acessórias [Dívida Ativa, Multas e Juros]";"12.3.Taxas";NA;NA
"765";2022;9901;1121011301005;"Taxa De Segurança Pública - Dívida Ativa - Taxa De Incêndio - Corpo De Bombeiros Militar Do Estado De Minas Gerais";53;205097;1121011301005;"1.1.Impostos, Taxas e Contribuições de Melhoria";"8.2.Acessórias [Dívida Ativa, Multas e Juros]";"12.3.Taxas";NA;NA
"766";2022;9901;1121041302000;"Taxa De Fiscalização De Recursos Minerários - Dívida Ativa";72;241984;1121041302000;"1.1.Impostos, Taxas e Contribuições de Melhoria";"8.2.Acessórias [Dívida Ativa, Multas e Juros]";"12.3.Taxas";NA;NA
"767";2022;9901;1121011401002;"Taxa De Segurança Pública - Dívida Ativa - Multas e Juros de Mora - Corpo De Bombeiros Militar Do Estado De Minas Gerais";27;1306;1121011401002;"1.1.Impostos, Taxas e Contribuições de Melhoria";"8.2.Acessórias [Dívida Ativa, Multas e Juros]";"12.3.Taxas";NA;NA
"768";2022;9901;1121011401003;"Taxa De Segurança Pública - Dívida Ativa - Multas e Juros de Mora - Polícia Militar Do Estado De Minas Gerais";27;11426;1121011401003;"1.1.Impostos, Taxas e Contribuições de Melhoria";"8.2.Acessórias [Dívida Ativa, Multas e Juros]";"12.3.Taxas";NA;NA
"769";2022;9901;1121011401005;"Taxa De Segurança Pública - Dívida Ativa - Multas e Juros de Mora - Taxa De Incêndio - Corpo De Bombeiros Militar Do Estado De Minas Gerais";53;120129;1121011401005;"1.1.Impostos, Taxas e Contribuições de Melhoria";"8.2.Acessórias [Dívida Ativa, Multas e Juros]";"12.3.Taxas";NA;NA
"770";2022;9901;1121041402000;"Taxa De Fiscalização De Recursos Minerários - Dívida Ativa - Multas e Juros de Mora";72;138999;1121041402000;"1.1.Impostos, Taxas e Contribuições de Melhoria";"8.2.Acessórias [Dívida Ativa, Multas e Juros]";"12.3.Taxas";NA;NA
"771";2022;9901;1122011101002;"Taxa De Expediente - Principal - Atos Da Secretaria De Estado Da Fazenda";11;7124320;1122011101002;"1.1.Impostos, Taxas e Contribuições de Melhoria";"2.2.Principal";"7.3.Taxas";NA;NA
"772";2022;9901;1122011101002;"Taxa De Expediente - Principal - Atos Da Secretaria De Estado Da Fazenda";29;16623414;1122011101002;"1.1.Impostos, Taxas e Contribuições de Melhoria";"2.2.Principal";"7.3.Taxas";NA;NA
"773";2022;9901;1122011101004;"Taxa De Expediente - Principal - Atos Da Secretaria De Estado De Saúde";11;342525;1122011101004;"1.1.Impostos, Taxas e Contribuições de Melhoria";"2.2.Principal";"7.3.Taxas";NA;NA
"774";2022;9901;1122011101004;"Taxa De Expediente - Principal - Atos Da Secretaria De Estado De Saúde";29;798677;1122011101004;"1.1.Impostos, Taxas e Contribuições de Melhoria";"2.2.Principal";"7.3.Taxas";NA;NA
"775";2022;9901;1122011101005;"Taxa De Expediente - Principal - Atos Da Secretaria De Estado De Trabalho E Desenvolvimento Social";11;12288;1122011101005;"1.1.Impostos, Taxas e Contribuições de Melhoria";"2.2.Principal";"7.3.Taxas";NA;NA
"776";2022;9901;1122011101005;"Taxa De Expediente - Principal - Atos Da Secretaria De Estado De Trabalho E Desenvolvimento Social";29;28672;1122011101005;"1.1.Impostos, Taxas e Contribuições de Melhoria";"2.2.Principal";"7.3.Taxas";NA;NA
"777";2022;9901;1122011101011;"Taxa De Expediente - Principal - Atos Da Secretaria De Estado De Meio Ambiente E Desenvolvimento Sustentável";11;8945029;1122011101011;"1.1.Impostos, Taxas e Contribuições de Melhoria";"2.2.Principal";"7.3.Taxas";NA;NA
"778";2022;9901;1122011101011;"Taxa De Expediente - Principal - Atos Da Secretaria De Estado De Meio Ambiente E Desenvolvimento Sustentável";29;20871734;1122011101011;"1.1.Impostos, Taxas e Contribuições de Melhoria";"2.2.Principal";"7.3.Taxas";NA;NA
"779";2022;9901;1122011101999;"Taxa De Expediente - Principal - Outros";10;364487;1122011101999;"1.1.Impostos, Taxas e Contribuições de Melhoria";"2.2.Principal";"7.3.Taxas";NA;NA
"780";2022;9901;1122011199000;"Taxas Pela Prestação De Serviços - Principal - Demais";10;117826;1122011199000;"1.1.Impostos, Taxas e Contribuições de Melhoria";"2.2.Principal";"7.3.Taxas";NA;NA
"781";2022;9901;1122011201002;"Taxa De Expediente - Multas e Juros de Mora - Atos Da Secretaria De Estado Da Fazenda";11;135265;1122011201002;"1.1.Impostos, Taxas e Contribuições de Melhoria";"8.2.Acessórias [Dívida Ativa, Multas e Juros]";"12.3.Taxas";NA;NA
"782";2022;9901;1122011201002;"Taxa De Expediente - Multas e Juros de Mora - Atos Da Secretaria De Estado Da Fazenda";29;315619;1122011201002;"1.1.Impostos, Taxas e Contribuições de Melhoria";"8.2.Acessórias [Dívida Ativa, Multas e Juros]";"12.3.Taxas";NA;NA
"783";2022;9901;1122011201004;"Taxa De Expediente - Multas e Juros de Mora - Atos Da Secretaria De Estado De Saúde";11;3825;1122011201004;"1.1.Impostos, Taxas e Contribuições de Melhoria";"8.2.Acessórias [Dívida Ativa, Multas e Juros]";"12.3.Taxas";NA;NA
"784";2022;9901;1122011201004;"Taxa De Expediente - Multas e Juros de Mora - Atos Da Secretaria De Estado De Saúde";29;9385;1122011201004;"1.1.Impostos, Taxas e Contribuições de Melhoria";"8.2.Acessórias [Dívida Ativa, Multas e Juros]";"12.3.Taxas";NA;NA
"785";2022;9901;1122011201999;"Taxa De Expediente - Multas e Juros de Mora - Outros";10;6419;1122011201999;"1.1.Impostos, Taxas e Contribuições de Melhoria";"8.2.Acessórias [Dívida Ativa, Multas e Juros]";"12.3.Taxas";NA;NA
"786";2022;9901;1122011301999;"Taxa De Expediente - Dívida Ativa - Outros";10;239015;1122011301999;"1.1.Impostos, Taxas e Contribuições de Melhoria";"8.2.Acessórias [Dívida Ativa, Multas e Juros]";"12.3.Taxas";NA;NA
"787";2022;9901;1122011401999;"Taxa De Expediente - Dívida Ativa - Multas e Juros de Mora - Outros";10;381634;1122011401999;"1.1.Impostos, Taxas e Contribuições de Melhoria";"8.2.Acessórias [Dívida Ativa, Multas e Juros]";"12.3.Taxas";NA;NA
"788";2022;9901;1218022104000;"Contribuição Do Militar Ativo - Principal ¿ Sistema De Proteção Social Dos Militares";78;471157029;1218022104000;NA;"13.1.Receitas de Contribuições";NA;NA;"28.1.Contrib. para o Custeio das Pensões Militares"
"789";2022;9901;1218023104000;"Contribuição Do Militar Inativo - Principal ¿ Sistema De Proteção Social Dos Militares";78;690889223;1218023104000;NA;"13.1.Receitas de Contribuições";NA;NA;"28.1.Contrib. para o Custeio das Pensões Militares"
"790";2022;9901;1218024104000;"Contribuição Dos Pensionistas Militares - Principal - Sistema De Proteção Social Dos Militares";78;181346669;1218024104000;NA;"13.1.Receitas de Contribuições";NA;NA;"28.1.Contrib. para o Custeio das Pensões Militares"
"791";2022;9901;1310991101000;"Outras Receitas Imobiliárias - Principal";10;4501;1310991101000;NA;"14.1.Receita Patrimonial";NA;NA;NA
"792";2022;9901;1310011101001;"Aluguéis E Arrendamentos - Principal - Aluguéis";10;754105;1310011101001;NA;"14.1.Receita Patrimonial";NA;NA;NA
"793";2022;9901;1310021101002;"Concessão, Permissão, Autorização Ou Cessão Do Direito De Uso De Bens Imóveis Públicos - Principal - Cessão Do Direito De Exploração De Estádios - Arena Independência";10;678697;1310021101002;NA;"14.1.Receita Patrimonial";NA;NA;NA
"794";2022;9901;1310021101999;"Concessão, Permissão, Autorização Ou Cessão Do Direito De Uso De Bens Imóveis Públicos - Principal - Outros";10;1894858;1310021101999;NA;"14.1.Receita Patrimonial";NA;NA;NA
"795";2022;9901;1310991201000;"Outras Receitas Imobiliárias - Multas e Juros de Mora";10;8659;1310991201000;NA;"14.1.Receita Patrimonial";NA;NA;NA
"796";2022;9901;1321001101000;"Remuneração De Depósitos Bancários - Principal";10;42140186;1321001101000;NA;"14.1.Receita Patrimonial";NA;NA;NA
"797";2022;9901;1321001101000;"Remuneração De Depósitos Bancários - Principal";11;95569;1321001101000;NA;"14.1.Receita Patrimonial";NA;NA;NA
"798";2022;9901;1321001101000;"Remuneração De Depósitos Bancários - Principal";25;15311664;1321001101000;NA;"14.1.Receita Patrimonial";NA;NA;NA
"799";2022;9901;1321001101000;"Remuneração De Depósitos Bancários - Principal";31;25879;1321001101000;NA;"14.1.Receita Patrimonial";NA;NA;NA
"800";2022;9901;1321001101000;"Remuneração De Depósitos Bancários - Principal";46;850;1321001101000;NA;"14.1.Receita Patrimonial";NA;NA;NA
"801";2022;9901;1321001101000;"Remuneração De Depósitos Bancários - Principal";71;180878;1321001101000;NA;"14.1.Receita Patrimonial";NA;NA;NA
"802";2022;9901;1321001101000;"Remuneração De Depósitos Bancários - Principal";95;1451487;1321001101000;NA;"14.1.Receita Patrimonial";NA;NA;NA
"803";2022;9901;1321005101002;"Juros De Títulos De Renda - Principal - Rendimento Financeiro - Ativo Bdmg/Credireal/Bemge - Saneamento Sistema Financeiro/Secretaria De Estado De Fazenda";10;23063;1321005101002;NA;"14.1.Receita Patrimonial";NA;NA;NA
"804";2022;9901;1321006101000;"Juros Sobre O Capital Próprio - Principal";10;259233935;1321006101000;NA;"14.1.Receita Patrimonial";NA;NA;NA
"805";2022;9901;1322001101000;"Dividendos - Principal - Sociedades De Economia Mista";10;1179671732;1322001101000;NA;"14.1.Receita Patrimonial";NA;NA;NA
"806";2022;9901;1322001102000;"Dividendos - Principal - Ações De Outras Empresas";10;409;1322001102000;NA;"14.1.Receita Patrimonial";NA;NA;NA
"807";2022;9901;1390001101000;"Demais Receitas Patrimoniais - Principal";10;1520559;1390001101000;NA;"14.1.Receita Patrimonial";NA;NA;NA
"808";2022;9901;1390001301000;"Demais Receitas Patrimoniais - Dívida Ativa";10;4054975;1390001301000;NA;"14.1.Receita Patrimonial";NA;NA;NA
"809";2022;9901;1500001102001;"Receita Industrial - Principal - Receita Da Indústria Editorial E Gráfica - Receita De Publicações";10;46554803;1500001102001;NA;"16.1.Receita Industrial";NA;NA;NA
"810";2022;9901;1500001102002;"Receita Industrial - Principal - Receita Da Indústria Editorial E Gráfica - Receita Da Assinatura Do Jornal Minas Gerais";10;56571;1500001102002;NA;"16.1.Receita Industrial";NA;NA;NA
"811";2022;9901;1500001102999;"Receita Industrial - Principal - Receita Da Indústria Editorial E Gráfica - Outros";10;1108767;1500001102999;NA;"16.1.Receita Industrial";NA;NA;NA
"812";2022;9901;1610011113000;"Serviços Administrativos E Comerciais Gerais - Principal - Fotocópias E Cópias Heliográficas";10;11311;1610011113000;NA;"17.1.Receita de Serviços";NA;NA;NA
"813";2022;9901;1610011115000;"Serviços Administrativos E Comerciais Gerais - Principal - Administração De Contratos";10;368462;1610011115000;NA;"17.1.Receita de Serviços";NA;NA;NA
"814";2022;9901;1610011119000;"Serviços Administrativos E Comerciais Gerais - Principal - Regularização Fundiária";10;23142;1610011119000;NA;"17.1.Receita de Serviços";NA;NA;NA
"815";2022;9901;1610011126000;"Serviços Administrativos E Comerciais Gerais - Principal - Reparação, Manutenção E Instalação";10;3121;1610011126000;NA;"17.1.Receita de Serviços";NA;NA;NA
"816";2022;9901;1610011199001;"Serviços Administrativos E Comerciais Gerais - Principal - Demais - Serviços Administrativos";10;11897;1610011199001;NA;"17.1.Receita de Serviços";NA;NA;NA
"817";2022;9901;1640011101000;"Retorno De Operações, Juros E Encargos Financeiros - Principal - Juros De Empréstimos";11;600;1640011101000;NA;"17.1.Receita de Serviços";NA;NA;NA
"818";2022;9901;1640011101000;"Retorno De Operações, Juros E Encargos Financeiros - Principal - Juros De Empréstimos";40;1400;1640011101000;NA;"17.1.Receita de Serviços";NA;NA;NA
"819";2022;9901;1690991101000;"Outros Serviços - Principal";10;23280;1690991101000;NA;"17.1.Receita de Serviços";NA;NA;NA
"820";2022;9901;1690991301000;"Outros Serviços - Dívida Ativa";10;3462307;1690991301000;NA;"17.1.Receita de Serviços";NA;NA;NA
"821";2022;9901;1718021101000;"Cota-Parte Da Compensação Financeira De Recursos Hídricos - Principal";11;26627685;1718021101000;NA;"18.1.Receita de Transferências Correntes";"23.2.Outras Transferências Correntes";NA;NA
"822";2022;9901;1718021101000;"Cota-Parte Da Compensação Financeira De Recursos Hídricos - Principal";31;62131264;1718021101000;NA;"18.1.Receita de Transferências Correntes";"23.2.Outras Transferências Correntes";NA;NA
"823";2022;9901;1718011101001;"Cota-Parte Do Fundo De Participação Dos Estados E Do Distrito Federal - Principal - Estado";10;4344522652;1718011101001;NA;"18.1.Receita de Transferências Correntes";"19.2.Cota-Parte do FPE";NA;NA
"824";2022;9901;1113031101000;"Imposto Sobre A Renda - Retido Na Fonte - Trabalho - Principal";10;5599718860;1113031101000;"1.1.Impostos, Taxas e Contribuições de Melhoria";"2.2.Principal";"6.3.IRRF";NA;NA
"825";2022;9901;1118021101001;"ICMS - Principal - Cota Parte Do Estado";10;39860275876;1118021101001;"1.1.Impostos, Taxas e Contribuições de Melhoria";"2.2.Principal";"3.3.ICMS";NA;NA
"826";2022;9901;1118021101002;"ICMS - Principal - Cota Parte Do Estado - Cessão De Direitos Creditórios - Lei 19.266/2010";10;9118590;1118021101002;"1.1.Impostos, Taxas e Contribuições de Melhoria";"2.2.Principal";"3.3.ICMS";NA;NA
"827";2022;9901;1118021102000;"ICMS - Principal - Cota Parte Dos Municípios";20;16612247694;1118021102000;"1.1.Impostos, Taxas e Contribuições de Melhoria";"2.2.Principal";"3.3.ICMS";"26.1.Transferências Constitucionais e Legais";NA
"828";2022;9901;1118021103000;"ICMS - Principal - Cota Parte Do Estado Para O Fundeb";23;9967348616;1118021103000;"1.1.Impostos, Taxas e Contribuições de Melhoria";"2.2.Principal";"3.3.ICMS";NA;NA
"829";2022;9901;1118021201001;"ICMS - Multas e Juros de Mora - Cota Parte Do Estado";10;289974015;1118021201001;"1.1.Impostos, Taxas e Contribuições de Melhoria";"8.2.Acessórias [Dívida Ativa, Multas e Juros]";"9.3.ICMS";NA;NA
"830";2022;9901;1118021201002;"ICMS - Multas e Juros de Mora - Cota Parte Do Estado - Cessão De Direitos Creditórios - Lei 19.266/2010";10;13502864;1118021201002;"1.1.Impostos, Taxas e Contribuições de Melhoria";"8.2.Acessórias [Dívida Ativa, Multas e Juros]";"9.3.ICMS";NA;NA
"831";2022;9901;1118021202000;"ICMS - Multas e Juros de Mora - Cota Parte Dos Municípios";20;126448700;1118021202000;"1.1.Impostos, Taxas e Contribuições de Melhoria";"8.2.Acessórias [Dívida Ativa, Multas e Juros]";"9.3.ICMS";"26.1.Transferências Constitucionais e Legais";NA
"832";2022;9901;1118021203000;"ICMS - Multas e Juros de Mora - Cota Parte Do Estado Para O Fundeb";23;75869220;1118021203000;"1.1.Impostos, Taxas e Contribuições de Melhoria";"8.2.Acessórias [Dívida Ativa, Multas e Juros]";"9.3.ICMS";NA;NA
"833";2022;9901;1118021301001;"ICMS - Dívida Ativa - Cota Parte Do Estado";10;169400995;1118021301001;"1.1.Impostos, Taxas e Contribuições de Melhoria";"8.2.Acessórias [Dívida Ativa, Multas e Juros]";"9.3.ICMS";NA;NA
"834";2022;9901;1118021301002;"ICMS - Dívida Ativa - Cota Parte Do Estado - Cessão De Direitos Creditórios - Lei 19.266/2010";10;10319880;1118021301002;"1.1.Impostos, Taxas e Contribuições de Melhoria";"8.2.Acessórias [Dívida Ativa, Multas e Juros]";"9.3.ICMS";NA;NA
"835";2022;9901;1118021302000;"ICMS - Dívida Ativa - Cota Parte Dos Municípios";20;74883698;1118021302000;"1.1.Impostos, Taxas e Contribuições de Melhoria";"8.2.Acessórias [Dívida Ativa, Multas e Juros]";"9.3.ICMS";"26.1.Transferências Constitucionais e Legais";NA
"836";2022;9901;1118021303000;"ICMS - Dívida Ativa - Cota Parte Do Estado Para O Fundeb";23;44930219;1118021303000;"1.1.Impostos, Taxas e Contribuições de Melhoria";"8.2.Acessórias [Dívida Ativa, Multas e Juros]";"9.3.ICMS";NA;NA
"837";2022;9901;1118022101000;"Adicional Icms - Fundo Estadual De Combate À Pobreza - Principal - Fundo De Erradicação Da Miséria - Cota Parte Do Estado";11;200535366;1118022101000;"1.1.Impostos, Taxas e Contribuições de Melhoria";"2.2.Principal";"3.3.ICMS";NA;NA
"838";2022;9901;1118022101000;"Adicional Icms - Fundo Estadual De Combate À Pobreza - Principal - Fundo De Erradicação Da Miséria - Cota Parte Do Estado";71;467915855;1118022101000;"1.1.Impostos, Taxas e Contribuições de Melhoria";"2.2.Principal";"3.3.ICMS";NA;NA
"839";2022;9901;1118012101000;"Imposto Sobre A Propriedade De Veículos Automotores - Principal - Cota Parte Do Estado";10;2745226372;1118012101000;"1.1.Impostos, Taxas e Contribuições de Melhoria";"2.2.Principal";"4.3.IPVA";NA;NA
"840";2022;9901;1118022102000;"Adicional Icms - Fundo Estadual De Combate À Pobreza - Principal - Fundo De Erradicação Da Miséria - Cota Parte Fundeb";23;167112805;1118022102000;"1.1.Impostos, Taxas e Contribuições de Melhoria";"2.2.Principal";"3.3.ICMS";NA;NA
"841";2022;9901;1118012102000;"Imposto Sobre A Propriedade De Veículos Automotores - Principal - Cota Parte Dos Municípios";20;3431532965;1118012102000;"1.1.Impostos, Taxas e Contribuições de Melhoria";"2.2.Principal";"4.3.IPVA";"26.1.Transferências Constitucionais e Legais";NA
"842";2022;9901;1118012103000;"Imposto Sobre A Propriedade De Veículos Automotores - Principal - Cota Parte Do Estado Para O Fundeb";23;686306593;1118012103000;"1.1.Impostos, Taxas e Contribuições de Melhoria";"2.2.Principal";"4.3.IPVA";NA;NA
"843";2022;9901;1118022201000;"Adicional Icms - Fundo Estadual De Combate À Pobreza - Multas e Juros de Mora - Fundo De Erradicação Da Miséria";11;853657;1118022201000;"1.1.Impostos, Taxas e Contribuições de Melhoria";"8.2.Acessórias [Dívida Ativa, Multas e Juros]";"9.3.ICMS";NA;NA
"844";2022;9901;1118022201000;"Adicional Icms - Fundo Estadual De Combate À Pobreza - Multas e Juros de Mora - Fundo De Erradicação Da Miséria";71;1991867;1118022201000;"1.1.Impostos, Taxas e Contribuições de Melhoria";"8.2.Acessórias [Dívida Ativa, Multas e Juros]";"9.3.ICMS";NA;NA
"845";2022;9901;1118012201000;"Imposto Sobre A Propriedade De Veículos Automotores - Multas e Juros de Mora - Cota Parte Do Estado";10;154344515;1118012201000;"1.1.Impostos, Taxas e Contribuições de Melhoria";"8.2.Acessórias [Dívida Ativa, Multas e Juros]";"10.3.IPVA";NA;NA
"846";2022;9901;1118022202000;"Adicional Icms - Fundo Estadual De Combate À Pobreza - Multas e Juros de Mora - Fundo De Erradicação Da Miséria - Cota Parte Do Fundeb";23;711381;1118022202000;"1.1.Impostos, Taxas e Contribuições de Melhoria";"8.2.Acessórias [Dívida Ativa, Multas e Juros]";"9.3.ICMS";NA;NA
"847";2022;9901;1118012202000;"Imposto Sobre A Propriedade De Veículos Automotores - Multas e Juros de Mora - Cota Parte Dos Municípios";20;192930644;1118012202000;"1.1.Impostos, Taxas e Contribuições de Melhoria";"8.2.Acessórias [Dívida Ativa, Multas e Juros]";"10.3.IPVA";"26.1.Transferências Constitucionais e Legais";NA
"848";2022;9901;1118012203000;"Imposto Sobre A Propriedade De Veículos Automotores - Multas e Juros de Mora - Cota Parte Do Estado Para O Fundeb";23;38586129;1118012203000;"1.1.Impostos, Taxas e Contribuições de Melhoria";"8.2.Acessórias [Dívida Ativa, Multas e Juros]";"10.3.IPVA";NA;NA
"849";2022;9901;1118022301000;"Adicional Icms - Fundo Estadual De Combate À Pobreza - Dívida Ativa - Fundo De Erradicação Da Miséria";71;695223;1118022301000;"1.1.Impostos, Taxas e Contribuições de Melhoria";"8.2.Acessórias [Dívida Ativa, Multas e Juros]";"9.3.ICMS";NA;NA
"850";2022;9901;1118012301000;"Imposto Sobre A Propriedade De Veículos Automotores - Dívida Ativa - Cota Parte Do Estado";10;62781011;1118012301000;"1.1.Impostos, Taxas e Contribuições de Melhoria";"8.2.Acessórias [Dívida Ativa, Multas e Juros]";"10.3.IPVA";NA;NA
"851";2022;9901;1118022302000;"Adicional Icms - Fundo Estadual De Combate À Pobreza - Dívida Ativa - Fundo De Erradicação Da Miséria - Cota Parte Do Fundeb";23;173806;1118022302000;"1.1.Impostos, Taxas e Contribuições de Melhoria";"8.2.Acessórias [Dívida Ativa, Multas e Juros]";"9.3.ICMS";NA;NA
"852";2022;9901;1118012302000;"Imposto Sobre A Propriedade De Veículos Automotores - Dívida Ativa - Cota Parte Dos Municípios";20;78476264;1118012302000;"1.1.Impostos, Taxas e Contribuições de Melhoria";"8.2.Acessórias [Dívida Ativa, Multas e Juros]";"10.3.IPVA";"26.1.Transferências Constitucionais e Legais";NA
"853";2022;9901;1118012303000;"Imposto Sobre A Propriedade De Veículos Automotores - Dívida Ativa - Cota Parte Do Estado Para O Fundeb";23;15695253;1118012303000;"1.1.Impostos, Taxas e Contribuições de Melhoria";"8.2.Acessórias [Dívida Ativa, Multas e Juros]";"10.3.IPVA";NA;NA
"854";2022;9901;1118022401000;"Adicional Icms - Fundo Estadual De Combate À Pobreza - Dívida Ativa - Multas e Juros de Mora - Fundo De Erradicação Da Miséria";71;1318;1118022401000;"1.1.Impostos, Taxas e Contribuições de Melhoria";"8.2.Acessórias [Dívida Ativa, Multas e Juros]";"9.3.ICMS";NA;NA
"855";2022;9901;1118013101000;"Imposto Sobre Transmissão \"Causa Mortis\" E Doação De Bens E Direitos - Principal - Cota Parte Do Estado";10;988535971;1118013101000;"1.1.Impostos, Taxas e Contribuições de Melhoria";"2.2.Principal";"5.3.ITCD";NA;NA
"856";2022;9901;1118013103000;"Imposto Sobre Transmissão \"Causa Mortis\" E Doação De Bens E Direitos - Principal - Cota Parte Do Estado Para O Fundeb";23;247133993;1118013103000;"1.1.Impostos, Taxas e Contribuições de Melhoria";"2.2.Principal";"5.3.ITCD";NA;NA
"857";2022;9901;1118013201000;"Imposto Sobre Transmissão \"Causa Mortis\" E Doação De Bens E Direitos - Multas e Juros de Mora - Cota Parte Do Estado";10;20716422;1118013201000;"1.1.Impostos, Taxas e Contribuições de Melhoria";"8.2.Acessórias [Dívida Ativa, Multas e Juros]";"11.3.ITCD";NA;NA
"858";2022;9901;1118013203000;"Imposto Sobre Transmissão \"Causa Mortis\" E Doação De Bens E Direitos - Multas e Juros de Mora - Cota Parte Do Estado Para O Fundeb";23;5179106;1118013203000;"1.1.Impostos, Taxas e Contribuições de Melhoria";"8.2.Acessórias [Dívida Ativa, Multas e Juros]";"11.3.ITCD";NA;NA
"859";2022;9901;1118013301000;"Imposto Sobre Transmissão \"Causa Mortis\" E Doação De Bens E Direitos - Dívida Ativa - Cota Parte Do Estado";10;9747771;1118013301000;"1.1.Impostos, Taxas e Contribuições de Melhoria";"8.2.Acessórias [Dívida Ativa, Multas e Juros]";"11.3.ITCD";NA;NA
"860";2022;9901;1118013303000;"Imposto Sobre Transmissão \"Causa Mortis\" E Doação De Bens E Direitos - Dívida Ativa - Cota Parte Do Estado Para O Fundeb";23;2436943;1118013303000;"1.1.Impostos, Taxas e Contribuições de Melhoria";"8.2.Acessórias [Dívida Ativa, Multas e Juros]";"11.3.ITCD";NA;NA
"861";2022;9901;1121041101000;"Taxa Florestal - Principal";11;1974294;1121041101000;"1.1.Impostos, Taxas e Contribuições de Melhoria";"2.2.Principal";"7.3.Taxas";NA;NA
"862";2022;9901;1121041101000;"Taxa Florestal - Principal";94;4606686;1121041101000;"1.1.Impostos, Taxas e Contribuições de Melhoria";"2.2.Principal";"7.3.Taxas";NA;NA
"863";2022;9901;1121011101001;"Taxa De Segurança Pública - Principal - Polícia Civil Do Estado De Minas Gerais";11;304012696;1121011101001;"1.1.Impostos, Taxas e Contribuições de Melhoria";"2.2.Principal";"7.3.Taxas";NA;NA
"864";2022;9901;1121011101001;"Taxa De Segurança Pública - Principal - Polícia Civil Do Estado De Minas Gerais";27;709362955;1121011101001;"1.1.Impostos, Taxas e Contribuições de Melhoria";"2.2.Principal";"7.3.Taxas";NA;NA
"865";2022;9901;1121011101002;"Taxa De Segurança Pública - Principal - Corpo De Bombeiros Militar Do Estado De Minas Gerais";11;3764849;1121011101002;"1.1.Impostos, Taxas e Contribuições de Melhoria";"2.2.Principal";"7.3.Taxas";NA;NA
"866";2022;9901;1121011101002;"Taxa De Segurança Pública - Principal - Corpo De Bombeiros Militar Do Estado De Minas Gerais";27;8771923;1121011101002;"1.1.Impostos, Taxas e Contribuições de Melhoria";"2.2.Principal";"7.3.Taxas";NA;NA
"867";2022;9901;1121011101003;"Taxa De Segurança Pública - Principal - Polícia Militar Do Estado De Minas Gerais";11;156531;1121011101003;"1.1.Impostos, Taxas e Contribuições de Melhoria";"2.2.Principal";"7.3.Taxas";NA;NA
"868";2022;9901;1121011101003;"Taxa De Segurança Pública - Principal - Polícia Militar Do Estado De Minas Gerais";27;365238;1121011101003;"1.1.Impostos, Taxas e Contribuições de Melhoria";"2.2.Principal";"7.3.Taxas";NA;NA
"869";2022;9901;1121011101004;"Taxa De Segurança Pública - Principal - Taxa De Renovação De Licenciamento Anual De Veículo";11;322656602;1121011101004;"1.1.Impostos, Taxas e Contribuições de Melhoria";"2.2.Principal";"7.3.Taxas";NA;NA
"870";2022;9901;1121011101004;"Taxa De Segurança Pública - Principal - Taxa De Renovação De Licenciamento Anual De Veículo";27;752865406;1121011101004;"1.1.Impostos, Taxas e Contribuições de Melhoria";"2.2.Principal";"7.3.Taxas";NA;NA
"871";2022;9901;1121011101005;"Taxa De Segurança Pública - Principal - Taxa De Incêndio - Corpo De Bombeiros Militar Do Estado De Minas Gerais";11;1877712;1121011101005;"1.1.Impostos, Taxas e Contribuições de Melhoria";"2.2.Principal";"7.3.Taxas";NA;NA
"872";2022;9901;1121011101005;"Taxa De Segurança Pública - Principal - Taxa De Incêndio - Corpo De Bombeiros Militar Do Estado De Minas Gerais";53;4381328;1121011101005;"1.1.Impostos, Taxas e Contribuições de Melhoria";"2.2.Principal";"7.3.Taxas";NA;NA
"873";2022;9901;1121011101006;"Taxa De Segurança Pública - Principal - Taxa Pela Análise De Projetos Ou Modificação Em Projeto Aprovado - Corpo De Bombeiros Militar Do Estado De Minas Gerais";11;2395265;1121011101006;"1.1.Impostos, Taxas e Contribuições de Melhoria";"2.2.Principal";"7.3.Taxas";NA;NA
"874";2022;9901;1121011101006;"Taxa De Segurança Pública - Principal - Taxa Pela Análise De Projetos Ou Modificação Em Projeto Aprovado - Corpo De Bombeiros Militar Do Estado De Minas Gerais";27;5588952;1121011101006;"1.1.Impostos, Taxas e Contribuições de Melhoria";"2.2.Principal";"7.3.Taxas";NA;NA
"875";2022;9901;1121041102000;"Taxa De Fiscalização De Recursos Minerários - Principal";11;117515464;1121041102000;"1.1.Impostos, Taxas e Contribuições de Melhoria";"2.2.Principal";"7.3.Taxas";NA;NA
"876";2022;9901;1121041102000;"Taxa De Fiscalização De Recursos Minerários - Principal";72;274202750;1121041102000;"1.1.Impostos, Taxas e Contribuições de Melhoria";"2.2.Principal";"7.3.Taxas";NA;NA
"877";2022;9901;1121041107000;"Taxa Da Lei De Política Florestal - Principal";11;9315;1121041107000;"1.1.Impostos, Taxas e Contribuições de Melhoria";"2.2.Principal";"7.3.Taxas";NA;NA
"878";2022;9901;1121041107000;"Taxa Da Lei De Política Florestal - Principal";29;21735;1121041107000;"1.1.Impostos, Taxas e Contribuições de Melhoria";"2.2.Principal";"7.3.Taxas";NA;NA
"879";2022;9901;1121041109000;"Taxa De Reprografia, Certidões E Julgamento De Contencioso - Principal";11;27520;1121041109000;"1.1.Impostos, Taxas e Contribuições de Melhoria";"2.2.Principal";"7.3.Taxas";NA;NA
"880";2022;9901;1121041109000;"Taxa De Reprografia, Certidões E Julgamento De Contencioso - Principal";29;64214;1121041109000;"1.1.Impostos, Taxas e Contribuições de Melhoria";"2.2.Principal";"7.3.Taxas";NA;NA
"881";2022;9901;1121011201001;"Taxa De Segurança Pública - Multas e Juros de Mora - Polícia Civil Do Estado De Minas Gerais";11;813;1121011201001;"1.1.Impostos, Taxas e Contribuições de Melhoria";"8.2.Acessórias [Dívida Ativa, Multas e Juros]";"12.3.Taxas";NA;NA
"882";2022;9901;1121011201001;"Taxa De Segurança Pública - Multas e Juros de Mora - Polícia Civil Do Estado De Minas Gerais";27;1963;1121011201001;"1.1.Impostos, Taxas e Contribuições de Melhoria";"8.2.Acessórias [Dívida Ativa, Multas e Juros]";"12.3.Taxas";NA;NA
"883";2022;9901;1121011201003;"Taxa De Segurança Pública - Multas e Juros de Mora - Polícia Militar Do Estado De Minas Gerais";11;20094;1121011201003;"1.1.Impostos, Taxas e Contribuições de Melhoria";"8.2.Acessórias [Dívida Ativa, Multas e Juros]";"12.3.Taxas";NA;NA
"884";2022;9901;1121011201003;"Taxa De Segurança Pública - Multas e Juros de Mora - Polícia Militar Do Estado De Minas Gerais";27;46886;1121011201003;"1.1.Impostos, Taxas e Contribuições de Melhoria";"8.2.Acessórias [Dívida Ativa, Multas e Juros]";"12.3.Taxas";NA;NA
"885";2022;9901;1121011201004;"Taxa De Segurança Pública - Multas e Juros de Mora - Taxa De Renovação De Licenciamento Anual De Veículo";11;11063999;1121011201004;"1.1.Impostos, Taxas e Contribuições de Melhoria";"8.2.Acessórias [Dívida Ativa, Multas e Juros]";"12.3.Taxas";NA;NA
"886";2022;9901;1121011201004;"Taxa De Segurança Pública - Multas e Juros de Mora - Taxa De Renovação De Licenciamento Anual De Veículo";27;25815996;1121011201004;"1.1.Impostos, Taxas e Contribuições de Melhoria";"8.2.Acessórias [Dívida Ativa, Multas e Juros]";"12.3.Taxas";NA;NA
"887";2022;9901;1121011201005;"Taxa De Segurança Pública - Multas e Juros de Mora - Taxa De Incêndio - Corpo De Bombeiros Militar Do Estado De Minas Gerais";53;355817;1121011201005;"1.1.Impostos, Taxas e Contribuições de Melhoria";"8.2.Acessórias [Dívida Ativa, Multas e Juros]";"12.3.Taxas";NA;NA
